{"type":"FeatureCollection","name":"building-footprints-epc","metadata":{"source_map":"media/building-footprints.geojson","source_database":"/Users/ssanjay/GitHub/chalmers_epc_browser/epc_sweden.duckdb","matched_footprints":290,"linked_epc":290,"unmatched_footprints":168},"features":[{"type":"Feature","geometry":{"type":"Polygon","coordinates":[[[11.930912970343854,57.70542381856468],[11.930923778315444,57.705378466634116],[11.930973644416314,57.70538186053318],[11.930962854021413,57.705427203905536],[11.930912970343854,57.70542381856468]]]},"properties":{"id":"03c35f36-c39a-4ae2-ba7f-bacf2e4debaf","objektidentitet":"7a99a15e-fde3-4d62-b1ab-e4c458471923","versiongiltigfran":"2011-03-23T08:40:55.761Z","lagesosakerhetplan":0.06,"lagesosakerhethojd":2.5,"ursprunglig_organisation":"Lantm\u00e4teriet","objektversion":1.0,"objekttypnr":2066.0,"objekttyp":"Komplementbyggnad","insamlingslage":"Takkant","byggnadsnamn1":"None","byggnadsnamn2":"None","byggnadsnamn3":"None","husnummer":2.0,"huvudbyggnad":"Nej","andamal1":"Komplementbyggnad;","andamal2":"None","andamal3":"None","andamal4":"None","andamal5":"None","FormularId":null,"energy_class":null,"energy_performance":null,"specific_energy":null,"building_category":null,"construction_year":null,"epc_detail":{}}},{"type":"Feature","geometry":{"type":"Polygon","coordinates":[[[11.93147706437946,57.70476335754936],[11.931469658125268,57.70476258468494],[11.931489590858618,57.70471098269221],[11.931798205135054,57.70474479430941],[11.93190405799315,57.704861356586065],[11.931756429658765,57.70489953422123],[11.931686157839831,57.7048220249044],[11.931479546815217,57.70479948664264],[11.931484201751577,57.70478733991566],[11.931468564346734,57.70478562138143],[11.93147706437946,57.70476335754936]]]},"properties":{"id":"5c88e93e-0979-4380-853b-4589fe335ec8","objektidentitet":"ba147e7f-0893-4c8c-86d1-ffea684750da","versiongiltigfran":"2011-03-23T08:44:34.499Z","lagesosakerhetplan":0.025,"lagesosakerhethojd":2.5,"ursprunglig_organisation":"Lantm\u00e4teriet","objektversion":1.0,"objekttypnr":2061.0,"objekttyp":"Bostad","insamlingslage":"Takkant","byggnadsnamn1":"None","byggnadsnamn2":"None","byggnadsnamn3":"None","husnummer":1.0,"huvudbyggnad":"Nej","andamal1":"Bostad;Flerfamiljshus","andamal2":"None","andamal3":"None","andamal4":"None","andamal5":"None","FormularId":1099401,"fastighetsbeteckning":"LINDHOLMEN 9:1","energy_class":"E","energy_performance":146,"specific_energy":131,"building_category":"Flerbostadshus","construction_year":1997,"epc_detail":{"IdAdr":"Verkm\u00e4staregatan 2","IdPostnr":41757,"IdPostort":"G\u00f6teborg","IdKommun":"G\u00f6teborg","EgenByggnadsKat":"Flerbostadshus","EgenByggnadsTyp":"Friliggande","EgenNybyggAr":1997,"EgenAtemp":1087,"EgenAntalPlan":4,"EgenAntalKallarplan":1,"EgenAntalTrapphus":1,"EgenAntalBolgh":13,"EgenInstEleffektStorre":"Nej","EgenSkyddadEllerVardefull":4,"EgiEnergiklass":"E","EgiEnergiPrestanda":146,"EgiSpecifikEnergianvandning":131,"EgiEnergianvandning":142815,"EgiPrimarenergianvandning":158243,"EgiForstaArManad":1901,"EgiSistaArManad":1912,"EgiBeraknatVarde":"Nej","VentTypFTX":"Nej","VentTypF":"Ja","VentTypFT":"Nej","VentTypSjalvdrag":"Nej","VentTypFmed":"Nej","VentGruppKrav":"Ja","EgiSumma2":128490,"EgiFastighet":5275,"EgiStationEI":"G\u00f6teborg","EgiRefvarde1":85,"EgiRefvarde2Max":148,"EgiVersion":2019,"VentGruppGodkand":"Ja","RadGruppHaltMatt":"Ja","RadHalt":90,"RadTypMatning":"Annan metod","RadMatDatum":"2011-04-30","Godkand":"2020-07-03","Version":2.7,"ExpertBehorighet":"Kvalificerad","VentGruppUtanAnm":1,"InspUppvUndAvtalEgipres":"Nej","InspLuftUndAvtalEgipres":"Nej","AtgForslagEgiMinskad":272,"AtgForslagKostnad":"0,82999999999999996"}}},{"type":"Feature","geometry":{"type":"Polygon","coordinates":[[[11.931710482431605,57.705602234613956],[11.931787103211722,57.705687870239736],[11.931502531105762,57.70576089812115],[11.931425827832978,57.70567525132701],[11.931710482431605,57.705602234613956]]]},"properties":{"id":"e914de89-7e46-4240-8012-0c04225f2285","objektidentitet":"1b22d6f5-f5a1-478e-bfb6-f412cf5e577c","versiongiltigfran":"2011-03-23T08:35:23.507Z","lagesosakerhetplan":0.06,"lagesosakerhethojd":null,"ursprunglig_organisation":"Lantm\u00e4teriet","objektversion":1.0,"objekttypnr":2061.0,"objekttyp":"Bostad","insamlingslage":"Takkant","byggnadsnamn1":"None","byggnadsnamn2":"None","byggnadsnamn3":"None","husnummer":2.0,"huvudbyggnad":"Nej","andamal1":"Bostad;Flerfamiljshus","andamal2":"None","andamal3":"None","andamal4":"None","andamal5":"None","FormularId":1444962,"fastighetsbeteckning":"LINDHOLMEN 735:486","energy_class":"F","energy_performance":138,"specific_energy":72,"building_category":"Flerbostadshus","construction_year":1890,"epc_detail":{"IdAdr":"F\u00f6rmansgatan 5B","IdPostnr":41757,"IdPostort":"G\u00f6teborg","IdKommun":"G\u00f6teborg","EgenByggnadsKat":"Flerbostadshus","EgenByggnadsTyp":"Friliggande","EgenNybyggAr":1890,"EgenAtemp":389,"EgenAntalPlan":3,"EgenAntalKallarplan":0,"EgenAntalTrapphus":2,"EgenAntalBolgh":4,"EgenProjVentFlode":"0,34999999999999998","EgenInstEleffektStorre":"Ja","EgenSkyddadEllerVardefull":0,"EgiEnergiklass":"F","EgiEnergiPrestanda":138,"EgiSpecifikEnergianvandning":72,"EgiEnergianvandning":27975,"EgiPrimarenergianvandning":53671,"EgiPrimarenergital2020":138,"EgiForstaArManad":2301,"EgiSistaArManad":2312,"EgiBeraknatVarde":"Nej","VentTypFTX":"Nej","VentTypF":"Nej","VentTypFT":"Nej","VentTypSjalvdrag":"Ja","VentTypFmed":"Nej","VentGruppKrav":"Ja","EgiSumma2":27236,"EgiFastighet":3620,"EgiStationEI":"G\u00f6teborg","EgiRefvarde1":75,"EgiRefvarde2Max":129,"EgiVersion":2023,"VentGruppGodkand":"Ja","RadGruppHaltMatt":"Ja","RadHalt":30,"RadTypMatning":"L\u00e5ngtidsm\u00e4tning enligt SSI","RadMatDatum":"2021-02-12","Godkand":"2024-03-18","Version":2.8,"ExpertBehorighet":"Normal","VentGruppUtanAnm":1,"InspUppvUndAvtalEgipres":"Nej","InspLuftUndAvtalEgipres":"Nej","AtgForslagEgiMinskad":11550,"AtgForslagKostnad":"0,87"}}},{"type":"Feature","geometry":{"type":"Polygon","coordinates":[[[11.931545020368512,57.70491939296778],[11.93166735359153,57.7048890597409],[11.931694320514428,57.70492018318463],[11.931571954454517,57.70495050665416],[11.931545020368512,57.70491939296778]]]},"properties":{"id":"66fc3f7e-3b21-436e-8453-bc9bf3a7d593","objektidentitet":"a70bdaf9-13be-4f73-af49-2db8d23bdafe","versiongiltigfran":"2011-03-23T08:41:20.814Z","lagesosakerhetplan":0.06,"lagesosakerhethojd":2.5,"ursprunglig_organisation":"Lantm\u00e4teriet","objektversion":1.0,"objekttypnr":2066.0,"objekttyp":"Komplementbyggnad","insamlingslage":"Takkant","byggnadsnamn1":"None","byggnadsnamn2":"None","byggnadsnamn3":"None","husnummer":2.0,"huvudbyggnad":"Nej","andamal1":"Komplementbyggnad;","andamal2":"None","andamal3":"None","andamal4":"None","andamal5":"None","FormularId":1099401,"fastighetsbeteckning":"LINDHOLMEN 9:1","energy_class":"E","energy_performance":146,"specific_energy":131,"building_category":"Flerbostadshus","construction_year":1997,"epc_detail":{"IdAdr":"Verkm\u00e4staregatan 2","IdPostnr":41757,"IdPostort":"G\u00f6teborg","IdKommun":"G\u00f6teborg","EgenByggnadsKat":"Flerbostadshus","EgenByggnadsTyp":"Friliggande","EgenNybyggAr":1997,"EgenAtemp":1087,"EgenAntalPlan":4,"EgenAntalKallarplan":1,"EgenAntalTrapphus":1,"EgenAntalBolgh":13,"EgenInstEleffektStorre":"Nej","EgenSkyddadEllerVardefull":4,"EgiEnergiklass":"E","EgiEnergiPrestanda":146,"EgiSpecifikEnergianvandning":131,"EgiEnergianvandning":142815,"EgiPrimarenergianvandning":158243,"EgiForstaArManad":1901,"EgiSistaArManad":1912,"EgiBeraknatVarde":"Nej","VentTypFTX":"Nej","VentTypF":"Ja","VentTypFT":"Nej","VentTypSjalvdrag":"Nej","VentTypFmed":"Nej","VentGruppKrav":"Ja","EgiSumma2":128490,"EgiFastighet":5275,"EgiStationEI":"G\u00f6teborg","EgiRefvarde1":85,"EgiRefvarde2Max":148,"EgiVersion":2019,"VentGruppGodkand":"Ja","RadGruppHaltMatt":"Ja","RadHalt":90,"RadTypMatning":"Annan metod","RadMatDatum":"2011-04-30","Godkand":"2020-07-03","Version":2.7,"ExpertBehorighet":"Kvalificerad","VentGruppUtanAnm":1,"InspUppvUndAvtalEgipres":"Nej","InspLuftUndAvtalEgipres":"Nej","AtgForslagEgiMinskad":272,"AtgForslagKostnad":"0,82999999999999996"}}},{"type":"Feature","geometry":{"type":"Polygon","coordinates":[[[11.931689435510947,57.70506041242617],[11.931798308641818,57.70503239505984],[11.93182604265471,57.70506318654497],[11.931717402570113,57.7050914253009],[11.931689435510947,57.70506041242617]]]},"properties":{"id":"6653391e-7200-4a36-a7cc-b31cae0615e2","objektidentitet":"61327b5f-6ac1-4f10-8490-cadd041189be","versiongiltigfran":"2011-03-23T09:08:54.052Z","lagesosakerhetplan":0.06,"lagesosakerhethojd":null,"ursprunglig_organisation":"Lantm\u00e4teriet","objektversion":1.0,"objekttypnr":2066.0,"objekttyp":"Komplementbyggnad","insamlingslage":"Takkant","byggnadsnamn1":"None","byggnadsnamn2":"None","byggnadsnamn3":"None","husnummer":2.0,"huvudbyggnad":"Nej","andamal1":"Komplementbyggnad;","andamal2":"None","andamal3":"None","andamal4":"None","andamal5":"None","FormularId":1374991,"fastighetsbeteckning":"LINDHOLMEN 735:297","energy_class":"D","energy_performance":83,"specific_energy":78,"building_category":"Flerbostadshus","construction_year":1900,"epc_detail":{"IdAdr":"Verkm\u00e4staregatan 2C","IdPostnr":41757,"IdPostort":"G\u00f6teborg","IdKommun":"G\u00f6teborg","EgenByggnadsKat":"Flerbostadshus","EgenByggnadsTyp":"Mellanliggande","EgenNybyggAr":1900,"EgenAtemp":688,"EgenAntalPlan":3,"EgenAntalKallarplan":1,"EgenAntalTrapphus":2,"EgenAntalBolgh":6,"EgenProjVentFlode":"0,34999999999999998","EgenInstEleffektStorre":"Nej","EgenSkyddadEllerVardefull":5,"EgiEnergiklass":"D","EgiEnergiPrestanda":83,"EgiSpecifikEnergianvandning":78,"EgiEnergianvandning":53371,"EgiPrimarenergianvandning":56960,"EgiPrimarenergital2020":83,"EgiForstaArManad":2201,"EgiSistaArManad":2212,"EgiBeraknatVarde":"Nej","VentTypFTX":"Nej","VentTypF":"Nej","VentTypFT":"Nej","VentTypSjalvdrag":"Nej","VentTypFmed":"Ja","VentGruppKrav":"Ja","EgiSumma2":50499,"EgiFastighet":3554,"EgiStationEI":"G\u00f6teborg","EgiRefvarde1":75,"EgiRefvarde2Max":129,"EgiVersion":2022,"VentGruppGodkand":"Ja","RadGruppHaltMatt":"Nej","Godkand":"2023-05-04","Version":2.8,"ExpertBehorighet":"Kvalificerad","VentGruppUtanAnm":1,"InspUppvUndAvtalEgipres":"Nej","InspLuftUndAvtalEgipres":"Nej","AtgForslagEgiMinskad":12000,"AtgForslagKostnad":"0,69999999999999996","AtgUtfordaUtfortAr":2021}}},{"type":"Feature","geometry":{"type":"Polygon","coordinates":[[[11.931742402787002,57.705388384238354],[11.931817569232743,57.705369597875254],[11.931864005565036,57.70542283660847],[11.931788822274909,57.705441622591785],[11.931742402787002,57.705388384238354]]]},"properties":{"id":"868fc65c-ad95-49b1-b38c-1a4cb51bd382","objektidentitet":"5d0c2c36-9ee2-4a7b-b3ef-35e1b6e28250","versiongiltigfran":"2020-01-23T15:50:36.129Z","lagesosakerhetplan":0.1,"lagesosakerhethojd":null,"ursprunglig_organisation":"G\u00f6teborg","objektversion":2.0,"objekttypnr":2066.0,"objekttyp":"Komplementbyggnad","insamlingslage":"Takkant","byggnadsnamn1":"None","byggnadsnamn2":"None","byggnadsnamn3":"None","husnummer":4.0,"huvudbyggnad":"Nej","andamal1":"Komplementbyggnad;","andamal2":"None","andamal3":"None","andamal4":"None","andamal5":"None","FormularId":null,"energy_class":null,"energy_performance":null,"specific_energy":null,"building_category":null,"construction_year":null,"epc_detail":{}}},{"type":"Feature","geometry":{"type":"Polygon","coordinates":[[[11.931762542685792,57.705722929954966],[11.931902580528158,57.70568659047256],[11.9319337701645,57.70572099802037],[11.931793677393713,57.70575739013442],[11.931762542685792,57.705722929954966]]]},"properties":{"id":"8422fd1a-ec54-4d78-a929-1355b92bb8c1","objektidentitet":"5f34dbb0-05e7-46a8-b4c9-9a3678277305","versiongiltigfran":"2011-03-23T09:05:25.820Z","lagesosakerhetplan":0.06,"lagesosakerhethojd":null,"ursprunglig_organisation":"Lantm\u00e4teriet","objektversion":1.0,"objekttypnr":2066.0,"objekttyp":"Komplementbyggnad","insamlingslage":"Takkant","byggnadsnamn1":"None","byggnadsnamn2":"None","byggnadsnamn3":"None","husnummer":6.0,"huvudbyggnad":"Nej","andamal1":"Komplementbyggnad;","andamal2":"None","andamal3":"None","andamal4":"None","andamal5":"None","FormularId":null,"energy_class":null,"energy_performance":null,"specific_energy":null,"building_category":null,"construction_year":null,"epc_detail":{}}},{"type":"Feature","geometry":{"type":"Polygon","coordinates":[[[11.932059333471383,57.70479551041638],[11.932118635583015,57.70478024892225],[11.932075323053624,57.70473236199187],[11.932321788088716,57.70466787320109],[11.932339465550928,57.704687149736095],[11.932391099125855,57.70467381433336],[11.93240458186042,57.704688692869844],[11.932464460888351,57.70467315759203],[11.932506995106687,57.70471973123694],[11.932620685693982,57.7046901222838],[11.932667706267539,57.70474241317185],[11.932435683605972,57.70480270492844],[11.932418047899258,57.7047833305532],[11.93224495662079,57.70482856702883],[11.932286898846478,57.70487479383572],[11.932219892613757,57.70489220545604],[11.932177878876464,57.704846030819816],[11.932118597880773,57.70486084345466],[11.932059333471383,57.70479551041638]]]},"properties":{"id":"d9f9ad2d-cc65-4fac-ac2a-4673c6eb78dc","objektidentitet":"db550ef5-30c6-472b-89f0-1dcf2bd5d6c7","versiongiltigfran":"2019-04-24T11:25:32.132Z","lagesosakerhetplan":0.05,"lagesosakerhethojd":null,"ursprunglig_organisation":"G\u00f6teborg","objektversion":3.0,"objekttypnr":2061.0,"objekttyp":"Bostad","insamlingslage":"Fasad","byggnadsnamn1":"None","byggnadsnamn2":"None","byggnadsnamn3":"None","husnummer":1.0,"huvudbyggnad":"Nej","andamal1":"Bostad;Flerfamiljshus","andamal2":"None","andamal3":"None","andamal4":"None","andamal5":"None","FormularId":930544,"fastighetsbeteckning":"LINDHOLMEN 6:12","energy_class":"C","energy_performance":68,"specific_energy":59,"building_category":"Flerbostadshus","construction_year":2019,"epc_detail":{"IdAdr":"Plejadgatan 20","IdPostnr":41757,"IdPostort":"G\u00f6teborg","IdKommun":"G\u00f6teborg","EgenByggnadsKat":"Flerbostadshus","EgenByggnadsTyp":"Friliggande","EgenNybyggAr":2019,"EgenAtemp":1902,"EgenAntalPlan":5,"EgenAntalKallarplan":0,"EgenAntalTrapphus":1,"EgenAntalBolgh":39,"EgenInstEleffektStorre":"Nej","EgenSkyddadEllerVardefull":0,"EgiEnergiklass":"C","EgiEnergiPrestanda":68,"EgiSpecifikEnergianvandning":59,"EgiEnergianvandning":111706,"EgiPrimarenergianvandning":128469,"EgiBeraknatVarde":"Ja","VentTypFTX":"Ja","VentTypF":"Nej","VentTypFT":"Nej","VentTypSjalvdrag":"Nej","VentTypFmed":"Nej","VentGruppKrav":"Ja","EgiSumma2":111706,"EgiFastighet":18632,"EgiRefvarde1":85,"EgiRefvarde2Max":98,"EgiVersion":2019,"VentGruppGodkand":"Ja","RadGruppHaltMatt":"Nej","Godkand":"2019-03-26","Version":2.6,"ExpertBehorighet":"Kvalificerad","VentGruppUtanAnm":1}}},{"type":"Feature","geometry":{"type":"Polygon","coordinates":[[[11.932188505824985,57.705614816895505],[11.932218328861552,57.70564771719575],[11.932218157502906,57.70564775798016],[11.932217746075624,57.70564726265037],[11.932139995201759,57.70566682246396],[11.93210989262394,57.70563365471291],[11.932188505824985,57.705614816895505]]]},"properties":{"id":"7586f07f-ef31-434b-9672-8ad6c5bc6abf","objektidentitet":"ec9c808d-1421-4907-9012-1b72ba9d5024","versiongiltigfran":"2011-03-23T08:34:46.874Z","lagesosakerhetplan":0.06,"lagesosakerhethojd":null,"ursprunglig_organisation":"Lantm\u00e4teriet","objektversion":1.0,"objekttypnr":2066.0,"objekttyp":"Komplementbyggnad","insamlingslage":"Takkant","byggnadsnamn1":"None","byggnadsnamn2":"None","byggnadsnamn3":"None","husnummer":7.0,"huvudbyggnad":"Nej","andamal1":"Komplementbyggnad;","andamal2":"None","andamal3":"None","andamal4":"None","andamal5":"None","FormularId":null,"energy_class":null,"energy_performance":null,"specific_energy":null,"building_category":null,"construction_year":null,"epc_detail":{}}},{"type":"Feature","geometry":{"type":"Polygon","coordinates":[[[11.932437292033919,57.70521305531735],[11.93237831432388,57.705147495712254],[11.932729833814653,57.705054895545864],[11.932895470122178,57.70501264142479],[11.933095337575331,57.70496051229966],[11.933151230641313,57.70502265323672],[11.933210937865306,57.705007365101345],[11.933257746931844,57.70505879676185],[11.932540750495571,57.70524505373159],[11.932497725632285,57.70519752447235],[11.932437292033919,57.70521305531735]]]},"properties":{"id":"84467f99-9738-4eab-999b-e5a64deee991","objektidentitet":"452d2b37-db79-488e-bc06-b22dfbac5065","versiongiltigfran":"2019-04-24T11:25:32.535Z","lagesosakerhetplan":0.05,"lagesosakerhethojd":null,"ursprunglig_organisation":"G\u00f6teborg","objektversion":3.0,"objekttypnr":2061.0,"objekttyp":"Bostad","insamlingslage":"Fasad","byggnadsnamn1":"None","byggnadsnamn2":"None","byggnadsnamn3":"None","husnummer":3.0,"huvudbyggnad":"Nej","andamal1":"Bostad;Flerfamiljshus","andamal2":"None","andamal3":"None","andamal4":"None","andamal5":"None","FormularId":930550,"fastighetsbeteckning":"LINDHOLMEN 6:12","energy_class":"C","energy_performance":69,"specific_energy":59,"building_category":"Flerbostadshus","construction_year":2019,"epc_detail":{"IdAdr":"Plejadgatan 24","IdPostnr":41757,"IdPostort":"G\u00f6teborg","IdKommun":"G\u00f6teborg","EgenByggnadsKat":"Flerbostadshus","EgenByggnadsTyp":"Friliggande","EgenNybyggAr":2019,"EgenAtemp":2384,"EgenAntalPlan":4,"EgenAntalKallarplan":0,"EgenAntalTrapphus":1,"EgenAntalBolgh":62,"EgenInstEleffektStorre":"Nej","EgenSkyddadEllerVardefull":0,"EgiEnergiklass":"C","EgiEnergiPrestanda":69,"EgiSpecifikEnergianvandning":59,"EgiEnergianvandning":140402,"EgiPrimarenergianvandning":163422,"EgiBeraknatVarde":"Ja","VentTypFTX":"Ja","VentTypF":"Nej","VentTypFT":"Nej","VentTypSjalvdrag":"Nej","VentTypFmed":"Nej","VentGruppKrav":"Ja","EgiSumma2":140402,"EgiFastighet":27379,"EgiRefvarde1":85,"EgiRefvarde2Max":98,"EgiVersion":2019,"VentGruppGodkand":"Ja","RadGruppHaltMatt":"Nej","Godkand":"2019-03-26","Version":2.6,"ExpertBehorighet":"Kvalificerad","VentGruppUtanAnm":1}}},{"type":"Feature","geometry":{"type":"Polygon","coordinates":[[[11.933234391446826,57.70518680390994],[11.93345425988407,57.70544147913832],[11.933187398563419,57.70553088478317],[11.933092727922821,57.70542854416175],[11.93316182089996,57.70540374059684],[11.933021864304905,57.705240702565476],[11.933234391446826,57.70518680390994]]]},"properties":{"id":"7b307697-993c-42cf-9c94-7314bae9527b","objektidentitet":"ae4e0d02-9200-4572-8d5f-ac28dcfbc8b5","versiongiltigfran":"2011-03-23T08:52:53.249Z","lagesosakerhetplan":0.06,"lagesosakerhethojd":null,"ursprunglig_organisation":"Lantm\u00e4teriet","objektversion":1.0,"objekttypnr":2062.0,"objekttyp":"Industri","insamlingslage":"Takkant","byggnadsnamn1":"None","byggnadsnamn2":"None","byggnadsnamn3":"None","husnummer":1.0,"huvudbyggnad":"Nej","andamal1":"Industri;Tillverkning","andamal2":"None","andamal3":"None","andamal4":"None","andamal5":"None","FormularId":889337,"fastighetsbeteckning":"LINDHOLMEN 10:1","energy_class":"E","energy_performance":109,"specific_energy":109,"building_category":"Flerbostadshus","construction_year":1999,"epc_detail":{"IdAdr":"Verkm\u00e4staregatan 1","IdPostnr":41757,"IdPostort":"G\u00f6teborg","IdKommun":"G\u00f6teborg","EgenByggnadsKat":"Flerbostadshus","EgenByggnadsTyp":"Friliggande","EgenNybyggAr":1999,"EgenAtemp":1513,"EgenAntalPlan":5,"EgenAntalKallarplan":1,"EgenAntalTrapphus":1,"EgenAntalBolgh":18,"EgenInstEleffektStorre":"Nej","EgiEnergiklass":"E","EgiEnergiPrestanda":109,"EgiSpecifikEnergianvandning":109,"EgiVaravEl":12,"EgiForstaArManad":1710,"EgiSistaArManad":1809,"EgiBeraknatVarde":"Nej","EgiFjarrvarme":135910,"VentTypFTX":"Nej","VentTypF":"Ja","VentTypFT":"Nej","VentTypSjalvdrag":"Nej","VentTypFmed":"Nej","VentGruppKrav":"Ja","EgiSumma1":135910,"EgiSumma2":62973,"EgiSumma3":153493,"EgiSumma4":17583,"EgiVVBered":30260,"EgiFastighet":17583,"EgiKomfortTillagg":0,"EgiStationEI":"G\u00f6teborg","EgiNormKorrEI":164590,"EgiRefvarde1":75,"EgiRefvarde2Min":113,"EgiRefvarde2Max":139,"EgiVersion":2015,"VentGruppGodkand":"Ja","RadGruppHaltMatt":"Nej","Godkand":"2018-11-05","Version":2.5,"ExpertBehorighet":"Normal"}}},{"type":"Feature","geometry":{"type":"Polygon","coordinates":[[[11.933386485066206,57.705362979774364],[11.933588731919894,57.705287898255],[11.93362084032048,57.70530232934155],[11.933683272629473,57.70536657892756],[11.93345425988407,57.70544147913832],[11.933386485066206,57.705362979774364]]]},"properties":{"id":"07ff5da0-111b-495a-bdcb-fe6d0390c3bb","objektidentitet":"22d66c0e-cc28-44d2-839a-1599b7e414a1","versiongiltigfran":"2011-03-23T08:36:28.269Z","lagesosakerhetplan":0.06,"lagesosakerhethojd":2.5,"ursprunglig_organisation":"Lantm\u00e4teriet","objektversion":1.0,"objekttypnr":2066.0,"objekttyp":"Komplementbyggnad","insamlingslage":"Takkant","byggnadsnamn1":"None","byggnadsnamn2":"None","byggnadsnamn3":"None","husnummer":2.0,"huvudbyggnad":"Nej","andamal1":"Komplementbyggnad;","andamal2":"None","andamal3":"None","andamal4":"None","andamal5":"None","FormularId":null,"energy_class":null,"energy_performance":null,"specific_energy":null,"building_category":null,"construction_year":null,"epc_detail":{}}},{"type":"Feature","geometry":{"type":"Polygon","coordinates":[[[11.934379133131332,57.70476152888904],[11.934404856359551,57.704601303066966],[11.935172940584303,57.70463684799263],[11.935172764284156,57.70463794025658],[11.935328863400395,57.70464528138628],[11.935281001592593,57.70494130087969],[11.935283008523605,57.70494139444175],[11.935258956363795,57.7050940120857],[11.934332653516787,57.705051236104744],[11.934358308725106,57.70489122435498],[11.934398655892188,57.70489301105848],[11.93441964240492,57.70476338243247],[11.934379133131332,57.70476152888904]]]},"properties":{"id":"811a3d14-c828-4179-ba1c-5747221fd52d","objektidentitet":"4c4e9985-f070-4561-bd07-7370cdf735aa","versiongiltigfran":"2020-01-23T15:48:32.229Z","lagesosakerhetplan":0.05,"lagesosakerhethojd":null,"ursprunglig_organisation":"G\u00f6teborg","objektversion":3.0,"objekttypnr":2063.0,"objekttyp":"Samh\u00e4llsfunktion","insamlingslage":"Fasad","byggnadsnamn1":"None","byggnadsnamn2":"None","byggnadsnamn3":"None","husnummer":1.0,"huvudbyggnad":"Nej","andamal1":"Samh\u00e4llsfunktion;Skola","andamal2":"None","andamal3":"None","andamal4":"None","andamal5":"None","FormularId":1338872,"fastighetsbeteckning":"LINDHOLMEN 6:13","energy_class":"A","energy_performance":33,"specific_energy":19,"building_category":"Lokalbyggnader","construction_year":2020,"epc_detail":{"IdAdr":"Utvecklingsgatan 1","IdPostnr":41756,"IdPostort":"G\u00f6teborg","IdKommun":"G\u00f6teborg","EgenByggnadsKat":"Lokalbyggnader","EgenByggnadsTyp":"Friliggande","EgenNybyggAr":2020,"EgenAtemp":10780,"EgenAntalPlan":5,"EgenAntalKallarplan":0,"EgenProjVentFlode":"1,5","EgenInstEleffektStorre":"Ja","EgenSkyddadEllerVardefull":0,"EgiEnergiklass":"A","EgiEnergiPrestanda":33,"EgiSpecifikEnergianvandning":19,"EgiEnergianvandning":201987,"EgiPrimarenergianvandning":351422,"EgiPrimarenergital2020":33,"EgiForstaArManad":2111,"EgiSistaArManad":2210,"EgiBeraknatVarde":"Nej","EgiSolcell":1545,"EgiSolvarme":76,"VentTypFTX":"Ja","VentTypF":"Nej","VentTypFT":"Nej","VentTypSjalvdrag":"Nej","VentTypFmed":"Nej","VentGruppKrav":"Ja","EgiSumma2":198111,"EgiBerElProduktion":306000,"EgiFastighet":42975,"EgiVerksamhet":193324,"EgiStationEI":"G\u00f6teborg","EgiRefvarde1":96,"EgiRefvarde2Max":108,"EgiVersion":2023,"VentGruppGodkand":"Ja","RadGruppHaltMatt":"Nej","Godkand":"2023-12-21","Version":2.8,"ExpertBehorighet":"Kvalificerad","VentGruppUtanAnm":1,"InspUppvGruppInspSkyldighet":"Nej","InspUppvUndAvtalEgipres":"Nej","InspLuftGruppInspSkyldighet":"Nej","InspLuftUndAvtalEgipres":"Nej"}}},{"type":"Feature","geometry":{"type":"Polygon","coordinates":[[[11.936791445936615,57.70585664111172],[11.936630112604622,57.70567911338882],[11.93681175515086,57.70563181302738],[11.93697308917747,57.70580934052639],[11.936791445936615,57.70585664111172]]]},"properties":{"id":"e0638475-250a-4fda-9e25-e0b25d2da1ad","objektidentitet":"5c5d3f60-96ff-4257-9135-53c9bd93e9ce","versiongiltigfran":"2018-01-04T13:13:11.414Z","lagesosakerhetplan":0.1,"lagesosakerhethojd":null,"ursprunglig_organisation":"G\u00f6teborg","objektversion":4.0,"objekttypnr":2061.0,"objekttyp":"Bostad","insamlingslage":"Takkant","byggnadsnamn1":"None","byggnadsnamn2":"None","byggnadsnamn3":"None","husnummer":39.0,"huvudbyggnad":"Nej","andamal1":"Bostad;Flerfamiljshus","andamal2":"None","andamal3":"None","andamal4":"None","andamal5":"None","FormularId":null,"energy_class":null,"energy_performance":null,"specific_energy":null,"building_category":null,"construction_year":null,"epc_detail":{}}},{"type":"Feature","geometry":{"type":"Polygon","coordinates":[[[11.936888285450118,57.705591296787844],[11.936904924736872,57.70560898359221],[11.936836453532864,57.70562744971934],[11.936819814271649,57.70560976290627],[11.936888285450118,57.705591296787844]]]},"properties":{"id":"0089f0b2-e053-4ffb-a94b-507f4d66eb55","objektidentitet":"f741925e-4e60-4894-a84c-2b5559b77b5a","versiongiltigfran":"2024-04-15T12:56:31.077Z","lagesosakerhetplan":0.1,"lagesosakerhethojd":null,"ursprunglig_organisation":"G\u00f6teborg","objektversion":1.0,"objekttypnr":2066.0,"objekttyp":"Komplementbyggnad","insamlingslage":"Takkant","byggnadsnamn1":"None","byggnadsnamn2":"None","byggnadsnamn3":"None","husnummer":43.0,"huvudbyggnad":"Nej","andamal1":"Komplementbyggnad;","andamal2":"None","andamal3":"None","andamal4":"None","andamal5":"None","FormularId":null,"energy_class":null,"energy_performance":null,"specific_energy":null,"building_category":null,"construction_year":null,"epc_detail":{}}},{"type":"Feature","geometry":{"type":"Polygon","coordinates":[[[11.937125668303672,57.70576957796904],[11.936963938958025,57.705591555748896],[11.937146763355813,57.70554396895561],[11.937308493402702,57.70572199094984],[11.937125668303672,57.70576957796904]]]},"properties":{"id":"c285727c-0ed8-4b53-b26a-f0e9cedc1eb3","objektidentitet":"14d1460b-d454-498b-bd2e-04843108b46e","versiongiltigfran":"2018-01-04T13:13:18.689Z","lagesosakerhetplan":0.1,"lagesosakerhethojd":null,"ursprunglig_organisation":"G\u00f6teborg","objektversion":3.0,"objekttypnr":2061.0,"objekttyp":"Bostad","insamlingslage":"Takkant","byggnadsnamn1":"None","byggnadsnamn2":"None","byggnadsnamn3":"None","husnummer":40.0,"huvudbyggnad":"Nej","andamal1":"Bostad;Flerfamiljshus","andamal2":"None","andamal3":"None","andamal4":"None","andamal5":"None","FormularId":null,"energy_class":null,"energy_performance":null,"specific_energy":null,"building_category":null,"construction_year":null,"epc_detail":{}}},{"type":"Feature","geometry":{"type":"Polygon","coordinates":[[[11.937077793809017,57.70580002956516],[11.937008565685035,57.705817713483235],[11.936992416576489,57.70579958916448],[11.937061644673143,57.70578190525492],[11.937077793809017,57.70580002956516]]]},"properties":{"id":"c1b52aaf-2ce8-45d9-a952-3ba83d8b1195","objektidentitet":"77190637-43c2-466b-995d-83923a95f610","versiongiltigfran":"2024-04-15T12:56:32.887Z","lagesosakerhetplan":0.1,"lagesosakerhethojd":null,"ursprunglig_organisation":"G\u00f6teborg","objektversion":1.0,"objekttypnr":2066.0,"objekttyp":"Komplementbyggnad","insamlingslage":"Takkant","byggnadsnamn1":"None","byggnadsnamn2":"None","byggnadsnamn3":"None","husnummer":44.0,"huvudbyggnad":"Nej","andamal1":"Komplementbyggnad;","andamal2":"None","andamal3":"None","andamal4":"None","andamal5":"None","FormularId":null,"energy_class":null,"energy_performance":null,"specific_energy":null,"building_category":null,"construction_year":null,"epc_detail":{}}},{"type":"Feature","geometry":{"type":"Polygon","coordinates":[[[11.937745259207277,57.70560723615162],[11.937561810795538,57.70565506036034],[11.937400273446169,57.70547752871904],[11.937583704400579,57.705429704331124],[11.937745259207277,57.70560723615162]]]},"properties":{"id":"c476ae39-c0f4-4480-8f1c-32b91fc82f95","objektidentitet":"ba9b0606-5154-4df6-941c-5df1dc9483ac","versiongiltigfran":"2018-01-04T13:13:20.949Z","lagesosakerhetplan":0.1,"lagesosakerhethojd":null,"ursprunglig_organisation":"G\u00f6teborg","objektversion":4.0,"objekttypnr":2061.0,"objekttyp":"Bostad","insamlingslage":"Takkant","byggnadsnamn1":"None","byggnadsnamn2":"None","byggnadsnamn3":"None","husnummer":41.0,"huvudbyggnad":"Nej","andamal1":"Bostad;Flerfamiljshus","andamal2":"None","andamal3":"None","andamal4":"None","andamal5":"None","FormularId":null,"energy_class":null,"energy_performance":null,"specific_energy":null,"building_category":null,"construction_year":null,"epc_detail":{}}},{"type":"Feature","geometry":{"type":"Polygon","coordinates":[[[11.937612549856745,57.705423949264166],[11.93759600848289,57.705406094155],[11.937664865886928,57.70538781673656],[11.93768140652919,57.7054056808067],[11.937612549856745,57.705423949264166]]]},"properties":{"id":"59ec9a0b-2842-4529-906a-ecb6d2ef6aa3","objektidentitet":"3dc2869e-44f4-4cf4-a4bc-76bda4249e9e","versiongiltigfran":"2024-04-15T12:56:36.620Z","lagesosakerhetplan":0.1,"lagesosakerhethojd":null,"ursprunglig_organisation":"G\u00f6teborg","objektversion":1.0,"objekttypnr":2066.0,"objekttyp":"Komplementbyggnad","insamlingslage":"Takkant","byggnadsnamn1":"None","byggnadsnamn2":"None","byggnadsnamn3":"None","husnummer":46.0,"huvudbyggnad":"Nej","andamal1":"Komplementbyggnad;","andamal2":"None","andamal3":"None","andamal4":"None","andamal5":"None","FormularId":null,"energy_class":null,"energy_performance":null,"specific_energy":null,"building_category":null,"construction_year":null,"epc_detail":{}}},{"type":"Feature","geometry":{"type":"Polygon","coordinates":[[[11.938077780608522,57.705519581113144],[11.937894781526582,57.70556706613722],[11.93773436802442,57.70538993065055],[11.937917367164394,57.7053424368811],[11.938077780608522,57.705519581113144]]]},"properties":{"id":"16b6835a-2078-4a4f-bad8-a65d376838de","objektidentitet":"7fc86b6e-0dac-4e38-9598-10d8ca0b8531","versiongiltigfran":"2018-01-04T13:13:19.207Z","lagesosakerhetplan":0.1,"lagesosakerhethojd":null,"ursprunglig_organisation":"G\u00f6teborg","objektversion":3.0,"objekttypnr":2061.0,"objekttyp":"Bostad","insamlingslage":"Takkant","byggnadsnamn1":"None","byggnadsnamn2":"None","byggnadsnamn3":"None","husnummer":42.0,"huvudbyggnad":"Nej","andamal1":"Bostad;Flerfamiljshus","andamal2":"None","andamal3":"None","andamal4":"None","andamal5":"None","FormularId":null,"energy_class":null,"energy_performance":null,"specific_energy":null,"building_category":null,"construction_year":null,"epc_detail":{}}},{"type":"Feature","geometry":{"type":"Polygon","coordinates":[[[11.937847026597185,57.70559889606785],[11.937779285992402,57.705616670332866],[11.937762453273423,57.70559828689262],[11.93783021060786,57.70558051304191],[11.937847026597185,57.70559889606785]]]},"properties":{"id":"a84b2a3d-26fc-41e9-aaff-578612dc8ada","objektidentitet":"3a75b264-783f-4114-b98b-83af12bce4bb","versiongiltigfran":"2024-04-15T12:56:34.733Z","lagesosakerhetplan":0.1,"lagesosakerhethojd":null,"ursprunglig_organisation":"G\u00f6teborg","objektversion":1.0,"objekttypnr":2066.0,"objekttyp":"Komplementbyggnad","insamlingslage":"Takkant","byggnadsnamn1":"None","byggnadsnamn2":"None","byggnadsnamn3":"None","husnummer":45.0,"huvudbyggnad":"Nej","andamal1":"Komplementbyggnad;","andamal2":"None","andamal3":"None","andamal4":"None","andamal5":"None","FormularId":null,"energy_class":null,"energy_performance":null,"specific_energy":null,"building_category":null,"construction_year":null,"epc_detail":{}}},{"type":"Feature","geometry":{"type":"Polygon","coordinates":[[[11.941727224529176,57.70527367131274],[11.942204072852205,57.70542395491086],[11.942068960110664,57.705548542744815],[11.94159398475734,57.705442713501505],[11.94161103919696,57.705421078331284],[11.942046452440126,57.7055217717691],[11.94212729132805,57.70541915985366],[11.941713488640488,57.70529100059667],[11.941727224529176,57.70527367131274]]]},"properties":{"id":"d45fc128-1243-456a-8713-21ae8d651373","objektidentitet":"2b5afd5a-02b3-4178-98a9-d7d4a3c64f7d","versiongiltigfran":"2011-03-23T08:58:00.626Z","lagesosakerhetplan":0.06,"lagesosakerhethojd":null,"ursprunglig_organisation":"Lantm\u00e4teriet","objektversion":1.0,"objekttypnr":2066.0,"objekttyp":"Komplementbyggnad","insamlingslage":"Takkant","byggnadsnamn1":"None","byggnadsnamn2":"None","byggnadsnamn3":"None","husnummer":3.0,"huvudbyggnad":"Nej","andamal1":"Komplementbyggnad;","andamal2":"None","andamal3":"None","andamal4":"None","andamal5":"None","FormularId":1428651,"fastighetsbeteckning":"LINDHOLMEN 30:1","energy_class":"B","energy_performance":65,"specific_energy":71,"building_category":"Lokalbyggnader","construction_year":2002,"epc_detail":{"IdAdr":"Lindholmspiren 11","IdPostnr":41756,"IdPostort":"G\u00f6teborg","IdKommun":"G\u00f6teborg","EgenByggnadsKat":"Lokalbyggnader","EgenByggnadsTyp":"Friliggande","EgenNybyggAr":2002,"EgenAtemp":37035,"EgenAntalPlan":8,"EgenAntalKallarplan":2,"EgenAntalTrapphus":9,"EgenAntalBolgh":0,"EgenProjVentFlode":"1,71","EgenInstEleffektStorre":"Nej","EgenSkyddadEllerVardefull":5,"EgiEnergiklass":"B","EgiEnergiPrestanda":65,"EgiSpecifikEnergianvandning":71,"EgiEnergianvandning":2647100,"EgiPrimarenergianvandning":2391384,"EgiPrimarenergital2020":65,"EgiForstaArManad":2212,"EgiSistaArManad":2311,"EgiBeraknatVarde":"Nej","VentTypFTX":"Ja","VentTypF":"Nej","VentTypFT":"Nej","VentTypSjalvdrag":"Nej","VentTypFmed":"Nej","VentGruppKrav":"Ja","EgiSumma2":2592581,"EgiFjarrkyla":769750,"EgiFastighet":464805,"EgiStationEI":"G\u00f6teborg","EgiRefvarde1":96,"EgiRefvarde2Max":157,"EgiVersion":2023,"VentGruppGodkand":"Ja","RadGruppHaltMatt":"Nej","Godkand":"2023-12-15","Version":2.8,"ExpertBehorighet":"Kvalificerad","VentGruppUtanAnm":1,"InspUppvGruppInspSkyldighet":"Ja","InspUppvUndAvtalEgipres":"Nej","InspLuftGruppInspSkyldighet":"Ja","InspLuftUndAvtalEgipres":"Nej"}}},{"type":"Feature","geometry":{"type":"Polygon","coordinates":[[[11.949069426438676,57.70574907404616],[11.949193419919773,57.70572240419284],[11.949241585124739,57.70578533090844],[11.949117587226308,57.70581245010205],[11.949069426438676,57.70574907404616]]]},"properties":{"id":"b60ee099-7090-41d4-b82c-43f048a0869a","objektidentitet":"04721e4a-e871-4afe-8ac3-8dae8a60e964","versiongiltigfran":"2011-03-23T08:45:12.629Z","lagesosakerhetplan":0.06,"lagesosakerhethojd":2.5,"ursprunglig_organisation":"Lantm\u00e4teriet","objektversion":1.0,"objekttypnr":2066.0,"objekttyp":"Komplementbyggnad","insamlingslage":"Takkant","byggnadsnamn1":"None","byggnadsnamn2":"None","byggnadsnamn3":"None","husnummer":10.0,"huvudbyggnad":"Nej","andamal1":"Komplementbyggnad;","andamal2":"None","andamal3":"None","andamal4":"None","andamal5":"None","FormularId":null,"energy_class":null,"energy_performance":null,"specific_energy":null,"building_category":null,"construction_year":null,"epc_detail":{}}},{"type":"Feature","geometry":{"type":"Polygon","coordinates":[[[11.948996612813401,57.70586608462805],[11.949074687599031,57.70582321664775],[11.949189291658852,57.70588297310493],[11.949111216875297,57.70592584115567],[11.948996612813401,57.70586608462805]]]},"properties":{"id":"8a6ecce3-7c58-4fcd-a490-f58783e871ab","objektidentitet":"8f7829a3-0315-48b1-981d-216eca4e45ab","versiongiltigfran":"2011-03-23T08:39:52.321Z","lagesosakerhetplan":0.06,"lagesosakerhethojd":null,"ursprunglig_organisation":"Lantm\u00e4teriet","objektversion":1.0,"objekttypnr":2066.0,"objekttyp":"Komplementbyggnad","insamlingslage":"Takkant","byggnadsnamn1":"None","byggnadsnamn2":"None","byggnadsnamn3":"None","husnummer":6.0,"huvudbyggnad":"Nej","andamal1":"Komplementbyggnad;","andamal2":"None","andamal3":"None","andamal4":"None","andamal5":"None","FormularId":null,"energy_class":null,"energy_performance":null,"specific_energy":null,"building_category":null,"construction_year":null,"epc_detail":{}}},{"type":"Feature","geometry":{"type":"Polygon","coordinates":[[[11.936212956060363,57.704706612719875],[11.936084931244798,57.70473977846425],[11.936078175760914,57.70473229861576],[11.936110430438838,57.70472394804855],[11.936058810404477,57.704666819425704],[11.936154579645079,57.704642013262564],[11.936212956060363,57.704706612719875]]]},"properties":{"id":"b7453fad-6f21-4ce9-b09a-cafa0f9e2ea9","objektidentitet":"78311051-3c94-4301-bebf-ca7e430e578d","versiongiltigfran":"2022-02-09T12:58:01.500Z","lagesosakerhetplan":0.1,"lagesosakerhethojd":null,"ursprunglig_organisation":"G\u00f6teborg","objektversion":8.0,"objekttypnr":2063.0,"objekttyp":"Samh\u00e4llsfunktion","insamlingslage":"Takkant","byggnadsnamn1":"Lindholmens kunskapscentrum","byggnadsnamn2":"None","byggnadsnamn3":"None","husnummer":2.0,"huvudbyggnad":"Nej","andamal1":"Samh\u00e4llsfunktion;Skola","andamal2":"None","andamal3":"None","andamal4":"None","andamal5":"None","FormularId":1079102,"fastighetsbeteckning":"LINDHOLMEN 6:9","energy_class":"D","energy_performance":128,"specific_energy":108,"building_category":"Lokalbyggnader","construction_year":1945,"epc_detail":{"IdAdr":"Utvecklingsgatan 3","IdPostnr":41756,"IdPostort":"G\u00f6teborg","IdKommun":"G\u00f6teborg","EgenByggnadsKat":"Lokalbyggnader","EgenByggnadsTyp":"Friliggande","EgenNybyggAr":1945,"EgenAtemp":5370,"EgenAntalPlan":4,"EgenAntalKallarplan":1,"EgenAntalTrapphus":4,"EgenProjVentFlode":"0,98999999999999999","EgenInstEleffektStorre":"Nej","EgenSkyddadEllerVardefull":0,"EgiEnergiklass":"D","EgiEnergiPrestanda":128,"EgiSpecifikEnergianvandning":108,"EgiEnergianvandning":577450,"EgiPrimarenergianvandning":688330,"EgiForstaArManad":1901,"EgiSistaArManad":1912,"EgiBeraknatVarde":"Nej","VentTypFTX":"Ja","VentTypF":"Nej","VentTypFT":"Nej","VentTypSjalvdrag":"Nej","VentTypFmed":"Nej","VentGruppKrav":"Ja","EgiSumma2":516614,"EgiFastighet":98004,"EgiStationEI":"G\u00f6teborg","EgiRefvarde1":125,"EgiRefvarde2Max":194,"EgiVersion":2019,"VentGruppGodkand":"Nej","RadGruppHaltMatt":"Nej","Godkand":"2020-05-26","Version":2.7,"ExpertBehorighet":"Kvalificerad","InspUppvGruppInspSkyldighet":"Nej","InspUppvUndAvtalEgipres":"Nej","InspLuftUndAvtalEgipres":"Nej","AtgForslagEgiMinskad":33000,"AtgForslagKostnad":"0,59999999999999998"}}},{"type":"Feature","geometry":{"type":"Polygon","coordinates":[[[11.935867711677915,57.704943424944666],[11.935759208687806,57.70482409659639],[11.936484073719516,57.704636412422346],[11.936591973447394,57.70475475481253],[11.935867711677915,57.704943424944666]]]},"properties":{"id":"baef7538-94bd-49e1-beee-1a080c6bedf3","objektidentitet":"78311051-3c94-4301-bebf-ca7e430e578d","versiongiltigfran":"2022-02-09T12:58:01.500Z","lagesosakerhetplan":0.1,"lagesosakerhethojd":null,"ursprunglig_organisation":"G\u00f6teborg","objektversion":8.0,"objekttypnr":2063.0,"objekttyp":"Samh\u00e4llsfunktion","insamlingslage":"Takkant","byggnadsnamn1":"Lindholmens kunskapscentrum","byggnadsnamn2":"None","byggnadsnamn3":"None","husnummer":2.0,"huvudbyggnad":"Nej","andamal1":"Samh\u00e4llsfunktion;Skola","andamal2":"None","andamal3":"None","andamal4":"None","andamal5":"None","FormularId":1079102,"fastighetsbeteckning":"LINDHOLMEN 6:9","energy_class":"D","energy_performance":128,"specific_energy":108,"building_category":"Lokalbyggnader","construction_year":1945,"epc_detail":{"IdAdr":"Utvecklingsgatan 3","IdPostnr":41756,"IdPostort":"G\u00f6teborg","IdKommun":"G\u00f6teborg","EgenByggnadsKat":"Lokalbyggnader","EgenByggnadsTyp":"Friliggande","EgenNybyggAr":1945,"EgenAtemp":5370,"EgenAntalPlan":4,"EgenAntalKallarplan":1,"EgenAntalTrapphus":4,"EgenProjVentFlode":"0,98999999999999999","EgenInstEleffektStorre":"Nej","EgenSkyddadEllerVardefull":0,"EgiEnergiklass":"D","EgiEnergiPrestanda":128,"EgiSpecifikEnergianvandning":108,"EgiEnergianvandning":577450,"EgiPrimarenergianvandning":688330,"EgiForstaArManad":1901,"EgiSistaArManad":1912,"EgiBeraknatVarde":"Nej","VentTypFTX":"Ja","VentTypF":"Nej","VentTypFT":"Nej","VentTypSjalvdrag":"Nej","VentTypFmed":"Nej","VentGruppKrav":"Ja","EgiSumma2":516614,"EgiFastighet":98004,"EgiStationEI":"G\u00f6teborg","EgiRefvarde1":125,"EgiRefvarde2Max":194,"EgiVersion":2019,"VentGruppGodkand":"Nej","RadGruppHaltMatt":"Nej","Godkand":"2020-05-26","Version":2.7,"ExpertBehorighet":"Kvalificerad","InspUppvGruppInspSkyldighet":"Nej","InspUppvUndAvtalEgipres":"Nej","InspLuftUndAvtalEgipres":"Nej","AtgForslagEgiMinskad":33000,"AtgForslagKostnad":"0,59999999999999998"}}},{"type":"Feature","geometry":{"type":"Polygon","coordinates":[[[11.936154579645079,57.704642013262564],[11.93622803239575,57.70462299407714],[11.936237720656576,57.70463371770922],[11.93627629223976,57.70462373148427],[11.936318931353853,57.70467090851223],[11.936277372182536,57.70468167625256],[11.936283422122433,57.704688366035036],[11.936212956060363,57.704706612719875],[11.936154579645079,57.704642013262564]]]},"properties":{"id":"3de3be30-621e-488d-87f7-54a68970827e","objektidentitet":"78311051-3c94-4301-bebf-ca7e430e578d","versiongiltigfran":"2022-02-09T12:58:01.500Z","lagesosakerhetplan":0.1,"lagesosakerhethojd":null,"ursprunglig_organisation":"G\u00f6teborg","objektversion":8.0,"objekttypnr":2063.0,"objekttyp":"Samh\u00e4llsfunktion","insamlingslage":"Takkant","byggnadsnamn1":"Lindholmens kunskapscentrum","byggnadsnamn2":"None","byggnadsnamn3":"None","husnummer":2.0,"huvudbyggnad":"Nej","andamal1":"Samh\u00e4llsfunktion;Skola","andamal2":"None","andamal3":"None","andamal4":"None","andamal5":"None","FormularId":1079102,"fastighetsbeteckning":"LINDHOLMEN 6:9","energy_class":"D","energy_performance":128,"specific_energy":108,"building_category":"Lokalbyggnader","construction_year":1945,"epc_detail":{"IdAdr":"Utvecklingsgatan 3","IdPostnr":41756,"IdPostort":"G\u00f6teborg","IdKommun":"G\u00f6teborg","EgenByggnadsKat":"Lokalbyggnader","EgenByggnadsTyp":"Friliggande","EgenNybyggAr":1945,"EgenAtemp":5370,"EgenAntalPlan":4,"EgenAntalKallarplan":1,"EgenAntalTrapphus":4,"EgenProjVentFlode":"0,98999999999999999","EgenInstEleffektStorre":"Nej","EgenSkyddadEllerVardefull":0,"EgiEnergiklass":"D","EgiEnergiPrestanda":128,"EgiSpecifikEnergianvandning":108,"EgiEnergianvandning":577450,"EgiPrimarenergianvandning":688330,"EgiForstaArManad":1901,"EgiSistaArManad":1912,"EgiBeraknatVarde":"Nej","VentTypFTX":"Ja","VentTypF":"Nej","VentTypFT":"Nej","VentTypSjalvdrag":"Nej","VentTypFmed":"Nej","VentGruppKrav":"Ja","EgiSumma2":516614,"EgiFastighet":98004,"EgiStationEI":"G\u00f6teborg","EgiRefvarde1":125,"EgiRefvarde2Max":194,"EgiVersion":2019,"VentGruppGodkand":"Nej","RadGruppHaltMatt":"Nej","Godkand":"2020-05-26","Version":2.7,"ExpertBehorighet":"Kvalificerad","InspUppvGruppInspSkyldighet":"Nej","InspUppvUndAvtalEgipres":"Nej","InspLuftUndAvtalEgipres":"Nej","AtgForslagEgiMinskad":33000,"AtgForslagKostnad":"0,59999999999999998"}}},{"type":"Feature","geometry":{"type":"Polygon","coordinates":[[[11.941798537044805,57.704848331918875],[11.94202288850022,57.704898686391346],[11.941223956721016,57.705911881999086],[11.941133113004948,57.70588886925563],[11.941081779477877,57.70596194053614],[11.940943453153066,57.70592796461703],[11.941798537044805,57.704848331918875]]]},"properties":{"id":"faf7d275-d65e-4969-99a5-7eba99469b2e","objektidentitet":"8468e16a-cf2a-4511-941f-4cada36c6e2d","versiongiltigfran":"2011-03-23T08:45:26.520Z","lagesosakerhetplan":0.06,"lagesosakerhethojd":null,"ursprunglig_organisation":"Lantm\u00e4teriet","objektversion":1.0,"objekttypnr":2064.0,"objekttyp":"Verksamhet","insamlingslage":"Takkant","byggnadsnamn1":"None","byggnadsnamn2":"None","byggnadsnamn3":"None","husnummer":1.0,"huvudbyggnad":"Nej","andamal1":"Verksamhet;","andamal2":"None","andamal3":"None","andamal4":"None","andamal5":"None","FormularId":1428651,"fastighetsbeteckning":"LINDHOLMEN 30:1","energy_class":"B","energy_performance":65,"specific_energy":71,"building_category":"Lokalbyggnader","construction_year":2002,"epc_detail":{"IdAdr":"Lindholmspiren 11","IdPostnr":41756,"IdPostort":"G\u00f6teborg","IdKommun":"G\u00f6teborg","EgenByggnadsKat":"Lokalbyggnader","EgenByggnadsTyp":"Friliggande","EgenNybyggAr":2002,"EgenAtemp":37035,"EgenAntalPlan":8,"EgenAntalKallarplan":2,"EgenAntalTrapphus":9,"EgenAntalBolgh":0,"EgenProjVentFlode":"1,71","EgenInstEleffektStorre":"Nej","EgenSkyddadEllerVardefull":5,"EgiEnergiklass":"B","EgiEnergiPrestanda":65,"EgiSpecifikEnergianvandning":71,"EgiEnergianvandning":2647100,"EgiPrimarenergianvandning":2391384,"EgiPrimarenergital2020":65,"EgiForstaArManad":2212,"EgiSistaArManad":2311,"EgiBeraknatVarde":"Nej","VentTypFTX":"Ja","VentTypF":"Nej","VentTypFT":"Nej","VentTypSjalvdrag":"Nej","VentTypFmed":"Nej","VentGruppKrav":"Ja","EgiSumma2":2592581,"EgiFjarrkyla":769750,"EgiFastighet":464805,"EgiStationEI":"G\u00f6teborg","EgiRefvarde1":96,"EgiRefvarde2Max":157,"EgiVersion":2023,"VentGruppGodkand":"Ja","RadGruppHaltMatt":"Nej","Godkand":"2023-12-15","Version":2.8,"ExpertBehorighet":"Kvalificerad","VentGruppUtanAnm":1,"InspUppvGruppInspSkyldighet":"Ja","InspUppvUndAvtalEgipres":"Nej","InspLuftGruppInspSkyldighet":"Ja","InspLuftUndAvtalEgipres":"Nej"}}},{"type":"Feature","geometry":{"type":"Polygon","coordinates":[[[11.941861719193096,57.70476692735957],[11.941996432424597,57.70479771413787],[11.941932323095035,57.70487817058559],[11.941797609623613,57.70484738373702],[11.941861719193096,57.70476692735957]]]},"properties":{"id":"be4185b8-fde4-4965-a3c3-71c54a574a17","objektidentitet":"8468e16a-cf2a-4511-941f-4cada36c6e2d","versiongiltigfran":"2011-03-23T08:45:26.520Z","lagesosakerhetplan":0.06,"lagesosakerhethojd":2.5,"ursprunglig_organisation":"Lantm\u00e4teriet","objektversion":1.0,"objekttypnr":2064.0,"objekttyp":"Verksamhet","insamlingslage":"Takkant","byggnadsnamn1":"None","byggnadsnamn2":"None","byggnadsnamn3":"None","husnummer":1.0,"huvudbyggnad":"Nej","andamal1":"Verksamhet;","andamal2":"None","andamal3":"None","andamal4":"None","andamal5":"None","FormularId":1428651,"fastighetsbeteckning":"LINDHOLMEN 30:1","energy_class":"B","energy_performance":65,"specific_energy":71,"building_category":"Lokalbyggnader","construction_year":2002,"epc_detail":{"IdAdr":"Lindholmspiren 11","IdPostnr":41756,"IdPostort":"G\u00f6teborg","IdKommun":"G\u00f6teborg","EgenByggnadsKat":"Lokalbyggnader","EgenByggnadsTyp":"Friliggande","EgenNybyggAr":2002,"EgenAtemp":37035,"EgenAntalPlan":8,"EgenAntalKallarplan":2,"EgenAntalTrapphus":9,"EgenAntalBolgh":0,"EgenProjVentFlode":"1,71","EgenInstEleffektStorre":"Nej","EgenSkyddadEllerVardefull":5,"EgiEnergiklass":"B","EgiEnergiPrestanda":65,"EgiSpecifikEnergianvandning":71,"EgiEnergianvandning":2647100,"EgiPrimarenergianvandning":2391384,"EgiPrimarenergital2020":65,"EgiForstaArManad":2212,"EgiSistaArManad":2311,"EgiBeraknatVarde":"Nej","VentTypFTX":"Ja","VentTypF":"Nej","VentTypFT":"Nej","VentTypSjalvdrag":"Nej","VentTypFmed":"Nej","VentGruppKrav":"Ja","EgiSumma2":2592581,"EgiFjarrkyla":769750,"EgiFastighet":464805,"EgiStationEI":"G\u00f6teborg","EgiRefvarde1":96,"EgiRefvarde2Max":157,"EgiVersion":2023,"VentGruppGodkand":"Ja","RadGruppHaltMatt":"Nej","Godkand":"2023-12-15","Version":2.8,"ExpertBehorighet":"Kvalificerad","VentGruppUtanAnm":1,"InspUppvGruppInspSkyldighet":"Ja","InspUppvUndAvtalEgipres":"Nej","InspLuftGruppInspSkyldighet":"Ja","InspLuftUndAvtalEgipres":"Nej"}}},{"type":"Feature","geometry":{"type":"Polygon","coordinates":[[[11.94148501580718,57.7055790059945],[11.941896846464642,57.70571086626981],[11.941817139101788,57.705812588635105],[11.941378320400347,57.705712621030926],[11.94148501580718,57.7055790059945]]]},"properties":{"id":"12b1c137-a1bf-43af-a2b3-9162c69bcf36","objektidentitet":"8468e16a-cf2a-4511-941f-4cada36c6e2d","versiongiltigfran":"2011-03-23T08:45:26.520Z","lagesosakerhetplan":0.06,"lagesosakerhethojd":null,"ursprunglig_organisation":"Lantm\u00e4teriet","objektversion":1.0,"objekttypnr":2064.0,"objekttyp":"Verksamhet","insamlingslage":"Takkant","byggnadsnamn1":"None","byggnadsnamn2":"None","byggnadsnamn3":"None","husnummer":1.0,"huvudbyggnad":"Nej","andamal1":"Verksamhet;","andamal2":"None","andamal3":"None","andamal4":"None","andamal5":"None","FormularId":1428651,"fastighetsbeteckning":"LINDHOLMEN 30:1","energy_class":"B","energy_performance":65,"specific_energy":71,"building_category":"Lokalbyggnader","construction_year":2002,"epc_detail":{"IdAdr":"Lindholmspiren 11","IdPostnr":41756,"IdPostort":"G\u00f6teborg","IdKommun":"G\u00f6teborg","EgenByggnadsKat":"Lokalbyggnader","EgenByggnadsTyp":"Friliggande","EgenNybyggAr":2002,"EgenAtemp":37035,"EgenAntalPlan":8,"EgenAntalKallarplan":2,"EgenAntalTrapphus":9,"EgenAntalBolgh":0,"EgenProjVentFlode":"1,71","EgenInstEleffektStorre":"Nej","EgenSkyddadEllerVardefull":5,"EgiEnergiklass":"B","EgiEnergiPrestanda":65,"EgiSpecifikEnergianvandning":71,"EgiEnergianvandning":2647100,"EgiPrimarenergianvandning":2391384,"EgiPrimarenergital2020":65,"EgiForstaArManad":2212,"EgiSistaArManad":2311,"EgiBeraknatVarde":"Nej","VentTypFTX":"Ja","VentTypF":"Nej","VentTypFT":"Nej","VentTypSjalvdrag":"Nej","VentTypFmed":"Nej","VentGruppKrav":"Ja","EgiSumma2":2592581,"EgiFjarrkyla":769750,"EgiFastighet":464805,"EgiStationEI":"G\u00f6teborg","EgiRefvarde1":96,"EgiRefvarde2Max":157,"EgiVersion":2023,"VentGruppGodkand":"Ja","RadGruppHaltMatt":"Nej","Godkand":"2023-12-15","Version":2.8,"ExpertBehorighet":"Kvalificerad","VentGruppUtanAnm":1,"InspUppvGruppInspSkyldighet":"Ja","InspUppvUndAvtalEgipres":"Nej","InspLuftGruppInspSkyldighet":"Ja","InspLuftUndAvtalEgipres":"Nej"}}},{"type":"Feature","geometry":{"type":"Polygon","coordinates":[[[11.941712882279784,57.70529082415383],[11.94212730505772,57.70541919613743],[11.942046482926148,57.70552180845792],[11.941610102248536,57.70542083996764],[11.941712882279784,57.70529082415383]]]},"properties":{"id":"b6a19699-6b54-44bb-b219-78f43ee7f4b2","objektidentitet":"8468e16a-cf2a-4511-941f-4cada36c6e2d","versiongiltigfran":"2011-03-23T08:45:26.520Z","lagesosakerhetplan":0.06,"lagesosakerhethojd":2.5,"ursprunglig_organisation":"Lantm\u00e4teriet","objektversion":1.0,"objekttypnr":2064.0,"objekttyp":"Verksamhet","insamlingslage":"Takkant","byggnadsnamn1":"None","byggnadsnamn2":"None","byggnadsnamn3":"None","husnummer":1.0,"huvudbyggnad":"Nej","andamal1":"Verksamhet;","andamal2":"None","andamal3":"None","andamal4":"None","andamal5":"None","FormularId":1428651,"fastighetsbeteckning":"LINDHOLMEN 30:1","energy_class":"B","energy_performance":65,"specific_energy":71,"building_category":"Lokalbyggnader","construction_year":2002,"epc_detail":{"IdAdr":"Lindholmspiren 11","IdPostnr":41756,"IdPostort":"G\u00f6teborg","IdKommun":"G\u00f6teborg","EgenByggnadsKat":"Lokalbyggnader","EgenByggnadsTyp":"Friliggande","EgenNybyggAr":2002,"EgenAtemp":37035,"EgenAntalPlan":8,"EgenAntalKallarplan":2,"EgenAntalTrapphus":9,"EgenAntalBolgh":0,"EgenProjVentFlode":"1,71","EgenInstEleffektStorre":"Nej","EgenSkyddadEllerVardefull":5,"EgiEnergiklass":"B","EgiEnergiPrestanda":65,"EgiSpecifikEnergianvandning":71,"EgiEnergianvandning":2647100,"EgiPrimarenergianvandning":2391384,"EgiPrimarenergital2020":65,"EgiForstaArManad":2212,"EgiSistaArManad":2311,"EgiBeraknatVarde":"Nej","VentTypFTX":"Ja","VentTypF":"Nej","VentTypFT":"Nej","VentTypSjalvdrag":"Nej","VentTypFmed":"Nej","VentGruppKrav":"Ja","EgiSumma2":2592581,"EgiFjarrkyla":769750,"EgiFastighet":464805,"EgiStationEI":"G\u00f6teborg","EgiRefvarde1":96,"EgiRefvarde2Max":157,"EgiVersion":2023,"VentGruppGodkand":"Ja","RadGruppHaltMatt":"Nej","Godkand":"2023-12-15","Version":2.8,"ExpertBehorighet":"Kvalificerad","VentGruppUtanAnm":1,"InspUppvGruppInspSkyldighet":"Ja","InspUppvUndAvtalEgipres":"Nej","InspLuftGruppInspSkyldighet":"Ja","InspLuftUndAvtalEgipres":"Nej"}}},{"type":"Feature","geometry":{"type":"Polygon","coordinates":[[[11.940819177148063,57.70490166055518],[11.940900073679812,57.70479620159314],[11.941390053623367,57.7048741202363],[11.941410079296967,57.70483876039738],[11.94156138831743,57.70486389100937],[11.941535855943451,57.70490163436373],[11.941723005631575,57.7049425693193],[11.941613138525343,57.705081770266375],[11.94096236165714,57.70590406445232],[11.940878276281223,57.70588254517111],[11.940871470892686,57.705892752721255],[11.94073010592933,57.70586593839866],[11.940738216832312,57.70585279639623],[11.940646994988947,57.70582670925315],[11.940811524342537,57.70558382448518],[11.94035604770883,57.705480160809266],[11.940434503269653,57.70537858879574],[11.940595826668511,57.7053998732188],[11.940729777797674,57.70522364985195],[11.940589210640377,57.70519079672937],[11.940669883991205,57.705091579143655],[11.940819903819342,57.70511329099008],[11.940958806718966,57.70493327738713],[11.940819177148063,57.70490166055518]]]},"properties":{"id":"8f4c62f3-62b1-405f-ae2b-fcd05639bb85","objektidentitet":"8468e16a-cf2a-4511-941f-4cada36c6e2d","versiongiltigfran":"2011-03-23T08:45:26.520Z","lagesosakerhetplan":0.06,"lagesosakerhethojd":2.5,"ursprunglig_organisation":"Lantm\u00e4teriet","objektversion":1.0,"objekttypnr":2064.0,"objekttyp":"Verksamhet","insamlingslage":"Takkant","byggnadsnamn1":"None","byggnadsnamn2":"None","byggnadsnamn3":"None","husnummer":1.0,"huvudbyggnad":"Nej","andamal1":"Verksamhet;","andamal2":"None","andamal3":"None","andamal4":"None","andamal5":"None","FormularId":1428651,"fastighetsbeteckning":"LINDHOLMEN 30:1","energy_class":"B","energy_performance":65,"specific_energy":71,"building_category":"Lokalbyggnader","construction_year":2002,"epc_detail":{"IdAdr":"Lindholmspiren 11","IdPostnr":41756,"IdPostort":"G\u00f6teborg","IdKommun":"G\u00f6teborg","EgenByggnadsKat":"Lokalbyggnader","EgenByggnadsTyp":"Friliggande","EgenNybyggAr":2002,"EgenAtemp":37035,"EgenAntalPlan":8,"EgenAntalKallarplan":2,"EgenAntalTrapphus":9,"EgenAntalBolgh":0,"EgenProjVentFlode":"1,71","EgenInstEleffektStorre":"Nej","EgenSkyddadEllerVardefull":5,"EgiEnergiklass":"B","EgiEnergiPrestanda":65,"EgiSpecifikEnergianvandning":71,"EgiEnergianvandning":2647100,"EgiPrimarenergianvandning":2391384,"EgiPrimarenergital2020":65,"EgiForstaArManad":2212,"EgiSistaArManad":2311,"EgiBeraknatVarde":"Nej","VentTypFTX":"Ja","VentTypF":"Nej","VentTypFT":"Nej","VentTypSjalvdrag":"Nej","VentTypFmed":"Nej","VentGruppKrav":"Ja","EgiSumma2":2592581,"EgiFjarrkyla":769750,"EgiFastighet":464805,"EgiStationEI":"G\u00f6teborg","EgiRefvarde1":96,"EgiRefvarde2Max":157,"EgiVersion":2023,"VentGruppGodkand":"Ja","RadGruppHaltMatt":"Nej","Godkand":"2023-12-15","Version":2.8,"ExpertBehorighet":"Kvalificerad","VentGruppUtanAnm":1,"InspUppvGruppInspSkyldighet":"Ja","InspUppvUndAvtalEgipres":"Nej","InspLuftGruppInspSkyldighet":"Ja","InspLuftUndAvtalEgipres":"Nej"}}},{"type":"Feature","geometry":{"type":"Polygon","coordinates":[[[11.941943775757052,57.70499876041447],[11.942356866319518,57.70512995765507],[11.94227641846188,57.70523212975526],[11.941837916429302,57.70513265666098],[11.941943775757052,57.70499876041447]]]},"properties":{"id":"7b824366-eb8e-433a-bd2a-9d6daa270088","objektidentitet":"8468e16a-cf2a-4511-941f-4cada36c6e2d","versiongiltigfran":"2011-03-23T08:45:26.520Z","lagesosakerhetplan":0.06,"lagesosakerhethojd":2.5,"ursprunglig_organisation":"Lantm\u00e4teriet","objektversion":1.0,"objekttypnr":2064.0,"objekttyp":"Verksamhet","insamlingslage":"Takkant","byggnadsnamn1":"None","byggnadsnamn2":"None","byggnadsnamn3":"None","husnummer":1.0,"huvudbyggnad":"Nej","andamal1":"Verksamhet;","andamal2":"None","andamal3":"None","andamal4":"None","andamal5":"None","FormularId":1428651,"fastighetsbeteckning":"LINDHOLMEN 30:1","energy_class":"B","energy_performance":65,"specific_energy":71,"building_category":"Lokalbyggnader","construction_year":2002,"epc_detail":{"IdAdr":"Lindholmspiren 11","IdPostnr":41756,"IdPostort":"G\u00f6teborg","IdKommun":"G\u00f6teborg","EgenByggnadsKat":"Lokalbyggnader","EgenByggnadsTyp":"Friliggande","EgenNybyggAr":2002,"EgenAtemp":37035,"EgenAntalPlan":8,"EgenAntalKallarplan":2,"EgenAntalTrapphus":9,"EgenAntalBolgh":0,"EgenProjVentFlode":"1,71","EgenInstEleffektStorre":"Nej","EgenSkyddadEllerVardefull":5,"EgiEnergiklass":"B","EgiEnergiPrestanda":65,"EgiSpecifikEnergianvandning":71,"EgiEnergianvandning":2647100,"EgiPrimarenergianvandning":2391384,"EgiPrimarenergital2020":65,"EgiForstaArManad":2212,"EgiSistaArManad":2311,"EgiBeraknatVarde":"Nej","VentTypFTX":"Ja","VentTypF":"Nej","VentTypFT":"Nej","VentTypSjalvdrag":"Nej","VentTypFmed":"Nej","VentGruppKrav":"Ja","EgiSumma2":2592581,"EgiFjarrkyla":769750,"EgiFastighet":464805,"EgiStationEI":"G\u00f6teborg","EgiRefvarde1":96,"EgiRefvarde2Max":157,"EgiVersion":2023,"VentGruppGodkand":"Ja","RadGruppHaltMatt":"Nej","Godkand":"2023-12-15","Version":2.8,"ExpertBehorighet":"Kvalificerad","VentGruppUtanAnm":1,"InspUppvGruppInspSkyldighet":"Ja","InspUppvUndAvtalEgipres":"Nej","InspLuftGruppInspSkyldighet":"Ja","InspLuftUndAvtalEgipres":"Nej"}}},{"type":"Feature","geometry":{"type":"Polygon","coordinates":[[[11.941494976146718,57.70556821857168],[11.941970186249547,57.70571626134409],[11.941835357749449,57.705839049241014],[11.941365201853738,57.7057327784424],[11.94138059570753,57.70571311645499],[11.941817125372294,57.70581255235131],[11.941896848734851,57.705710839360776],[11.941486111240945,57.70557935604653],[11.941494976146718,57.70556821857168]]]},"properties":{"id":"cdb7c523-cb14-4b29-baea-f4892090aa8c","objektidentitet":"1d908081-c3d2-4357-80a9-114bd4996781","versiongiltigfran":"2011-03-23T08:45:42.445Z","lagesosakerhetplan":0.06,"lagesosakerhethojd":null,"ursprunglig_organisation":"Lantm\u00e4teriet","objektversion":1.0,"objekttypnr":2066.0,"objekttyp":"Komplementbyggnad","insamlingslage":"Takkant","byggnadsnamn1":"None","byggnadsnamn2":"None","byggnadsnamn3":"None","husnummer":2.0,"huvudbyggnad":"Nej","andamal1":"Komplementbyggnad;","andamal2":"None","andamal3":"None","andamal4":"None","andamal5":"None","FormularId":1428651,"fastighetsbeteckning":"LINDHOLMEN 30:1","energy_class":"B","energy_performance":65,"specific_energy":71,"building_category":"Lokalbyggnader","construction_year":2002,"epc_detail":{"IdAdr":"Lindholmspiren 11","IdPostnr":41756,"IdPostort":"G\u00f6teborg","IdKommun":"G\u00f6teborg","EgenByggnadsKat":"Lokalbyggnader","EgenByggnadsTyp":"Friliggande","EgenNybyggAr":2002,"EgenAtemp":37035,"EgenAntalPlan":8,"EgenAntalKallarplan":2,"EgenAntalTrapphus":9,"EgenAntalBolgh":0,"EgenProjVentFlode":"1,71","EgenInstEleffektStorre":"Nej","EgenSkyddadEllerVardefull":5,"EgiEnergiklass":"B","EgiEnergiPrestanda":65,"EgiSpecifikEnergianvandning":71,"EgiEnergianvandning":2647100,"EgiPrimarenergianvandning":2391384,"EgiPrimarenergital2020":65,"EgiForstaArManad":2212,"EgiSistaArManad":2311,"EgiBeraknatVarde":"Nej","VentTypFTX":"Ja","VentTypF":"Nej","VentTypFT":"Nej","VentTypSjalvdrag":"Nej","VentTypFmed":"Nej","VentGruppKrav":"Ja","EgiSumma2":2592581,"EgiFjarrkyla":769750,"EgiFastighet":464805,"EgiStationEI":"G\u00f6teborg","EgiRefvarde1":96,"EgiRefvarde2Max":157,"EgiVersion":2023,"VentGruppGodkand":"Ja","RadGruppHaltMatt":"Nej","Godkand":"2023-12-15","Version":2.8,"ExpertBehorighet":"Kvalificerad","VentGruppUtanAnm":1,"InspUppvGruppInspSkyldighet":"Ja","InspUppvUndAvtalEgipres":"Nej","InspLuftGruppInspSkyldighet":"Ja","InspLuftUndAvtalEgipres":"Nej"}}},{"type":"Feature","geometry":{"type":"Polygon","coordinates":[[[11.941955295187359,57.70498441546089],[11.942433676440407,57.705133809535965],[11.942297865741827,57.70525992665227],[11.941822886418471,57.70515239041],[11.941838279768877,57.70513272836053],[11.942276465704166,57.70523216684906],[11.942356879292712,57.70513000290848],[11.941943925049031,57.704998781999436],[11.941955295187359,57.70498441546089]]]},"properties":{"id":"a97cf1f9-288f-4ed5-8590-0c3c733499d9","objektidentitet":"ccda6fee-9013-4fae-828b-713034fcdde0","versiongiltigfran":"2011-03-23T08:56:45.408Z","lagesosakerhetplan":0.06,"lagesosakerhethojd":2.5,"ursprunglig_organisation":"Lantm\u00e4teriet","objektversion":1.0,"objekttypnr":2066.0,"objekttyp":"Komplementbyggnad","insamlingslage":"Takkant","byggnadsnamn1":"None","byggnadsnamn2":"None","byggnadsnamn3":"None","husnummer":5.0,"huvudbyggnad":"Nej","andamal1":"Komplementbyggnad;","andamal2":"None","andamal3":"None","andamal4":"None","andamal5":"None","FormularId":1428651,"fastighetsbeteckning":"LINDHOLMEN 30:1","energy_class":"B","energy_performance":65,"specific_energy":71,"building_category":"Lokalbyggnader","construction_year":2002,"epc_detail":{"IdAdr":"Lindholmspiren 11","IdPostnr":41756,"IdPostort":"G\u00f6teborg","IdKommun":"G\u00f6teborg","EgenByggnadsKat":"Lokalbyggnader","EgenByggnadsTyp":"Friliggande","EgenNybyggAr":2002,"EgenAtemp":37035,"EgenAntalPlan":8,"EgenAntalKallarplan":2,"EgenAntalTrapphus":9,"EgenAntalBolgh":0,"EgenProjVentFlode":"1,71","EgenInstEleffektStorre":"Nej","EgenSkyddadEllerVardefull":5,"EgiEnergiklass":"B","EgiEnergiPrestanda":65,"EgiSpecifikEnergianvandning":71,"EgiEnergianvandning":2647100,"EgiPrimarenergianvandning":2391384,"EgiPrimarenergital2020":65,"EgiForstaArManad":2212,"EgiSistaArManad":2311,"EgiBeraknatVarde":"Nej","VentTypFTX":"Ja","VentTypF":"Nej","VentTypFT":"Nej","VentTypSjalvdrag":"Nej","VentTypFmed":"Nej","VentGruppKrav":"Ja","EgiSumma2":2592581,"EgiFjarrkyla":769750,"EgiFastighet":464805,"EgiStationEI":"G\u00f6teborg","EgiRefvarde1":96,"EgiRefvarde2Max":157,"EgiVersion":2023,"VentGruppGodkand":"Ja","RadGruppHaltMatt":"Nej","Godkand":"2023-12-15","Version":2.8,"ExpertBehorighet":"Kvalificerad","VentGruppUtanAnm":1,"InspUppvGruppInspSkyldighet":"Ja","InspUppvUndAvtalEgipres":"Nej","InspLuftGruppInspSkyldighet":"Ja","InspLuftUndAvtalEgipres":"Nej"}}},{"type":"Feature","geometry":{"type":"Polygon","coordinates":[[[11.949379582512606,57.70637633540235],[11.949306088475394,57.7064174355671],[11.949190546882138,57.70635822287723],[11.949264040170855,57.706317131749095],[11.949379582512606,57.70637633540235]]]},"properties":{"id":"eda5ff35-24d0-4307-82af-43a8d6b6a0b0","objektidentitet":"5cac6f70-3527-4b8f-a0ec-5558d60b3b37","versiongiltigfran":"2011-03-23T08:51:13.178Z","lagesosakerhetplan":0.06,"lagesosakerhethojd":null,"ursprunglig_organisation":"Lantm\u00e4teriet","objektversion":1.0,"objekttypnr":2066.0,"objekttyp":"Komplementbyggnad","insamlingslage":"Takkant","byggnadsnamn1":"None","byggnadsnamn2":"None","byggnadsnamn3":"None","husnummer":7.0,"huvudbyggnad":"Nej","andamal1":"Komplementbyggnad;","andamal2":"None","andamal3":"None","andamal4":"None","andamal5":"None","FormularId":null,"energy_class":null,"energy_performance":null,"specific_energy":null,"building_category":null,"construction_year":null,"epc_detail":{}}},{"type":"Feature","geometry":{"type":"Polygon","coordinates":[[[11.935897583840665,57.708383861327874],[11.936050853205192,57.708307077124694],[11.936053770770135,57.70830772301823],[11.936060630687221,57.70830384456802],[11.936122954678186,57.70834147673435],[11.936204578050608,57.70830058084884],[11.93636463212013,57.70839183821065],[11.936282609333494,57.708432095367435],[11.936408088762596,57.70850389223039],[11.936614959011848,57.70839927531897],[11.936532938153315,57.70835170208123],[11.936744247444171,57.70824600605526],[11.936826282155666,57.70829381317897],[11.937037990334412,57.70818854877244],[11.9369746796786,57.70814827767353],[11.93698729490507,57.70814822359819],[11.937139677720863,57.708072153670265],[11.937234248272755,57.70811369381784],[11.9373540457543,57.708191535903794],[11.936397273823852,57.708671768588275],[11.935897583840665,57.708383861327874]]]},"properties":{"id":"dbc97e5f-b62a-432a-ac3c-1e842bcd08f7","objektidentitet":"d60053f9-d12a-49c2-a458-59c63d06e106","versiongiltigfran":"2012-12-14T13:54:52.654Z","lagesosakerhetplan":0.55,"lagesosakerhethojd":null,"ursprunglig_organisation":"G\u00f6teborg","objektversion":6.0,"objekttypnr":2061.0,"objekttyp":"Bostad","insamlingslage":"Takkant","byggnadsnamn1":"None","byggnadsnamn2":"None","byggnadsnamn3":"None","husnummer":1.0,"huvudbyggnad":"Nej","andamal1":"Bostad;Flerfamiljshus","andamal2":"None","andamal3":"None","andamal4":"None","andamal5":"None","FormularId":1534053,"fastighetsbeteckning":"LINDHOLMEN 31:1","energy_class":"C","energy_performance":68,"specific_energy":71,"building_category":"Flerbostadshus","construction_year":2011,"epc_detail":{"IdAdr":"Lindholmsall\u00e9n 49","IdPostnr":41753,"IdPostort":"G\u00f6teborg","IdKommun":"G\u00f6teborg","EgenByggnadsKat":"Flerbostadshus","EgenByggnadsTyp":"Gavel","EgenNybyggAr":2011,"EgenAtemp":12020,"EgenAntalPlan":8,"EgenAntalKallarplan":1,"EgenAntalTrapphus":4,"EgenAntalBolgh":139,"EgenProjVentFlode":"0,46999999999999997","EgenInstEleffektStorre":"Nej","EgenSkyddadEllerVardefull":0,"EgiEnergiklass":"C","EgiEnergiPrestanda":68,"EgiSpecifikEnergianvandning":71,"EgiEnergianvandning":851590,"EgiPrimarenergianvandning":811816,"EgiPrimarenergital2020":68,"EgiForstaArManad":2308,"EgiSistaArManad":2407,"EgiBeraknatVarde":"Nej","VentTypFTX":"Ja","VentTypF":"Nej","VentTypFT":"Nej","VentTypSjalvdrag":"Nej","VentTypFmed":"Nej","VentGruppKrav":"Ja","EgiSumma2":838455,"EgiFastighet":169083,"EgiStationEI":"G\u00f6teborg","EgiRefvarde1":75,"EgiRefvarde2Max":79,"EgiVersion":2023,"VentGruppGodkand":"Ja","RadGruppHaltMatt":"Ja","RadHalt":40,"RadTypMatning":"L\u00e5ngtidsm\u00e4tning enligt SSI","RadMatDatum":"2024-01-11","Godkand":"2024-10-24","Version":3.0,"ExpertBehorighet":"Kvalificerad","VentGruppUtanAnm":1,"InspUppvGruppInspSkyldighet":"Ja","InspUppvUndAvtalEgipres":"Nej","InspLuftUndAvtalEgipres":"Nej","AtgForslagEgiMinskad":27000,"AtgForslagKostnad":"0,80000000000000004"}}},{"type":"Feature","geometry":{"type":"Polygon","coordinates":[[[11.937628339045538,57.70490455629787],[11.937698626192567,57.70498223326626],[11.93751963289574,57.70502883499909],[11.937539468376036,57.70505082345131],[11.93732983563775,57.70510493413628],[11.937564006590222,57.705365143136085],[11.937237308379617,57.705449657194684],[11.936692178991057,57.70484454468339],[11.93701796144481,57.704760486278396],[11.937133575938011,57.70488889277226],[11.937208811492033,57.7048694398204],[11.937233864778094,57.70489723506542],[11.937366941296217,57.704862896200055],[11.937446905978607,57.7049516201639],[11.937628339045538,57.70490455629787]]]},"properties":{"id":"fb57cd67-d07d-49dd-be80-fdd1e8a73e88","objektidentitet":"07a5d5ed-e7c3-41e4-9f3a-c2232d50ac4a","versiongiltigfran":"2019-09-30T13:24:44.867Z","lagesosakerhetplan":0.1,"lagesosakerhethojd":null,"ursprunglig_organisation":"Lantm\u00e4teriet","objektversion":7.0,"objekttypnr":2063.0,"objekttyp":"Samh\u00e4llsfunktion","insamlingslage":"Takkant","byggnadsnamn1":"Lindholmens kunskapscentrum","byggnadsnamn2":"None","byggnadsnamn3":"None","husnummer":8.0,"huvudbyggnad":"Nej","andamal1":"Samh\u00e4llsfunktion;Skola","andamal2":"None","andamal3":"None","andamal4":"None","andamal5":"None","FormularId":1065931,"fastighetsbeteckning":"LINDHOLMEN 6:9","energy_class":"D","energy_performance":133,"specific_energy":109,"building_category":"Lokalbyggnader","construction_year":1945,"epc_detail":{"IdAdr":"Utvecklingsgatan 6","IdPostnr":41756,"IdPostort":"G\u00f6teborg","IdKommun":"G\u00f6teborg","EgenByggnadsKat":"Lokalbyggnader","EgenByggnadsTyp":"Friliggande","EgenNybyggAr":1945,"EgenAtemp":16554,"EgenAntalPlan":5,"EgenAntalKallarplan":0,"EgenAntalTrapphus":3,"EgenProjVentFlode":"1,3999999999999999","EgenInstEleffektStorre":"Nej","EgenSkyddadEllerVardefull":0,"EgiEnergiklass":"D","EgiEnergiPrestanda":133,"EgiSpecifikEnergianvandning":109,"EgiEnergianvandning":1803952,"EgiPrimarenergianvandning":2204859,"EgiForstaArManad":1901,"EgiSistaArManad":1912,"EgiBeraknatVarde":"Nej","VentTypFTX":"Ja","VentTypF":"Nej","VentTypFT":"Nej","VentTypSjalvdrag":"Nej","VentTypFmed":"Nej","VentGruppKrav":"Ja","EgiSumma2":1628304,"EgiFastighet":289751,"EgiStationEI":"G\u00f6teborg","EgiRefvarde1":126,"EgiRefvarde2Max":204,"EgiVersion":2019,"VentGruppGodkand":"Nej","RadGruppHaltMatt":"Nej","Godkand":"2020-06-15","Version":2.7,"ExpertBehorighet":"Kvalificerad","InspUppvGruppInspSkyldighet":"Ja","InspUppvUndAvtalEgipres":"Nej","InspLuftGruppInspSkyldighet":"Ja","InspLuftUndAvtalEgipres":"Nej","AtgForslagEgiMinskad":16000,"AtgForslagKostnad":"0"}}},{"type":"Feature","geometry":{"type":"Polygon","coordinates":[[[11.93742388861155,57.70583038453986],[11.937426778799988,57.70583512826305],[11.937431425985187,57.705834180187814],[11.937473841563795,57.70587906841718],[11.937493185710334,57.7058748809485],[11.937517227587252,57.705898957573645],[11.937507590837244,57.70590888070041],[11.937680213150179,57.706101708411104],[11.937698318248703,57.70609767966302],[11.937720325364207,57.706121994603855],[11.9377056655198,57.70613552616333],[11.937746401656609,57.70618062529828],[11.937741869543194,57.706181800870745],[11.937748150886337,57.706188738851566],[11.937114581415658,57.70635364548803],[11.937107577027161,57.70634592598927],[11.937101846809869,57.70634717139866],[11.937062152407897,57.70630187257121],[11.937032894733735,57.70630176636337],[11.937009522969733,57.70627532405533],[11.937026896484252,57.706271807978595],[11.936853805874048,57.706078195034436],[11.936831029741088,57.706077292995595],[11.936809183399916,57.70605346713514],[11.936831094612236,57.70604771509995],[11.936791293470955,57.706004283093016],[11.93679603636334,57.70600260034312],[11.93678874002355,57.705993965968176],[11.93742388861155,57.70583038453986]]]},"properties":{"id":"adc3b205-e4f4-41d1-9807-f34bd8da1ddf","objektidentitet":"fa22b604-2a8f-42dd-b65c-d19ca6858fe2","versiongiltigfran":"2023-08-21T16:16:42.929Z","lagesosakerhetplan":0.06,"lagesosakerhethojd":null,"ursprunglig_organisation":"G\u00f6teborg","objektversion":2.0,"objekttypnr":2063.0,"objekttyp":"Samh\u00e4llsfunktion","insamlingslage":"Takkant","byggnadsnamn1":"None","byggnadsnamn2":"None","byggnadsnamn3":"None","husnummer":1.0,"huvudbyggnad":"Nej","andamal1":"Samh\u00e4llsfunktion;Universitet","andamal2":"None","andamal3":"None","andamal4":"None","andamal5":"None","FormularId":null,"energy_class":null,"energy_performance":null,"specific_energy":null,"building_category":null,"construction_year":null,"epc_detail":{}}},{"type":"Feature","geometry":{"type":"Polygon","coordinates":[[[11.93781094994034,57.705324536381944],[11.937794990744838,57.70530396304475],[11.937776381525238,57.70530899524006],[11.937539468376036,57.70505082345131],[11.93751963289574,57.70502883499909],[11.937700138615188,57.7049818204796],[11.93763056163101,57.70490666835207],[11.937690269203365,57.704891548911284],[11.937794825793423,57.70500181895369],[11.937730536516595,57.70501790609162],[11.93797285266959,57.70528368629257],[11.93781094994034,57.705324536381944]]]},"properties":{"id":"6321931f-1d46-4e3e-82a6-a2872b2e38c7","objektidentitet":"07a5d5ed-e7c3-41e4-9f3a-c2232d50ac4a","versiongiltigfran":"2019-09-30T13:24:44.867Z","lagesosakerhetplan":0.1,"lagesosakerhethojd":null,"ursprunglig_organisation":"Lantm\u00e4teriet","objektversion":7.0,"objekttypnr":2063.0,"objekttyp":"Samh\u00e4llsfunktion","insamlingslage":"Takkant","byggnadsnamn1":"Lindholmens kunskapscentrum","byggnadsnamn2":"None","byggnadsnamn3":"None","husnummer":8.0,"huvudbyggnad":"Nej","andamal1":"Samh\u00e4llsfunktion;Skola","andamal2":"None","andamal3":"None","andamal4":"None","andamal5":"None","FormularId":1065931,"fastighetsbeteckning":"LINDHOLMEN 6:9","energy_class":"D","energy_performance":133,"specific_energy":109,"building_category":"Lokalbyggnader","construction_year":1945,"epc_detail":{"IdAdr":"Utvecklingsgatan 6","IdPostnr":41756,"IdPostort":"G\u00f6teborg","IdKommun":"G\u00f6teborg","EgenByggnadsKat":"Lokalbyggnader","EgenByggnadsTyp":"Friliggande","EgenNybyggAr":1945,"EgenAtemp":16554,"EgenAntalPlan":5,"EgenAntalKallarplan":0,"EgenAntalTrapphus":3,"EgenProjVentFlode":"1,3999999999999999","EgenInstEleffektStorre":"Nej","EgenSkyddadEllerVardefull":0,"EgiEnergiklass":"D","EgiEnergiPrestanda":133,"EgiSpecifikEnergianvandning":109,"EgiEnergianvandning":1803952,"EgiPrimarenergianvandning":2204859,"EgiForstaArManad":1901,"EgiSistaArManad":1912,"EgiBeraknatVarde":"Nej","VentTypFTX":"Ja","VentTypF":"Nej","VentTypFT":"Nej","VentTypSjalvdrag":"Nej","VentTypFmed":"Nej","VentGruppKrav":"Ja","EgiSumma2":1628304,"EgiFastighet":289751,"EgiStationEI":"G\u00f6teborg","EgiRefvarde1":126,"EgiRefvarde2Max":204,"EgiVersion":2019,"VentGruppGodkand":"Nej","RadGruppHaltMatt":"Nej","Godkand":"2020-06-15","Version":2.7,"ExpertBehorighet":"Kvalificerad","InspUppvGruppInspSkyldighet":"Ja","InspUppvUndAvtalEgipres":"Nej","InspLuftGruppInspSkyldighet":"Ja","InspLuftUndAvtalEgipres":"Nej","AtgForslagEgiMinskad":16000,"AtgForslagKostnad":"0"}}},{"type":"Feature","geometry":{"type":"Polygon","coordinates":[[[11.937642828631168,57.705968446355925],[11.937680663085782,57.706011120421046],[11.937614208425005,57.7060279730125],[11.937576383210791,57.70598538903021],[11.937642828631168,57.705968446355925]]]},"properties":{"id":"5d17d64f-8921-42f2-a45f-193c23abcc98","objektidentitet":"7d66df26-c410-44c1-ab13-7dc5142533ef","versiongiltigfran":"2011-03-23T08:35:40.620Z","lagesosakerhetplan":0.06,"lagesosakerhethojd":null,"ursprunglig_organisation":"Lantm\u00e4teriet","objektversion":1.0,"objekttypnr":2066.0,"objekttyp":"Komplementbyggnad","insamlingslage":"Takkant","byggnadsnamn1":"None","byggnadsnamn2":"None","byggnadsnamn3":"None","husnummer":10.0,"huvudbyggnad":"Nej","andamal1":"Komplementbyggnad;","andamal2":"None","andamal3":"None","andamal4":"None","andamal5":"None","FormularId":null,"energy_class":null,"energy_performance":null,"specific_energy":null,"building_category":null,"construction_year":null,"epc_detail":{}}},{"type":"Feature","geometry":{"type":"Polygon","coordinates":[[[11.938051243937819,57.707885222879206],[11.937957775368869,57.7079329966275],[11.937796439924854,57.70784257313615],[11.93788990922303,57.7077947905366],[11.938051243937819,57.707885222879206]]]},"properties":{"id":"c9c001ba-d237-4bba-8e0c-34fceba43892","objektidentitet":"dffb87ac-4259-43cd-8af0-4d2452363a6a","versiongiltigfran":"2012-01-27T11:32:05.323Z","lagesosakerhetplan":0.06,"lagesosakerhethojd":null,"ursprunglig_organisation":"G\u00f6teborg","objektversion":4.0,"objekttypnr":2064.0,"objekttyp":"Verksamhet","insamlingslage":"Takkant","byggnadsnamn1":"None","byggnadsnamn2":"None","byggnadsnamn3":"None","husnummer":1.0,"huvudbyggnad":"Nej","andamal1":"Verksamhet;","andamal2":"None","andamal3":"None","andamal4":"None","andamal5":"None","FormularId":null,"energy_class":null,"energy_performance":null,"specific_energy":null,"building_category":null,"construction_year":null,"epc_detail":{}}},{"type":"Feature","geometry":{"type":"Polygon","coordinates":[[[11.938364862308323,57.70655393673397],[11.938316418310315,57.70650167659518],[11.938277698809642,57.70649928343056],[11.938255821678638,57.7064740190165],[11.938298648118105,57.70646297568637],[11.938127102939289,57.70627483074691],[11.938112411702367,57.706279193850015],[11.938076139775234,57.70627704860896],[11.938055782233732,57.706253079254],[11.938083548828345,57.70624519477035],[11.938034958589236,57.70619109742178],[11.93871036570345,57.70601463353151],[11.938763232027751,57.70606900485923],[11.938791048026244,57.706061525878965],[11.938814113158818,57.70608445510903],[11.938795217104476,57.70610063460012],[11.93877608918212,57.70610623861282],[11.938944916733513,57.70629358885171],[11.93899346190837,57.706282225284326],[11.939014587001845,57.70630765112805],[11.938991256833512,57.706322851522245],[11.939039003547903,57.70637761115499],[11.938364862308323,57.70655393673397]]]},"properties":{"id":"6ef6dde7-29f4-46dc-b509-79de77e7651e","objektidentitet":"b074467b-d254-49a9-a784-afd39cc82e47","versiongiltigfran":"2023-08-21T16:17:09.150Z","lagesosakerhetplan":0.06,"lagesosakerhethojd":null,"ursprunglig_organisation":"G\u00f6teborg","objektversion":4.0,"objekttypnr":2063.0,"objekttyp":"Samh\u00e4llsfunktion","insamlingslage":"Takkant","byggnadsnamn1":"None","byggnadsnamn2":"None","byggnadsnamn3":"None","husnummer":3.0,"huvudbyggnad":"Nej","andamal1":"Samh\u00e4llsfunktion;Universitet","andamal2":"None","andamal3":"None","andamal4":"None","andamal5":"None","FormularId":null,"energy_class":null,"energy_performance":null,"specific_energy":null,"building_category":null,"construction_year":null,"epc_detail":{}}},{"type":"Feature","geometry":{"type":"Polygon","coordinates":[[[11.93828269962383,57.70646631970314],[11.938112411702367,57.706279193850015],[11.938127102939289,57.70627483074691],[11.938298648118105,57.70646297568637],[11.93828269962383,57.70646631970314]]]},"properties":{"id":"d32b6181-bb6b-486b-8516-df34782260ab","objektidentitet":"b074467b-d254-49a9-a784-afd39cc82e47","versiongiltigfran":"2023-08-21T16:17:09.150Z","lagesosakerhetplan":0.06,"lagesosakerhethojd":null,"ursprunglig_organisation":"G\u00f6teborg","objektversion":4.0,"objekttypnr":2063.0,"objekttyp":"Samh\u00e4llsfunktion","insamlingslage":"Takkant","byggnadsnamn1":"None","byggnadsnamn2":"None","byggnadsnamn3":"None","husnummer":3.0,"huvudbyggnad":"Nej","andamal1":"Samh\u00e4llsfunktion;Universitet","andamal2":"None","andamal3":"None","andamal4":"None","andamal5":"None","FormularId":null,"energy_class":null,"energy_performance":null,"specific_energy":null,"building_category":null,"construction_year":null,"epc_detail":{}}},{"type":"Feature","geometry":{"type":"Polygon","coordinates":[[[11.93817572168247,57.70634966402081],[11.938216613821263,57.70639431736786],[11.938166362224951,57.706407589733004],[11.93812533608039,57.706362933125654],[11.93817572168247,57.70634966402081]]]},"properties":{"id":"b2415af2-4447-43a9-a513-7c8274a9fc57","objektidentitet":"4c7997bc-2dc5-4fd3-93eb-77453d80fd1a","versiongiltigfran":"2011-03-23T08:50:27.498Z","lagesosakerhetplan":0.06,"lagesosakerhethojd":null,"ursprunglig_organisation":"Lantm\u00e4teriet","objektversion":1.0,"objekttypnr":2066.0,"objekttyp":"Komplementbyggnad","insamlingslage":"Takkant","byggnadsnamn1":"None","byggnadsnamn2":"None","byggnadsnamn3":"None","husnummer":12.0,"huvudbyggnad":"Nej","andamal1":"Komplementbyggnad;","andamal2":"None","andamal3":"None","andamal4":"None","andamal5":"None","FormularId":null,"energy_class":null,"energy_performance":null,"specific_energy":null,"building_category":null,"construction_year":null,"epc_detail":{}}},{"type":"Feature","geometry":{"type":"Polygon","coordinates":[[[11.938331294001232,57.70812000796516],[11.938396407627131,57.70815704138497],[11.938374519822247,57.70816807021557],[11.938309405441967,57.70813104575423],[11.938331294001232,57.70812000796516]]]},"properties":{"id":"b46eb63b-9c9c-49b4-89ad-058f457e68e1","objektidentitet":"f958215f-2873-4a89-87e0-8cf2838af608","versiongiltigfran":"2011-03-23T08:54:44.256Z","lagesosakerhetplan":0.06,"lagesosakerhethojd":null,"ursprunglig_organisation":"Lantm\u00e4teriet","objektversion":1.0,"objekttypnr":2066.0,"objekttyp":"Komplementbyggnad","insamlingslage":"Takkant","byggnadsnamn1":"None","byggnadsnamn2":"None","byggnadsnamn3":"None","husnummer":5.0,"huvudbyggnad":"Nej","andamal1":"Komplementbyggnad;","andamal2":"None","andamal3":"None","andamal4":"None","andamal5":"None","FormularId":1032367,"fastighetsbeteckning":"LINDHOLMEN 735:484","energy_class":"G","energy_performance":328,"specific_energy":192,"building_category":"Lokalbyggnader","construction_year":2003,"epc_detail":{"IdAdr":"Lindholmsall\u00e9n 30","IdPostnr":41755,"IdPostort":"G\u00f6teborg","IdKommun":"G\u00f6teborg","EgenByggnadsKat":"Lokalbyggnader","EgenByggnadsTyp":"Friliggande","EgenNybyggAr":2003,"EgenAtemp":54,"EgenAntalPlan":1,"EgenAntalKallarplan":0,"EgenAntalTrapphus":0,"EgenAntalBolgh":0,"EgenProjVentFlode":"1","EgenInstEleffektStorre":"Ja","EgenSkyddadEllerVardefull":0,"EgiEnergiklass":"G","EgiEnergiPrestanda":328,"EgiSpecifikEnergianvandning":192,"EgiEnergianvandning":10343,"EgiPrimarenergianvandning":17736,"EgiForstaArManad":1801,"EgiSistaArManad":1812,"EgiBeraknatVarde":"Nej","VentTypFTX":"Ja","VentTypF":"Nej","VentTypFT":"Nej","VentTypSjalvdrag":"Nej","VentTypFmed":"Nej","VentGruppKrav":"Ja","EgiSumma2":9680,"EgiFastighet":3169,"EgiStationEI":"G\u00f6teborg","EgiRefvarde1":126,"EgiRefvarde2Max":150,"EgiVersion":2019,"VentGruppGodkand":"Nej","RadGruppHaltMatt":"Nej","Godkand":"2020-06-15","Version":2.7,"ExpertBehorighet":"Kvalificerad","InspUppvUndAvtalEgipres":"Nej","InspLuftUndAvtalEgipres":"Nej"}}},{"type":"Feature","geometry":{"type":"Polygon","coordinates":[[[11.939148900654562,57.706686409796504],[11.939148281797964,57.70669691974546],[11.939146440444711,57.70670739112722],[11.93914341389479,57.706717779904345],[11.93913918766265,57.70672805876227],[11.939133800563278,57.70673816572429],[11.939127254110689,57.70674808285091],[11.93911958560516,57.70675776610461],[11.939110798075774,57.70676717960652],[11.939100962336884,57.70677628013001],[11.939090096659825,57.70678505014098],[11.939078239102825,57.70679343663216],[11.939065442208824,57.70680141391064],[11.939051758520893,57.70680895628362],[11.939037223825313,57.70681603765277],[11.939021891422929,57.70682262335558],[11.939005846613682,57.7068286974798],[11.93898914269873,57.70683422536296],[11.938971814707442,57.70683918987641],[11.938953964697127,57.7068435755135],[11.938935627697393,57.70684736514563],[11.93891690576579,57.70685054326613],[11.938897833174607,57.70685310171621],[11.93887852873853,57.70685502539476],[11.938859026729991,57.706856306143],[11.938839410934829,57.70685694598829],[11.938819749139464,57.70685693758293],[11.938800141886727,57.70685628335981],[11.938780640206083,57.70685497556584],[11.938761343125247,57.70685303457335],[11.938742284159105,57.70685046119347],[11.93872356309279,57.706847266828895],[11.938705246954978,57.706843453101904],[11.938687400501598,57.70683904854358],[11.938670106760513,57.706834064151366],[11.938653414488018,57.706828519081306],[11.938637371682704,57.706822441459124],[11.938622078886578,57.706815833718146],[11.938607565825851,57.70680874151795],[11.938593914770134,57.70680118482565],[11.938581140203553,57.70679319095603],[11.938569306123318,57.70678479741004],[11.938558478041655,57.70677602374925],[11.938548652927777,57.70676690585257],[11.93853991077777,57.706757490596054],[11.9385322668327,57.70674779632478],[11.93852576681697,57.70673787807336],[11.93852040921454,57.70672775378128],[11.938516222992723,57.70671747807759],[11.938513221877047,57.706707087246514],[11.938511420350592,57.70669660860263],[11.938510830623601,57.70668609636934],[11.93851146642149,57.70667558683077],[11.93851329119905,57.706665115054435],[11.938516318681732,57.706654717324376],[11.938520544322937,57.70664444745841],[11.938525932335194,57.706634331554234],[11.938532478929643,57.70662441445998],[11.93854016356064,57.706614740618114],[11.938548934441739,57.706605326751166],[11.938558771027521,57.70659621730162],[11.938569636015854,57.70658745630644],[11.938581493619928,57.70657906986317],[11.93859429053864,57.706571092633645],[11.938607991743027,57.70656354174582],[11.938622525660323,57.70655646939521],[11.93863784126261,57.70654988333468],[11.938653886006968,57.706543809256296],[11.938670606593057,57.706538281821885],[11.938687917722174,57.706533316942966],[11.93870578512373,57.70652892277794],[11.938724105227362,57.70652513277215],[11.938742843762695,57.70652195508405],[11.938761898674679,57.7065194052198],[11.93878121969383,57.7065174819628],[11.938800722279561,57.706516192255094],[11.938820337890617,57.706515552414],[11.938839981986511,57.70651556938165],[11.938859589056102,57.70651622359685],[11.93887909131569,57.70651752240733],[11.938898404982254,57.706519463785746],[11.938917446272736,57.70652204570485],[11.938936167190121,57.7065252400394],[11.938954483951187,57.70652904476217],[11.938972330286948,57.706533449281835],[11.938989640685781,57.706538434037405],[11.939006332879122,57.706543979062545],[11.939022358111917,57.706550065201796],[11.939037651629617,57.7065566639246],[11.939052164676893,57.70656375607555],[11.9390658324989,57.70657131312414],[11.93907860709747,57.70657930694535],[11.939090423717454,57.70658770900865],[11.939101268631529,57.70659648303028],[11.93911107708425,57.7066056004797],[11.93911981934863,57.706615015698006],[11.939127463425216,57.70662470993522],[11.939133980344227,57.70663462856274],[11.939139338863447,57.70664474386082],[11.939143524497435,57.70665502851528],[11.939146525790475,57.70666541933316],[11.939148311500126,57.70667588859473],[11.939148900654562,57.706686409796504]]]},"properties":{"id":"d38b0152-f510-4684-bdb9-2d3178fc4066","objektidentitet":"f5e42022-aaa0-48c2-a4bf-c4fbd68a8fd3","versiongiltigfran":"2012-02-23T14:52:46.558Z","lagesosakerhetplan":0.06,"lagesosakerhethojd":null,"ursprunglig_organisation":"G\u00f6teborg","objektversion":2.0,"objekttypnr":2063.0,"objekttyp":"Samh\u00e4llsfunktion","insamlingslage":"Takkant","byggnadsnamn1":"None","byggnadsnamn2":"None","byggnadsnamn3":"None","husnummer":13.0,"huvudbyggnad":"Nej","andamal1":"Samh\u00e4llsfunktion;H\u00f6gskola","andamal2":"None","andamal3":"None","andamal4":"None","andamal5":"None","FormularId":null,"energy_class":null,"energy_performance":null,"specific_energy":null,"building_category":null,"construction_year":null,"epc_detail":{}}},{"type":"Feature","geometry":{"type":"Polygon","coordinates":[[[11.938409128697703,57.70816368577404],[11.938475066722557,57.70820090088576],[11.938453036519286,57.70821202515159],[11.93838709773991,57.70817481899812],[11.938409128697703,57.70816368577404]]]},"properties":{"id":"3df1c81f-7de3-4458-92bf-a6914466dd89","objektidentitet":"71d7a1da-115c-4359-8904-fa907c5ce160","versiongiltigfran":"2011-03-23T08:39:52.321Z","lagesosakerhetplan":0.06,"lagesosakerhethojd":null,"ursprunglig_organisation":"Lantm\u00e4teriet","objektversion":1.0,"objekttypnr":2066.0,"objekttyp":"Komplementbyggnad","insamlingslage":"Takkant","byggnadsnamn1":"None","byggnadsnamn2":"None","byggnadsnamn3":"None","husnummer":7.0,"huvudbyggnad":"Nej","andamal1":"Komplementbyggnad;","andamal2":"None","andamal3":"None","andamal4":"None","andamal5":"None","FormularId":1032367,"fastighetsbeteckning":"LINDHOLMEN 735:484","energy_class":"G","energy_performance":328,"specific_energy":192,"building_category":"Lokalbyggnader","construction_year":2003,"epc_detail":{"IdAdr":"Lindholmsall\u00e9n 30","IdPostnr":41755,"IdPostort":"G\u00f6teborg","IdKommun":"G\u00f6teborg","EgenByggnadsKat":"Lokalbyggnader","EgenByggnadsTyp":"Friliggande","EgenNybyggAr":2003,"EgenAtemp":54,"EgenAntalPlan":1,"EgenAntalKallarplan":0,"EgenAntalTrapphus":0,"EgenAntalBolgh":0,"EgenProjVentFlode":"1","EgenInstEleffektStorre":"Ja","EgenSkyddadEllerVardefull":0,"EgiEnergiklass":"G","EgiEnergiPrestanda":328,"EgiSpecifikEnergianvandning":192,"EgiEnergianvandning":10343,"EgiPrimarenergianvandning":17736,"EgiForstaArManad":1801,"EgiSistaArManad":1812,"EgiBeraknatVarde":"Nej","VentTypFTX":"Ja","VentTypF":"Nej","VentTypFT":"Nej","VentTypSjalvdrag":"Nej","VentTypFmed":"Nej","VentGruppKrav":"Ja","EgiSumma2":9680,"EgiFastighet":3169,"EgiStationEI":"G\u00f6teborg","EgiRefvarde1":126,"EgiRefvarde2Max":150,"EgiVersion":2019,"VentGruppGodkand":"Nej","RadGruppHaltMatt":"Nej","Godkand":"2020-06-15","Version":2.7,"ExpertBehorighet":"Kvalificerad","InspUppvUndAvtalEgipres":"Nej","InspLuftUndAvtalEgipres":"Nej"}}},{"type":"Feature","geometry":{"type":"Polygon","coordinates":[[[11.93883901676781,57.70617607901432],[11.93877608918212,57.70610623861282],[11.938795434849146,57.706100442133724],[11.938820487591814,57.7060896965583],[11.93888740591036,57.706163579228104],[11.93883901676781,57.70617607901432]]]},"properties":{"id":"c422aa86-3ec6-4f37-8cae-05c4e1269aa5","objektidentitet":"b074467b-d254-49a9-a784-afd39cc82e47","versiongiltigfran":"2023-08-21T16:17:09.150Z","lagesosakerhetplan":0.06,"lagesosakerhethojd":null,"ursprunglig_organisation":"G\u00f6teborg","objektversion":4.0,"objekttypnr":2063.0,"objekttyp":"Samh\u00e4llsfunktion","insamlingslage":"Takkant","byggnadsnamn1":"None","byggnadsnamn2":"None","byggnadsnamn3":"None","husnummer":3.0,"huvudbyggnad":"Nej","andamal1":"Samh\u00e4llsfunktion;Universitet","andamal2":"None","andamal3":"None","andamal4":"None","andamal5":"None","FormularId":null,"energy_class":null,"energy_performance":null,"specific_energy":null,"building_category":null,"construction_year":null,"epc_detail":{}}},{"type":"Feature","geometry":{"type":"Polygon","coordinates":[[[11.939341586304863,57.70643457291284],[11.940200849242517,57.70663507382947],[11.939627923171837,57.70733864417235],[11.938775167649467,57.70713966321693],[11.9397145086567,57.70694178051925],[11.939341586304863,57.70643457291284]]]},"properties":{"id":"12cc106d-b169-4b27-b330-18937d3800bd","objektidentitet":"7a66d9e0-8de7-4326-b0c7-58eba7a59486","versiongiltigfran":"2012-01-03T09:52:49.467Z","lagesosakerhetplan":0.06,"lagesosakerhethojd":2.5,"ursprunglig_organisation":"Kommunsamverkan","objektversion":2.0,"objekttypnr":2064.0,"objekttyp":"Verksamhet","insamlingslage":"Takkant","byggnadsnamn1":"None","byggnadsnamn2":"None","byggnadsnamn3":"None","husnummer":1.0,"huvudbyggnad":"Nej","andamal1":"Verksamhet;","andamal2":"None","andamal3":"None","andamal4":"None","andamal5":"None","FormularId":1080608,"fastighetsbeteckning":"LINDHOLMEN 30:3","energy_class":"D","energy_performance":155,"specific_energy":133,"building_category":"Lokalbyggnader","construction_year":2003,"epc_detail":{"IdAdr":"Lindholmspiren 5B","IdPostnr":41756,"IdPostort":"G\u00f6teborg","IdKommun":"G\u00f6teborg","EgenByggnadsKat":"Lokalbyggnader","EgenByggnadsTyp":"Friliggande","EgenNybyggAr":2003,"EgenAtemp":43615,"EgenAntalPlan":6,"EgenAntalKallarplan":2,"EgenAntalTrapphus":4,"EgenAntalBolgh":0,"EgenProjVentFlode":"1","EgenInstEleffektStorre":"Nej","EgenSkyddadEllerVardefull":0,"EgiEnergiklass":"D","EgiEnergiPrestanda":155,"EgiSpecifikEnergianvandning":133,"EgiEnergianvandning":5796447,"EgiPrimarenergianvandning":6755490,"EgiForstaArManad":1901,"EgiSistaArManad":1912,"EgiBeraknatVarde":"Nej","EgiSolcell":134,"VentTypFTX":"Ja","VentTypF":"Ja","VentTypFT":"Nej","VentTypSjalvdrag":"Nej","VentTypFmed":"Nej","VentGruppKrav":"Ja","EgiSumma2":5423209,"EgiFjarrkyla":1767734,"EgiBerElProduktion":19880,"EgiFastighet":1065888,"EgiStationEI":"G\u00f6teborg","EgiRefvarde1":126,"EgiRefvarde2Max":178,"EgiVersion":2019,"VentGruppGodkand":"Nej","RadGruppHaltMatt":"Nej","Godkand":"2020-06-15","Version":2.7,"ExpertBehorighet":"Kvalificerad","InspUppvGruppInspSkyldighet":"Ja","InspUppvUndAvtalEgipres":"Nej","InspLuftGruppInspSkyldighet":"Ja","InspLuftUndAvtalEgipres":"Nej","AtgForslagEgiMinskad":3000,"AtgForslagKostnad":"1,5"}}},{"type":"Feature","geometry":{"type":"Polygon","coordinates":[[[11.939005569623841,57.70809355095967],[11.939310289304784,57.707939850160614],[11.939127932970132,57.70816590781308],[11.939005569623841,57.70809355095967]]]},"properties":{"id":"38e83f51-da43-4725-8a11-7cc6ee591fe6","objektidentitet":"54f0662f-68cd-42ad-819e-b6aa05749cfc","versiongiltigfran":"2016-11-28T10:13:03.918Z","lagesosakerhetplan":0.06,"lagesosakerhethojd":null,"ursprunglig_organisation":"G\u00f6teborg","objektversion":3.0,"objekttypnr":2066.0,"objekttyp":"Komplementbyggnad","insamlingslage":"Takkant","byggnadsnamn1":"None","byggnadsnamn2":"None","byggnadsnamn3":"None","husnummer":1.0,"huvudbyggnad":"Nej","andamal1":"Komplementbyggnad;","andamal2":"None","andamal3":"None","andamal4":"None","andamal5":"None","FormularId":1084494,"fastighetsbeteckning":"LINDHOLMEN 735:502","energy_class":"G","energy_performance":406,"specific_energy":332,"building_category":"Lokalbyggnader","construction_year":2013,"epc_detail":{"IdAdr":"Lindholmspiren 1","IdPostnr":41756,"IdPostort":"G\u00f6teborg","IdKommun":"G\u00f6teborg","EgenByggnadsKat":"Lokalbyggnader","EgenByggnadsTyp":"Friliggande","EgenNybyggAr":2013,"EgenAtemp":673,"EgenAntalPlan":1,"EgenAntalKallarplan":0,"EgenAntalTrapphus":0,"EgenProjVentFlode":"1,98","EgenInstEleffektStorre":"Nej","EgenSkyddadEllerVardefull":0,"EgiEnergiklass":"G","EgiEnergiPrestanda":406,"EgiSpecifikEnergianvandning":332,"EgiEnergianvandning":223582,"EgiPrimarenergianvandning":272996,"EgiForstaArManad":1901,"EgiSistaArManad":1912,"EgiBeraknatVarde":"Nej","VentTypFTX":"Ja","VentTypF":"Nej","VentTypFT":"Ja","VentTypSjalvdrag":"Nej","VentTypFmed":"Nej","VentGruppKrav":"Ja","EgiSumma2":200464,"EgiFastighet":44122,"EgiStationEI":"G\u00f6teborg","EgiRefvarde1":126,"EgiRefvarde2Max":157,"EgiVersion":2019,"VentGruppGodkand":"Nej","RadGruppHaltMatt":"Nej","Godkand":"2020-06-15","Version":2.7,"ExpertBehorighet":"Kvalificerad","InspUppvUndAvtalEgipres":"Nej","InspLuftUndAvtalEgipres":"Nej","AtgForslagEgiMinskad":5500,"AtgForslagKostnad":"0,20000000000000001"}}},{"type":"Feature","geometry":{"type":"Polygon","coordinates":[[[11.939417606969279,57.70728956893325],[11.939407490165904,57.707301997220476],[11.93919460505886,57.70725232916128],[11.93920472267766,57.707239891921915],[11.939417606969279,57.70728956893325]]]},"properties":{"id":"c14e4767-2d16-41b0-b6ea-f3f4613896e2","objektidentitet":"7a66d9e0-8de7-4326-b0c7-58eba7a59486","versiongiltigfran":"2012-01-03T09:52:49.467Z","lagesosakerhetplan":0.06,"lagesosakerhethojd":null,"ursprunglig_organisation":"Kommunsamverkan","objektversion":2.0,"objekttypnr":2064.0,"objekttyp":"Verksamhet","insamlingslage":"Takkant","byggnadsnamn1":"None","byggnadsnamn2":"None","byggnadsnamn3":"None","husnummer":1.0,"huvudbyggnad":"Nej","andamal1":"Verksamhet;","andamal2":"None","andamal3":"None","andamal4":"None","andamal5":"None","FormularId":1080608,"fastighetsbeteckning":"LINDHOLMEN 30:3","energy_class":"D","energy_performance":155,"specific_energy":133,"building_category":"Lokalbyggnader","construction_year":2003,"epc_detail":{"IdAdr":"Lindholmspiren 5B","IdPostnr":41756,"IdPostort":"G\u00f6teborg","IdKommun":"G\u00f6teborg","EgenByggnadsKat":"Lokalbyggnader","EgenByggnadsTyp":"Friliggande","EgenNybyggAr":2003,"EgenAtemp":43615,"EgenAntalPlan":6,"EgenAntalKallarplan":2,"EgenAntalTrapphus":4,"EgenAntalBolgh":0,"EgenProjVentFlode":"1","EgenInstEleffektStorre":"Nej","EgenSkyddadEllerVardefull":0,"EgiEnergiklass":"D","EgiEnergiPrestanda":155,"EgiSpecifikEnergianvandning":133,"EgiEnergianvandning":5796447,"EgiPrimarenergianvandning":6755490,"EgiForstaArManad":1901,"EgiSistaArManad":1912,"EgiBeraknatVarde":"Nej","EgiSolcell":134,"VentTypFTX":"Ja","VentTypF":"Ja","VentTypFT":"Nej","VentTypSjalvdrag":"Nej","VentTypFmed":"Nej","VentGruppKrav":"Ja","EgiSumma2":5423209,"EgiFjarrkyla":1767734,"EgiBerElProduktion":19880,"EgiFastighet":1065888,"EgiStationEI":"G\u00f6teborg","EgiRefvarde1":126,"EgiRefvarde2Max":178,"EgiVersion":2019,"VentGruppGodkand":"Nej","RadGruppHaltMatt":"Nej","Godkand":"2020-06-15","Version":2.7,"ExpertBehorighet":"Kvalificerad","InspUppvGruppInspSkyldighet":"Ja","InspUppvUndAvtalEgipres":"Nej","InspLuftGruppInspSkyldighet":"Ja","InspLuftUndAvtalEgipres":"Nej","AtgForslagEgiMinskad":3000,"AtgForslagKostnad":"1,5"}}},{"type":"Feature","geometry":{"type":"Polygon","coordinates":[[[11.939610162644009,57.707568081998225],[11.94021328483318,57.70770746914593],[11.939613352489657,57.70844390254446],[11.939127932970132,57.70816590781308],[11.939610162644009,57.707568081998225]]]},"properties":{"id":"6e9ff8e1-6d6e-4c28-8bde-d0cc32604c14","objektidentitet":"54f0662f-68cd-42ad-819e-b6aa05749cfc","versiongiltigfran":"2016-11-28T10:13:03.918Z","lagesosakerhetplan":0.06,"lagesosakerhethojd":null,"ursprunglig_organisation":"G\u00f6teborg","objektversion":3.0,"objekttypnr":2066.0,"objekttyp":"Komplementbyggnad","insamlingslage":"Takkant","byggnadsnamn1":"None","byggnadsnamn2":"None","byggnadsnamn3":"None","husnummer":1.0,"huvudbyggnad":"Nej","andamal1":"Komplementbyggnad;","andamal2":"None","andamal3":"None","andamal4":"None","andamal5":"None","FormularId":1084494,"fastighetsbeteckning":"LINDHOLMEN 735:502","energy_class":"G","energy_performance":406,"specific_energy":332,"building_category":"Lokalbyggnader","construction_year":2013,"epc_detail":{"IdAdr":"Lindholmspiren 1","IdPostnr":41756,"IdPostort":"G\u00f6teborg","IdKommun":"G\u00f6teborg","EgenByggnadsKat":"Lokalbyggnader","EgenByggnadsTyp":"Friliggande","EgenNybyggAr":2013,"EgenAtemp":673,"EgenAntalPlan":1,"EgenAntalKallarplan":0,"EgenAntalTrapphus":0,"EgenProjVentFlode":"1,98","EgenInstEleffektStorre":"Nej","EgenSkyddadEllerVardefull":0,"EgiEnergiklass":"G","EgiEnergiPrestanda":406,"EgiSpecifikEnergianvandning":332,"EgiEnergianvandning":223582,"EgiPrimarenergianvandning":272996,"EgiForstaArManad":1901,"EgiSistaArManad":1912,"EgiBeraknatVarde":"Nej","VentTypFTX":"Ja","VentTypF":"Nej","VentTypFT":"Ja","VentTypSjalvdrag":"Nej","VentTypFmed":"Nej","VentGruppKrav":"Ja","EgiSumma2":200464,"EgiFastighet":44122,"EgiStationEI":"G\u00f6teborg","EgiRefvarde1":126,"EgiRefvarde2Max":157,"EgiVersion":2019,"VentGruppGodkand":"Nej","RadGruppHaltMatt":"Nej","Godkand":"2020-06-15","Version":2.7,"ExpertBehorighet":"Kvalificerad","InspUppvUndAvtalEgipres":"Nej","InspLuftUndAvtalEgipres":"Nej","AtgForslagEgiMinskad":5500,"AtgForslagKostnad":"0,20000000000000001"}}},{"type":"Feature","geometry":{"type":"Polygon","coordinates":[[[11.939544145494649,57.70764992928031],[11.939384426708543,57.707444680620284],[11.939650001797935,57.70750333468016],[11.939599720279357,57.70756567226459],[11.939610162644009,57.707568081998225],[11.939544145494649,57.70764992928031]]]},"properties":{"id":"ab7ed9fc-fa01-45ec-a271-04c5e4ca3280","objektidentitet":"876289e3-73b0-41dc-9e40-e95e0d69c676","versiongiltigfran":"2015-06-30T14:17:40.260Z","lagesosakerhetplan":0.06,"lagesosakerhethojd":null,"ursprunglig_organisation":"G\u00f6teborg","objektversion":1.0,"objekttypnr":2067.0,"objekttyp":"\u00d6vrig byggnad","insamlingslage":"Takkant","byggnadsnamn1":"None","byggnadsnamn2":"None","byggnadsnamn3":"None","husnummer":12.0,"huvudbyggnad":"Nej","andamal1":"\u00d6vrig byggnad;","andamal2":"None","andamal3":"None","andamal4":"None","andamal5":"None","FormularId":1032367,"fastighetsbeteckning":"LINDHOLMEN 735:484","energy_class":"G","energy_performance":328,"specific_energy":192,"building_category":"Lokalbyggnader","construction_year":2003,"epc_detail":{"IdAdr":"Lindholmsall\u00e9n 30","IdPostnr":41755,"IdPostort":"G\u00f6teborg","IdKommun":"G\u00f6teborg","EgenByggnadsKat":"Lokalbyggnader","EgenByggnadsTyp":"Friliggande","EgenNybyggAr":2003,"EgenAtemp":54,"EgenAntalPlan":1,"EgenAntalKallarplan":0,"EgenAntalTrapphus":0,"EgenAntalBolgh":0,"EgenProjVentFlode":"1","EgenInstEleffektStorre":"Ja","EgenSkyddadEllerVardefull":0,"EgiEnergiklass":"G","EgiEnergiPrestanda":328,"EgiSpecifikEnergianvandning":192,"EgiEnergianvandning":10343,"EgiPrimarenergianvandning":17736,"EgiForstaArManad":1801,"EgiSistaArManad":1812,"EgiBeraknatVarde":"Nej","VentTypFTX":"Ja","VentTypF":"Nej","VentTypFT":"Nej","VentTypSjalvdrag":"Nej","VentTypFmed":"Nej","VentGruppKrav":"Ja","EgiSumma2":9680,"EgiFastighet":3169,"EgiStationEI":"G\u00f6teborg","EgiRefvarde1":126,"EgiRefvarde2Max":150,"EgiVersion":2019,"VentGruppGodkand":"Nej","RadGruppHaltMatt":"Nej","Godkand":"2020-06-15","Version":2.7,"ExpertBehorighet":"Kvalificerad","InspUppvUndAvtalEgipres":"Nej","InspLuftUndAvtalEgipres":"Nej"}}},{"type":"Feature","geometry":{"type":"Polygon","coordinates":[[[11.939567853092045,57.706487377770074],[11.939580234978656,57.70647218204602],[11.939627197616272,57.706483142035985],[11.939646773672639,57.70645910540659],[11.939889508623455,57.706515741480786],[11.939904552308967,57.70649725760066],[11.940159522468582,57.70655675068632],[11.94014590384602,57.70657347146945],[11.94019410235521,57.70658471280071],[11.940160719939275,57.70662570842945],[11.939567853092045,57.706487377770074]]]},"properties":{"id":"6a232388-7893-4942-9df4-52d4e2b9c8f9","objektidentitet":"7a66d9e0-8de7-4326-b0c7-58eba7a59486","versiongiltigfran":"2012-01-03T09:52:49.467Z","lagesosakerhetplan":0.06,"lagesosakerhethojd":2.5,"ursprunglig_organisation":"Kommunsamverkan","objektversion":2.0,"objekttypnr":2064.0,"objekttyp":"Verksamhet","insamlingslage":"Takkant","byggnadsnamn1":"None","byggnadsnamn2":"None","byggnadsnamn3":"None","husnummer":1.0,"huvudbyggnad":"Nej","andamal1":"Verksamhet;","andamal2":"None","andamal3":"None","andamal4":"None","andamal5":"None","FormularId":1080608,"fastighetsbeteckning":"LINDHOLMEN 30:3","energy_class":"D","energy_performance":155,"specific_energy":133,"building_category":"Lokalbyggnader","construction_year":2003,"epc_detail":{"IdAdr":"Lindholmspiren 5B","IdPostnr":41756,"IdPostort":"G\u00f6teborg","IdKommun":"G\u00f6teborg","EgenByggnadsKat":"Lokalbyggnader","EgenByggnadsTyp":"Friliggande","EgenNybyggAr":2003,"EgenAtemp":43615,"EgenAntalPlan":6,"EgenAntalKallarplan":2,"EgenAntalTrapphus":4,"EgenAntalBolgh":0,"EgenProjVentFlode":"1","EgenInstEleffektStorre":"Nej","EgenSkyddadEllerVardefull":0,"EgiEnergiklass":"D","EgiEnergiPrestanda":155,"EgiSpecifikEnergianvandning":133,"EgiEnergianvandning":5796447,"EgiPrimarenergianvandning":6755490,"EgiForstaArManad":1901,"EgiSistaArManad":1912,"EgiBeraknatVarde":"Nej","EgiSolcell":134,"VentTypFTX":"Ja","VentTypF":"Ja","VentTypFT":"Nej","VentTypSjalvdrag":"Nej","VentTypFmed":"Nej","VentGruppKrav":"Ja","EgiSumma2":5423209,"EgiFjarrkyla":1767734,"EgiBerElProduktion":19880,"EgiFastighet":1065888,"EgiStationEI":"G\u00f6teborg","EgiRefvarde1":126,"EgiRefvarde2Max":178,"EgiVersion":2019,"VentGruppGodkand":"Nej","RadGruppHaltMatt":"Nej","Godkand":"2020-06-15","Version":2.7,"ExpertBehorighet":"Kvalificerad","InspUppvGruppInspSkyldighet":"Ja","InspUppvUndAvtalEgipres":"Nej","InspLuftGruppInspSkyldighet":"Ja","InspLuftUndAvtalEgipres":"Nej","AtgForslagEgiMinskad":3000,"AtgForslagKostnad":"1,5"}}},{"type":"Feature","geometry":{"type":"Polygon","coordinates":[[[11.9399978639275,57.705858752974194],[11.94069747232563,57.706021620829375],[11.940564643284242,57.70618510840575],[11.940585968433762,57.706190073194165],[11.940502791109504,57.70629246586429],[11.940483294110392,57.70628792277198],[11.940385722962208,57.70640806004365],[11.940136439224608,57.70635003516741],[11.940100517670206,57.706394258961275],[11.940045664806458,57.70638149045725],[11.940080908208225,57.70633814008417],[11.939684523180555,57.70624587109833],[11.939775366437775,57.70613404724587],[11.940175882219801,57.706227296697946],[11.94030852666695,57.70606402973776],[11.939907041097943,57.70597055050027],[11.9399978639275,57.705858752974194]]]},"properties":{"id":"f3485d3b-1110-4cec-8989-165ff04308b7","objektidentitet":"bd4d035f-727f-463c-b962-2b574a9ea3bd","versiongiltigfran":"2011-03-23T08:36:11.065Z","lagesosakerhetplan":0.06,"lagesosakerhethojd":null,"ursprunglig_organisation":"Lantm\u00e4teriet","objektversion":1.0,"objekttypnr":2064.0,"objekttyp":"Verksamhet","insamlingslage":"Takkant","byggnadsnamn1":"None","byggnadsnamn2":"None","byggnadsnamn3":"None","husnummer":1.0,"huvudbyggnad":"Nej","andamal1":"Verksamhet;","andamal2":"None","andamal3":"None","andamal4":"None","andamal5":"None","FormularId":928598,"fastighetsbeteckning":"LINDHOLMEN 30:2","energy_class":"E","energy_performance":111,"specific_energy":88,"building_category":"Lokalbyggnader","construction_year":2003,"epc_detail":{"IdAdr":"Lindholmspiren 9","IdPostnr":41756,"IdPostort":"G\u00f6teborg","IdKommun":"G\u00f6teborg","EgenByggnadsKat":"Lokalbyggnader","EgenByggnadsTyp":"Friliggande","EgenNybyggAr":2003,"EgenAtemp":12600,"EgenAntalPlan":6,"EgenAntalKallarplan":2,"EgenAntalTrapphus":2,"EgenAntalBolgh":0,"EgenProjVentFlode":"0,34999999999999998","EgenInstEleffektStorre":"Nej","EgenSkyddadEllerVardefull":0,"EgiEnergiklass":"E","EgiEnergiPrestanda":111,"EgiSpecifikEnergianvandning":88,"EgiEnergianvandning":1114108,"EgiPrimarenergianvandning":1399032,"EgiForstaArManad":1801,"EgiSistaArManad":1812,"EgiBeraknatVarde":"Nej","VentTypFTX":"Ja","VentTypF":"Nej","VentTypFT":"Nej","VentTypSjalvdrag":"Nej","VentTypFmed":"Nej","VentGruppKrav":"Ja","EgiSumma2":1069200,"EgiFjarrkyla":245000,"EgiFastighet":391000,"EgiVerksamhet":489000,"EgiStationEI":"G\u00f6teborg","EgiRefvarde1":80,"EgiRefvarde2Max":174,"EgiVersion":2019,"VentGruppGodkand":"Ja","RadGruppHaltMatt":"Nej","Godkand":"2019-03-21","Version":2.6,"ExpertBehorighet":"Kvalificerad","VentGruppUtanAnm":1}}},{"type":"Feature","geometry":{"type":"Polygon","coordinates":[[[11.94020644612683,57.70661710742276],[11.940356257854056,57.706652296655584],[11.940429856483382,57.70656095230858],[11.940512698899775,57.706580104933295],[11.940531024627331,57.70655774565076],[11.940878273111633,57.70663801115386],[11.940860389392451,57.70666050700436],[11.941026727349097,57.706699043124694],[11.94095247216514,57.7067910190575],[11.94105063663473,57.706922693731954],[11.940878196812898,57.70688303041539],[11.94080904082154,57.706968694193215],[11.940906956345513,57.70710073146386],[11.940734483090038,57.707061058165635],[11.940592343610591,57.70723712851118],[11.940690259031761,57.707369165944094],[11.94051778475613,57.70732949234187],[11.940448588975105,57.707415208908444],[11.940546488327898,57.707547237074046],[11.940374012618378,57.70750757223983],[11.93963087913588,57.7073336644396],[11.94020644612683,57.70661710742276]]]},"properties":{"id":"edb7a42a-e8b8-45e8-b6d3-b7b1e4a26c53","objektidentitet":"7a66d9e0-8de7-4326-b0c7-58eba7a59486","versiongiltigfran":"2012-01-03T09:52:49.467Z","lagesosakerhetplan":0.025,"lagesosakerhethojd":null,"ursprunglig_organisation":"Kommunsamverkan","objektversion":2.0,"objekttypnr":2064.0,"objekttyp":"Verksamhet","insamlingslage":"Fasad","byggnadsnamn1":"None","byggnadsnamn2":"None","byggnadsnamn3":"None","husnummer":1.0,"huvudbyggnad":"Nej","andamal1":"Verksamhet;","andamal2":"None","andamal3":"None","andamal4":"None","andamal5":"None","FormularId":1080608,"fastighetsbeteckning":"LINDHOLMEN 30:3","energy_class":"D","energy_performance":155,"specific_energy":133,"building_category":"Lokalbyggnader","construction_year":2003,"epc_detail":{"IdAdr":"Lindholmspiren 5B","IdPostnr":41756,"IdPostort":"G\u00f6teborg","IdKommun":"G\u00f6teborg","EgenByggnadsKat":"Lokalbyggnader","EgenByggnadsTyp":"Friliggande","EgenNybyggAr":2003,"EgenAtemp":43615,"EgenAntalPlan":6,"EgenAntalKallarplan":2,"EgenAntalTrapphus":4,"EgenAntalBolgh":0,"EgenProjVentFlode":"1","EgenInstEleffektStorre":"Nej","EgenSkyddadEllerVardefull":0,"EgiEnergiklass":"D","EgiEnergiPrestanda":155,"EgiSpecifikEnergianvandning":133,"EgiEnergianvandning":5796447,"EgiPrimarenergianvandning":6755490,"EgiForstaArManad":1901,"EgiSistaArManad":1912,"EgiBeraknatVarde":"Nej","EgiSolcell":134,"VentTypFTX":"Ja","VentTypF":"Ja","VentTypFT":"Nej","VentTypSjalvdrag":"Nej","VentTypFmed":"Nej","VentGruppKrav":"Ja","EgiSumma2":5423209,"EgiFjarrkyla":1767734,"EgiBerElProduktion":19880,"EgiFastighet":1065888,"EgiStationEI":"G\u00f6teborg","EgiRefvarde1":126,"EgiRefvarde2Max":178,"EgiVersion":2019,"VentGruppGodkand":"Nej","RadGruppHaltMatt":"Nej","Godkand":"2020-06-15","Version":2.7,"ExpertBehorighet":"Kvalificerad","InspUppvGruppInspSkyldighet":"Ja","InspUppvUndAvtalEgipres":"Nej","InspLuftGruppInspSkyldighet":"Ja","InspLuftUndAvtalEgipres":"Nej","AtgForslagEgiMinskad":3000,"AtgForslagKostnad":"1,5"}}},{"type":"Feature","geometry":{"type":"Polygon","coordinates":[[[11.9403325650012,57.70749750092759],[11.940222044088593,57.707633943670345],[11.93966870710498,57.707507714932724],[11.939779494176465,57.70736853775307],[11.9403325650012,57.70749750092759]]]},"properties":{"id":"5480ce64-fdcb-4705-8f3f-2837017223ac","objektidentitet":"7a66d9e0-8de7-4326-b0c7-58eba7a59486","versiongiltigfran":"2012-01-03T09:52:49.467Z","lagesosakerhetplan":0.06,"lagesosakerhethojd":null,"ursprunglig_organisation":"Kommunsamverkan","objektversion":2.0,"objekttypnr":2064.0,"objekttyp":"Verksamhet","insamlingslage":"Takkant","byggnadsnamn1":"None","byggnadsnamn2":"None","byggnadsnamn3":"None","husnummer":1.0,"huvudbyggnad":"Nej","andamal1":"Verksamhet;","andamal2":"None","andamal3":"None","andamal4":"None","andamal5":"None","FormularId":1080608,"fastighetsbeteckning":"LINDHOLMEN 30:3","energy_class":"D","energy_performance":155,"specific_energy":133,"building_category":"Lokalbyggnader","construction_year":2003,"epc_detail":{"IdAdr":"Lindholmspiren 5B","IdPostnr":41756,"IdPostort":"G\u00f6teborg","IdKommun":"G\u00f6teborg","EgenByggnadsKat":"Lokalbyggnader","EgenByggnadsTyp":"Friliggande","EgenNybyggAr":2003,"EgenAtemp":43615,"EgenAntalPlan":6,"EgenAntalKallarplan":2,"EgenAntalTrapphus":4,"EgenAntalBolgh":0,"EgenProjVentFlode":"1","EgenInstEleffektStorre":"Nej","EgenSkyddadEllerVardefull":0,"EgiEnergiklass":"D","EgiEnergiPrestanda":155,"EgiSpecifikEnergianvandning":133,"EgiEnergianvandning":5796447,"EgiPrimarenergianvandning":6755490,"EgiForstaArManad":1901,"EgiSistaArManad":1912,"EgiBeraknatVarde":"Nej","EgiSolcell":134,"VentTypFTX":"Ja","VentTypF":"Ja","VentTypFT":"Nej","VentTypSjalvdrag":"Nej","VentTypFmed":"Nej","VentGruppKrav":"Ja","EgiSumma2":5423209,"EgiFjarrkyla":1767734,"EgiBerElProduktion":19880,"EgiFastighet":1065888,"EgiStationEI":"G\u00f6teborg","EgiRefvarde1":126,"EgiRefvarde2Max":178,"EgiVersion":2019,"VentGruppGodkand":"Nej","RadGruppHaltMatt":"Nej","Godkand":"2020-06-15","Version":2.7,"ExpertBehorighet":"Kvalificerad","InspUppvGruppInspSkyldighet":"Ja","InspUppvUndAvtalEgipres":"Nej","InspLuftGruppInspSkyldighet":"Ja","InspLuftUndAvtalEgipres":"Nej","AtgForslagEgiMinskad":3000,"AtgForslagKostnad":"1,5"}}},{"type":"Feature","geometry":{"type":"Polygon","coordinates":[[[11.939900953237874,57.70596907301406],[11.94030852666695,57.70606402973776],[11.940177299065805,57.70622761858354],[11.939881424467162,57.7061596220718],[11.939986154792187,57.70602907949984],[11.939873590111713,57.70600321253967],[11.939900953237874,57.70596907301406]]]},"properties":{"id":"2b8d1fb1-363f-4f74-a868-41328d8303ac","objektidentitet":"bd4d035f-727f-463c-b962-2b574a9ea3bd","versiongiltigfran":"2011-03-23T08:36:11.065Z","lagesosakerhetplan":0.06,"lagesosakerhethojd":null,"ursprunglig_organisation":"Lantm\u00e4teriet","objektversion":1.0,"objekttypnr":2064.0,"objekttyp":"Verksamhet","insamlingslage":"Takkant","byggnadsnamn1":"None","byggnadsnamn2":"None","byggnadsnamn3":"None","husnummer":1.0,"huvudbyggnad":"Nej","andamal1":"Verksamhet;","andamal2":"None","andamal3":"None","andamal4":"None","andamal5":"None","FormularId":928598,"fastighetsbeteckning":"LINDHOLMEN 30:2","energy_class":"E","energy_performance":111,"specific_energy":88,"building_category":"Lokalbyggnader","construction_year":2003,"epc_detail":{"IdAdr":"Lindholmspiren 9","IdPostnr":41756,"IdPostort":"G\u00f6teborg","IdKommun":"G\u00f6teborg","EgenByggnadsKat":"Lokalbyggnader","EgenByggnadsTyp":"Friliggande","EgenNybyggAr":2003,"EgenAtemp":12600,"EgenAntalPlan":6,"EgenAntalKallarplan":2,"EgenAntalTrapphus":2,"EgenAntalBolgh":0,"EgenProjVentFlode":"0,34999999999999998","EgenInstEleffektStorre":"Nej","EgenSkyddadEllerVardefull":0,"EgiEnergiklass":"E","EgiEnergiPrestanda":111,"EgiSpecifikEnergianvandning":88,"EgiEnergianvandning":1114108,"EgiPrimarenergianvandning":1399032,"EgiForstaArManad":1801,"EgiSistaArManad":1812,"EgiBeraknatVarde":"Nej","VentTypFTX":"Ja","VentTypF":"Nej","VentTypFT":"Nej","VentTypSjalvdrag":"Nej","VentTypFmed":"Nej","VentGruppKrav":"Ja","EgiSumma2":1069200,"EgiFjarrkyla":245000,"EgiFastighet":391000,"EgiVerksamhet":489000,"EgiStationEI":"G\u00f6teborg","EgiRefvarde1":80,"EgiRefvarde2Max":174,"EgiVersion":2019,"VentGruppGodkand":"Ja","RadGruppHaltMatt":"Nej","Godkand":"2019-03-21","Version":2.6,"ExpertBehorighet":"Kvalificerad","VentGruppUtanAnm":1}}},{"type":"Feature","geometry":{"type":"Polygon","coordinates":[[[11.940582078934021,57.708393776079866],[11.940588458366204,57.708395584144796],[11.940591476013038,57.708396636811386],[11.940594367270496,57.708397794277026],[11.94059972564416,57.708400359601995],[11.940604467213547,57.70840326952908],[11.940606568789914,57.70840483033179],[11.940608496732327,57.70840645883915],[11.940611782956383,57.70840989981279],[11.94061424815407,57.70841351866645],[11.94061516543552,57.70841538338358],[11.940615878595993,57.70841727911627],[11.940616630065817,57.708421108189214],[11.94061666913223,57.70842303255983],[11.940616108957574,57.70842688384057],[11.940614665166523,57.708430659824565],[11.940612374302779,57.7084343254437],[11.940295901032622,57.70882513540322],[11.940294162888518,57.70882682804339],[11.940290098459991,57.70883001933957],[11.94028780644856,57.70883150983652],[11.94028272261813,57.708834245054696],[11.94027703000414,57.708836632993716],[11.940274003475276,57.70883767430275],[11.940270850455324,57.70883862267267],[11.940264270033003,57.70884018920906],[11.940257357283443,57.708841316284776],[11.940253832263664,57.70884169840279],[11.94024665942048,57.708842127113385],[11.940243045870181,57.70884216554694],[11.940235849816325,57.70884187465777],[11.940232283313506,57.70884155471004],[11.940228776928574,57.7088411193726],[11.940221928511836,57.70883989315361],[11.94021861848141,57.708839121022024],[11.940212312080536,57.708837242801984],[11.940206475461718,57.70883497148523],[11.940201238901993,57.70883235516267],[11.940011172709564,57.70872331772596],[11.940006889570189,57.70872014922604],[11.940003367252595,57.70871672050165],[11.940001923687001,57.708714923941685],[11.939999669470225,57.70871119333521],[11.93999831477861,57.708707349667],[11.939997855068128,57.70870344675501],[11.93999831855311,57.70869954819752],[11.939999684688965,57.708695698437445],[11.940001946659793,57.70869197820168],[11.940273732222261,57.70835634384611],[11.940275223522129,57.7083545913084],[11.940278811768394,57.70835127165262],[11.940283116149745,57.708348220980504],[11.940288100879128,57.708345465390316],[11.940293676867682,57.708343065643135],[11.940299774055946,57.70834105599628],[11.940306273625923,57.708339451551915],[11.94031308800341,57.70833829513174],[11.940320132643079,57.70833759367893],[11.940323690470393,57.7083374190766],[11.940330843624826,57.70833742130956],[11.940337957404976,57.708337889964376],[11.940344896992551,57.70833883076837],[11.940351596871501,57.70834022416108],[11.940582078934021,57.708393776079866]]]},"properties":{"id":"7c7a17cd-1fec-4c21-b592-4bb8ef5e43d5","objektidentitet":"350c0834-9474-4dea-9a59-cec3170c92d7","versiongiltigfran":"2018-01-04T13:13:18.037Z","lagesosakerhetplan":0.05,"lagesosakerhethojd":null,"ursprunglig_organisation":"G\u00f6teborg","objektversion":4.0,"objekttypnr":2064.0,"objekttyp":"Verksamhet","insamlingslage":"Fasad","byggnadsnamn1":"None","byggnadsnamn2":"None","byggnadsnamn3":"None","husnummer":1.0,"huvudbyggnad":"Nej","andamal1":"Verksamhet;","andamal2":"None","andamal3":"None","andamal4":"None","andamal5":"None","FormularId":1337006,"fastighetsbeteckning":"LINDHOLMEN 39:3","energy_class":"B","energy_performance":57,"specific_energy":59,"building_category":"Lokalbyggnader","construction_year":2016,"epc_detail":{"IdAdr":"Lindholmspiren 2","IdPostnr":41756,"IdPostort":"G\u00f6teborg","IdKommun":"G\u00f6teborg","EgenByggnadsKat":"Lokalbyggnader","EgenByggnadsTyp":"Friliggande","EgenNybyggAr":2016,"EgenAtemp":8856,"EgenAntalPlan":8,"EgenAntalKallarplan":0,"EgenAntalTrapphus":1,"EgenAntalBolgh":0,"EgenProjVentFlode":"0,48999999999999999","EgenInstEleffektStorre":"Nej","EgenSkyddadEllerVardefull":0,"EgiEnergiklass":"B","EgiEnergiPrestanda":57,"EgiSpecifikEnergianvandning":59,"EgiEnergianvandning":521618,"EgiPrimarenergianvandning":506432,"EgiPrimarenergital2020":57,"EgiForstaArManad":2107,"EgiSistaArManad":2206,"EgiBeraknatVarde":"Nej","VentTypFTX":"Ja","VentTypF":"Nej","VentTypFT":"Nej","VentTypSjalvdrag":"Nej","VentTypFmed":"Nej","VentGruppKrav":"Ja","EgiSumma2":504072,"EgiFjarrkyla":96462,"EgiFastighet":116663,"EgiStationEI":"G\u00f6teborg","EgiRefvarde1":76,"EgiRefvarde2Max":99,"EgiVersion":2022,"VentGruppGodkand":"Ja","RadGruppHaltMatt":"Ja","RadHalt":140,"RadTypMatning":"L\u00e5ngtidsm\u00e4tning enligt SSI","RadMatDatum":"2019-04-25","Godkand":"2022-11-07","Version":2.8,"ExpertBehorighet":"Kvalificerad","VentGruppUtanAnm":1,"InspUppvGruppInspSkyldighet":"Ja","InspUppvUndAvtalEgipres":"Nej","InspLuftGruppInspSkyldighet":"Ja","InspLuftUndAvtalEgipres":"Nej"}}},{"type":"Feature","geometry":{"type":"Polygon","coordinates":[[[11.940811560126349,57.70558379838663],[11.940647059743867,57.70582673778313],[11.94062146446194,57.7058222359735],[11.940768634746943,57.70559742868663],[11.940308870416484,57.705493040980116],[11.940383409868744,57.70535252824766],[11.940429195815915,57.705359909248415],[11.940553293236919,57.705206942300045],[11.9405379365572,57.705202885824626],[11.94060721538187,57.70506380965422],[11.940664073801857,57.7050685103048],[11.940782472251438,57.70491858707145],[11.940765609786226,57.70491426950755],[11.940843041361275,57.70477267601939],[11.941369124992722,57.70485312163006],[11.941396301778747,57.70481380023188],[11.941571698835194,57.70484755748278],[11.941561421072807,57.70486390078927],[11.941410095296208,57.7048387697722],[11.941390118377209,57.704874148765875],[11.94090015443221,57.704796239497846],[11.940819179418998,57.70490163364619],[11.940958736666753,57.704933311645],[11.940819935817752,57.70511330973987],[11.94066984896481,57.705091596272545],[11.940589295178526,57.705190789785924],[11.940729812824172,57.705223632723076],[11.940595860938195,57.70539986505964],[11.940434570294876,57.70537859041684],[11.940356084249968,57.7054801257412],[11.940811560126349,57.70558379838663]]]},"properties":{"id":"fb74e5a6-888a-4458-bc67-c4009cb384f6","objektidentitet":"bdd09c58-7222-4dd7-aa49-77cdcb4954a8","versiongiltigfran":"2011-03-23T08:57:36.325Z","lagesosakerhetplan":0.06,"lagesosakerhethojd":null,"ursprunglig_organisation":"Lantm\u00e4teriet","objektversion":1.0,"objekttypnr":2066.0,"objekttyp":"Komplementbyggnad","insamlingslage":"Takkant","byggnadsnamn1":"None","byggnadsnamn2":"None","byggnadsnamn3":"None","husnummer":4.0,"huvudbyggnad":"Nej","andamal1":"Komplementbyggnad;","andamal2":"None","andamal3":"None","andamal4":"None","andamal5":"None","FormularId":1428651,"fastighetsbeteckning":"LINDHOLMEN 30:1","energy_class":"B","energy_performance":65,"specific_energy":71,"building_category":"Lokalbyggnader","construction_year":2002,"epc_detail":{"IdAdr":"Lindholmspiren 11","IdPostnr":41756,"IdPostort":"G\u00f6teborg","IdKommun":"G\u00f6teborg","EgenByggnadsKat":"Lokalbyggnader","EgenByggnadsTyp":"Friliggande","EgenNybyggAr":2002,"EgenAtemp":37035,"EgenAntalPlan":8,"EgenAntalKallarplan":2,"EgenAntalTrapphus":9,"EgenAntalBolgh":0,"EgenProjVentFlode":"1,71","EgenInstEleffektStorre":"Nej","EgenSkyddadEllerVardefull":5,"EgiEnergiklass":"B","EgiEnergiPrestanda":65,"EgiSpecifikEnergianvandning":71,"EgiEnergianvandning":2647100,"EgiPrimarenergianvandning":2391384,"EgiPrimarenergital2020":65,"EgiForstaArManad":2212,"EgiSistaArManad":2311,"EgiBeraknatVarde":"Nej","VentTypFTX":"Ja","VentTypF":"Nej","VentTypFT":"Nej","VentTypSjalvdrag":"Nej","VentTypFmed":"Nej","VentGruppKrav":"Ja","EgiSumma2":2592581,"EgiFjarrkyla":769750,"EgiFastighet":464805,"EgiStationEI":"G\u00f6teborg","EgiRefvarde1":96,"EgiRefvarde2Max":157,"EgiVersion":2023,"VentGruppGodkand":"Ja","RadGruppHaltMatt":"Nej","Godkand":"2023-12-15","Version":2.8,"ExpertBehorighet":"Kvalificerad","VentGruppUtanAnm":1,"InspUppvGruppInspSkyldighet":"Ja","InspUppvUndAvtalEgipres":"Nej","InspLuftGruppInspSkyldighet":"Ja","InspLuftUndAvtalEgipres":"Nej"}}},{"type":"Feature","geometry":{"type":"Polygon","coordinates":[[[11.940801391673714,57.70610994212551],[11.941316579895974,57.70622899715413],[11.941315417605981,57.70623043409064],[11.941379286015348,57.70624520862755],[11.941092241131825,57.706601013601116],[11.941028456006709,57.706586240941085],[11.941027387318515,57.70658756329499],[11.940511920863855,57.70646857232766],[11.940801391673714,57.70610994212551]]]},"properties":{"id":"03e290c0-7c7f-482e-930d-111b8e757964","objektidentitet":"27b7ccee-acee-482d-bb82-2fc037f84a5f","versiongiltigfran":"2017-01-02T13:34:27.794Z","lagesosakerhetplan":0.05,"lagesosakerhethojd":null,"ursprunglig_organisation":"Kommunsamverkan","objektversion":1.0,"objekttypnr":2064.0,"objekttyp":"Verksamhet","insamlingslage":"Fasad","byggnadsnamn1":"None","byggnadsnamn2":"None","byggnadsnamn3":"None","husnummer":1.0,"huvudbyggnad":"Nej","andamal1":"Verksamhet;","andamal2":"None","andamal3":"None","andamal4":"None","andamal5":"None","FormularId":904622,"fastighetsbeteckning":"LINDHOLMEN 30:5","energy_class":"B","energy_performance":72,"specific_energy":72,"building_category":"Lokalbyggnader","construction_year":2017,"epc_detail":{"IdAdr":"Lindholmspiren 7D","IdPostnr":41756,"IdPostort":"G\u00f6teborg","IdKommun":"G\u00f6teborg","EgenByggnadsKat":"Lokalbyggnader","EgenByggnadsTyp":"Friliggande","EgenNybyggAr":2017,"EgenAtemp":11879,"EgenAntalPlan":7,"EgenAntalKallarplan":2,"EgenProjVentFlode":"1,95","EgenInstEleffektStorre":"Nej","EgiEnergiklass":"B","EgiEnergiPrestanda":72,"EgiSpecifikEnergianvandning":72,"EgiVaravEl":15,"EgiForstaArManad":1712,"EgiSistaArManad":1811,"EgiBeraknatVarde":"Nej","EgiFjarrvarme":401703,"EgiSolcell":107,"VentTypFTX":"Ja","VentTypF":"Nej","VentTypFT":"Nej","VentTypSjalvdrag":"Nej","VentTypFmed":"Nej","VentGruppKrav":"Ja","EgiSumma1":401703,"EgiSumma2":213074,"EgiSumma3":814260,"EgiSumma4":174514,"EgiVVBered":32040,"EgiFjarrkyla":238043,"EgiBerElProduktion":13216,"EgiFastighet":174514,"EgiVerksamhet":38560,"EgiKomfortTillagg":0,"EgiStationEI":"G\u00f6teborg","EgiNormKorrEI":855609,"EgiRefvarde1":110,"EgiRefvarde2Min":120,"EgiRefvarde2Max":180,"EgiVersion":2015,"VentGruppGodkand":"Ja","RadGruppHaltMatt":"Ja","RadHalt":36,"RadTypMatning":"L\u00e5ngtidsm\u00e4tning enligt SSI","RadMatDatum":"2018-02-23","Godkand":"2018-12-27","Version":2.5,"ExpertBehorighet":"Kvalificerad","AtgForslagEgiMinskad":11101,"AtgForslagKostnad":"0,33000000000000002"}}},{"type":"Feature","geometry":{"type":"Polygon","coordinates":[[[11.940468827927047,57.708250627101506],[11.940463891897078,57.70825022011006],[11.940459310506183,57.70824919253724],[11.940455313818402,57.70824760387496],[11.940452163141414,57.70824554133465],[11.94045003220876,57.70824313494979],[11.940449043723802,57.70824052250746],[11.940449267845425,57.70823786748807],[11.940450692458683,57.708235313406114],[11.940962661656533,57.707601405236254],[11.941291110309715,57.70756352636164],[11.941299753603264,57.70755283293535],[11.941304365418567,57.707553897166235],[11.94074835898371,57.708242503077244],[11.94074489879542,57.70824589774612],[11.940741987869345,57.70824795750181],[11.940738624385236,57.70824980857806],[11.940734876887825,57.708251434656525],[11.940730781163706,57.70825280963861],[11.940726422515315,57.70825391761123],[11.940721836729303,57.708254732475815],[11.940717108351066,57.70825524728893],[11.940712305168368,57.7082554547019],[11.940468827927047,57.708250627101506]]]},"properties":{"id":"e942fc18-fdb7-4173-8322-08414b147cdf","objektidentitet":"333d0d8f-6b77-4b6b-a412-b63116cf7c8c","versiongiltigfran":"2016-10-10T12:29:04.205Z","lagesosakerhetplan":0.025,"lagesosakerhethojd":null,"ursprunglig_organisation":"G\u00f6teborg","objektversion":7.0,"objekttypnr":2067.0,"objekttyp":"\u00d6vrig byggnad","insamlingslage":"Fasad","byggnadsnamn1":"None","byggnadsnamn2":"None","byggnadsnamn3":"None","husnummer":1.0,"huvudbyggnad":"Nej","andamal1":"\u00d6vrig byggnad;","andamal2":"None","andamal3":"None","andamal4":"None","andamal5":"None","FormularId":1427095,"fastighetsbeteckning":"LINDHOLMEN 39:2","energy_class":"C","energy_performance":85,"specific_energy":87,"building_category":"Lokalbyggnader","construction_year":2011,"epc_detail":{"IdAdr":"Lindholmspiren 4","IdPostnr":41756,"IdPostort":"G\u00f6teborg","IdKommun":"G\u00f6teborg","EgenByggnadsKat":"Lokalbyggnader","EgenByggnadsTyp":"Friliggande","EgenNybyggAr":2011,"EgenAtemp":13299,"EgenAntalPlan":11,"EgenAntalKallarplan":1,"EgenProjVentFlode":"0,82999999999999996","EgenInstEleffektStorre":"Nej","EgenSkyddadEllerVardefull":0,"EgiEnergiklass":"C","EgiEnergiPrestanda":85,"EgiSpecifikEnergianvandning":87,"EgiEnergianvandning":1162698,"EgiPrimarenergianvandning":1134847,"EgiPrimarenergital2020":85,"EgiForstaArManad":2203,"EgiSistaArManad":2302,"EgiBeraknatVarde":"Nej","VentTypFTX":"Ja","VentTypF":"Nej","VentTypFT":"Nej","VentTypSjalvdrag":"Nej","VentTypFmed":"Nej","VentGruppKrav":"Ja","EgiSumma2":1134305,"EgiFjarrkyla":466435,"EgiFastighet":308658,"EgiVerksamhet":935897,"EgiStationEI":"G\u00f6teborg","EgiRefvarde1":89,"EgiRefvarde2Max":135,"EgiVersion":2023,"VentGruppGodkand":"Ja","RadGruppHaltMatt":"Ja","RadHalt":20,"RadTypMatning":"L\u00e5ngtidsm\u00e4tning enligt SSI","RadMatDatum":"2020-03-16","Godkand":"2023-12-08","Version":2.8,"ExpertBehorighet":"Kvalificerad","VentGruppUtanAnm":1,"InspUppvGruppInspSkyldighet":"Nej","InspUppvUndAvtalEgipres":"Nej","InspLuftGruppInspSkyldighet":"Nej","InspLuftUndAvtalEgipres":"Nej","AtgForslagEgiMinskad":16630,"AtgForslagKostnad":"0,10000000000000001"}}},{"type":"Feature","geometry":{"type":"Polygon","coordinates":[[[11.940602062831356,57.70825291452389],[11.940708524100234,57.708255489096864],[11.940698847899226,57.70826826968144],[11.940702126852731,57.7082723935628],[11.94064635463717,57.70828798714756],[11.940598997912577,57.70829061684738],[11.940602062831356,57.70825291452389]]]},"properties":{"id":"766c89f4-1537-4d21-b42d-39231bb946c0","objektidentitet":"333d0d8f-6b77-4b6b-a412-b63116cf7c8c","versiongiltigfran":"2016-10-10T12:29:04.205Z","lagesosakerhetplan":0.06,"lagesosakerhethojd":null,"ursprunglig_organisation":"G\u00f6teborg","objektversion":7.0,"objekttypnr":2067.0,"objekttyp":"\u00d6vrig byggnad","insamlingslage":"Takkant","byggnadsnamn1":"None","byggnadsnamn2":"None","byggnadsnamn3":"None","husnummer":1.0,"huvudbyggnad":"Nej","andamal1":"\u00d6vrig byggnad;","andamal2":"None","andamal3":"None","andamal4":"None","andamal5":"None","FormularId":1427095,"fastighetsbeteckning":"LINDHOLMEN 39:2","energy_class":"C","energy_performance":85,"specific_energy":87,"building_category":"Lokalbyggnader","construction_year":2011,"epc_detail":{"IdAdr":"Lindholmspiren 4","IdPostnr":41756,"IdPostort":"G\u00f6teborg","IdKommun":"G\u00f6teborg","EgenByggnadsKat":"Lokalbyggnader","EgenByggnadsTyp":"Friliggande","EgenNybyggAr":2011,"EgenAtemp":13299,"EgenAntalPlan":11,"EgenAntalKallarplan":1,"EgenProjVentFlode":"0,82999999999999996","EgenInstEleffektStorre":"Nej","EgenSkyddadEllerVardefull":0,"EgiEnergiklass":"C","EgiEnergiPrestanda":85,"EgiSpecifikEnergianvandning":87,"EgiEnergianvandning":1162698,"EgiPrimarenergianvandning":1134847,"EgiPrimarenergital2020":85,"EgiForstaArManad":2203,"EgiSistaArManad":2302,"EgiBeraknatVarde":"Nej","VentTypFTX":"Ja","VentTypF":"Nej","VentTypFT":"Nej","VentTypSjalvdrag":"Nej","VentTypFmed":"Nej","VentGruppKrav":"Ja","EgiSumma2":1134305,"EgiFjarrkyla":466435,"EgiFastighet":308658,"EgiVerksamhet":935897,"EgiStationEI":"G\u00f6teborg","EgiRefvarde1":89,"EgiRefvarde2Max":135,"EgiVersion":2023,"VentGruppGodkand":"Ja","RadGruppHaltMatt":"Ja","RadHalt":20,"RadTypMatning":"L\u00e5ngtidsm\u00e4tning enligt SSI","RadMatDatum":"2020-03-16","Godkand":"2023-12-08","Version":2.8,"ExpertBehorighet":"Kvalificerad","VentGruppUtanAnm":1,"InspUppvGruppInspSkyldighet":"Nej","InspUppvUndAvtalEgipres":"Nej","InspLuftGruppInspSkyldighet":"Nej","InspLuftUndAvtalEgipres":"Nej","AtgForslagEgiMinskad":16630,"AtgForslagKostnad":"0,10000000000000001"}}},{"type":"Feature","geometry":{"type":"Polygon","coordinates":[[[11.941165956624378,57.70650965370336],[11.941344592758641,57.706550886566866],[11.941270897410003,57.70664221109821],[11.941092241131825,57.706601013601116],[11.941165956624378,57.70650965370336]]]},"properties":{"id":"bea80bec-358c-40b8-8cc0-f5a7af18f4b5","objektidentitet":"27b7ccee-acee-482d-bb82-2fc037f84a5f","versiongiltigfran":"2017-01-02T13:34:27.794Z","lagesosakerhetplan":0.05,"lagesosakerhethojd":null,"ursprunglig_organisation":"Kommunsamverkan","objektversion":1.0,"objekttypnr":2064.0,"objekttyp":"Verksamhet","insamlingslage":"Fasad","byggnadsnamn1":"None","byggnadsnamn2":"None","byggnadsnamn3":"None","husnummer":1.0,"huvudbyggnad":"Nej","andamal1":"Verksamhet;","andamal2":"None","andamal3":"None","andamal4":"None","andamal5":"None","FormularId":904622,"fastighetsbeteckning":"LINDHOLMEN 30:5","energy_class":"B","energy_performance":72,"specific_energy":72,"building_category":"Lokalbyggnader","construction_year":2017,"epc_detail":{"IdAdr":"Lindholmspiren 7D","IdPostnr":41756,"IdPostort":"G\u00f6teborg","IdKommun":"G\u00f6teborg","EgenByggnadsKat":"Lokalbyggnader","EgenByggnadsTyp":"Friliggande","EgenNybyggAr":2017,"EgenAtemp":11879,"EgenAntalPlan":7,"EgenAntalKallarplan":2,"EgenProjVentFlode":"1,95","EgenInstEleffektStorre":"Nej","EgiEnergiklass":"B","EgiEnergiPrestanda":72,"EgiSpecifikEnergianvandning":72,"EgiVaravEl":15,"EgiForstaArManad":1712,"EgiSistaArManad":1811,"EgiBeraknatVarde":"Nej","EgiFjarrvarme":401703,"EgiSolcell":107,"VentTypFTX":"Ja","VentTypF":"Nej","VentTypFT":"Nej","VentTypSjalvdrag":"Nej","VentTypFmed":"Nej","VentGruppKrav":"Ja","EgiSumma1":401703,"EgiSumma2":213074,"EgiSumma3":814260,"EgiSumma4":174514,"EgiVVBered":32040,"EgiFjarrkyla":238043,"EgiBerElProduktion":13216,"EgiFastighet":174514,"EgiVerksamhet":38560,"EgiKomfortTillagg":0,"EgiStationEI":"G\u00f6teborg","EgiNormKorrEI":855609,"EgiRefvarde1":110,"EgiRefvarde2Min":120,"EgiRefvarde2Max":180,"EgiVersion":2015,"VentGruppGodkand":"Ja","RadGruppHaltMatt":"Ja","RadHalt":36,"RadTypMatning":"L\u00e5ngtidsm\u00e4tning enligt SSI","RadMatDatum":"2018-02-23","Godkand":"2018-12-27","Version":2.5,"ExpertBehorighet":"Kvalificerad","AtgForslagEgiMinskad":11101,"AtgForslagKostnad":"0,33000000000000002"}}},{"type":"Feature","geometry":{"type":"Polygon","coordinates":[[[11.94123442349913,57.706424773017815],[11.941307594792399,57.70633408297348],[11.941486126667954,57.70637534907906],[11.941413021244601,57.70646605878958],[11.94123442349913,57.706424773017815]]]},"properties":{"id":"f8b3b9f8-e35e-4c04-a893-07ae7d11633f","objektidentitet":"27b7ccee-acee-482d-bb82-2fc037f84a5f","versiongiltigfran":"2017-01-02T13:34:27.794Z","lagesosakerhetplan":0.05,"lagesosakerhethojd":null,"ursprunglig_organisation":"Kommunsamverkan","objektversion":1.0,"objekttypnr":2064.0,"objekttyp":"Verksamhet","insamlingslage":"Fasad","byggnadsnamn1":"None","byggnadsnamn2":"None","byggnadsnamn3":"None","husnummer":1.0,"huvudbyggnad":"Nej","andamal1":"Verksamhet;","andamal2":"None","andamal3":"None","andamal4":"None","andamal5":"None","FormularId":904622,"fastighetsbeteckning":"LINDHOLMEN 30:5","energy_class":"B","energy_performance":72,"specific_energy":72,"building_category":"Lokalbyggnader","construction_year":2017,"epc_detail":{"IdAdr":"Lindholmspiren 7D","IdPostnr":41756,"IdPostort":"G\u00f6teborg","IdKommun":"G\u00f6teborg","EgenByggnadsKat":"Lokalbyggnader","EgenByggnadsTyp":"Friliggande","EgenNybyggAr":2017,"EgenAtemp":11879,"EgenAntalPlan":7,"EgenAntalKallarplan":2,"EgenProjVentFlode":"1,95","EgenInstEleffektStorre":"Nej","EgiEnergiklass":"B","EgiEnergiPrestanda":72,"EgiSpecifikEnergianvandning":72,"EgiVaravEl":15,"EgiForstaArManad":1712,"EgiSistaArManad":1811,"EgiBeraknatVarde":"Nej","EgiFjarrvarme":401703,"EgiSolcell":107,"VentTypFTX":"Ja","VentTypF":"Nej","VentTypFT":"Nej","VentTypSjalvdrag":"Nej","VentTypFmed":"Nej","VentGruppKrav":"Ja","EgiSumma1":401703,"EgiSumma2":213074,"EgiSumma3":814260,"EgiSumma4":174514,"EgiVVBered":32040,"EgiFjarrkyla":238043,"EgiBerElProduktion":13216,"EgiFastighet":174514,"EgiVerksamhet":38560,"EgiKomfortTillagg":0,"EgiStationEI":"G\u00f6teborg","EgiNormKorrEI":855609,"EgiRefvarde1":110,"EgiRefvarde2Min":120,"EgiRefvarde2Max":180,"EgiVersion":2015,"VentGruppGodkand":"Ja","RadGruppHaltMatt":"Ja","RadHalt":36,"RadTypMatning":"L\u00e5ngtidsm\u00e4tning enligt SSI","RadMatDatum":"2018-02-23","Godkand":"2018-12-27","Version":2.5,"ExpertBehorighet":"Kvalificerad","AtgForslagEgiMinskad":11101,"AtgForslagKostnad":"0,33000000000000002"}}},{"type":"Feature","geometry":{"type":"Polygon","coordinates":[[[11.941171146728372,57.70894940187777],[11.941586132918534,57.7087139736831],[11.941733243501696,57.70878825640043],[11.941318239869108,57.709023693640724],[11.941171146728372,57.70894940187777]]]},"properties":{"id":"bb13239d-5b21-4c8b-a291-5a0b684847bc","objektidentitet":"5fae057b-123a-4e1e-8bf1-7be30e328320","versiongiltigfran":"2021-03-04T09:20:02.636Z","lagesosakerhetplan":0.1,"lagesosakerhethojd":null,"ursprunglig_organisation":"G\u00f6teborg","objektversion":4.0,"objekttypnr":2061.0,"objekttyp":"Bostad","insamlingslage":"Takkant","byggnadsnamn1":"None","byggnadsnamn2":"None","byggnadsnamn3":"None","husnummer":2.0,"huvudbyggnad":"Nej","andamal1":"Bostad;Flerfamiljshus","andamal2":"None","andamal3":"None","andamal4":"None","andamal5":"None","FormularId":1164079,"fastighetsbeteckning":"LINDHOLMEN 42:1","energy_class":"B","energy_performance":54,"specific_energy":60,"building_category":"Flerbostadshus","construction_year":2020,"epc_detail":{"IdAdr":"Lindholmshamnen 13","IdPostnr":41756,"IdPostort":"G\u00f6teborg","IdKommun":"G\u00f6teborg","EgenByggnadsKat":"Flerbostadshus","EgenByggnadsTyp":"Friliggande","EgenNybyggAr":2020,"EgenAtemp":2560,"EgenAntalPlan":5,"EgenAntalKallarplan":1,"EgenAntalTrapphus":2,"EgenAntalBolgh":36,"EgenProjVentFlode":"0,34999999999999998","EgenInstEleffektStorre":"Nej","EgenSkyddadEllerVardefull":0,"EgiEnergiklass":"B","EgiEnergiPrestanda":54,"EgiSpecifikEnergianvandning":60,"EgiEnergianvandning":152751,"EgiPrimarenergianvandning":139175,"EgiPrimarenergital2020":54,"EgiForstaArManad":2001,"EgiSistaArManad":2012,"EgiBeraknatVarde":"Nej","EgiSolcell":35,"VentTypFTX":"Ja","VentTypF":"Nej","VentTypFT":"Nej","VentTypSjalvdrag":"Nej","VentTypFmed":"Nej","VentGruppKrav":"Ja","EgiSumma2":141981,"EgiBerElProduktion":7,"EgiFastighet":24796,"EgiStationEI":"G\u00f6teborg","EgiRefvarde1":75,"EgiRefvarde2Max":86,"EgiVersion":2021,"VentGruppGodkand":"Ja","RadGruppHaltMatt":"Nej","Godkand":"2021-02-11","Version":2.8,"ExpertBehorighet":"Kvalificerad","VentGruppUtanAnm":1,"InspUppvUndAvtalEgipres":"Nej","InspLuftUndAvtalEgipres":"Nej"}}},{"type":"Feature","geometry":{"type":"Polygon","coordinates":[[[11.941484528635122,57.70907170111211],[11.941613527569023,57.70914471918141],[11.941398257744648,57.70925367996363],[11.941269258871401,57.70918066167638],[11.941484528635122,57.70907170111211]]]},"properties":{"id":"37ff72d1-7944-4de5-993e-c434e99a43cb","objektidentitet":"b44871db-8f94-45ab-ae6b-79eccb08d2ee","versiongiltigfran":"2023-05-03T15:48:36.172Z","lagesosakerhetplan":null,"lagesosakerhethojd":null,"ursprunglig_organisation":"G\u00f6teborg","objektversion":2.0,"objekttypnr":2061.0,"objekttyp":"Bostad","insamlingslage":"Illustrativt l\u00e4ge","byggnadsnamn1":"None","byggnadsnamn2":"None","byggnadsnamn3":"None","husnummer":2.0,"huvudbyggnad":"Nej","andamal1":"Bostad;Flerfamiljshus","andamal2":"None","andamal3":"None","andamal4":"None","andamal5":"None","FormularId":1446205,"fastighetsbeteckning":"LINDHOLMEN 43:3","energy_class":"C","energy_performance":63,"specific_energy":67,"building_category":"Flerbostadshus","construction_year":2024,"epc_detail":{"IdAdr":"Lindholmshamnen 9","IdPostnr":41756,"IdPostort":"G\u00f6teborg","IdKommun":"G\u00f6teborg","EgenByggnadsKat":"Flerbostadshus","EgenByggnadsTyp":"Mellanliggande","EgenNybyggAr":2024,"EgenAtemp":1794,"EgenAntalPlan":6,"EgenAntalKallarplan":1,"EgenAntalTrapphus":1,"EgenAntalBolgh":33,"EgenInstEleffektStorre":"Nej","EgenSkyddadEllerVardefull":0,"EgiEnergiklass":"C","EgiEnergiPrestanda":63,"EgiSpecifikEnergianvandning":67,"EgiEnergianvandning":120700,"EgiPrimarenergianvandning":112407,"EgiPrimarenergital2020":63,"EgiBeraknatVarde":"Ja","EgiSolcell":69,"VentTypFTX":"Ja","VentTypF":"Nej","VentTypFT":"Nej","VentTypSjalvdrag":"Nej","VentTypFmed":"Nej","VentGruppKrav":"Ja","EgiSumma2":120700,"EgiBerElProduktion":12110,"EgiFastighet":21200,"EgiRefvarde1":75,"EgiRefvarde2Max":78,"EgiVersion":2023,"VentGruppGodkand":"Ja","RadGruppHaltMatt":"Nej","Godkand":"2024-03-11","Version":2.8,"ExpertBehorighet":"Kvalificerad","VentGruppUtanAnm":1,"InspUppvUndAvtalEgipres":"Nej","InspLuftUndAvtalEgipres":"Nej"}}},{"type":"Feature","geometry":{"type":"Polygon","coordinates":[[[11.937783091626665,57.70507433758074],[11.937814407305329,57.705066368309126],[11.937856413807987,57.705113709225515],[11.93782509809696,57.705121678507204],[11.937783091626665,57.70507433758074]]]},"properties":{"id":"48716d48-38ec-4a68-86ec-058ad0ae63d5","objektidentitet":"07a5d5ed-e7c3-41e4-9f3a-c2232d50ac4a","versiongiltigfran":"2019-09-30T13:24:44.867Z","lagesosakerhetplan":0.06,"lagesosakerhethojd":2.5,"ursprunglig_organisation":"Lantm\u00e4teriet","objektversion":7.0,"objekttypnr":2063.0,"objekttyp":"Samh\u00e4llsfunktion","insamlingslage":"Takkant","byggnadsnamn1":"Lindholmens kunskapscentrum","byggnadsnamn2":"None","byggnadsnamn3":"None","husnummer":8.0,"huvudbyggnad":"Nej","andamal1":"Samh\u00e4llsfunktion;Skola","andamal2":"None","andamal3":"None","andamal4":"None","andamal5":"None","FormularId":1065931,"fastighetsbeteckning":"LINDHOLMEN 6:9","energy_class":"D","energy_performance":133,"specific_energy":109,"building_category":"Lokalbyggnader","construction_year":1945,"epc_detail":{"IdAdr":"Utvecklingsgatan 6","IdPostnr":41756,"IdPostort":"G\u00f6teborg","IdKommun":"G\u00f6teborg","EgenByggnadsKat":"Lokalbyggnader","EgenByggnadsTyp":"Friliggande","EgenNybyggAr":1945,"EgenAtemp":16554,"EgenAntalPlan":5,"EgenAntalKallarplan":0,"EgenAntalTrapphus":3,"EgenProjVentFlode":"1,3999999999999999","EgenInstEleffektStorre":"Nej","EgenSkyddadEllerVardefull":0,"EgiEnergiklass":"D","EgiEnergiPrestanda":133,"EgiSpecifikEnergianvandning":109,"EgiEnergianvandning":1803952,"EgiPrimarenergianvandning":2204859,"EgiForstaArManad":1901,"EgiSistaArManad":1912,"EgiBeraknatVarde":"Nej","VentTypFTX":"Ja","VentTypF":"Nej","VentTypFT":"Nej","VentTypSjalvdrag":"Nej","VentTypFmed":"Nej","VentGruppKrav":"Ja","EgiSumma2":1628304,"EgiFastighet":289751,"EgiStationEI":"G\u00f6teborg","EgiRefvarde1":126,"EgiRefvarde2Max":204,"EgiVersion":2019,"VentGruppGodkand":"Nej","RadGruppHaltMatt":"Nej","Godkand":"2020-06-15","Version":2.7,"ExpertBehorighet":"Kvalificerad","InspUppvGruppInspSkyldighet":"Ja","InspUppvUndAvtalEgipres":"Nej","InspLuftGruppInspSkyldighet":"Ja","InspLuftUndAvtalEgipres":"Nej","AtgForslagEgiMinskad":16000,"AtgForslagKostnad":"0"}}},{"type":"Feature","geometry":{"type":"Polygon","coordinates":[[[11.937564006590222,57.705365143136085],[11.93732983563775,57.70510493413628],[11.937539468376036,57.70505082345131],[11.937776381525238,57.70530899524006],[11.937564006590222,57.705365143136085]]]},"properties":{"id":"c22a7495-a22c-40ad-84d1-1ac28c4ebb35","objektidentitet":"07a5d5ed-e7c3-41e4-9f3a-c2232d50ac4a","versiongiltigfran":"2019-09-30T13:24:44.867Z","lagesosakerhetplan":0.1,"lagesosakerhethojd":null,"ursprunglig_organisation":"Lantm\u00e4teriet","objektversion":7.0,"objekttypnr":2063.0,"objekttyp":"Samh\u00e4llsfunktion","insamlingslage":"Takkant","byggnadsnamn1":"Lindholmens kunskapscentrum","byggnadsnamn2":"None","byggnadsnamn3":"None","husnummer":8.0,"huvudbyggnad":"Nej","andamal1":"Samh\u00e4llsfunktion;Skola","andamal2":"None","andamal3":"None","andamal4":"None","andamal5":"None","FormularId":1065931,"fastighetsbeteckning":"LINDHOLMEN 6:9","energy_class":"D","energy_performance":133,"specific_energy":109,"building_category":"Lokalbyggnader","construction_year":1945,"epc_detail":{"IdAdr":"Utvecklingsgatan 6","IdPostnr":41756,"IdPostort":"G\u00f6teborg","IdKommun":"G\u00f6teborg","EgenByggnadsKat":"Lokalbyggnader","EgenByggnadsTyp":"Friliggande","EgenNybyggAr":1945,"EgenAtemp":16554,"EgenAntalPlan":5,"EgenAntalKallarplan":0,"EgenAntalTrapphus":3,"EgenProjVentFlode":"1,3999999999999999","EgenInstEleffektStorre":"Nej","EgenSkyddadEllerVardefull":0,"EgiEnergiklass":"D","EgiEnergiPrestanda":133,"EgiSpecifikEnergianvandning":109,"EgiEnergianvandning":1803952,"EgiPrimarenergianvandning":2204859,"EgiForstaArManad":1901,"EgiSistaArManad":1912,"EgiBeraknatVarde":"Nej","VentTypFTX":"Ja","VentTypF":"Nej","VentTypFT":"Nej","VentTypSjalvdrag":"Nej","VentTypFmed":"Nej","VentGruppKrav":"Ja","EgiSumma2":1628304,"EgiFastighet":289751,"EgiStationEI":"G\u00f6teborg","EgiRefvarde1":126,"EgiRefvarde2Max":204,"EgiVersion":2019,"VentGruppGodkand":"Nej","RadGruppHaltMatt":"Nej","Godkand":"2020-06-15","Version":2.7,"ExpertBehorighet":"Kvalificerad","InspUppvGruppInspSkyldighet":"Ja","InspUppvUndAvtalEgipres":"Nej","InspLuftGruppInspSkyldighet":"Ja","InspLuftUndAvtalEgipres":"Nej","AtgForslagEgiMinskad":16000,"AtgForslagKostnad":"0"}}},{"type":"Feature","geometry":{"type":"Polygon","coordinates":[[[11.93740710587758,57.70465857399976],[11.937628339045538,57.70490455629787],[11.937446905978607,57.7049516201639],[11.937366941296217,57.704862896200055],[11.937233864778094,57.70489723506542],[11.937208811492033,57.7048694398204],[11.937133575938011,57.70488889277226],[11.937016887056028,57.70475929182533],[11.93740710587758,57.70465857399976]]]},"properties":{"id":"cc8bc267-038d-4ab5-b1a7-4de37ec5050a","objektidentitet":"07a5d5ed-e7c3-41e4-9f3a-c2232d50ac4a","versiongiltigfran":"2019-09-30T13:24:44.867Z","lagesosakerhetplan":0.1,"lagesosakerhethojd":null,"ursprunglig_organisation":"Lantm\u00e4teriet","objektversion":7.0,"objekttypnr":2063.0,"objekttyp":"Samh\u00e4llsfunktion","insamlingslage":"Takkant","byggnadsnamn1":"Lindholmens kunskapscentrum","byggnadsnamn2":"None","byggnadsnamn3":"None","husnummer":8.0,"huvudbyggnad":"Nej","andamal1":"Samh\u00e4llsfunktion;Skola","andamal2":"None","andamal3":"None","andamal4":"None","andamal5":"None","FormularId":1065931,"fastighetsbeteckning":"LINDHOLMEN 6:9","energy_class":"D","energy_performance":133,"specific_energy":109,"building_category":"Lokalbyggnader","construction_year":1945,"epc_detail":{"IdAdr":"Utvecklingsgatan 6","IdPostnr":41756,"IdPostort":"G\u00f6teborg","IdKommun":"G\u00f6teborg","EgenByggnadsKat":"Lokalbyggnader","EgenByggnadsTyp":"Friliggande","EgenNybyggAr":1945,"EgenAtemp":16554,"EgenAntalPlan":5,"EgenAntalKallarplan":0,"EgenAntalTrapphus":3,"EgenProjVentFlode":"1,3999999999999999","EgenInstEleffektStorre":"Nej","EgenSkyddadEllerVardefull":0,"EgiEnergiklass":"D","EgiEnergiPrestanda":133,"EgiSpecifikEnergianvandning":109,"EgiEnergianvandning":1803952,"EgiPrimarenergianvandning":2204859,"EgiForstaArManad":1901,"EgiSistaArManad":1912,"EgiBeraknatVarde":"Nej","VentTypFTX":"Ja","VentTypF":"Nej","VentTypFT":"Nej","VentTypSjalvdrag":"Nej","VentTypFmed":"Nej","VentGruppKrav":"Ja","EgiSumma2":1628304,"EgiFastighet":289751,"EgiStationEI":"G\u00f6teborg","EgiRefvarde1":126,"EgiRefvarde2Max":204,"EgiVersion":2019,"VentGruppGodkand":"Nej","RadGruppHaltMatt":"Nej","Godkand":"2020-06-15","Version":2.7,"ExpertBehorighet":"Kvalificerad","InspUppvGruppInspSkyldighet":"Ja","InspUppvUndAvtalEgipres":"Nej","InspLuftGruppInspSkyldighet":"Ja","InspLuftUndAvtalEgipres":"Nej","AtgForslagEgiMinskad":16000,"AtgForslagKostnad":"0"}}},{"type":"Feature","geometry":{"type":"Polygon","coordinates":[[[11.937878492107956,57.70518169848862],[11.937909040777983,57.7051734679505],[11.937953224898417,57.70522047505899],[11.937922675440388,57.7052287145771],[11.937878492107956,57.70518169848862]]]},"properties":{"id":"2dfda14b-52a7-45b2-b508-4d48d257388b","objektidentitet":"07a5d5ed-e7c3-41e4-9f3a-c2232d50ac4a","versiongiltigfran":"2019-09-30T13:24:44.867Z","lagesosakerhetplan":0.06,"lagesosakerhethojd":2.5,"ursprunglig_organisation":"Lantm\u00e4teriet","objektversion":7.0,"objekttypnr":2063.0,"objekttyp":"Samh\u00e4llsfunktion","insamlingslage":"Takkant","byggnadsnamn1":"Lindholmens kunskapscentrum","byggnadsnamn2":"None","byggnadsnamn3":"None","husnummer":8.0,"huvudbyggnad":"Nej","andamal1":"Samh\u00e4llsfunktion;Skola","andamal2":"None","andamal3":"None","andamal4":"None","andamal5":"None","FormularId":1065931,"fastighetsbeteckning":"LINDHOLMEN 6:9","energy_class":"D","energy_performance":133,"specific_energy":109,"building_category":"Lokalbyggnader","construction_year":1945,"epc_detail":{"IdAdr":"Utvecklingsgatan 6","IdPostnr":41756,"IdPostort":"G\u00f6teborg","IdKommun":"G\u00f6teborg","EgenByggnadsKat":"Lokalbyggnader","EgenByggnadsTyp":"Friliggande","EgenNybyggAr":1945,"EgenAtemp":16554,"EgenAntalPlan":5,"EgenAntalKallarplan":0,"EgenAntalTrapphus":3,"EgenProjVentFlode":"1,3999999999999999","EgenInstEleffektStorre":"Nej","EgenSkyddadEllerVardefull":0,"EgiEnergiklass":"D","EgiEnergiPrestanda":133,"EgiSpecifikEnergianvandning":109,"EgiEnergianvandning":1803952,"EgiPrimarenergianvandning":2204859,"EgiForstaArManad":1901,"EgiSistaArManad":1912,"EgiBeraknatVarde":"Nej","VentTypFTX":"Ja","VentTypF":"Nej","VentTypFT":"Nej","VentTypSjalvdrag":"Nej","VentTypFmed":"Nej","VentGruppKrav":"Ja","EgiSumma2":1628304,"EgiFastighet":289751,"EgiStationEI":"G\u00f6teborg","EgiRefvarde1":126,"EgiRefvarde2Max":204,"EgiVersion":2019,"VentGruppGodkand":"Nej","RadGruppHaltMatt":"Nej","Godkand":"2020-06-15","Version":2.7,"ExpertBehorighet":"Kvalificerad","InspUppvGruppInspSkyldighet":"Ja","InspUppvUndAvtalEgipres":"Nej","InspLuftGruppInspSkyldighet":"Ja","InspLuftUndAvtalEgipres":"Nej","AtgForslagEgiMinskad":16000,"AtgForslagKostnad":"0"}}},{"type":"Feature","geometry":{"type":"Polygon","coordinates":[[[11.940915045325653,57.70924031570866],[11.94051468033362,57.70901158811365],[11.940660905979865,57.70893759411521],[11.941061753822847,57.70916736653908],[11.940915045325653,57.70924031570866]]]},"properties":{"id":"ed480082-5309-4899-a052-23e33431611c","objektidentitet":"fab7abb2-04e4-46f4-93f4-f4ba75a68cb1","versiongiltigfran":"2021-02-04T10:42:17.872Z","lagesosakerhetplan":0.05,"lagesosakerhethojd":null,"ursprunglig_organisation":"G\u00f6teborg","objektversion":5.0,"objekttypnr":2061.0,"objekttyp":"Bostad","insamlingslage":"Fasad","byggnadsnamn1":"None","byggnadsnamn2":"None","byggnadsnamn3":"None","husnummer":1.0,"huvudbyggnad":"Nej","andamal1":"Bostad;Flerfamiljshus","andamal2":"None","andamal3":"None","andamal4":"None","andamal5":"None","FormularId":1164074,"fastighetsbeteckning":"LINDHOLMEN 42:1","energy_class":"B","energy_performance":56,"specific_energy":57,"building_category":"Flerbostadshus","construction_year":2020,"epc_detail":{"IdAdr":"Lindholmsall\u00e9n 28B","IdPostnr":41756,"IdPostort":"G\u00f6teborg","IdKommun":"G\u00f6teborg","EgenByggnadsKat":"Flerbostadshus","EgenByggnadsTyp":"Friliggande","EgenNybyggAr":2020,"EgenAtemp":3285,"EgenAntalPlan":7,"EgenAntalKallarplan":1,"EgenAntalTrapphus":2,"EgenAntalBolgh":56,"EgenProjVentFlode":"0,34999999999999998","EgenInstEleffektStorre":"Nej","EgenSkyddadEllerVardefull":0,"EgiEnergiklass":"B","EgiEnergiPrestanda":56,"EgiSpecifikEnergianvandning":57,"EgiEnergianvandning":187052,"EgiPrimarenergianvandning":183053,"EgiPrimarenergital2020":56,"EgiForstaArManad":2001,"EgiSistaArManad":2012,"EgiBeraknatVarde":"Nej","EgiSolcell":50,"VentTypFTX":"Ja","VentTypF":"Nej","VentTypFT":"Nej","VentTypSjalvdrag":"Nej","VentTypFmed":"Nej","VentGruppKrav":"Ja","EgiSumma2":176624,"EgiBerElProduktion":9,"EgiFastighet":43000,"EgiVerksamhet":3000,"EgiStationEI":"G\u00f6teborg","EgiRefvarde1":75,"EgiRefvarde2Max":94,"EgiVersion":2021,"VentGruppGodkand":"Ja","RadGruppHaltMatt":"Nej","Godkand":"2021-02-11","Version":2.8,"ExpertBehorighet":"Kvalificerad","VentGruppUtanAnm":1,"InspUppvUndAvtalEgipres":"Nej","InspLuftUndAvtalEgipres":"Nej"}}},{"type":"Feature","geometry":{"type":"Polygon","coordinates":[[[11.938132079271366,57.70800567692685],[11.938197328909709,57.70804288451921],[11.93817448771583,57.7080544654713],[11.938109095598627,57.70801715555091],[11.938132079271366,57.70800567692685]]]},"properties":{"id":"6c6c95c9-e56b-4195-b15c-1a0a8b2f8ca4","objektidentitet":"9e68a7cc-61dc-42d4-a000-cf256c284630","versiongiltigfran":"2011-03-23T08:49:39.957Z","lagesosakerhetplan":0.06,"lagesosakerhethojd":null,"ursprunglig_organisation":"Lantm\u00e4teriet","objektversion":1.0,"objekttypnr":2066.0,"objekttyp":"Komplementbyggnad","insamlingslage":"Takkant","byggnadsnamn1":"None","byggnadsnamn2":"None","byggnadsnamn3":"None","husnummer":4.0,"huvudbyggnad":"Nej","andamal1":"Komplementbyggnad;","andamal2":"None","andamal3":"None","andamal4":"None","andamal5":"None","FormularId":1032367,"fastighetsbeteckning":"LINDHOLMEN 735:484","energy_class":"G","energy_performance":328,"specific_energy":192,"building_category":"Lokalbyggnader","construction_year":2003,"epc_detail":{"IdAdr":"Lindholmsall\u00e9n 30","IdPostnr":41755,"IdPostort":"G\u00f6teborg","IdKommun":"G\u00f6teborg","EgenByggnadsKat":"Lokalbyggnader","EgenByggnadsTyp":"Friliggande","EgenNybyggAr":2003,"EgenAtemp":54,"EgenAntalPlan":1,"EgenAntalKallarplan":0,"EgenAntalTrapphus":0,"EgenAntalBolgh":0,"EgenProjVentFlode":"1","EgenInstEleffektStorre":"Ja","EgenSkyddadEllerVardefull":0,"EgiEnergiklass":"G","EgiEnergiPrestanda":328,"EgiSpecifikEnergianvandning":192,"EgiEnergianvandning":10343,"EgiPrimarenergianvandning":17736,"EgiForstaArManad":1801,"EgiSistaArManad":1812,"EgiBeraknatVarde":"Nej","VentTypFTX":"Ja","VentTypF":"Nej","VentTypFT":"Nej","VentTypSjalvdrag":"Nej","VentTypFmed":"Nej","VentGruppKrav":"Ja","EgiSumma2":9680,"EgiFastighet":3169,"EgiStationEI":"G\u00f6teborg","EgiRefvarde1":126,"EgiRefvarde2Max":150,"EgiVersion":2019,"VentGruppGodkand":"Nej","RadGruppHaltMatt":"Nej","Godkand":"2020-06-15","Version":2.7,"ExpertBehorighet":"Kvalificerad","InspUppvUndAvtalEgipres":"Nej","InspLuftUndAvtalEgipres":"Nej"}}},{"type":"Feature","geometry":{"type":"Polygon","coordinates":[[[11.938056047214848,57.7079615392408],[11.938120062791592,57.70799884283817],[11.938096240574707,57.70801050788785],[11.938032234182579,57.70797329438054],[11.938056047214848,57.7079615392408]]]},"properties":{"id":"b095a31a-c323-4985-8977-8aaee9301a22","objektidentitet":"8e67afb4-88ad-4ede-ac01-aea0ffde5723","versiongiltigfran":"2011-03-23T09:07:18.746Z","lagesosakerhetplan":0.06,"lagesosakerhethojd":null,"ursprunglig_organisation":"Lantm\u00e4teriet","objektversion":1.0,"objekttypnr":2066.0,"objekttyp":"Komplementbyggnad","insamlingslage":"Takkant","byggnadsnamn1":"None","byggnadsnamn2":"None","byggnadsnamn3":"None","husnummer":10.0,"huvudbyggnad":"Nej","andamal1":"Komplementbyggnad;","andamal2":"None","andamal3":"None","andamal4":"None","andamal5":"None","FormularId":1032367,"fastighetsbeteckning":"LINDHOLMEN 735:484","energy_class":"G","energy_performance":328,"specific_energy":192,"building_category":"Lokalbyggnader","construction_year":2003,"epc_detail":{"IdAdr":"Lindholmsall\u00e9n 30","IdPostnr":41755,"IdPostort":"G\u00f6teborg","IdKommun":"G\u00f6teborg","EgenByggnadsKat":"Lokalbyggnader","EgenByggnadsTyp":"Friliggande","EgenNybyggAr":2003,"EgenAtemp":54,"EgenAntalPlan":1,"EgenAntalKallarplan":0,"EgenAntalTrapphus":0,"EgenAntalBolgh":0,"EgenProjVentFlode":"1","EgenInstEleffektStorre":"Ja","EgenSkyddadEllerVardefull":0,"EgiEnergiklass":"G","EgiEnergiPrestanda":328,"EgiSpecifikEnergianvandning":192,"EgiEnergianvandning":10343,"EgiPrimarenergianvandning":17736,"EgiForstaArManad":1801,"EgiSistaArManad":1812,"EgiBeraknatVarde":"Nej","VentTypFTX":"Ja","VentTypF":"Nej","VentTypFT":"Nej","VentTypSjalvdrag":"Nej","VentTypFmed":"Nej","VentGruppKrav":"Ja","EgiSumma2":9680,"EgiFastighet":3169,"EgiStationEI":"G\u00f6teborg","EgiRefvarde1":126,"EgiRefvarde2Max":150,"EgiVersion":2019,"VentGruppGodkand":"Nej","RadGruppHaltMatt":"Nej","Godkand":"2020-06-15","Version":2.7,"ExpertBehorighet":"Kvalificerad","InspUppvUndAvtalEgipres":"Nej","InspLuftUndAvtalEgipres":"Nej"}}},{"type":"Feature","geometry":{"type":"Polygon","coordinates":[[[11.936300890654422,57.70936978734248],[11.93621165752209,57.70931613415893],[11.93636199429489,57.70924448256129],[11.93645122748051,57.70929813563978],[11.936300890654422,57.70936978734248]]]},"properties":{"id":"54d67b58-1685-4ed3-8d3b-94e4e1b70bdc","objektidentitet":"338bb69d-cacc-4d3f-b1b8-5b4bfb2d4780","versiongiltigfran":"2024-02-20T12:32:24.786Z","lagesosakerhetplan":null,"lagesosakerhethojd":null,"ursprunglig_organisation":"G\u00f6teborg","objektversion":7.0,"objekttypnr":2063.0,"objekttyp":"Samh\u00e4llsfunktion","insamlingslage":"Illustrativt l\u00e4ge","byggnadsnamn1":"None","byggnadsnamn2":"None","byggnadsnamn3":"None","husnummer":1.0,"huvudbyggnad":"Nej","andamal1":"Samh\u00e4llsfunktion;Skola","andamal2":"Bostad;Flerfamiljshus","andamal3":"Samh\u00e4llsfunktion;V\u00e5rdcentral","andamal4":"Verksamhet;","andamal5":"None","FormularId":1616264,"fastighetsbeteckning":"LINDHOLMEN 1:12","energy_class":"B","energy_performance":55,"specific_energy":59,"building_category":"Lokalbyggnader","construction_year":2023,"epc_detail":{"IdAdr":"Liberagatan 42","IdPostnr":41752,"IdPostort":"G\u00f6teborg","IdKommun":"G\u00f6teborg","EgenByggnadsKat":"Lokalbyggnader","EgenByggnadsTyp":"Friliggande","EgenNybyggAr":2023,"EgenAtemp":12781,"EgenAntalPlan":10,"EgenAntalKallarplan":1,"EgenAntalTrapphus":6,"EgenAntalBolgh":0,"EgenProjVentFlode":"0,57999999999999996","EgenInstEleffektStorre":"Nej","EgenSkyddadEllerVardefull":0,"EgiEnergiklass":"B","EgiEnergiPrestanda":55,"EgiSpecifikEnergianvandning":59,"EgiEnergianvandning":677862,"EgiPrimarenergianvandning":705220,"EgiPrimarenergital2020":55,"EgiForstaArManad":2404,"EgiSistaArManad":2503,"EgiBeraknatVarde":"Nej","VentTypFTX":"Ja","VentTypF":"Nej","VentTypFT":"Nej","VentTypSjalvdrag":"Nej","VentTypFmed":"Nej","VentGruppKrav":"Ja","EgiSumma2":630350,"EgiFastighet":142045,"EgiStationEI":"G\u00f6teborg","EgiRefvarde1":79,"EgiRefvarde2Max":106,"EgiVersion":2023,"VentGruppGodkand":"Ja","RadGruppHaltMatt":"Ja","RadHalt":60,"RadTypMatning":"L\u00e5ngtidsm\u00e4tning enligt SSI","RadMatDatum":"2025-03-05","Godkand":"2025-05-07","Version":3.0,"ExpertBehorighet":"Kvalificerad","VentGruppUtanAnm":1,"InspUppvGruppInspSkyldighet":"Nej","InspUppvUndAvtalEgipres":"Nej","InspLuftUndAvtalEgipres":"Nej","AtgForslagEgiMinskad":24390,"AtgForslagKostnad":"0,26000000000000001"}}},{"type":"Feature","geometry":{"type":"Polygon","coordinates":[[[11.944977041098142,57.70968425691486],[11.945288240293307,57.7095282446672],[11.945482279856623,57.70963918536958],[11.945171084292268,57.709795153242545],[11.944977041098142,57.70968425691486]]]},"properties":{"id":"d86e1aba-73e9-4fda-8770-30411dd9e818","objektidentitet":"ee3087e3-2f18-4a1e-9802-428f13b54a29","versiongiltigfran":"2011-03-23T09:11:54.740Z","lagesosakerhetplan":0.06,"lagesosakerhethojd":2.5,"ursprunglig_organisation":"Lantm\u00e4teriet","objektversion":1.0,"objekttypnr":2062.0,"objekttyp":"Industri","insamlingslage":"Takkant","byggnadsnamn1":"None","byggnadsnamn2":"None","byggnadsnamn3":"None","husnummer":30.0,"huvudbyggnad":"Nej","andamal1":"Industri;Tillverkning","andamal2":"None","andamal3":"None","andamal4":"None","andamal5":"None","FormularId":1019991,"fastighetsbeteckning":"LUNDBYVASSEN 4:6","energy_class":"C","energy_performance":126,"specific_energy":99,"building_category":"Lokalbyggnader","construction_year":1954,"epc_detail":{"IdAdr":"Regnb\u00e5gsgatan 9","IdPostnr":41755,"IdPostort":"G\u00f6teborg","IdKommun":"G\u00f6teborg","EgenByggnadsKat":"Lokalbyggnader","EgenByggnadsTyp":"Friliggande","EgenNybyggAr":1954,"EgenAtemp":756,"EgenAntalPlan":1,"EgenAntalKallarplan":1,"EgenAntalTrapphus":0,"EgenAntalBolgh":0,"EgenProjVentFlode":"1","EgenInstEleffektStorre":"Nej","EgenSkyddadEllerVardefull":0,"EgiEnergiklass":"C","EgiEnergiPrestanda":126,"EgiSpecifikEnergianvandning":99,"EgiEnergianvandning":75000,"EgiPrimarenergianvandning":95485,"EgiForstaArManad":1801,"EgiSistaArManad":1812,"EgiBeraknatVarde":"Nej","VentTypFTX":"Nej","VentTypF":"Ja","VentTypFT":"Nej","VentTypSjalvdrag":"Nej","VentTypFmed":"Nej","VentGruppKrav":"Nej","EgiSumma2":70212,"EgiFastighet":25200,"EgiStationEI":"G\u00f6teborg","EgiRefvarde1":126,"EgiRefvarde2Max":197,"EgiVersion":2019,"RadGruppHaltMatt":"Nej","Godkand":"2019-12-23","Version":2.6,"ExpertBehorighet":"Kvalificerad","AtgForslagEgiMinskad":1100,"AtgForslagKostnad":"0,5"}}},{"type":"Feature","geometry":{"type":"Polygon","coordinates":[[[11.944567021361854,57.71028537412349],[11.943666907139427,57.71073685688841],[11.942263188255465,57.709935068883816],[11.943170954849446,57.70947983529474],[11.944485775913675,57.71023082337923],[11.944478216430571,57.710234640442174],[11.944567021361854,57.71028537412349]]]},"properties":{"id":"51194c26-abb4-476e-b31e-c2fb68ea16b8","objektidentitet":"fb21684d-1a2d-4a6e-80bd-189b077946cb","versiongiltigfran":"2015-08-10T11:28:51.348Z","lagesosakerhetplan":0.06,"lagesosakerhethojd":null,"ursprunglig_organisation":"G\u00f6teborg","objektversion":2.0,"objekttypnr":2062.0,"objekttyp":"Industri","insamlingslage":"Takkant","byggnadsnamn1":"None","byggnadsnamn2":"None","byggnadsnamn3":"None","husnummer":1.0,"huvudbyggnad":"Nej","andamal1":"Industri;Tillverkning","andamal2":"None","andamal3":"None","andamal4":"None","andamal5":"None","FormularId":1381435,"fastighetsbeteckning":"LUNDBYVASSEN 4:13","energy_class":"E","energy_performance":99,"specific_energy":75,"building_category":"Lokalbyggnader","construction_year":1957,"epc_detail":{"IdAdr":"Regnb\u00e5gsgatan 3","IdPostnr":41755,"IdPostort":"G\u00f6teborg","IdKommun":"G\u00f6teborg","EgenByggnadsKat":"Lokalbyggnader","EgenByggnadsTyp":"Friliggande","EgenNybyggAr":1957,"EgenAtemp":24544,"EgenAntalPlan":7,"EgenAntalKallarplan":1,"EgenAntalTrapphus":7,"EgenAntalBolgh":0,"EgenProjVentFlode":"0,34999999999999998","EgenInstEleffektStorre":"Ja","EgenSkyddadEllerVardefull":0,"EgiEnergiklass":"E","EgiEnergiPrestanda":99,"EgiSpecifikEnergianvandning":75,"EgiEnergianvandning":1851409,"EgiPrimarenergianvandning":2424660,"EgiPrimarenergital2020":99,"EgiForstaArManad":2201,"EgiSistaArManad":2212,"EgiBeraknatVarde":"Nej","VentTypFTX":"Ja","VentTypF":"Nej","VentTypFT":"Nej","VentTypSjalvdrag":"Nej","VentTypFmed":"Nej","VentGruppKrav":"Ja","EgiSumma2":1776577,"EgiFjarrkyla":60392,"EgiFastighet":797659,"EgiStationEI":"G\u00f6teborg","EgiRefvarde1":70,"EgiRefvarde2Max":157,"EgiVersion":2022,"VentGruppGodkand":"Ja","RadGruppHaltMatt":"Nej","Godkand":"2023-06-12","Version":2.8,"ExpertBehorighet":"Kvalificerad","VentGruppUtanAnm":1,"InspUppvGruppInspSkyldighet":"Ja","InspUppvUndAvtalEgipres":"Nej","InspLuftGruppInspSkyldighet":"Ja","InspLuftUndAvtalEgipres":"Nej","AtgForslagEgiMinskad":30000,"AtgForslagKostnad":"1"}}},{"type":"Feature","geometry":{"type":"Polygon","coordinates":[[[11.942744764150795,57.70962694281341],[11.9429108381005,57.70954556143602],[11.942971578198794,57.70957978132627],[11.942805370525567,57.70966314589155],[11.942744764150795,57.70962694281341]]]},"properties":{"id":"5cd5c4cb-f5e0-468b-9132-9acd817b6ca2","objektidentitet":"fb21684d-1a2d-4a6e-80bd-189b077946cb","versiongiltigfran":"2015-08-10T11:28:51.348Z","lagesosakerhetplan":0.06,"lagesosakerhethojd":2.5,"ursprunglig_organisation":"G\u00f6teborg","objektversion":2.0,"objekttypnr":2062.0,"objekttyp":"Industri","insamlingslage":"Takkant","byggnadsnamn1":"None","byggnadsnamn2":"None","byggnadsnamn3":"None","husnummer":1.0,"huvudbyggnad":"Nej","andamal1":"Industri;Tillverkning","andamal2":"None","andamal3":"None","andamal4":"None","andamal5":"None","FormularId":1381435,"fastighetsbeteckning":"LUNDBYVASSEN 4:13","energy_class":"E","energy_performance":99,"specific_energy":75,"building_category":"Lokalbyggnader","construction_year":1957,"epc_detail":{"IdAdr":"Regnb\u00e5gsgatan 3","IdPostnr":41755,"IdPostort":"G\u00f6teborg","IdKommun":"G\u00f6teborg","EgenByggnadsKat":"Lokalbyggnader","EgenByggnadsTyp":"Friliggande","EgenNybyggAr":1957,"EgenAtemp":24544,"EgenAntalPlan":7,"EgenAntalKallarplan":1,"EgenAntalTrapphus":7,"EgenAntalBolgh":0,"EgenProjVentFlode":"0,34999999999999998","EgenInstEleffektStorre":"Ja","EgenSkyddadEllerVardefull":0,"EgiEnergiklass":"E","EgiEnergiPrestanda":99,"EgiSpecifikEnergianvandning":75,"EgiEnergianvandning":1851409,"EgiPrimarenergianvandning":2424660,"EgiPrimarenergital2020":99,"EgiForstaArManad":2201,"EgiSistaArManad":2212,"EgiBeraknatVarde":"Nej","VentTypFTX":"Ja","VentTypF":"Nej","VentTypFT":"Nej","VentTypSjalvdrag":"Nej","VentTypFmed":"Nej","VentGruppKrav":"Ja","EgiSumma2":1776577,"EgiFjarrkyla":60392,"EgiFastighet":797659,"EgiStationEI":"G\u00f6teborg","EgiRefvarde1":70,"EgiRefvarde2Max":157,"EgiVersion":2022,"VentGruppGodkand":"Ja","RadGruppHaltMatt":"Nej","Godkand":"2023-06-12","Version":2.8,"ExpertBehorighet":"Kvalificerad","VentGruppUtanAnm":1,"InspUppvGruppInspSkyldighet":"Ja","InspUppvUndAvtalEgipres":"Nej","InspLuftGruppInspSkyldighet":"Ja","InspLuftUndAvtalEgipres":"Nej","AtgForslagEgiMinskad":30000,"AtgForslagKostnad":"1"}}},{"type":"Feature","geometry":{"type":"Polygon","coordinates":[[[11.94564266490314,57.709695969741695],[11.945705099818705,57.70966468006348],[11.945740007745055,57.709684649188674],[11.945677571312235,57.709715956823366],[11.94564266490314,57.709695969741695]]]},"properties":{"id":"62248951-d92e-4650-a97a-dab5d1963d76","objektidentitet":"b00c984e-d43f-4f89-90aa-4b9327ee38ef","versiongiltigfran":"2011-03-23T09:10:19.569Z","lagesosakerhetplan":0.025,"lagesosakerhethojd":null,"ursprunglig_organisation":"Lantm\u00e4teriet","objektversion":1.0,"objekttypnr":2066.0,"objekttyp":"Komplementbyggnad","insamlingslage":"Takkant","byggnadsnamn1":"None","byggnadsnamn2":"None","byggnadsnamn3":"None","husnummer":56.0,"huvudbyggnad":"Nej","andamal1":"Komplementbyggnad;","andamal2":"None","andamal3":"None","andamal4":"None","andamal5":"None","FormularId":null,"energy_class":null,"energy_performance":null,"specific_energy":null,"building_category":null,"construction_year":null,"epc_detail":{}}},{"type":"Feature","geometry":{"type":"Polygon","coordinates":[[[11.942567781021829,57.709718396493436],[11.942626620681626,57.709752849247344],[11.942462481990193,57.709835157864674],[11.942400725312439,57.70980005031614],[11.942567781021829,57.709718396493436]]]},"properties":{"id":"a6e0cce0-e083-4f63-a8f6-b91b84527623","objektidentitet":"fb21684d-1a2d-4a6e-80bd-189b077946cb","versiongiltigfran":"2015-08-10T11:28:51.348Z","lagesosakerhetplan":0.06,"lagesosakerhethojd":2.5,"ursprunglig_organisation":"G\u00f6teborg","objektversion":2.0,"objekttypnr":2062.0,"objekttyp":"Industri","insamlingslage":"Takkant","byggnadsnamn1":"None","byggnadsnamn2":"None","byggnadsnamn3":"None","husnummer":1.0,"huvudbyggnad":"Nej","andamal1":"Industri;Tillverkning","andamal2":"None","andamal3":"None","andamal4":"None","andamal5":"None","FormularId":1381435,"fastighetsbeteckning":"LUNDBYVASSEN 4:13","energy_class":"E","energy_performance":99,"specific_energy":75,"building_category":"Lokalbyggnader","construction_year":1957,"epc_detail":{"IdAdr":"Regnb\u00e5gsgatan 3","IdPostnr":41755,"IdPostort":"G\u00f6teborg","IdKommun":"G\u00f6teborg","EgenByggnadsKat":"Lokalbyggnader","EgenByggnadsTyp":"Friliggande","EgenNybyggAr":1957,"EgenAtemp":24544,"EgenAntalPlan":7,"EgenAntalKallarplan":1,"EgenAntalTrapphus":7,"EgenAntalBolgh":0,"EgenProjVentFlode":"0,34999999999999998","EgenInstEleffektStorre":"Ja","EgenSkyddadEllerVardefull":0,"EgiEnergiklass":"E","EgiEnergiPrestanda":99,"EgiSpecifikEnergianvandning":75,"EgiEnergianvandning":1851409,"EgiPrimarenergianvandning":2424660,"EgiPrimarenergital2020":99,"EgiForstaArManad":2201,"EgiSistaArManad":2212,"EgiBeraknatVarde":"Nej","VentTypFTX":"Ja","VentTypF":"Nej","VentTypFT":"Nej","VentTypSjalvdrag":"Nej","VentTypFmed":"Nej","VentGruppKrav":"Ja","EgiSumma2":1776577,"EgiFjarrkyla":60392,"EgiFastighet":797659,"EgiStationEI":"G\u00f6teborg","EgiRefvarde1":70,"EgiRefvarde2Max":157,"EgiVersion":2022,"VentGruppGodkand":"Ja","RadGruppHaltMatt":"Nej","Godkand":"2023-06-12","Version":2.8,"ExpertBehorighet":"Kvalificerad","VentGruppUtanAnm":1,"InspUppvGruppInspSkyldighet":"Ja","InspUppvUndAvtalEgipres":"Nej","InspLuftGruppInspSkyldighet":"Ja","InspLuftUndAvtalEgipres":"Nej","AtgForslagEgiMinskad":30000,"AtgForslagKostnad":"1"}}},{"type":"Feature","geometry":{"type":"Polygon","coordinates":[[[11.939143018317873,57.70966226750373],[11.939642717999224,57.70975507753611],[11.939469491058949,57.71002227882635],[11.938969787426045,57.709929477051595],[11.939143018317873,57.70966226750373]]]},"properties":{"id":"4989da7e-51e2-4bc5-9bd8-a9f47476dcbf","objektidentitet":"d12a3f9f-e409-48b5-9bff-7c16a0f8c8c9","versiongiltigfran":"2023-09-05T15:01:58.587Z","lagesosakerhetplan":null,"lagesosakerhethojd":null,"ursprunglig_organisation":"G\u00f6teborg","objektversion":8.0,"objekttypnr":2061.0,"objekttyp":"Bostad","insamlingslage":"Illustrativt l\u00e4ge","byggnadsnamn1":"None","byggnadsnamn2":"None","byggnadsnamn3":"None","husnummer":2.0,"huvudbyggnad":"Nej","andamal1":"Bostad;Flerfamiljshus","andamal2":"None","andamal3":"None","andamal4":"None","andamal5":"None","FormularId":null,"energy_class":null,"energy_performance":null,"specific_energy":null,"building_category":null,"construction_year":null,"epc_detail":{}}},{"type":"Feature","geometry":{"type":"Polygon","coordinates":[[[11.936107189642993,57.70996054139747],[11.935951123217718,57.70987130382655],[11.93618602877299,57.70975398339677],[11.936342259904109,57.70984147200932],[11.936107189642993,57.70996054139747]]]},"properties":{"id":"608ddeb8-19bd-4ece-84ae-46cf10893d06","objektidentitet":"d93d4f62-daa6-473c-ac54-4b7342381764","versiongiltigfran":"2022-02-11T12:35:55.974Z","lagesosakerhetplan":0.06,"lagesosakerhethojd":null,"ursprunglig_organisation":"G\u00f6teborg","objektversion":3.0,"objekttypnr":2062.0,"objekttyp":"Industri","insamlingslage":"Takkant","byggnadsnamn1":"None","byggnadsnamn2":"None","byggnadsnamn3":"None","husnummer":2.0,"huvudbyggnad":"Nej","andamal1":"Industri;Ospecificerad","andamal2":"None","andamal3":"None","andamal4":"None","andamal5":"None","FormularId":1086399,"fastighetsbeteckning":"LINDHOLMEN 1:22","energy_class":"D","energy_performance":91,"specific_energy":71,"building_category":"Lokalbyggnader","construction_year":1949,"epc_detail":{"IdAdr":"Polstj\u00e4rnegatan 4","IdPostnr":41752,"IdPostort":"G\u00f6teborg","IdKommun":"G\u00f6teborg","EgenByggnadsKat":"Lokalbyggnader","EgenByggnadsTyp":"Friliggande","EgenNybyggAr":1949,"EgenAtemp":7677,"EgenAntalPlan":3,"EgenAntalKallarplan":1,"EgenAntalTrapphus":2,"EgenAntalBolgh":0,"EgenProjVentFlode":"0,31","EgenInstEleffektStorre":"Nej","EgenSkyddadEllerVardefull":0,"EgiEnergiklass":"D","EgiEnergiPrestanda":91,"EgiSpecifikEnergianvandning":71,"EgiEnergianvandning":542610,"EgiPrimarenergianvandning":698796,"EgiForstaArManad":1901,"EgiSistaArManad":1912,"EgiBeraknatVarde":"Nej","VentTypFTX":"Ja","VentTypF":"Nej","VentTypFT":"Nej","VentTypSjalvdrag":"Nej","VentTypFmed":"Nej","VentGruppKrav":"Ja","EgiSumma2":491975,"EgiFastighet":137378,"EgiStationEI":"G\u00f6teborg","EgiRefvarde1":80,"EgiRefvarde2Max":190,"EgiVersion":2019,"VentGruppGodkand":"Nej","RadGruppHaltMatt":"Nej","Godkand":"2020-06-15","Version":2.7,"ExpertBehorighet":"Kvalificerad","InspUppvGruppInspSkyldighet":"Ja","InspUppvUndAvtalEgipres":"Nej","InspLuftUndAvtalEgipres":"Nej","AtgForslagEgiMinskad":40000,"AtgForslagKostnad":"0,71999999999999997"}}},{"type":"Feature","geometry":{"type":"Polygon","coordinates":[[[11.939092266405535,57.71019121326827],[11.939777255238813,57.70985238214975],[11.940054160144301,57.71001274738984],[11.939369187526502,57.71035158040118],[11.939092266405535,57.71019121326827]]]},"properties":{"id":"5ca10524-cb68-4a00-806e-578a1a5969a7","objektidentitet":"9335d662-6ea2-49a2-ad53-3ec2043640c4","versiongiltigfran":"2023-05-30T14:27:48.197Z","lagesosakerhetplan":null,"lagesosakerhethojd":null,"ursprunglig_organisation":"G\u00f6teborg","objektversion":2.0,"objekttypnr":2061.0,"objekttyp":"Bostad","insamlingslage":"Illustrativt l\u00e4ge","byggnadsnamn1":"None","byggnadsnamn2":"None","byggnadsnamn3":"None","husnummer":1.0,"huvudbyggnad":"Nej","andamal1":"Bostad;Flerfamiljshus","andamal2":"None","andamal3":"None","andamal4":"None","andamal5":"None","FormularId":null,"energy_class":null,"energy_performance":null,"specific_energy":null,"building_category":null,"construction_year":null,"epc_detail":{}}},{"type":"Feature","geometry":{"type":"Polygon","coordinates":[[[11.946892406253934,57.71009689800071],[11.946921847876967,57.7101129958785],[11.946869161000912,57.710140602658974],[11.946839719379678,57.71012450476899],[11.946892406253934,57.71009689800071]]]},"properties":{"id":"c0466257-9535-4e10-afd8-c25791f21afa","objektidentitet":"bbe25989-5cd5-451e-bacd-f4fc1c6caf4e","versiongiltigfran":"2011-03-23T08:36:55.562Z","lagesosakerhetplan":0.06,"lagesosakerhethojd":null,"ursprunglig_organisation":"Lantm\u00e4teriet","objektversion":1.0,"objekttypnr":2066.0,"objekttyp":"Komplementbyggnad","insamlingslage":"Takkant","byggnadsnamn1":"None","byggnadsnamn2":"None","byggnadsnamn3":"None","husnummer":62.0,"huvudbyggnad":"Nej","andamal1":"Komplementbyggnad;","andamal2":"None","andamal3":"None","andamal4":"None","andamal5":"None","FormularId":null,"energy_class":null,"energy_performance":null,"specific_energy":null,"building_category":null,"construction_year":null,"epc_detail":{}}},{"type":"Feature","geometry":{"type":"Polygon","coordinates":[[[11.937154266456819,57.710553226105986],[11.936107190401284,57.70996053242785],[11.93633784422112,57.7098436480242],[11.93738508156455,57.71043642459049],[11.937154266456819,57.710553226105986]]]},"properties":{"id":"8dc496a5-eaae-4dae-b1bc-69a2e00b64dc","objektidentitet":"d93d4f62-daa6-473c-ac54-4b7342381764","versiongiltigfran":"2022-02-11T12:35:55.974Z","lagesosakerhetplan":0.06,"lagesosakerhethojd":2.5,"ursprunglig_organisation":"G\u00f6teborg","objektversion":3.0,"objekttypnr":2062.0,"objekttyp":"Industri","insamlingslage":"Takkant","byggnadsnamn1":"None","byggnadsnamn2":"None","byggnadsnamn3":"None","husnummer":2.0,"huvudbyggnad":"Nej","andamal1":"Industri;Ospecificerad","andamal2":"None","andamal3":"None","andamal4":"None","andamal5":"None","FormularId":1086399,"fastighetsbeteckning":"LINDHOLMEN 1:22","energy_class":"D","energy_performance":91,"specific_energy":71,"building_category":"Lokalbyggnader","construction_year":1949,"epc_detail":{"IdAdr":"Polstj\u00e4rnegatan 4","IdPostnr":41752,"IdPostort":"G\u00f6teborg","IdKommun":"G\u00f6teborg","EgenByggnadsKat":"Lokalbyggnader","EgenByggnadsTyp":"Friliggande","EgenNybyggAr":1949,"EgenAtemp":7677,"EgenAntalPlan":3,"EgenAntalKallarplan":1,"EgenAntalTrapphus":2,"EgenAntalBolgh":0,"EgenProjVentFlode":"0,31","EgenInstEleffektStorre":"Nej","EgenSkyddadEllerVardefull":0,"EgiEnergiklass":"D","EgiEnergiPrestanda":91,"EgiSpecifikEnergianvandning":71,"EgiEnergianvandning":542610,"EgiPrimarenergianvandning":698796,"EgiForstaArManad":1901,"EgiSistaArManad":1912,"EgiBeraknatVarde":"Nej","VentTypFTX":"Ja","VentTypF":"Nej","VentTypFT":"Nej","VentTypSjalvdrag":"Nej","VentTypFmed":"Nej","VentGruppKrav":"Ja","EgiSumma2":491975,"EgiFastighet":137378,"EgiStationEI":"G\u00f6teborg","EgiRefvarde1":80,"EgiRefvarde2Max":190,"EgiVersion":2019,"VentGruppGodkand":"Nej","RadGruppHaltMatt":"Nej","Godkand":"2020-06-15","Version":2.7,"ExpertBehorighet":"Kvalificerad","InspUppvGruppInspSkyldighet":"Ja","InspUppvUndAvtalEgipres":"Nej","InspLuftUndAvtalEgipres":"Nej","AtgForslagEgiMinskad":40000,"AtgForslagKostnad":"0,71999999999999997"}}},{"type":"Feature","geometry":{"type":"Polygon","coordinates":[[[11.94009700401356,57.71010198262185],[11.940410125760778,57.709944581469486],[11.94058262389071,57.71004319871042],[11.940268662373597,57.71020020248476],[11.94009700401356,57.71010198262185]]]},"properties":{"id":"f669dda8-df5e-4890-bb2d-07256603a073","objektidentitet":"5dcd5b75-5932-4cfa-b044-db9d7da0afe5","versiongiltigfran":"2018-04-10T13:03:16.451Z","lagesosakerhetplan":0.05,"lagesosakerhethojd":null,"ursprunglig_organisation":"G\u00f6teborg","objektversion":2.0,"objekttypnr":2063.0,"objekttyp":"Samh\u00e4llsfunktion","insamlingslage":"Fasad","byggnadsnamn1":"None","byggnadsnamn2":"None","byggnadsnamn3":"None","husnummer":1.0,"huvudbyggnad":"Nej","andamal1":"Samh\u00e4llsfunktion;Ospecificerad","andamal2":"None","andamal3":"None","andamal4":"None","andamal5":"None","FormularId":1089868,"fastighetsbeteckning":"LINDHOLMEN 2:12","energy_class":"D","energy_performance":144,"specific_energy":86,"building_category":"Lokalbyggnader","construction_year":2002,"epc_detail":{"IdAdr":"Lindholmsall\u00e9n 17","IdPostnr":41750,"IdPostort":"G\u00f6teborg","IdKommun":"G\u00f6teborg","EgenByggnadsKat":"Lokalbyggnader","EgenByggnadsTyp":"Friliggande","EgenNybyggAr":2002,"EgenAtemp":562,"EgenAntalPlan":3,"EgenAntalKallarplan":0,"EgenProjVentFlode":"1,78","EgenInstEleffektStorre":"Nej","EgenSkyddadEllerVardefull":0,"EgiEnergiklass":"D","EgiEnergiPrestanda":144,"EgiSpecifikEnergianvandning":86,"EgiEnergianvandning":48471,"EgiPrimarenergianvandning":80757,"EgiForstaArManad":1901,"EgiSistaArManad":1912,"EgiBeraknatVarde":"Nej","VentTypFTX":"Ja","VentTypF":"Nej","VentTypFT":"Nej","VentTypSjalvdrag":"Nej","VentTypFmed":"Nej","VentGruppKrav":"Nej","EgiSumma2":46132,"EgiFastighet":29328,"EgiStationEI":"G\u00f6teborg","EgiRefvarde1":126,"EgiRefvarde2Max":181,"EgiVersion":2019,"RadGruppHaltMatt":"Nej","Godkand":"2020-06-15","Version":2.7,"ExpertBehorighet":"Kvalificerad","InspUppvUndAvtalEgipres":"Nej","InspLuftUndAvtalEgipres":"Nej"}}},{"type":"Feature","geometry":{"type":"Polygon","coordinates":[[[11.94600250262424,57.71059083276224],[11.9457561634026,57.71071482471844],[11.944982874771426,57.7102746457148],[11.945227053198087,57.71015178051099],[11.945361956563387,57.7102285952472],[11.945259930025726,57.71027992466019],[11.945766067534867,57.71056801196366],[11.945870323090988,57.71051554055589],[11.94600250262424,57.71059083276224]]]},"properties":{"id":"98b730aa-b47b-4626-93d7-0fed11590608","objektidentitet":"22199981-9d8e-4005-a32c-6cbed5caccc9","versiongiltigfran":"2011-03-23T08:40:34.244Z","lagesosakerhetplan":0.06,"lagesosakerhethojd":null,"ursprunglig_organisation":"Lantm\u00e4teriet","objektversion":1.0,"objekttypnr":2064.0,"objekttyp":"Verksamhet","insamlingslage":"Takkant","byggnadsnamn1":"None","byggnadsnamn2":"None","byggnadsnamn3":"None","husnummer":1.0,"huvudbyggnad":"Nej","andamal1":"Verksamhet;","andamal2":"None","andamal3":"None","andamal4":"None","andamal5":"None","FormularId":1024944,"fastighetsbeteckning":"LUNDBYVASSEN 4:9","energy_class":"E","energy_performance":125,"specific_energy":97,"building_category":"Lokalbyggnader","construction_year":1929,"epc_detail":{"IdAdr":"Regnb\u00e5gsgatan 8C","IdPostnr":41755,"IdPostort":"G\u00f6teborg","IdKommun":"G\u00f6teborg","EgenByggnadsKat":"Lokalbyggnader","EgenByggnadsTyp":"Friliggande","EgenNybyggAr":1929,"EgenAtemp":4700,"EgenAntalPlan":4,"EgenAntalKallarplan":1,"EgenAntalTrapphus":3,"EgenAntalBolgh":0,"EgenProjVentFlode":"0,34999999999999998","EgenInstEleffektStorre":"Nej","EgenSkyddadEllerVardefull":5,"EgiEnergiklass":"E","EgiEnergiPrestanda":125,"EgiSpecifikEnergianvandning":97,"EgiEnergianvandning":456334,"EgiPrimarenergianvandning":587831,"EgiForstaArManad":1801,"EgiSistaArManad":1812,"EgiBeraknatVarde":"Nej","VentTypFTX":"Ja","VentTypF":"Nej","VentTypFT":"Nej","VentTypSjalvdrag":"Nej","VentTypFmed":"Nej","VentGruppKrav":"Ja","EgiSumma2":428616,"EgiFastighet":109908,"EgiStationEI":"G\u00f6teborg","EgiRefvarde1":80,"EgiRefvarde2Max":188,"EgiVersion":2019,"VentGruppGodkand":"Ja","RadGruppHaltMatt":"Nej","Godkand":"2020-01-08","Version":2.6,"ExpertBehorighet":"Kvalificerad","VentGruppUtanAnm":1,"AtgForslagEgiMinskad":7555,"AtgForslagKostnad":"0,48999999999999999"}}},{"type":"Feature","geometry":{"type":"Polygon","coordinates":[[[11.942635011361805,57.71014745280555],[11.94269587361352,57.71018222403278],[11.942625034083742,57.7102177492147],[11.942564171085923,57.71018298692332],[11.942635011361805,57.71014745280555]]]},"properties":{"id":"130fde5e-7730-4c3a-baae-ceb23d007099","objektidentitet":"fb21684d-1a2d-4a6e-80bd-189b077946cb","versiongiltigfran":"2015-08-10T11:28:51.348Z","lagesosakerhetplan":0.06,"lagesosakerhethojd":2.5,"ursprunglig_organisation":"G\u00f6teborg","objektversion":2.0,"objekttypnr":2062.0,"objekttyp":"Industri","insamlingslage":"Takkant","byggnadsnamn1":"None","byggnadsnamn2":"None","byggnadsnamn3":"None","husnummer":1.0,"huvudbyggnad":"Nej","andamal1":"Industri;Tillverkning","andamal2":"None","andamal3":"None","andamal4":"None","andamal5":"None","FormularId":1381435,"fastighetsbeteckning":"LUNDBYVASSEN 4:13","energy_class":"E","energy_performance":99,"specific_energy":75,"building_category":"Lokalbyggnader","construction_year":1957,"epc_detail":{"IdAdr":"Regnb\u00e5gsgatan 3","IdPostnr":41755,"IdPostort":"G\u00f6teborg","IdKommun":"G\u00f6teborg","EgenByggnadsKat":"Lokalbyggnader","EgenByggnadsTyp":"Friliggande","EgenNybyggAr":1957,"EgenAtemp":24544,"EgenAntalPlan":7,"EgenAntalKallarplan":1,"EgenAntalTrapphus":7,"EgenAntalBolgh":0,"EgenProjVentFlode":"0,34999999999999998","EgenInstEleffektStorre":"Ja","EgenSkyddadEllerVardefull":0,"EgiEnergiklass":"E","EgiEnergiPrestanda":99,"EgiSpecifikEnergianvandning":75,"EgiEnergianvandning":1851409,"EgiPrimarenergianvandning":2424660,"EgiPrimarenergital2020":99,"EgiForstaArManad":2201,"EgiSistaArManad":2212,"EgiBeraknatVarde":"Nej","VentTypFTX":"Ja","VentTypF":"Nej","VentTypFT":"Nej","VentTypSjalvdrag":"Nej","VentTypFmed":"Nej","VentGruppKrav":"Ja","EgiSumma2":1776577,"EgiFjarrkyla":60392,"EgiFastighet":797659,"EgiStationEI":"G\u00f6teborg","EgiRefvarde1":70,"EgiRefvarde2Max":157,"EgiVersion":2022,"VentGruppGodkand":"Ja","RadGruppHaltMatt":"Nej","Godkand":"2023-06-12","Version":2.8,"ExpertBehorighet":"Kvalificerad","VentGruppUtanAnm":1,"InspUppvGruppInspSkyldighet":"Ja","InspUppvUndAvtalEgipres":"Nej","InspLuftGruppInspSkyldighet":"Ja","InspLuftUndAvtalEgipres":"Nej","AtgForslagEgiMinskad":30000,"AtgForslagKostnad":"1"}}},{"type":"Feature","geometry":{"type":"Polygon","coordinates":[[[11.936245779905725,57.71003900137868],[11.936360239592105,57.71010375438592],[11.936323623925281,57.710122317678554],[11.936210951101184,57.710057086608685],[11.936245779905725,57.71003900137868]]]},"properties":{"id":"37a14334-bb9c-4aa0-957e-8632eebe3363","objektidentitet":"d93d4f62-daa6-473c-ac54-4b7342381764","versiongiltigfran":"2022-02-11T12:35:55.974Z","lagesosakerhetplan":0.1,"lagesosakerhethojd":null,"ursprunglig_organisation":"G\u00f6teborg","objektversion":3.0,"objekttypnr":2062.0,"objekttyp":"Industri","insamlingslage":"Takkant","byggnadsnamn1":"None","byggnadsnamn2":"None","byggnadsnamn3":"None","husnummer":2.0,"huvudbyggnad":"Nej","andamal1":"Industri;Ospecificerad","andamal2":"None","andamal3":"None","andamal4":"None","andamal5":"None","FormularId":1086399,"fastighetsbeteckning":"LINDHOLMEN 1:22","energy_class":"D","energy_performance":91,"specific_energy":71,"building_category":"Lokalbyggnader","construction_year":1949,"epc_detail":{"IdAdr":"Polstj\u00e4rnegatan 4","IdPostnr":41752,"IdPostort":"G\u00f6teborg","IdKommun":"G\u00f6teborg","EgenByggnadsKat":"Lokalbyggnader","EgenByggnadsTyp":"Friliggande","EgenNybyggAr":1949,"EgenAtemp":7677,"EgenAntalPlan":3,"EgenAntalKallarplan":1,"EgenAntalTrapphus":2,"EgenAntalBolgh":0,"EgenProjVentFlode":"0,31","EgenInstEleffektStorre":"Nej","EgenSkyddadEllerVardefull":0,"EgiEnergiklass":"D","EgiEnergiPrestanda":91,"EgiSpecifikEnergianvandning":71,"EgiEnergianvandning":542610,"EgiPrimarenergianvandning":698796,"EgiForstaArManad":1901,"EgiSistaArManad":1912,"EgiBeraknatVarde":"Nej","VentTypFTX":"Ja","VentTypF":"Nej","VentTypFT":"Nej","VentTypSjalvdrag":"Nej","VentTypFmed":"Nej","VentGruppKrav":"Ja","EgiSumma2":491975,"EgiFastighet":137378,"EgiStationEI":"G\u00f6teborg","EgiRefvarde1":80,"EgiRefvarde2Max":190,"EgiVersion":2019,"VentGruppGodkand":"Nej","RadGruppHaltMatt":"Nej","Godkand":"2020-06-15","Version":2.7,"ExpertBehorighet":"Kvalificerad","InspUppvGruppInspSkyldighet":"Ja","InspUppvUndAvtalEgipres":"Nej","InspLuftUndAvtalEgipres":"Nej","AtgForslagEgiMinskad":40000,"AtgForslagKostnad":"0,71999999999999997"}}},{"type":"Feature","geometry":{"type":"Polygon","coordinates":[[[11.945470445615808,57.710392278779366],[11.945484123714696,57.710387791483136],[11.945501090174204,57.710384336302425],[11.945511732194127,57.71038379331468],[11.945534756137056,57.71038637148873],[11.945551209050402,57.710391002046805],[11.945564284651997,57.71039605438803],[11.945579071449188,57.71040630712592],[11.94558638028262,57.71042498977714],[11.94558095683526,57.71043474558383],[11.945575437832993,57.71043925910763],[11.945568189155722,57.71044417128064],[11.945557784798705,57.710449465649724],[11.945463560074394,57.710395671762264],[11.945470445615808,57.710392278779366]]]},"properties":{"id":"cf959e4e-6e64-460c-9189-0bd729826570","objektidentitet":"22199981-9d8e-4005-a32c-6cbed5caccc9","versiongiltigfran":"2011-03-23T08:40:34.244Z","lagesosakerhetplan":0.06,"lagesosakerhethojd":2.5,"ursprunglig_organisation":"Lantm\u00e4teriet","objektversion":1.0,"objekttypnr":2064.0,"objekttyp":"Verksamhet","insamlingslage":"Takkant","byggnadsnamn1":"None","byggnadsnamn2":"None","byggnadsnamn3":"None","husnummer":1.0,"huvudbyggnad":"Nej","andamal1":"Verksamhet;","andamal2":"None","andamal3":"None","andamal4":"None","andamal5":"None","FormularId":1024944,"fastighetsbeteckning":"LUNDBYVASSEN 4:9","energy_class":"E","energy_performance":125,"specific_energy":97,"building_category":"Lokalbyggnader","construction_year":1929,"epc_detail":{"IdAdr":"Regnb\u00e5gsgatan 8C","IdPostnr":41755,"IdPostort":"G\u00f6teborg","IdKommun":"G\u00f6teborg","EgenByggnadsKat":"Lokalbyggnader","EgenByggnadsTyp":"Friliggande","EgenNybyggAr":1929,"EgenAtemp":4700,"EgenAntalPlan":4,"EgenAntalKallarplan":1,"EgenAntalTrapphus":3,"EgenAntalBolgh":0,"EgenProjVentFlode":"0,34999999999999998","EgenInstEleffektStorre":"Nej","EgenSkyddadEllerVardefull":5,"EgiEnergiklass":"E","EgiEnergiPrestanda":125,"EgiSpecifikEnergianvandning":97,"EgiEnergianvandning":456334,"EgiPrimarenergianvandning":587831,"EgiForstaArManad":1801,"EgiSistaArManad":1812,"EgiBeraknatVarde":"Nej","VentTypFTX":"Ja","VentTypF":"Nej","VentTypFT":"Nej","VentTypSjalvdrag":"Nej","VentTypFmed":"Nej","VentGruppKrav":"Ja","EgiSumma2":428616,"EgiFastighet":109908,"EgiStationEI":"G\u00f6teborg","EgiRefvarde1":80,"EgiRefvarde2Max":188,"EgiVersion":2019,"VentGruppGodkand":"Ja","RadGruppHaltMatt":"Nej","Godkand":"2020-01-08","Version":2.6,"ExpertBehorighet":"Kvalificerad","VentGruppUtanAnm":1,"AtgForslagEgiMinskad":7555,"AtgForslagKostnad":"0,48999999999999999"}}},{"type":"Feature","geometry":{"type":"Polygon","coordinates":[[[11.943237700809778,57.710491703765946],[11.943297971378483,57.710526136822466],[11.943226885773363,57.71056179121529],[11.94316661521518,57.71052735812517],[11.943237700809778,57.710491703765946]]]},"properties":{"id":"aa6bb637-013e-4da1-ab3b-dc8385c54f21","objektidentitet":"fb21684d-1a2d-4a6e-80bd-189b077946cb","versiongiltigfran":"2015-08-10T11:28:51.348Z","lagesosakerhetplan":0.06,"lagesosakerhethojd":null,"ursprunglig_organisation":"G\u00f6teborg","objektversion":2.0,"objekttypnr":2062.0,"objekttyp":"Industri","insamlingslage":"Takkant","byggnadsnamn1":"None","byggnadsnamn2":"None","byggnadsnamn3":"None","husnummer":1.0,"huvudbyggnad":"Nej","andamal1":"Industri;Tillverkning","andamal2":"None","andamal3":"None","andamal4":"None","andamal5":"None","FormularId":1381435,"fastighetsbeteckning":"LUNDBYVASSEN 4:13","energy_class":"E","energy_performance":99,"specific_energy":75,"building_category":"Lokalbyggnader","construction_year":1957,"epc_detail":{"IdAdr":"Regnb\u00e5gsgatan 3","IdPostnr":41755,"IdPostort":"G\u00f6teborg","IdKommun":"G\u00f6teborg","EgenByggnadsKat":"Lokalbyggnader","EgenByggnadsTyp":"Friliggande","EgenNybyggAr":1957,"EgenAtemp":24544,"EgenAntalPlan":7,"EgenAntalKallarplan":1,"EgenAntalTrapphus":7,"EgenAntalBolgh":0,"EgenProjVentFlode":"0,34999999999999998","EgenInstEleffektStorre":"Ja","EgenSkyddadEllerVardefull":0,"EgiEnergiklass":"E","EgiEnergiPrestanda":99,"EgiSpecifikEnergianvandning":75,"EgiEnergianvandning":1851409,"EgiPrimarenergianvandning":2424660,"EgiPrimarenergital2020":99,"EgiForstaArManad":2201,"EgiSistaArManad":2212,"EgiBeraknatVarde":"Nej","VentTypFTX":"Ja","VentTypF":"Nej","VentTypFT":"Nej","VentTypSjalvdrag":"Nej","VentTypFmed":"Nej","VentGruppKrav":"Ja","EgiSumma2":1776577,"EgiFjarrkyla":60392,"EgiFastighet":797659,"EgiStationEI":"G\u00f6teborg","EgiRefvarde1":70,"EgiRefvarde2Max":157,"EgiVersion":2022,"VentGruppGodkand":"Ja","RadGruppHaltMatt":"Nej","Godkand":"2023-06-12","Version":2.8,"ExpertBehorighet":"Kvalificerad","VentGruppUtanAnm":1,"InspUppvGruppInspSkyldighet":"Ja","InspUppvUndAvtalEgipres":"Nej","InspLuftGruppInspSkyldighet":"Ja","InspLuftUndAvtalEgipres":"Nej","AtgForslagEgiMinskad":30000,"AtgForslagKostnad":"1"}}},{"type":"Feature","geometry":{"type":"Polygon","coordinates":[[[11.936901902049408,57.71041037294723],[11.936959670126274,57.710442950928275],[11.936923940423798,57.71046176054472],[11.9368655719137,57.71042873658634],[11.936901902049408,57.71041037294723]]]},"properties":{"id":"b682e7da-56c1-471a-a676-0a3c92279568","objektidentitet":"d93d4f62-daa6-473c-ac54-4b7342381764","versiongiltigfran":"2022-02-11T12:35:55.974Z","lagesosakerhetplan":0.06,"lagesosakerhethojd":2.5,"ursprunglig_organisation":"G\u00f6teborg","objektversion":3.0,"objekttypnr":2062.0,"objekttyp":"Industri","insamlingslage":"Takkant","byggnadsnamn1":"None","byggnadsnamn2":"None","byggnadsnamn3":"None","husnummer":2.0,"huvudbyggnad":"Nej","andamal1":"Industri;Ospecificerad","andamal2":"None","andamal3":"None","andamal4":"None","andamal5":"None","FormularId":1086399,"fastighetsbeteckning":"LINDHOLMEN 1:22","energy_class":"D","energy_performance":91,"specific_energy":71,"building_category":"Lokalbyggnader","construction_year":1949,"epc_detail":{"IdAdr":"Polstj\u00e4rnegatan 4","IdPostnr":41752,"IdPostort":"G\u00f6teborg","IdKommun":"G\u00f6teborg","EgenByggnadsKat":"Lokalbyggnader","EgenByggnadsTyp":"Friliggande","EgenNybyggAr":1949,"EgenAtemp":7677,"EgenAntalPlan":3,"EgenAntalKallarplan":1,"EgenAntalTrapphus":2,"EgenAntalBolgh":0,"EgenProjVentFlode":"0,31","EgenInstEleffektStorre":"Nej","EgenSkyddadEllerVardefull":0,"EgiEnergiklass":"D","EgiEnergiPrestanda":91,"EgiSpecifikEnergianvandning":71,"EgiEnergianvandning":542610,"EgiPrimarenergianvandning":698796,"EgiForstaArManad":1901,"EgiSistaArManad":1912,"EgiBeraknatVarde":"Nej","VentTypFTX":"Ja","VentTypF":"Nej","VentTypFT":"Nej","VentTypSjalvdrag":"Nej","VentTypFmed":"Nej","VentGruppKrav":"Ja","EgiSumma2":491975,"EgiFastighet":137378,"EgiStationEI":"G\u00f6teborg","EgiRefvarde1":80,"EgiRefvarde2Max":190,"EgiVersion":2019,"VentGruppGodkand":"Nej","RadGruppHaltMatt":"Nej","Godkand":"2020-06-15","Version":2.7,"ExpertBehorighet":"Kvalificerad","InspUppvGruppInspSkyldighet":"Ja","InspUppvUndAvtalEgipres":"Nej","InspLuftUndAvtalEgipres":"Nej","AtgForslagEgiMinskad":40000,"AtgForslagKostnad":"0,71999999999999997"}}},{"type":"Feature","geometry":{"type":"Polygon","coordinates":[[[11.94294634051256,57.710753143003146],[11.943011591401758,57.71079124678164],[11.942987083489598,57.71080327367854],[11.942921816603162,57.71076516051286],[11.94294634051256,57.710753143003146]]]},"properties":{"id":"daaf1e69-fb0a-4d3a-bc62-c8aa398c0eca","objektidentitet":"6aad2360-1a02-4f29-835b-70ec95e39d51","versiongiltigfran":"2011-03-23T08:41:20.814Z","lagesosakerhetplan":0.06,"lagesosakerhethojd":null,"ursprunglig_organisation":"Lantm\u00e4teriet","objektversion":1.0,"objekttypnr":2066.0,"objekttyp":"Komplementbyggnad","insamlingslage":"Takkant","byggnadsnamn1":"None","byggnadsnamn2":"None","byggnadsnamn3":"None","husnummer":2.0,"huvudbyggnad":"Nej","andamal1":"Komplementbyggnad;","andamal2":"None","andamal3":"None","andamal4":"None","andamal5":"None","FormularId":null,"energy_class":null,"energy_performance":null,"specific_energy":null,"building_category":null,"construction_year":null,"epc_detail":{}}},{"type":"Feature","geometry":{"type":"Polygon","coordinates":[[[11.939291566711226,57.710689861395174],[11.939304866336183,57.71071611345647],[11.939221865309849,57.71072816258582],[11.939208548224883,57.71070191908054],[11.939291566711226,57.710689861395174]]]},"properties":{"id":"16aa70ca-b679-4378-a6a3-d9fcdf522ce7","objektidentitet":"2120f5c4-a1c9-4682-96f9-81686dd3b7b3","versiongiltigfran":"2022-02-11T12:36:34.423Z","lagesosakerhetplan":0.1,"lagesosakerhethojd":null,"ursprunglig_organisation":"G\u00f6teborg","objektversion":3.0,"objekttypnr":2066.0,"objekttyp":"Komplementbyggnad","insamlingslage":"Takkant","byggnadsnamn1":"None","byggnadsnamn2":"None","byggnadsnamn3":"None","husnummer":8.0,"huvudbyggnad":"Nej","andamal1":"Komplementbyggnad;","andamal2":"None","andamal3":"None","andamal4":"None","andamal5":"None","FormularId":1032367,"fastighetsbeteckning":"LINDHOLMEN 735:484","energy_class":"G","energy_performance":328,"specific_energy":192,"building_category":"Lokalbyggnader","construction_year":2003,"epc_detail":{"IdAdr":"Lindholmsall\u00e9n 30","IdPostnr":41755,"IdPostort":"G\u00f6teborg","IdKommun":"G\u00f6teborg","EgenByggnadsKat":"Lokalbyggnader","EgenByggnadsTyp":"Friliggande","EgenNybyggAr":2003,"EgenAtemp":54,"EgenAntalPlan":1,"EgenAntalKallarplan":0,"EgenAntalTrapphus":0,"EgenAntalBolgh":0,"EgenProjVentFlode":"1","EgenInstEleffektStorre":"Ja","EgenSkyddadEllerVardefull":0,"EgiEnergiklass":"G","EgiEnergiPrestanda":328,"EgiSpecifikEnergianvandning":192,"EgiEnergianvandning":10343,"EgiPrimarenergianvandning":17736,"EgiForstaArManad":1801,"EgiSistaArManad":1812,"EgiBeraknatVarde":"Nej","VentTypFTX":"Ja","VentTypF":"Nej","VentTypFT":"Nej","VentTypSjalvdrag":"Nej","VentTypFmed":"Nej","VentGruppKrav":"Ja","EgiSumma2":9680,"EgiFastighet":3169,"EgiStationEI":"G\u00f6teborg","EgiRefvarde1":126,"EgiRefvarde2Max":150,"EgiVersion":2019,"VentGruppGodkand":"Nej","RadGruppHaltMatt":"Nej","Godkand":"2020-06-15","Version":2.7,"ExpertBehorighet":"Kvalificerad","InspUppvUndAvtalEgipres":"Nej","InspLuftUndAvtalEgipres":"Nej"}}},{"type":"Feature","geometry":{"type":"Polygon","coordinates":[[[11.942669661784262,57.71059585474019],[11.942732859739733,57.7106336034691],[11.942707781290261,57.71064562551236],[11.942644466029499,57.71060787393601],[11.942669661784262,57.71059585474019]]]},"properties":{"id":"b46aeae0-4847-4a36-8b45-4801316bf55e","objektidentitet":"0c040b57-39db-4463-be09-f1ccfc176086","versiongiltigfran":"2011-03-23T08:45:09.445Z","lagesosakerhetplan":0.06,"lagesosakerhethojd":null,"ursprunglig_organisation":"Lantm\u00e4teriet","objektversion":1.0,"objekttypnr":2066.0,"objekttyp":"Komplementbyggnad","insamlingslage":"Takkant","byggnadsnamn1":"None","byggnadsnamn2":"None","byggnadsnamn3":"None","husnummer":9.0,"huvudbyggnad":"Nej","andamal1":"Komplementbyggnad;","andamal2":"None","andamal3":"None","andamal4":"None","andamal5":"None","FormularId":null,"energy_class":null,"energy_performance":null,"specific_energy":null,"building_category":null,"construction_year":null,"epc_detail":{}}},{"type":"Feature","geometry":{"type":"Polygon","coordinates":[[[11.940750341026202,57.71070058097547],[11.94071536042982,57.71068089630689],[11.94080081510935,57.71063738473268],[11.94083579571174,57.71065706937781],[11.940750341026202,57.71070058097547]]]},"properties":{"id":"2c60b9bd-d7f7-46ab-bb23-81d8ab01ee99","objektidentitet":"80319953-35e2-4519-9ee1-06b2c441362f","versiongiltigfran":"2022-02-11T12:36:29.708Z","lagesosakerhetplan":0.025,"lagesosakerhethojd":null,"ursprunglig_organisation":"Kommunsamverkan","objektversion":2.0,"objekttypnr":2064.0,"objekttyp":"Verksamhet","insamlingslage":"Fasad","byggnadsnamn1":"None","byggnadsnamn2":"None","byggnadsnamn3":"None","husnummer":1.0,"huvudbyggnad":"Nej","andamal1":"Verksamhet;","andamal2":"None","andamal3":"None","andamal4":"None","andamal5":"None","FormularId":1230772,"fastighetsbeteckning":"LUNDBYVASSEN 3:1","energy_class":"C","energy_performance":81,"specific_energy":98,"building_category":"Lokalbyggnader","construction_year":1949,"epc_detail":{"IdAdr":"Regnb\u00e5gsgatan 1A","IdPostnr":41755,"IdPostort":"G\u00f6teborg","IdKommun":"G\u00f6teborg","EgenByggnadsKat":"Lokalbyggnader","EgenByggnadsTyp":"Friliggande","EgenNybyggAr":1949,"EgenAtemp":10803,"EgenAntalPlan":6,"EgenAntalKallarplan":1,"EgenAntalTrapphus":3,"EgenAntalBolgh":0,"EgenProjVentFlode":"0,82999999999999996","EgenInstEleffektStorre":"Nej","EgenSkyddadEllerVardefull":0,"EgiEnergiklass":"C","EgiEnergiPrestanda":81,"EgiSpecifikEnergianvandning":98,"EgiEnergianvandning":1063684,"EgiPrimarenergianvandning":876567,"EgiPrimarenergital2020":81,"EgiForstaArManad":2001,"EgiSistaArManad":2012,"EgiBeraknatVarde":"Nej","VentTypFTX":"Ja","VentTypF":"Nej","VentTypFT":"Nej","VentTypSjalvdrag":"Nej","VentTypFmed":"Nej","VentGruppKrav":"Ja","EgiSumma2":939208,"EgiFjarrkyla":215570,"EgiFastighet":87321,"EgiStationEI":"G\u00f6teborg","EgiRefvarde1":89,"EgiRefvarde2Max":155,"EgiVersion":2021,"VentGruppGodkand":"Ja","RadGruppHaltMatt":"Nej","Godkand":"2021-12-07","Version":2.8,"ExpertBehorighet":"Kvalificerad","VentGruppUtanAnm":0,"InspUppvGruppInspSkyldighet":"Ja","InspUppvUndAvtalEgipres":"Nej","InspLuftGruppInspSkyldighet":"Ja","InspLuftUndAvtalEgipres":"Nej"}}},{"type":"Feature","geometry":{"type":"Polygon","coordinates":[[[11.94166964984288,57.71066423327449],[11.942732578612576,57.711271553165744],[11.942536747985264,57.711369741811026],[11.941473836486978,57.71076242069185],[11.94166964984288,57.71066423327449]]]},"properties":{"id":"16cd6fb8-4888-4ec7-8208-be1e41225d85","objektidentitet":"80319953-35e2-4519-9ee1-06b2c441362f","versiongiltigfran":"2022-02-11T12:36:29.708Z","lagesosakerhetplan":0.06,"lagesosakerhethojd":null,"ursprunglig_organisation":"Kommunsamverkan","objektversion":2.0,"objekttypnr":2064.0,"objekttyp":"Verksamhet","insamlingslage":"Takkant","byggnadsnamn1":"None","byggnadsnamn2":"None","byggnadsnamn3":"None","husnummer":1.0,"huvudbyggnad":"Nej","andamal1":"Verksamhet;","andamal2":"None","andamal3":"None","andamal4":"None","andamal5":"None","FormularId":1230772,"fastighetsbeteckning":"LUNDBYVASSEN 3:1","energy_class":"C","energy_performance":81,"specific_energy":98,"building_category":"Lokalbyggnader","construction_year":1949,"epc_detail":{"IdAdr":"Regnb\u00e5gsgatan 1A","IdPostnr":41755,"IdPostort":"G\u00f6teborg","IdKommun":"G\u00f6teborg","EgenByggnadsKat":"Lokalbyggnader","EgenByggnadsTyp":"Friliggande","EgenNybyggAr":1949,"EgenAtemp":10803,"EgenAntalPlan":6,"EgenAntalKallarplan":1,"EgenAntalTrapphus":3,"EgenAntalBolgh":0,"EgenProjVentFlode":"0,82999999999999996","EgenInstEleffektStorre":"Nej","EgenSkyddadEllerVardefull":0,"EgiEnergiklass":"C","EgiEnergiPrestanda":81,"EgiSpecifikEnergianvandning":98,"EgiEnergianvandning":1063684,"EgiPrimarenergianvandning":876567,"EgiPrimarenergital2020":81,"EgiForstaArManad":2001,"EgiSistaArManad":2012,"EgiBeraknatVarde":"Nej","VentTypFTX":"Ja","VentTypF":"Nej","VentTypFT":"Nej","VentTypSjalvdrag":"Nej","VentTypFmed":"Nej","VentGruppKrav":"Ja","EgiSumma2":939208,"EgiFjarrkyla":215570,"EgiFastighet":87321,"EgiStationEI":"G\u00f6teborg","EgiRefvarde1":89,"EgiRefvarde2Max":155,"EgiVersion":2021,"VentGruppGodkand":"Ja","RadGruppHaltMatt":"Nej","Godkand":"2021-12-07","Version":2.8,"ExpertBehorighet":"Kvalificerad","VentGruppUtanAnm":0,"InspUppvGruppInspSkyldighet":"Ja","InspUppvUndAvtalEgipres":"Nej","InspLuftGruppInspSkyldighet":"Ja","InspLuftUndAvtalEgipres":"Nej"}}},{"type":"Feature","geometry":{"type":"Polygon","coordinates":[[[11.945179899323362,57.710686899131986],[11.945470300521883,57.71085226066181],[11.94516158712334,57.7110075425709],[11.944871185380629,57.71084218930729],[11.945179899323362,57.710686899131986]]]},"properties":{"id":"f146617e-6e59-4de8-860c-ffbe6c2beaa1","objektidentitet":"4503db2e-8675-4cd2-af8f-e1b784436cea","versiongiltigfran":"2015-10-20T08:39:07.693Z","lagesosakerhetplan":0.06,"lagesosakerhethojd":2.5,"ursprunglig_organisation":"G\u00f6teborg","objektversion":2.0,"objekttypnr":2064.0,"objekttyp":"Verksamhet","insamlingslage":"Takkant","byggnadsnamn1":"None","byggnadsnamn2":"None","byggnadsnamn3":"None","husnummer":3.0,"huvudbyggnad":"Nej","andamal1":"Verksamhet;","andamal2":"None","andamal3":"None","andamal4":"None","andamal5":"None","FormularId":1384731,"fastighetsbeteckning":"LUNDBYVASSEN 4:7","energy_class":"C","energy_performance":55,"specific_energy":40,"building_category":"Lokalbyggnader","construction_year":1988,"epc_detail":{"IdAdr":"Regnb\u00e5gsgatan 6","IdPostnr":41755,"IdPostort":"G\u00f6teborg","IdKommun":"G\u00f6teborg","EgenByggnadsKat":"Lokalbyggnader","EgenByggnadsTyp":"Friliggande","EgenNybyggAr":1988,"EgenAtemp":20255,"EgenAntalPlan":8,"EgenAntalKallarplan":1,"EgenAntalTrapphus":6,"EgenProjVentFlode":"0,34999999999999998","EgenInstEleffektStorre":"Nej","EgenSkyddadEllerVardefull":0,"EgiEnergiklass":"C","EgiEnergiPrestanda":55,"EgiSpecifikEnergianvandning":40,"EgiEnergianvandning":804391,"EgiPrimarenergianvandning":1109431,"EgiPrimarenergital2020":55,"EgiForstaArManad":2201,"EgiSistaArManad":2212,"EgiBeraknatVarde":"Nej","VentTypFTX":"Ja","VentTypF":"Nej","VentTypFT":"Nej","VentTypSjalvdrag":"Nej","VentTypFmed":"Nej","VentGruppKrav":"Ja","EgiSumma2":772780,"EgiFjarrkyla":8091,"EgiFastighet":334121,"EgiStationEI":"G\u00f6teborg","EgiRefvarde1":70,"EgiRefvarde2Max":150,"EgiVersion":2022,"VentGruppGodkand":"Ja","RadGruppHaltMatt":"Nej","Godkand":"2023-06-12","Version":2.8,"ExpertBehorighet":"Kvalificerad","VentGruppUtanAnm":1,"InspUppvGruppInspSkyldighet":"Ja","InspUppvUndAvtalEgipres":"Nej","InspLuftGruppInspSkyldighet":"Ja","InspLuftUndAvtalEgipres":"Nej","AtgForslagEgiMinskad":18000,"AtgForslagKostnad":"0,20000000000000001"}}},{"type":"Feature","geometry":{"type":"Polygon","coordinates":[[[11.945179868829975,57.710686862443865],[11.945162695275279,57.71069556154756],[11.944982270227642,57.710587807368874],[11.94501605896806,57.71057165403843],[11.94519649084356,57.71067932744209],[11.945180282633588,57.710687133086346],[11.945179868829975,57.710686862443865]]]},"properties":{"id":"4be45cac-cf52-49b8-ade2-d47f1deb0839","objektidentitet":"4503db2e-8675-4cd2-af8f-e1b784436cea","versiongiltigfran":"2015-10-20T08:39:07.693Z","lagesosakerhetplan":0.06,"lagesosakerhethojd":null,"ursprunglig_organisation":"G\u00f6teborg","objektversion":2.0,"objekttypnr":2064.0,"objekttyp":"Verksamhet","insamlingslage":"Takkant","byggnadsnamn1":"None","byggnadsnamn2":"None","byggnadsnamn3":"None","husnummer":3.0,"huvudbyggnad":"Nej","andamal1":"Verksamhet;","andamal2":"None","andamal3":"None","andamal4":"None","andamal5":"None","FormularId":1384731,"fastighetsbeteckning":"LUNDBYVASSEN 4:7","energy_class":"C","energy_performance":55,"specific_energy":40,"building_category":"Lokalbyggnader","construction_year":1988,"epc_detail":{"IdAdr":"Regnb\u00e5gsgatan 6","IdPostnr":41755,"IdPostort":"G\u00f6teborg","IdKommun":"G\u00f6teborg","EgenByggnadsKat":"Lokalbyggnader","EgenByggnadsTyp":"Friliggande","EgenNybyggAr":1988,"EgenAtemp":20255,"EgenAntalPlan":8,"EgenAntalKallarplan":1,"EgenAntalTrapphus":6,"EgenProjVentFlode":"0,34999999999999998","EgenInstEleffektStorre":"Nej","EgenSkyddadEllerVardefull":0,"EgiEnergiklass":"C","EgiEnergiPrestanda":55,"EgiSpecifikEnergianvandning":40,"EgiEnergianvandning":804391,"EgiPrimarenergianvandning":1109431,"EgiPrimarenergital2020":55,"EgiForstaArManad":2201,"EgiSistaArManad":2212,"EgiBeraknatVarde":"Nej","VentTypFTX":"Ja","VentTypF":"Nej","VentTypFT":"Nej","VentTypSjalvdrag":"Nej","VentTypFmed":"Nej","VentGruppKrav":"Ja","EgiSumma2":772780,"EgiFjarrkyla":8091,"EgiFastighet":334121,"EgiStationEI":"G\u00f6teborg","EgiRefvarde1":70,"EgiRefvarde2Max":150,"EgiVersion":2022,"VentGruppGodkand":"Ja","RadGruppHaltMatt":"Nej","Godkand":"2023-06-12","Version":2.8,"ExpertBehorighet":"Kvalificerad","VentGruppUtanAnm":1,"InspUppvGruppInspSkyldighet":"Ja","InspUppvUndAvtalEgipres":"Nej","InspLuftGruppInspSkyldighet":"Ja","InspLuftUndAvtalEgipres":"Nej","AtgForslagEgiMinskad":18000,"AtgForslagKostnad":"0,20000000000000001"}}},{"type":"Feature","geometry":{"type":"Polygon","coordinates":[[[11.944969503501074,57.71059423105469],[11.945155699265046,57.710699068690786],[11.944890283460596,57.71083257500494],[11.944841935658449,57.71081445618294],[11.944822265521074,57.71082288822937],[11.944814812985413,57.710822447606105],[11.944809739159595,57.710825264137945],[11.94480701718011,57.71084201486564],[11.944771598843003,57.71084004502758],[11.944774057743523,57.710822829561565],[11.944768788067812,57.71081940372216],[11.944694426356483,57.71077421405355],[11.94474479793332,57.71075298760512],[11.944702385065588,57.71072861263092],[11.944969503501074,57.71059423105469]]]},"properties":{"id":"17ff84af-4c33-4a3b-b158-ac779af9ba15","objektidentitet":"4503db2e-8675-4cd2-af8f-e1b784436cea","versiongiltigfran":"2015-10-20T08:39:07.693Z","lagesosakerhetplan":0.06,"lagesosakerhethojd":null,"ursprunglig_organisation":"G\u00f6teborg","objektversion":2.0,"objekttypnr":2064.0,"objekttyp":"Verksamhet","insamlingslage":"Takkant","byggnadsnamn1":"None","byggnadsnamn2":"None","byggnadsnamn3":"None","husnummer":3.0,"huvudbyggnad":"Nej","andamal1":"Verksamhet;","andamal2":"None","andamal3":"None","andamal4":"None","andamal5":"None","FormularId":1384731,"fastighetsbeteckning":"LUNDBYVASSEN 4:7","energy_class":"C","energy_performance":55,"specific_energy":40,"building_category":"Lokalbyggnader","construction_year":1988,"epc_detail":{"IdAdr":"Regnb\u00e5gsgatan 6","IdPostnr":41755,"IdPostort":"G\u00f6teborg","IdKommun":"G\u00f6teborg","EgenByggnadsKat":"Lokalbyggnader","EgenByggnadsTyp":"Friliggande","EgenNybyggAr":1988,"EgenAtemp":20255,"EgenAntalPlan":8,"EgenAntalKallarplan":1,"EgenAntalTrapphus":6,"EgenProjVentFlode":"0,34999999999999998","EgenInstEleffektStorre":"Nej","EgenSkyddadEllerVardefull":0,"EgiEnergiklass":"C","EgiEnergiPrestanda":55,"EgiSpecifikEnergianvandning":40,"EgiEnergianvandning":804391,"EgiPrimarenergianvandning":1109431,"EgiPrimarenergital2020":55,"EgiForstaArManad":2201,"EgiSistaArManad":2212,"EgiBeraknatVarde":"Nej","VentTypFTX":"Ja","VentTypF":"Nej","VentTypFT":"Nej","VentTypSjalvdrag":"Nej","VentTypFmed":"Nej","VentGruppKrav":"Ja","EgiSumma2":772780,"EgiFjarrkyla":8091,"EgiFastighet":334121,"EgiStationEI":"G\u00f6teborg","EgiRefvarde1":70,"EgiRefvarde2Max":150,"EgiVersion":2022,"VentGruppGodkand":"Ja","RadGruppHaltMatt":"Nej","Godkand":"2023-06-12","Version":2.8,"ExpertBehorighet":"Kvalificerad","VentGruppUtanAnm":1,"InspUppvGruppInspSkyldighet":"Ja","InspUppvUndAvtalEgipres":"Nej","InspLuftGruppInspSkyldighet":"Ja","InspLuftUndAvtalEgipres":"Nej","AtgForslagEgiMinskad":18000,"AtgForslagKostnad":"0,20000000000000001"}}},{"type":"Feature","geometry":{"type":"Polygon","coordinates":[[[11.94459770584796,57.71082651597401],[11.944597307270042,57.71082745907116],[11.944705962139569,57.71078119765812],[11.94475073525624,57.710808451846965],[11.944641644317054,57.710857893491145],[11.944648483329846,57.71086521306861],[11.94462691960829,57.71087399482463],[11.944553397226702,57.71083219582583],[11.944567702244601,57.710827247404204],[11.944580391795366,57.710825127123286],[11.944591743099073,57.710825733823164],[11.94459770584796,57.71082651597401]]]},"properties":{"id":"451196b4-0cd3-4b15-84d4-66174388f916","objektidentitet":"4503db2e-8675-4cd2-af8f-e1b784436cea","versiongiltigfran":"2015-10-20T08:39:07.693Z","lagesosakerhetplan":0.06,"lagesosakerhethojd":null,"ursprunglig_organisation":"G\u00f6teborg","objektversion":2.0,"objekttypnr":2064.0,"objekttyp":"Verksamhet","insamlingslage":"Takkant","byggnadsnamn1":"None","byggnadsnamn2":"None","byggnadsnamn3":"None","husnummer":3.0,"huvudbyggnad":"Nej","andamal1":"Verksamhet;","andamal2":"None","andamal3":"None","andamal4":"None","andamal5":"None","FormularId":1384731,"fastighetsbeteckning":"LUNDBYVASSEN 4:7","energy_class":"C","energy_performance":55,"specific_energy":40,"building_category":"Lokalbyggnader","construction_year":1988,"epc_detail":{"IdAdr":"Regnb\u00e5gsgatan 6","IdPostnr":41755,"IdPostort":"G\u00f6teborg","IdKommun":"G\u00f6teborg","EgenByggnadsKat":"Lokalbyggnader","EgenByggnadsTyp":"Friliggande","EgenNybyggAr":1988,"EgenAtemp":20255,"EgenAntalPlan":8,"EgenAntalKallarplan":1,"EgenAntalTrapphus":6,"EgenProjVentFlode":"0,34999999999999998","EgenInstEleffektStorre":"Nej","EgenSkyddadEllerVardefull":0,"EgiEnergiklass":"C","EgiEnergiPrestanda":55,"EgiSpecifikEnergianvandning":40,"EgiEnergianvandning":804391,"EgiPrimarenergianvandning":1109431,"EgiPrimarenergital2020":55,"EgiForstaArManad":2201,"EgiSistaArManad":2212,"EgiBeraknatVarde":"Nej","VentTypFTX":"Ja","VentTypF":"Nej","VentTypFT":"Nej","VentTypSjalvdrag":"Nej","VentTypFmed":"Nej","VentGruppKrav":"Ja","EgiSumma2":772780,"EgiFjarrkyla":8091,"EgiFastighet":334121,"EgiStationEI":"G\u00f6teborg","EgiRefvarde1":70,"EgiRefvarde2Max":150,"EgiVersion":2022,"VentGruppGodkand":"Ja","RadGruppHaltMatt":"Nej","Godkand":"2023-06-12","Version":2.8,"ExpertBehorighet":"Kvalificerad","VentGruppUtanAnm":1,"InspUppvGruppInspSkyldighet":"Ja","InspUppvUndAvtalEgipres":"Nej","InspLuftGruppInspSkyldighet":"Ja","InspLuftUndAvtalEgipres":"Nej","AtgForslagEgiMinskad":18000,"AtgForslagKostnad":"0,20000000000000001"}}},{"type":"Feature","geometry":{"type":"Polygon","coordinates":[[[11.944395671449278,57.71057154663578],[11.944702807950886,57.71041703742894],[11.944993092040503,57.71058234336707],[11.94468597208702,57.7107368536782],[11.944395671449278,57.71057154663578]]]},"properties":{"id":"8f5fa9ad-ea9b-4fd5-9340-69ed2e685408","objektidentitet":"4503db2e-8675-4cd2-af8f-e1b784436cea","versiongiltigfran":"2015-10-20T08:39:07.693Z","lagesosakerhetplan":0.06,"lagesosakerhethojd":2.5,"ursprunglig_organisation":"G\u00f6teborg","objektversion":2.0,"objekttypnr":2064.0,"objekttyp":"Verksamhet","insamlingslage":"Takkant","byggnadsnamn1":"None","byggnadsnamn2":"None","byggnadsnamn3":"None","husnummer":3.0,"huvudbyggnad":"Nej","andamal1":"Verksamhet;","andamal2":"None","andamal3":"None","andamal4":"None","andamal5":"None","FormularId":1384731,"fastighetsbeteckning":"LUNDBYVASSEN 4:7","energy_class":"C","energy_performance":55,"specific_energy":40,"building_category":"Lokalbyggnader","construction_year":1988,"epc_detail":{"IdAdr":"Regnb\u00e5gsgatan 6","IdPostnr":41755,"IdPostort":"G\u00f6teborg","IdKommun":"G\u00f6teborg","EgenByggnadsKat":"Lokalbyggnader","EgenByggnadsTyp":"Friliggande","EgenNybyggAr":1988,"EgenAtemp":20255,"EgenAntalPlan":8,"EgenAntalKallarplan":1,"EgenAntalTrapphus":6,"EgenProjVentFlode":"0,34999999999999998","EgenInstEleffektStorre":"Nej","EgenSkyddadEllerVardefull":0,"EgiEnergiklass":"C","EgiEnergiPrestanda":55,"EgiSpecifikEnergianvandning":40,"EgiEnergianvandning":804391,"EgiPrimarenergianvandning":1109431,"EgiPrimarenergital2020":55,"EgiForstaArManad":2201,"EgiSistaArManad":2212,"EgiBeraknatVarde":"Nej","VentTypFTX":"Ja","VentTypF":"Nej","VentTypFT":"Nej","VentTypSjalvdrag":"Nej","VentTypFmed":"Nej","VentGruppKrav":"Ja","EgiSumma2":772780,"EgiFjarrkyla":8091,"EgiFastighet":334121,"EgiStationEI":"G\u00f6teborg","EgiRefvarde1":70,"EgiRefvarde2Max":150,"EgiVersion":2022,"VentGruppGodkand":"Ja","RadGruppHaltMatt":"Nej","Godkand":"2023-06-12","Version":2.8,"ExpertBehorighet":"Kvalificerad","VentGruppUtanAnm":1,"InspUppvGruppInspSkyldighet":"Ja","InspUppvUndAvtalEgipres":"Nej","InspLuftGruppInspSkyldighet":"Ja","InspLuftUndAvtalEgipres":"Nej","AtgForslagEgiMinskad":18000,"AtgForslagKostnad":"0,20000000000000001"}}},{"type":"Feature","geometry":{"type":"Polygon","coordinates":[[[11.939835430538263,57.71041752398251],[11.939726155879697,57.71047305086906],[11.939553891313206,57.71037465382175],[11.939663873766778,57.71031949473659],[11.939835430538263,57.71041752398251]]]},"properties":{"id":"310cd35f-d4dd-48c2-a4ae-2ac761180cfc","objektidentitet":"df0f5c68-6c51-476f-8219-7c51ca0be26b","versiongiltigfran":"2017-04-07T11:07:58.631Z","lagesosakerhetplan":0.05,"lagesosakerhethojd":null,"ursprunglig_organisation":"G\u00f6teborg","objektversion":1.0,"objekttypnr":2067.0,"objekttyp":"\u00d6vrig byggnad","insamlingslage":"Fasad","byggnadsnamn1":"None","byggnadsnamn2":"None","byggnadsnamn3":"None","husnummer":2.0,"huvudbyggnad":"Nej","andamal1":"\u00d6vrig byggnad;","andamal2":"None","andamal3":"None","andamal4":"None","andamal5":"None","FormularId":null,"energy_class":null,"energy_performance":null,"specific_energy":null,"building_category":null,"construction_year":null,"epc_detail":{}}},{"type":"Feature","geometry":{"type":"Polygon","coordinates":[[[11.937111706048638,57.710234794118065],[11.937286863454519,57.71033384885239],[11.937243092157873,57.71035601412855],[11.937067934768582,57.710256959334075],[11.937111706048638,57.710234794118065]]]},"properties":{"id":"ebc46d01-923d-43a5-9c61-1e14dbd11b33","objektidentitet":"7013e96c-2695-4f04-8b5c-c26b65b90662","versiongiltigfran":"2011-03-23T08:59:58.321Z","lagesosakerhetplan":0.06,"lagesosakerhethojd":null,"ursprunglig_organisation":"Lantm\u00e4teriet","objektversion":1.0,"objekttypnr":2066.0,"objekttyp":"Komplementbyggnad","insamlingslage":"Takkant","byggnadsnamn1":"None","byggnadsnamn2":"None","byggnadsnamn3":"None","husnummer":6.0,"huvudbyggnad":"Nej","andamal1":"Komplementbyggnad;","andamal2":"None","andamal3":"None","andamal4":"None","andamal5":"None","FormularId":1032367,"fastighetsbeteckning":"LINDHOLMEN 735:484","energy_class":"G","energy_performance":328,"specific_energy":192,"building_category":"Lokalbyggnader","construction_year":2003,"epc_detail":{"IdAdr":"Lindholmsall\u00e9n 30","IdPostnr":41755,"IdPostort":"G\u00f6teborg","IdKommun":"G\u00f6teborg","EgenByggnadsKat":"Lokalbyggnader","EgenByggnadsTyp":"Friliggande","EgenNybyggAr":2003,"EgenAtemp":54,"EgenAntalPlan":1,"EgenAntalKallarplan":0,"EgenAntalTrapphus":0,"EgenAntalBolgh":0,"EgenProjVentFlode":"1","EgenInstEleffektStorre":"Ja","EgenSkyddadEllerVardefull":0,"EgiEnergiklass":"G","EgiEnergiPrestanda":328,"EgiSpecifikEnergianvandning":192,"EgiEnergianvandning":10343,"EgiPrimarenergianvandning":17736,"EgiForstaArManad":1801,"EgiSistaArManad":1812,"EgiBeraknatVarde":"Nej","VentTypFTX":"Ja","VentTypF":"Nej","VentTypFT":"Nej","VentTypSjalvdrag":"Nej","VentTypFmed":"Nej","VentGruppKrav":"Ja","EgiSumma2":9680,"EgiFastighet":3169,"EgiStationEI":"G\u00f6teborg","EgiRefvarde1":126,"EgiRefvarde2Max":150,"EgiVersion":2019,"VentGruppGodkand":"Nej","RadGruppHaltMatt":"Nej","Godkand":"2020-06-15","Version":2.7,"ExpertBehorighet":"Kvalificerad","InspUppvUndAvtalEgipres":"Nej","InspLuftUndAvtalEgipres":"Nej"}}},{"type":"Feature","geometry":{"type":"Polygon","coordinates":[[[11.94720189851495,57.70963195117731],[11.947152411194871,57.709675211383136],[11.947065279847195,57.709646648257],[11.947114767229971,57.70960338808574],[11.94720189851495,57.70963195117731]]]},"properties":{"id":"42a022dc-48b8-4ff7-93c4-02bdb4d33a44","objektidentitet":"da769849-3d85-44d9-b2e5-af9674cfa8fe","versiongiltigfran":"2011-03-23T08:52:04.687Z","lagesosakerhetplan":0.06,"lagesosakerhethojd":null,"ursprunglig_organisation":"Lantm\u00e4teriet","objektversion":1.0,"objekttypnr":2066.0,"objekttyp":"Komplementbyggnad","insamlingslage":"Takkant","byggnadsnamn1":"None","byggnadsnamn2":"None","byggnadsnamn3":"None","husnummer":46.0,"huvudbyggnad":"Nej","andamal1":"Komplementbyggnad;","andamal2":"None","andamal3":"None","andamal4":"None","andamal5":"None","FormularId":null,"energy_class":null,"energy_performance":null,"specific_energy":null,"building_category":null,"construction_year":null,"epc_detail":{}}},{"type":"Feature","geometry":{"type":"Polygon","coordinates":[[[11.945167403004447,57.71138042236385],[11.945106415273962,57.71134569430469],[11.94518405194702,57.71130662882872],[11.945214899382453,57.71132418113978],[11.94570246399861,57.71107881658924],[11.945732621098685,57.71109599258948],[11.945167403004447,57.71138042236385]]]},"properties":{"id":"bbd60266-f7e6-48ac-b275-0b0c21bf6282","objektidentitet":"b02545a6-8877-42bc-98f5-d3cfd8e557a5","versiongiltigfran":"2023-06-09T13:25:47.735Z","lagesosakerhetplan":0.1,"lagesosakerhethojd":null,"ursprunglig_organisation":"Kommunsamverkan","objektversion":4.0,"objekttypnr":2064.0,"objekttyp":"Verksamhet","insamlingslage":"Takkant","byggnadsnamn1":"None","byggnadsnamn2":"None","byggnadsnamn3":"None","husnummer":1.0,"huvudbyggnad":"Nej","andamal1":"Verksamhet;","andamal2":"None","andamal3":"None","andamal4":"None","andamal5":"None","FormularId":1457832,"fastighetsbeteckning":"LUNDBYVASSEN 4:21","energy_class":"A","energy_performance":36,"specific_energy":40,"building_category":"Lokalbyggnader","construction_year":2022,"epc_detail":{"IdAdr":"Pumpgatan 1","IdPostnr":41755,"IdPostort":"G\u00f6teborg","IdKommun":"G\u00f6teborg","EgenByggnadsKat":"Lokalbyggnader","EgenByggnadsTyp":"Gavel","EgenNybyggAr":2022,"EgenAtemp":39611,"EgenAntalKallarplan":0,"EgenProjVentFlode":"0,39000000000000001","EgenInstEleffektStorre":"Nej","EgenSkyddadEllerVardefull":0,"EgiEnergiklass":"A","EgiEnergiPrestanda":36,"EgiSpecifikEnergianvandning":40,"EgiEnergianvandning":1574354,"EgiPrimarenergianvandning":1434529,"EgiPrimarenergital2020":36,"EgiForstaArManad":2303,"EgiSistaArManad":2402,"EgiBeraknatVarde":"Nej","VentTypFTX":"Ja","VentTypF":"Nej","VentTypFT":"Nej","VentTypSjalvdrag":"Nej","VentTypFmed":"Nej","VentGruppKrav":"Ja","EgiSumma2":1568813,"EgiFjarrkyla":436739,"EgiFastighet":287448,"EgiStationEI":"G\u00f6teborg","EgiRefvarde1":72,"EgiRefvarde2Max":100,"EgiVersion":2023,"VentGruppGodkand":"Ja","RadGruppHaltMatt":"Ja","RadHalt":110,"RadTypMatning":"L\u00e5ngtidsm\u00e4tning enligt SSI","RadMatDatum":"2024-01-04","Godkand":"2024-05-17","Version":3.0,"ExpertBehorighet":"Kvalificerad","VentGruppUtanAnm":1,"InspUppvGruppInspSkyldighet":"Nej","InspUppvUndAvtalEgipres":"Nej","InspLuftGruppInspSkyldighet":"Nej","InspLuftUndAvtalEgipres":"Nej","AtgForslagEgiMinskad":36100,"AtgForslagKostnad":"1,1000000000000001"}}},{"type":"Feature","geometry":{"type":"Polygon","coordinates":[[[11.941924281419627,57.71080971096107],[11.941962198275458,57.71079102473614],[11.94213756803918,57.71088953836721],[11.942098408524595,57.710909219236605],[11.941924281419627,57.71080971096107]]]},"properties":{"id":"b4bd02e1-1c32-4aad-ac36-46d28beeed7f","objektidentitet":"3db38c14-fb36-4003-937c-df2a902e9bc3","versiongiltigfran":"2022-04-28T13:51:03.460Z","lagesosakerhetplan":0.1,"lagesosakerhethojd":null,"ursprunglig_organisation":"G\u00f6teborg","objektversion":2.0,"objekttypnr":2066.0,"objekttyp":"Komplementbyggnad","insamlingslage":"Takkant","byggnadsnamn1":"None","byggnadsnamn2":"None","byggnadsnamn3":"None","husnummer":2.0,"huvudbyggnad":"Nej","andamal1":"Komplementbyggnad;","andamal2":"None","andamal3":"None","andamal4":"None","andamal5":"None","FormularId":1230772,"fastighetsbeteckning":"LUNDBYVASSEN 3:1","energy_class":"C","energy_performance":81,"specific_energy":98,"building_category":"Lokalbyggnader","construction_year":1949,"epc_detail":{"IdAdr":"Regnb\u00e5gsgatan 1A","IdPostnr":41755,"IdPostort":"G\u00f6teborg","IdKommun":"G\u00f6teborg","EgenByggnadsKat":"Lokalbyggnader","EgenByggnadsTyp":"Friliggande","EgenNybyggAr":1949,"EgenAtemp":10803,"EgenAntalPlan":6,"EgenAntalKallarplan":1,"EgenAntalTrapphus":3,"EgenAntalBolgh":0,"EgenProjVentFlode":"0,82999999999999996","EgenInstEleffektStorre":"Nej","EgenSkyddadEllerVardefull":0,"EgiEnergiklass":"C","EgiEnergiPrestanda":81,"EgiSpecifikEnergianvandning":98,"EgiEnergianvandning":1063684,"EgiPrimarenergianvandning":876567,"EgiPrimarenergital2020":81,"EgiForstaArManad":2001,"EgiSistaArManad":2012,"EgiBeraknatVarde":"Nej","VentTypFTX":"Ja","VentTypF":"Nej","VentTypFT":"Nej","VentTypSjalvdrag":"Nej","VentTypFmed":"Nej","VentGruppKrav":"Ja","EgiSumma2":939208,"EgiFjarrkyla":215570,"EgiFastighet":87321,"EgiStationEI":"G\u00f6teborg","EgiRefvarde1":89,"EgiRefvarde2Max":155,"EgiVersion":2021,"VentGruppGodkand":"Ja","RadGruppHaltMatt":"Nej","Godkand":"2021-12-07","Version":2.8,"ExpertBehorighet":"Kvalificerad","VentGruppUtanAnm":0,"InspUppvGruppInspSkyldighet":"Ja","InspUppvUndAvtalEgipres":"Nej","InspLuftGruppInspSkyldighet":"Ja","InspLuftUndAvtalEgipres":"Nej"}}},{"type":"Feature","geometry":{"type":"Polygon","coordinates":[[[11.94464471577143,57.70959484541943],[11.94524283311467,57.70993926389296],[11.945004703166754,57.71005772726293],[11.944406602209302,57.70971331704672],[11.94464471577143,57.70959484541943]]]},"properties":{"id":"40f059df-e2f5-48f6-8a8a-2d35bd018d91","objektidentitet":"31a6f488-1428-4147-90b3-4f43f409f2d5","versiongiltigfran":"2017-10-26T09:00:18.235Z","lagesosakerhetplan":0.06,"lagesosakerhethojd":null,"ursprunglig_organisation":"G\u00f6teborg","objektversion":3.0,"objekttypnr":2062.0,"objekttyp":"Industri","insamlingslage":"Takkant","byggnadsnamn1":"None","byggnadsnamn2":"None","byggnadsnamn3":"None","husnummer":71.0,"huvudbyggnad":"Nej","andamal1":"Industri;Tillverkning","andamal2":"None","andamal3":"None","andamal4":"None","andamal5":"None","FormularId":1029631,"fastighetsbeteckning":"LUNDBYVASSEN 4:6","energy_class":"D","energy_performance":143,"specific_energy":111,"building_category":"Lokalbyggnader","construction_year":1975,"epc_detail":{"IdAdr":"Regnb\u00e5gsgatan 7","IdPostnr":41755,"IdPostort":"G\u00f6teborg","IdKommun":"G\u00f6teborg","EgenByggnadsKat":"Lokalbyggnader","EgenByggnadsTyp":"Friliggande","EgenNybyggAr":1975,"EgenAtemp":3263,"EgenAntalPlan":3,"EgenAntalKallarplan":1,"EgenAntalTrapphus":3,"EgenProjVentFlode":"1,8999999999999999","EgenInstEleffektStorre":"Nej","EgenSkyddadEllerVardefull":0,"EgiEnergiklass":"D","EgiEnergiPrestanda":143,"EgiSpecifikEnergianvandning":111,"EgiEnergianvandning":362710,"EgiPrimarenergianvandning":465946,"EgiForstaArManad":1801,"EgiSistaArManad":1812,"EgiBeraknatVarde":"Nej","VentTypFTX":"Ja","VentTypF":"Nej","VentTypFT":"Nej","VentTypSjalvdrag":"Nej","VentTypFmed":"Nej","VentGruppKrav":"Ja","EgiSumma2":340304,"EgiFastighet":124295,"EgiStationEI":"G\u00f6teborg","EgiRefvarde1":126,"EgiRefvarde2Max":205,"EgiVersion":2019,"VentGruppGodkand":"Nej","RadGruppHaltMatt":"Nej","Godkand":"2019-12-23","Version":2.6,"ExpertBehorighet":"Kvalificerad","AtgForslagEgiMinskad":62000,"AtgForslagKostnad":"0"}}},{"type":"Feature","geometry":{"type":"Polygon","coordinates":[[[11.9468989555637,57.70963084224553],[11.946890072489358,57.70963901362332],[11.94678605971189,57.709606726342464],[11.9467996457865,57.709594156524126],[11.946888579222898,57.709621855545976],[11.946889140046574,57.709624367729894],[11.946890924852024,57.70962670272966],[11.946892590919303,57.70962805517762],[11.946895206924491,57.709629493466224],[11.9468989555637,57.70963084224553]]]},"properties":{"id":"b039abcd-9d1f-494f-8e4f-eca8c23a15bb","objektidentitet":"fdbbdccf-736d-438c-8bfc-8ba08ebc80fd","versiongiltigfran":"2017-01-02T13:33:11.662Z","lagesosakerhetplan":0.06,"lagesosakerhethojd":null,"ursprunglig_organisation":"G\u00f6teborg","objektversion":3.0,"objekttypnr":2066.0,"objekttyp":"Komplementbyggnad","insamlingslage":"Takkant","byggnadsnamn1":"None","byggnadsnamn2":"None","byggnadsnamn3":"None","husnummer":32.0,"huvudbyggnad":"Nej","andamal1":"Komplementbyggnad;","andamal2":"None","andamal3":"None","andamal4":"None","andamal5":"None","FormularId":null,"energy_class":null,"energy_performance":null,"specific_energy":null,"building_category":null,"construction_year":null,"epc_detail":{}}},{"type":"Feature","geometry":{"type":"Polygon","coordinates":[[[11.946320959295448,57.70946203864543],[11.946911535838552,57.70964576024948],[11.946815634399785,57.70973406230451],[11.946224969857019,57.709549978625944],[11.946320959295448,57.70946203864543]]]},"properties":{"id":"922a5eb2-6008-4418-8193-567ba4205b36","objektidentitet":"fdbbdccf-736d-438c-8bfc-8ba08ebc80fd","versiongiltigfran":"2017-01-02T13:33:11.662Z","lagesosakerhetplan":0.06,"lagesosakerhethojd":2.5,"ursprunglig_organisation":"G\u00f6teborg","objektversion":3.0,"objekttypnr":2066.0,"objekttyp":"Komplementbyggnad","insamlingslage":"Takkant","byggnadsnamn1":"None","byggnadsnamn2":"None","byggnadsnamn3":"None","husnummer":32.0,"huvudbyggnad":"Nej","andamal1":"Komplementbyggnad;","andamal2":"None","andamal3":"None","andamal4":"None","andamal5":"None","FormularId":null,"energy_class":null,"energy_performance":null,"specific_energy":null,"building_category":null,"construction_year":null,"epc_detail":{}}},{"type":"Feature","geometry":{"type":"Polygon","coordinates":[[[11.946608093915147,57.70951702768703],[11.946321027084334,57.709462031293754],[11.94635414286036,57.709434114133444],[11.946608093915147,57.70951702768703]]]},"properties":{"id":"9268fb89-923b-467a-8003-9aaafe901efb","objektidentitet":"fdbbdccf-736d-438c-8bfc-8ba08ebc80fd","versiongiltigfran":"2017-01-02T13:33:11.662Z","lagesosakerhetplan":0.06,"lagesosakerhethojd":null,"ursprunglig_organisation":"G\u00f6teborg","objektversion":3.0,"objekttypnr":2066.0,"objekttyp":"Komplementbyggnad","insamlingslage":"Takkant","byggnadsnamn1":"None","byggnadsnamn2":"None","byggnadsnamn3":"None","husnummer":32.0,"huvudbyggnad":"Nej","andamal1":"Komplementbyggnad;","andamal2":"None","andamal3":"None","andamal4":"None","andamal5":"None","FormularId":null,"energy_class":null,"energy_performance":null,"specific_energy":null,"building_category":null,"construction_year":null,"epc_detail":{}}},{"type":"Feature","geometry":{"type":"Polygon","coordinates":[[[11.94657711350014,57.70954172483713],[11.94660491156948,57.70951613297604],[11.946801438845105,57.70957725751607],[11.946773657623096,57.709602849825444],[11.94657711350014,57.70954172483713]]]},"properties":{"id":"e912d04d-ee42-4996-8138-69faf5042995","objektidentitet":"fdbbdccf-736d-438c-8bfc-8ba08ebc80fd","versiongiltigfran":"2017-01-02T13:33:11.662Z","lagesosakerhetplan":0.1,"lagesosakerhethojd":null,"ursprunglig_organisation":"G\u00f6teborg","objektversion":3.0,"objekttypnr":2066.0,"objekttyp":"Komplementbyggnad","insamlingslage":"Takkant","byggnadsnamn1":"None","byggnadsnamn2":"None","byggnadsnamn3":"None","husnummer":32.0,"huvudbyggnad":"Nej","andamal1":"Komplementbyggnad;","andamal2":"None","andamal3":"None","andamal4":"None","andamal5":"None","FormularId":null,"energy_class":null,"energy_performance":null,"specific_energy":null,"building_category":null,"construction_year":null,"epc_detail":{}}},{"type":"Feature","geometry":{"type":"Polygon","coordinates":[[[11.940040867667264,57.71013000652651],[11.940212541443332,57.710228640285095],[11.93983537723286,57.710417558645005],[11.939663719057206,57.710319338198595],[11.940040867667264,57.71013000652651]]]},"properties":{"id":"4acddf18-0e4b-47de-b083-2d5b9cb30844","objektidentitet":"c348e939-393f-4f04-8bd0-03b3a3a41ac8","versiongiltigfran":"2018-04-10T13:03:17.060Z","lagesosakerhetplan":0.05,"lagesosakerhethojd":null,"ursprunglig_organisation":"G\u00f6teborg","objektversion":2.0,"objekttypnr":2063.0,"objekttyp":"Samh\u00e4llsfunktion","insamlingslage":"Fasad","byggnadsnamn1":"None","byggnadsnamn2":"None","byggnadsnamn3":"None","husnummer":1.0,"huvudbyggnad":"Nej","andamal1":"Samh\u00e4llsfunktion;Ospecificerad","andamal2":"None","andamal3":"None","andamal4":"None","andamal5":"None","FormularId":null,"energy_class":null,"energy_performance":null,"specific_energy":null,"building_category":null,"construction_year":null,"epc_detail":{}}},{"type":"Feature","geometry":{"type":"Polygon","coordinates":[[[11.948090975878563,57.71013186633169],[11.948025118346656,57.710111088339325],[11.948101895164713,57.710040884149244],[11.948167859965116,57.71006158379913],[11.948090975878563,57.71013186633169]]]},"properties":{"id":"55122c44-d3c9-4e8b-99b1-94fedccf7e46","objektidentitet":"ab306d61-ac38-494c-b49e-d15a02cee9f2","versiongiltigfran":"2022-05-06T11:39:01.310Z","lagesosakerhetplan":0.05,"lagesosakerhethojd":null,"ursprunglig_organisation":"G\u00f6teborg","objektversion":2.0,"objekttypnr":2067.0,"objekttyp":"\u00d6vrig byggnad","insamlingslage":"Fasad","byggnadsnamn1":"None","byggnadsnamn2":"None","byggnadsnamn3":"None","husnummer":74.0,"huvudbyggnad":"Nej","andamal1":"\u00d6vrig byggnad;","andamal2":"None","andamal3":"None","andamal4":"None","andamal5":"None","FormularId":null,"energy_class":null,"energy_performance":null,"specific_energy":null,"building_category":null,"construction_year":null,"epc_detail":{}}},{"type":"Feature","geometry":{"type":"Polygon","coordinates":[[[11.94274709053918,57.710639888409055],[11.942810968390427,57.710676745742504],[11.942787707984646,57.710688317397],[11.942723836947533,57.71065137932482],[11.94274709053918,57.710639888409055]]]},"properties":{"id":"19c8b702-7c97-4d0c-93f9-b1011727ad7e","objektidentitet":"ce009541-f3c3-419d-8e9f-b8b09fb95542","versiongiltigfran":"2011-03-23T08:36:00.374Z","lagesosakerhetplan":0.06,"lagesosakerhethojd":null,"ursprunglig_organisation":"Lantm\u00e4teriet","objektversion":1.0,"objekttypnr":2066.0,"objekttyp":"Komplementbyggnad","insamlingslage":"Takkant","byggnadsnamn1":"None","byggnadsnamn2":"None","byggnadsnamn3":"None","husnummer":8.0,"huvudbyggnad":"Nej","andamal1":"Komplementbyggnad;","andamal2":"None","andamal3":"None","andamal4":"None","andamal5":"None","FormularId":null,"energy_class":null,"energy_performance":null,"specific_energy":null,"building_category":null,"construction_year":null,"epc_detail":{}}},{"type":"Feature","geometry":{"type":"Polygon","coordinates":[[[11.94102296008055,57.709338512170255],[11.941255897100605,57.7092217911248],[11.941976825494812,57.70963393518801],[11.941743870543071,57.709750666115525],[11.94102296008055,57.709338512170255]]]},"properties":{"id":"fb82da5f-abf8-41d6-9f5f-86110284427d","objektidentitet":"55836fb0-b904-4ad1-b197-724885716930","versiongiltigfran":"2023-05-03T13:34:04.094Z","lagesosakerhetplan":null,"lagesosakerhethojd":null,"ursprunglig_organisation":"G\u00f6teborg","objektversion":4.0,"objekttypnr":2061.0,"objekttyp":"Bostad","insamlingslage":"Illustrativt l\u00e4ge","byggnadsnamn1":"None","byggnadsnamn2":"None","byggnadsnamn3":"None","husnummer":3.0,"huvudbyggnad":"Nej","andamal1":"Bostad;Flerfamiljshus","andamal2":"Verksamhet;","andamal3":"None","andamal4":"None","andamal5":"None","FormularId":1439383,"fastighetsbeteckning":"LINDHOLMEN 43:1","energy_class":"B","energy_performance":54,"specific_energy":59,"building_category":"Flerbostadshus","construction_year":2024,"epc_detail":{"IdAdr":"Lindholmsall\u00e9n 24D","IdPostnr":41756,"IdPostort":"G\u00f6teborg","IdKommun":"G\u00f6teborg","EgenByggnadsKat":"Flerbostadshus","EgenByggnadsTyp":"Mellanliggande","EgenNybyggAr":2024,"EgenAtemp":6266,"EgenAntalPlan":8,"EgenAntalKallarplan":1,"EgenAntalTrapphus":4,"EgenAntalBolgh":92,"EgenProjVentFlode":"0,53000000000000003","EgenInstEleffektStorre":"Nej","EgenSkyddadEllerVardefull":0,"EgiEnergiklass":"B","EgiEnergiPrestanda":54,"EgiSpecifikEnergianvandning":59,"EgiEnergianvandning":367600,"EgiPrimarenergianvandning":338731,"EgiPrimarenergital2020":54,"EgiBeraknatVarde":"Ja","EgiSolcell":104,"VentTypFTX":"Ja","VentTypF":"Nej","VentTypFT":"Nej","VentTypSjalvdrag":"Nej","VentTypFmed":"Nej","VentGruppKrav":"Ja","EgiSumma2":367600,"EgiBerElProduktion":19400,"EgiFastighet":62400,"EgiRefvarde1":75,"EgiRefvarde2Max":78,"EgiVersion":2023,"VentGruppGodkand":"Ja","RadGruppHaltMatt":"Nej","Godkand":"2024-02-14","Version":2.8,"ExpertBehorighet":"Kvalificerad","VentGruppUtanAnm":1,"InspUppvGruppInspSkyldighet":"Nej","InspUppvUndAvtalEgipres":"Nej","InspLuftUndAvtalEgipres":"Nej"}}},{"type":"Feature","geometry":{"type":"Polygon","coordinates":[[[11.945916933620609,57.70980879277033],[11.946149146824421,57.70994324065203],[11.94599864278257,57.710017676882025],[11.945813040402966,57.7099101943556],[11.945839046582886,57.70989690883748],[11.945889042489407,57.70987254508233],[11.945842511768008,57.70984562635213],[11.945916933620609,57.70980879277033]]]},"properties":{"id":"0883bf74-e5d2-45bf-a8b3-3d44eaf922c6","objektidentitet":"306d65d3-28e9-4093-80f5-cc58fa40854d","versiongiltigfran":"2018-08-28T10:54:49.632Z","lagesosakerhetplan":0.06,"lagesosakerhethojd":null,"ursprunglig_organisation":"G\u00f6teborg","objektversion":2.0,"objekttypnr":2062.0,"objekttyp":"Industri","insamlingslage":"Takkant","byggnadsnamn1":"None","byggnadsnamn2":"None","byggnadsnamn3":"None","husnummer":1.0,"huvudbyggnad":"Nej","andamal1":"Industri;Tillverkning","andamal2":"None","andamal3":"None","andamal4":"None","andamal5":"None","FormularId":1025248,"fastighetsbeteckning":"LUNDBYVASSEN 4:20","energy_class":"D","energy_performance":149,"specific_energy":85,"building_category":"Lokalbyggnader","construction_year":1976,"epc_detail":{"IdAdr":"Regnb\u00e5gsgatan 14","IdPostnr":41755,"IdPostort":"G\u00f6teborg","IdKommun":"G\u00f6teborg","EgenByggnadsKat":"Lokalbyggnader","EgenByggnadsTyp":"Friliggande","EgenNybyggAr":1976,"EgenAtemp":240,"EgenAntalPlan":2,"EgenAntalKallarplan":0,"EgenAntalTrapphus":0,"EgenAntalBolgh":0,"EgenProjVentFlode":"1","EgenInstEleffektStorre":"Nej","EgenSkyddadEllerVardefull":0,"EgiEnergiklass":"D","EgiEnergiPrestanda":149,"EgiSpecifikEnergianvandning":85,"EgiEnergianvandning":20364,"EgiPrimarenergianvandning":35800,"EgiForstaArManad":1901,"EgiSistaArManad":1912,"EgiBeraknatVarde":"Nej","VentTypFTX":"Nej","VentTypF":"Nej","VentTypFT":"Ja","VentTypSjalvdrag":"Nej","VentTypFmed":"Nej","VentGruppKrav":"Nej","EgiSumma2":18015,"EgiFastighet":1785,"EgiStationEI":"G\u00f6teborg","EgiRefvarde1":126,"EgiRefvarde2Max":195,"EgiVersion":2019,"RadGruppHaltMatt":"Nej","Godkand":"2020-06-15","Version":2.7,"ExpertBehorighet":"Kvalificerad","InspUppvUndAvtalEgipres":"Nej","InspLuftUndAvtalEgipres":"Nej"}}},{"type":"Feature","geometry":{"type":"Polygon","coordinates":[[[11.946565757975065,57.71104242009757],[11.947090227105074,57.710566726170185],[11.948024993564326,57.710861956023386],[11.947500532170114,57.711337653883156],[11.946565757975065,57.71104242009757]]]},"properties":{"id":"bf737711-98e9-495c-a789-e6eb40d0b7f4","objektidentitet":"808d1f90-ae9a-44b7-8d2e-31bf6e3ff822","versiongiltigfran":"2022-02-09T12:59:24.537Z","lagesosakerhetplan":0.1,"lagesosakerhethojd":null,"ursprunglig_organisation":"G\u00f6teborg","objektversion":3.0,"objekttypnr":2064.0,"objekttyp":"Verksamhet","insamlingslage":"Takkant","byggnadsnamn1":"None","byggnadsnamn2":"None","byggnadsnamn3":"None","husnummer":2.0,"huvudbyggnad":"Nej","andamal1":"Verksamhet;","andamal2":"None","andamal3":"None","andamal4":"None","andamal5":"None","FormularId":1457850,"fastighetsbeteckning":"LUNDBYVASSEN 4:23","energy_class":"B","energy_performance":55,"specific_energy":55,"building_category":"Lokalbyggnader","construction_year":2022,"epc_detail":{"IdAdr":"Pumpgatan 3","IdPostnr":41755,"IdPostort":"G\u00f6teborg","IdKommun":"G\u00f6teborg","EgenByggnadsKat":"Lokalbyggnader","EgenByggnadsTyp":"Friliggande","EgenNybyggAr":2022,"EgenAtemp":18090,"EgenAntalKallarplan":0,"EgenProjVentFlode":"0,60999999999999999","EgenInstEleffektStorre":"Nej","EgenSkyddadEllerVardefull":0,"EgiEnergiklass":"B","EgiEnergiPrestanda":55,"EgiSpecifikEnergianvandning":55,"EgiEnergianvandning":999794,"EgiPrimarenergianvandning":993128,"EgiPrimarenergital2020":55,"EgiForstaArManad":2304,"EgiSistaArManad":2403,"EgiBeraknatVarde":"Nej","VentTypFTX":"Ja","VentTypF":"Nej","VentTypFT":"Nej","VentTypSjalvdrag":"Nej","VentTypFmed":"Nej","VentGruppKrav":"Ja","EgiSumma2":989942,"EgiFjarrkyla":338945,"EgiFastighet":272525,"EgiStationEI":"G\u00f6teborg","EgiRefvarde1":80,"EgiRefvarde2Max":98,"EgiVersion":2023,"VentGruppGodkand":"Ja","RadGruppHaltMatt":"Nej","Godkand":"2024-05-17","Version":3.0,"ExpertBehorighet":"Kvalificerad","VentGruppUtanAnm":1,"InspUppvGruppInspSkyldighet":"Nej","InspUppvUndAvtalEgipres":"Nej","InspLuftGruppInspSkyldighet":"Nej","InspLuftUndAvtalEgipres":"Nej","AtgForslagEgiMinskad":25500,"AtgForslagKostnad":"1"}}},{"type":"Feature","geometry":{"type":"Polygon","coordinates":[[[11.94783208782237,57.71072542217536],[11.94787627668513,57.71068486507637],[11.948436152061785,57.710860576205874],[11.948394051571656,57.710900069362395],[11.94783208782237,57.71072542217536]]]},"properties":{"id":"2cadc99f-1fa4-47f3-8af3-5dc777b56e12","objektidentitet":"c07f9ee2-9640-4ff9-9f23-a84f83c5a376","versiongiltigfran":"2023-06-09T14:01:07.043Z","lagesosakerhetplan":0.1,"lagesosakerhethojd":null,"ursprunglig_organisation":"G\u00f6teborg","objektversion":1.0,"objekttypnr":2066.0,"objekttyp":"Komplementbyggnad","insamlingslage":"Takkant","byggnadsnamn1":"None","byggnadsnamn2":"None","byggnadsnamn3":"None","husnummer":2.0,"huvudbyggnad":"Nej","andamal1":"Komplementbyggnad;","andamal2":"None","andamal3":"None","andamal4":"None","andamal5":"None","FormularId":null,"energy_class":null,"energy_performance":null,"specific_energy":null,"building_category":null,"construction_year":null,"epc_detail":{}}},{"type":"Feature","geometry":{"type":"Polygon","coordinates":[[[11.945301012486642,57.706513849199155],[11.945171389143479,57.706632155389435],[11.945112380742,57.70661348254683],[11.945235579139842,57.70649809514912],[11.945301012486642,57.706513849199155]]]},"properties":{"id":"8004da34-67d9-4169-9a94-b7a2d6df5293","objektidentitet":"c7b8c850-f10a-4d96-bf3b-752b5c570b7c","versiongiltigfran":"2020-07-09T13:18:31.107Z","lagesosakerhetplan":0.06,"lagesosakerhethojd":2.5,"ursprunglig_organisation":"G\u00f6teborg","objektversion":4.0,"objekttypnr":2062.0,"objekttyp":"Industri","insamlingslage":"Takkant","byggnadsnamn1":"None","byggnadsnamn2":"None","byggnadsnamn3":"None","husnummer":2.0,"huvudbyggnad":"Nej","andamal1":"Industri;Tillverkning","andamal2":"None","andamal3":"None","andamal4":"None","andamal5":"None","FormularId":1010252,"fastighetsbeteckning":"LUNDBYVASSEN 4:6","energy_class":"D","energy_performance":160,"specific_energy":130,"building_category":"Lokalbyggnader","construction_year":1930,"epc_detail":{"IdAdr":"Theres Svenssons Gata 8","IdPostnr":41755,"IdPostort":"G\u00f6teborg","IdKommun":"G\u00f6teborg","EgenByggnadsKat":"Lokalbyggnader","EgenByggnadsTyp":"Friliggande","EgenNybyggAr":1930,"EgenAtemp":9158,"EgenAntalPlan":4,"EgenAntalKallarplan":0,"EgenAntalTrapphus":3,"EgenProjVentFlode":"1","EgenInstEleffektStorre":"Nej","EgenSkyddadEllerVardefull":0,"EgiEnergiklass":"D","EgiEnergiPrestanda":160,"EgiSpecifikEnergianvandning":130,"EgiEnergianvandning":1191416,"EgiPrimarenergianvandning":1464713,"EgiForstaArManad":1801,"EgiSistaArManad":1812,"EgiBeraknatVarde":"Nej","VentTypFTX":"Ja","VentTypF":"Nej","VentTypFT":"Nej","VentTypSjalvdrag":"Nej","VentTypFmed":"Nej","VentGruppKrav":"Ja","EgiSumma2":1110856,"EgiFjarrkyla":55600,"EgiFastighet":305040,"EgiStationEI":"G\u00f6teborg","EgiRefvarde1":126,"EgiRefvarde2Max":188,"EgiVersion":2019,"VentGruppGodkand":"Delvis","RadGruppHaltMatt":"Nej","Godkand":"2019-12-23","Version":2.6,"ExpertBehorighet":"Kvalificerad","VentDelvisProcent":7,"VentGruppUtanAnm":0,"AtgForslagEgiMinskad":4700,"AtgForslagKostnad":"0,40000000000000002"}}},{"type":"Feature","geometry":{"type":"Polygon","coordinates":[[[11.946719141686089,57.70654440885744],[11.947026027305036,57.706638746883904],[11.946343261564795,57.707275233326634],[11.946036389203034,57.70718089402203],[11.946719141686089,57.70654440885744]]]},"properties":{"id":"fb489173-29d1-4e6f-83b1-15e54be8cc4a","objektidentitet":"487af886-0c32-467f-a5d4-7f0af3741c0e","versiongiltigfran":"2011-03-23T09:00:30.899Z","lagesosakerhetplan":0.06,"lagesosakerhethojd":2.5,"ursprunglig_organisation":"Lantm\u00e4teriet","objektversion":1.0,"objekttypnr":2062.0,"objekttyp":"Industri","insamlingslage":"Takkant","byggnadsnamn1":"None","byggnadsnamn2":"None","byggnadsnamn3":"None","husnummer":1.0,"huvudbyggnad":"Nej","andamal1":"Industri;Tillverkning","andamal2":"None","andamal3":"None","andamal4":"None","andamal5":"None","FormularId":1093620,"fastighetsbeteckning":"LUNDBYVASSEN 4:6","energy_class":"F","energy_performance":178,"specific_energy":150,"building_category":"Lokalbyggnader","construction_year":1936,"epc_detail":{"IdAdr":"Bror Nilssons Gata 4E","IdPostnr":41755,"IdPostort":"G\u00f6teborg","IdKommun":"G\u00f6teborg","EgenByggnadsKat":"Lokalbyggnader","EgenByggnadsTyp":"Friliggande","EgenNybyggAr":1936,"EgenAtemp":2755,"EgenAntalPlan":3,"EgenAntalKallarplan":0,"EgenAntalTrapphus":1,"EgenProjVentFlode":"0,38","EgenInstEleffektStorre":"Nej","EgenSkyddadEllerVardefull":0,"EgiEnergiklass":"F","EgiEnergiPrestanda":178,"EgiSpecifikEnergianvandning":150,"EgiEnergianvandning":412777,"EgiPrimarenergianvandning":489960,"EgiForstaArManad":1801,"EgiSistaArManad":1812,"EgiBeraknatVarde":"Nej","VentTypFTX":"Ja","VentTypF":"Nej","VentTypFT":"Nej","VentTypSjalvdrag":"Nej","VentTypFmed":"Nej","VentGruppKrav":"Ja","EgiSumma2":378200,"EgiFastighet":57950,"EgiStationEI":"G\u00f6teborg","EgiRefvarde1":82,"EgiRefvarde2Max":188,"EgiVersion":2019,"RadGruppHaltMatt":"Nej","Godkand":"2020-06-15","Version":2.7,"ExpertBehorighet":"Kvalificerad","InspUppvGruppInspSkyldighet":"Nej","InspUppvUndAvtalEgipres":"Nej","InspLuftUndAvtalEgipres":"Nej","AtgForslagEgiMinskad":33000,"AtgForslagKostnad":"0,20000000000000001"}}},{"type":"Feature","geometry":{"type":"Polygon","coordinates":[[[11.944315452865485,57.70669623074305],[11.944222256570214,57.70681102078358],[11.943467516879467,57.70663552500943],[11.943561057020792,57.706520662910826],[11.94372702652837,57.7065594112434],[11.94379011286301,57.70648151773404],[11.944337102891085,57.70660871662837],[11.944273839214777,57.7066865342083],[11.944315452865485,57.70669623074305]]]},"properties":{"id":"c22294c4-2119-432d-baa1-21d99d2c6bc2","objektidentitet":"9a1c44d4-2b73-40f3-9e62-ccfcb4cc9435","versiongiltigfran":"2018-04-10T13:03:22.025Z","lagesosakerhetplan":0.1,"lagesosakerhethojd":null,"ursprunglig_organisation":"G\u00f6teborg","objektversion":3.0,"objekttypnr":2064.0,"objekttyp":"Verksamhet","insamlingslage":"Takkant","byggnadsnamn1":"None","byggnadsnamn2":"None","byggnadsnamn3":"None","husnummer":1.0,"huvudbyggnad":"Nej","andamal1":"Verksamhet;","andamal2":"None","andamal3":"None","andamal4":"None","andamal5":"None","FormularId":1153873,"fastighetsbeteckning":"LINDHOLMEN 29:2","energy_class":"B","energy_performance":45,"specific_energy":46,"building_category":"Lokalbyggnader","construction_year":2018,"epc_detail":{"IdAdr":"Theres Svenssons Gata 13","IdPostnr":41755,"IdPostort":"G\u00f6teborg","IdKommun":"G\u00f6teborg","EgenByggnadsKat":"Lokalbyggnader","EgenByggnadsTyp":"Friliggande","EgenNybyggAr":2018,"EgenAtemp":5973,"EgenAntalPlan":6,"EgenAntalKallarplan":1,"EgenProjVentFlode":"0,54000000000000004","EgenInstEleffektStorre":"Nej","EgenSkyddadEllerVardefull":0,"EgiEnergiklass":"B","EgiEnergiPrestanda":45,"EgiSpecifikEnergianvandning":46,"EgiEnergianvandning":274758,"EgiPrimarenergianvandning":266396,"EgiPrimarenergital2020":45,"EgiBeraknatVarde":"Ja","VentTypFTX":"Ja","VentTypF":"Nej","VentTypFT":"Nej","VentTypSjalvdrag":"Nej","VentTypFmed":"Nej","VentGruppKrav":"Ja","EgiSumma2":274758,"EgiFjarrkyla":41811,"EgiFastighet":59730,"EgiRefvarde1":78,"EgiRefvarde2Max":119,"EgiVersion":2021,"VentGruppGodkand":"Ja","RadGruppHaltMatt":"Nej","Godkand":"2021-02-08","Version":2.8,"ExpertBehorighet":"Kvalificerad","VentGruppUtanAnm":1,"InspUppvGruppInspSkyldighet":"Ja","InspUppvUndAvtalEgipres":"Nej","InspLuftGruppInspSkyldighet":"Ja","InspLuftUndAvtalEgipres":"Nej"}}},{"type":"Feature","geometry":{"type":"Polygon","coordinates":[[[11.949356763477422,57.70768509448161],[11.948247157052354,57.70790593188574],[11.948184927015472,57.70781659149951],[11.947864123677746,57.70771788511714],[11.948300231188533,57.707310268871574],[11.949311829270778,57.707620457177995],[11.949356763477422,57.70768509448161]]]},"properties":{"id":"dc969085-b40a-43a6-a53c-1ac81ae762ec","objektidentitet":"ba4c0a26-7664-494f-a8fc-215c5fe48178","versiongiltigfran":"2017-01-02T13:33:13.815Z","lagesosakerhetplan":0.06,"lagesosakerhethojd":null,"ursprunglig_organisation":"G\u00f6teborg","objektversion":5.0,"objekttypnr":2064.0,"objekttyp":"Verksamhet","insamlingslage":"Takkant","byggnadsnamn1":"None","byggnadsnamn2":"None","byggnadsnamn3":"None","husnummer":33.0,"huvudbyggnad":"Nej","andamal1":"Verksamhet;","andamal2":"None","andamal3":"None","andamal4":"None","andamal5":"None","FormularId":1018853,"fastighetsbeteckning":"LUNDBYVASSEN 4:6","energy_class":"D","energy_performance":157,"specific_energy":130,"building_category":"Lokalbyggnader","construction_year":1975,"epc_detail":{"IdAdr":"Anders Carlssons Gata 16","IdPostnr":41755,"IdPostort":"G\u00f6teborg","IdKommun":"G\u00f6teborg","EgenByggnadsKat":"Lokalbyggnader","EgenByggnadsTyp":"Friliggande","EgenNybyggAr":1975,"EgenAtemp":13956,"EgenAntalPlan":8,"EgenAntalKallarplan":1,"EgenAntalTrapphus":3,"EgenAntalBolgh":0,"EgenProjVentFlode":"1","EgenInstEleffektStorre":"Nej","EgenSkyddadEllerVardefull":0,"EgiEnergiklass":"D","EgiEnergiPrestanda":157,"EgiSpecifikEnergianvandning":130,"EgiEnergianvandning":1810533,"EgiPrimarenergianvandning":2189355,"EgiForstaArManad":1801,"EgiSistaArManad":1812,"EgiBeraknatVarde":"Nej","EgiSolcell":624,"VentTypFTX":"Ja","VentTypF":"Nej","VentTypFT":"Ja","VentTypSjalvdrag":"Nej","VentTypFmed":"Nej","VentGruppKrav":"Ja","EgiSumma2":1689700,"EgiFjarrkyla":158300,"EgiBerElProduktion":73900,"EgiFastighet":347380,"EgiStationEI":"G\u00f6teborg","EgiRefvarde1":126,"EgiRefvarde2Max":185,"EgiVersion":2019,"VentGruppGodkand":"Delvis","RadGruppHaltMatt":"Nej","Godkand":"2019-12-23","Version":2.6,"ExpertBehorighet":"Kvalificerad","VentDelvisProcent":20,"VentGruppUtanAnm":1,"AtgForslagEgiMinskad":76800,"AtgForslagKostnad":"0,40000000000000002"}}},{"type":"Feature","geometry":{"type":"Polygon","coordinates":[[[11.945644191996143,57.70754816446988],[11.945560219513213,57.70752542876647],[11.945607085739608,57.7074813778796],[11.94568672473122,57.707508511891824],[11.945644191996143,57.70754816446988]]]},"properties":{"id":"07480fdf-85b4-4787-a7c9-ab9e1d84bdff","objektidentitet":"c6ccf6d9-4935-4163-9243-e62e11b5b7b1","versiongiltigfran":"2013-06-17T12:32:12.138Z","lagesosakerhetplan":0.06,"lagesosakerhethojd":null,"ursprunglig_organisation":"G\u00f6teborg","objektversion":2.0,"objekttypnr":2062.0,"objekttyp":"Industri","insamlingslage":"Takkant","byggnadsnamn1":"None","byggnadsnamn2":"None","byggnadsnamn3":"None","husnummer":3.0,"huvudbyggnad":"Nej","andamal1":"Industri;Tillverkning","andamal2":"None","andamal3":"None","andamal4":"None","andamal5":"None","FormularId":1029254,"fastighetsbeteckning":"LUNDBYVASSEN 4:6","energy_class":"D","energy_performance":162,"specific_energy":129,"building_category":"Lokalbyggnader","construction_year":1943,"epc_detail":{"IdAdr":"Bror Nilssons Gata 5","IdPostnr":41755,"IdPostort":"G\u00f6teborg","IdKommun":"G\u00f6teborg","EgenByggnadsKat":"Lokalbyggnader","EgenByggnadsTyp":"Friliggande","EgenNybyggAr":1943,"EgenAtemp":5719,"EgenAntalPlan":4,"EgenAntalKallarplan":1,"EgenAntalTrapphus":2,"EgenProjVentFlode":"1,3","EgenInstEleffektStorre":"Nej","EgenSkyddadEllerVardefull":0,"EgiEnergiklass":"D","EgiEnergiPrestanda":162,"EgiSpecifikEnergianvandning":129,"EgiEnergianvandning":738898,"EgiPrimarenergianvandning":925513,"EgiForstaArManad":1801,"EgiSistaArManad":1812,"EgiBeraknatVarde":"Nej","VentTypFTX":"Ja","VentTypF":"Nej","VentTypFT":"Nej","VentTypSjalvdrag":"Nej","VentTypFmed":"Nej","VentGruppKrav":"Ja","EgiSumma2":688398,"EgiFastighet":216712,"EgiStationEI":"G\u00f6teborg","EgiRefvarde1":126,"EgiRefvarde2Max":188,"EgiVersion":2019,"VentGruppGodkand":"Ja","RadGruppHaltMatt":"Nej","Godkand":"2019-12-23","Version":2.6,"ExpertBehorighet":"Kvalificerad","VentGruppUtanAnm":1,"AtgForslagEgiMinskad":43000,"AtgForslagKostnad":"0,90000000000000002"}}},{"type":"Feature","geometry":{"type":"Polygon","coordinates":[[[11.948865103080745,57.707782890272696],[11.948503051675686,57.70820202871128],[11.948521344916815,57.70822428370012],[11.948289331140817,57.70827176990119],[11.94827521222783,57.708252788318134],[11.948440021670836,57.708218906665216],[11.948802085263203,57.70779544548854],[11.948865103080745,57.707782890272696]]]},"properties":{"id":"5647e25d-a6ef-42f5-bdce-b73f0bf585e1","objektidentitet":"ba4c0a26-7664-494f-a8fc-215c5fe48178","versiongiltigfran":"2017-01-02T13:33:13.815Z","lagesosakerhetplan":0.1,"lagesosakerhethojd":null,"ursprunglig_organisation":"G\u00f6teborg","objektversion":5.0,"objekttypnr":2064.0,"objekttyp":"Verksamhet","insamlingslage":"Takkant","byggnadsnamn1":"None","byggnadsnamn2":"None","byggnadsnamn3":"None","husnummer":33.0,"huvudbyggnad":"Nej","andamal1":"Verksamhet;","andamal2":"None","andamal3":"None","andamal4":"None","andamal5":"None","FormularId":1018853,"fastighetsbeteckning":"LUNDBYVASSEN 4:6","energy_class":"D","energy_performance":157,"specific_energy":130,"building_category":"Lokalbyggnader","construction_year":1975,"epc_detail":{"IdAdr":"Anders Carlssons Gata 16","IdPostnr":41755,"IdPostort":"G\u00f6teborg","IdKommun":"G\u00f6teborg","EgenByggnadsKat":"Lokalbyggnader","EgenByggnadsTyp":"Friliggande","EgenNybyggAr":1975,"EgenAtemp":13956,"EgenAntalPlan":8,"EgenAntalKallarplan":1,"EgenAntalTrapphus":3,"EgenAntalBolgh":0,"EgenProjVentFlode":"1","EgenInstEleffektStorre":"Nej","EgenSkyddadEllerVardefull":0,"EgiEnergiklass":"D","EgiEnergiPrestanda":157,"EgiSpecifikEnergianvandning":130,"EgiEnergianvandning":1810533,"EgiPrimarenergianvandning":2189355,"EgiForstaArManad":1801,"EgiSistaArManad":1812,"EgiBeraknatVarde":"Nej","EgiSolcell":624,"VentTypFTX":"Ja","VentTypF":"Nej","VentTypFT":"Ja","VentTypSjalvdrag":"Nej","VentTypFmed":"Nej","VentGruppKrav":"Ja","EgiSumma2":1689700,"EgiFjarrkyla":158300,"EgiBerElProduktion":73900,"EgiFastighet":347380,"EgiStationEI":"G\u00f6teborg","EgiRefvarde1":126,"EgiRefvarde2Max":185,"EgiVersion":2019,"VentGruppGodkand":"Delvis","RadGruppHaltMatt":"Nej","Godkand":"2019-12-23","Version":2.6,"ExpertBehorighet":"Kvalificerad","VentDelvisProcent":20,"VentGruppUtanAnm":1,"AtgForslagEgiMinskad":76800,"AtgForslagKostnad":"0,40000000000000002"}}},{"type":"Feature","geometry":{"type":"Polygon","coordinates":[[[11.948192775250707,57.70782788093963],[11.948244425122166,57.70790208205822],[11.948234880147995,57.70790396396921],[11.948237355897,57.70790746607514],[11.948181440451009,57.70791364010837],[11.948158517923657,57.7078817551544],[11.948187451923193,57.70787574814575],[11.948184007164594,57.70787099131421],[11.948171958190413,57.7078734958984],[11.948145712308413,57.70783720756793],[11.948192775250707,57.70782788093963]]]},"properties":{"id":"50dee830-4f09-45fb-a0c0-08c824ebcfff","objektidentitet":"ba4c0a26-7664-494f-a8fc-215c5fe48178","versiongiltigfran":"2017-01-02T13:33:13.815Z","lagesosakerhetplan":0.06,"lagesosakerhethojd":null,"ursprunglig_organisation":"G\u00f6teborg","objektversion":5.0,"objekttypnr":2064.0,"objekttyp":"Verksamhet","insamlingslage":"Takkant","byggnadsnamn1":"None","byggnadsnamn2":"None","byggnadsnamn3":"None","husnummer":33.0,"huvudbyggnad":"Nej","andamal1":"Verksamhet;","andamal2":"None","andamal3":"None","andamal4":"None","andamal5":"None","FormularId":1018853,"fastighetsbeteckning":"LUNDBYVASSEN 4:6","energy_class":"D","energy_performance":157,"specific_energy":130,"building_category":"Lokalbyggnader","construction_year":1975,"epc_detail":{"IdAdr":"Anders Carlssons Gata 16","IdPostnr":41755,"IdPostort":"G\u00f6teborg","IdKommun":"G\u00f6teborg","EgenByggnadsKat":"Lokalbyggnader","EgenByggnadsTyp":"Friliggande","EgenNybyggAr":1975,"EgenAtemp":13956,"EgenAntalPlan":8,"EgenAntalKallarplan":1,"EgenAntalTrapphus":3,"EgenAntalBolgh":0,"EgenProjVentFlode":"1","EgenInstEleffektStorre":"Nej","EgenSkyddadEllerVardefull":0,"EgiEnergiklass":"D","EgiEnergiPrestanda":157,"EgiSpecifikEnergianvandning":130,"EgiEnergianvandning":1810533,"EgiPrimarenergianvandning":2189355,"EgiForstaArManad":1801,"EgiSistaArManad":1812,"EgiBeraknatVarde":"Nej","EgiSolcell":624,"VentTypFTX":"Ja","VentTypF":"Nej","VentTypFT":"Ja","VentTypSjalvdrag":"Nej","VentTypFmed":"Nej","VentGruppKrav":"Ja","EgiSumma2":1689700,"EgiFjarrkyla":158300,"EgiBerElProduktion":73900,"EgiFastighet":347380,"EgiStationEI":"G\u00f6teborg","EgiRefvarde1":126,"EgiRefvarde2Max":185,"EgiVersion":2019,"VentGruppGodkand":"Delvis","RadGruppHaltMatt":"Nej","Godkand":"2019-12-23","Version":2.6,"ExpertBehorighet":"Kvalificerad","VentDelvisProcent":20,"VentGruppUtanAnm":1,"AtgForslagEgiMinskad":76800,"AtgForslagKostnad":"0,40000000000000002"}}},{"type":"Feature","geometry":{"type":"Polygon","coordinates":[[[11.948385102604902,57.70794718862203],[11.948482790634943,57.70792791104413],[11.9485564232998,57.708034801135874],[11.948458735017041,57.70805407876799],[11.948385102604902,57.70794718862203]]]},"properties":{"id":"f97ea454-57ba-4b5f-a2fb-7a50f4e32495","objektidentitet":"db37d879-a5a9-4580-aed8-bc05fb9df201","versiongiltigfran":"2023-06-09T13:25:30.210Z","lagesosakerhetplan":0.1,"lagesosakerhethojd":null,"ursprunglig_organisation":"G\u00f6teborg","objektversion":2.0,"objekttypnr":2066.0,"objekttyp":"Komplementbyggnad","insamlingslage":"Takkant","byggnadsnamn1":"None","byggnadsnamn2":"None","byggnadsnamn3":"None","husnummer":41.0,"huvudbyggnad":"Nej","andamal1":"Komplementbyggnad;","andamal2":"None","andamal3":"None","andamal4":"None","andamal5":"None","FormularId":null,"energy_class":null,"energy_performance":null,"specific_energy":null,"building_category":null,"construction_year":null,"epc_detail":{}}},{"type":"Feature","geometry":{"type":"Polygon","coordinates":[[[11.944607764605978,57.70785001978003],[11.944778788956842,57.707901993147075],[11.944805823068355,57.70787650006994],[11.944890171688803,57.70790214846218],[11.944862624552902,57.707928150468646],[11.944909496829391,57.70794241382959],[11.944492369751812,57.70833546755468],[11.944190143604887,57.70824352798878],[11.944607764605978,57.70785001978003]]]},"properties":{"id":"4dfa580b-32e0-454a-9b69-297e438972c5","objektidentitet":"b4295788-a0cd-4519-9f7f-a2310ccf5e38","versiongiltigfran":"2011-03-23T09:11:49.312Z","lagesosakerhetplan":0.06,"lagesosakerhethojd":2.5,"ursprunglig_organisation":"Lantm\u00e4teriet","objektversion":1.0,"objekttypnr":2062.0,"objekttyp":"Industri","insamlingslage":"Takkant","byggnadsnamn1":"None","byggnadsnamn2":"None","byggnadsnamn3":"None","husnummer":28.0,"huvudbyggnad":"Nej","andamal1":"Industri;Tillverkning","andamal2":"None","andamal3":"None","andamal4":"None","andamal5":"None","FormularId":1029335,"fastighetsbeteckning":"LUNDBYVASSEN 4:6","energy_class":"E","energy_performance":218,"specific_energy":192,"building_category":"Lokalbyggnader","construction_year":1954,"epc_detail":{"IdAdr":"Anders Carlssons Gata 9","IdPostnr":41755,"IdPostort":"G\u00f6teborg","IdKommun":"G\u00f6teborg","EgenByggnadsKat":"Lokalbyggnader","EgenByggnadsTyp":"Friliggande","EgenNybyggAr":1954,"EgenAtemp":3527,"EgenAntalPlan":4,"EgenAntalKallarplan":1,"EgenAntalTrapphus":1,"EgenProjVentFlode":"1,1000000000000001","EgenInstEleffektStorre":"Nej","EgenSkyddadEllerVardefull":0,"EgiEnergiklass":"E","EgiEnergiPrestanda":218,"EgiSpecifikEnergianvandning":192,"EgiEnergianvandning":676680,"EgiPrimarenergianvandning":767157,"EgiForstaArManad":1801,"EgiSistaArManad":1812,"EgiBeraknatVarde":"Nej","VentTypFTX":"Ja","VentTypF":"Nej","VentTypFT":"Nej","VentTypSjalvdrag":"Nej","VentTypFmed":"Nej","VentGruppKrav":"Ja","EgiSumma2":635123,"EgiFjarrkyla":177333,"EgiFastighet":73180,"EgiStationEI":"G\u00f6teborg","EgiRefvarde1":126,"EgiRefvarde2Max":188,"EgiVersion":2019,"VentGruppGodkand":"Nej","RadGruppHaltMatt":"Nej","Godkand":"2019-12-23","Version":2.6,"ExpertBehorighet":"Kvalificerad","AtgForslagEgiMinskad":81500,"AtgForslagKostnad":"0"}}},{"type":"Feature","geometry":{"type":"Polygon","coordinates":[[[11.946647772457156,57.70825253603521],[11.946669840555384,57.70823236042685],[11.946844189528534,57.70828698172338],[11.946822138249805,57.708307157767074],[11.946647772457156,57.70825253603521]]]},"properties":{"id":"292de90b-de31-4e75-a325-2a5469176318","objektidentitet":"b02086f1-269e-4d65-9409-82f740f49a47","versiongiltigfran":"2023-06-09T16:02:14.509Z","lagesosakerhetplan":0.1,"lagesosakerhethojd":null,"ursprunglig_organisation":"G\u00f6teborg","objektversion":2.0,"objekttypnr":2062.0,"objekttyp":"Industri","insamlingslage":"Takkant","byggnadsnamn1":"None","byggnadsnamn2":"None","byggnadsnamn3":"None","husnummer":75.0,"huvudbyggnad":"Nej","andamal1":"Industri;Ospecificerad","andamal2":"None","andamal3":"None","andamal4":"None","andamal5":"None","FormularId":null,"energy_class":null,"energy_performance":null,"specific_energy":null,"building_category":null,"construction_year":null,"epc_detail":{}}},{"type":"Feature","geometry":{"type":"Polygon","coordinates":[[[11.945370315000762,57.708691911005616],[11.945535937367975,57.70854024759518],[11.946004863097022,57.708686792396605],[11.945839915582361,57.708838832210375],[11.945370315000762,57.708691911005616]]]},"properties":{"id":"67649334-ee7e-43cd-adc4-3094c14df2c6","objektidentitet":"35ad74a9-ba34-42ea-902d-ba80ea97089c","versiongiltigfran":"2023-06-09T13:26:08.012Z","lagesosakerhetplan":0.1,"lagesosakerhethojd":null,"ursprunglig_organisation":"G\u00f6teborg","objektversion":5.0,"objekttypnr":2062.0,"objekttyp":"Industri","insamlingslage":"Takkant","byggnadsnamn1":"None","byggnadsnamn2":"None","byggnadsnamn3":"None","husnummer":35.0,"huvudbyggnad":"Nej","andamal1":"Industri;Ospecificerad","andamal2":"None","andamal3":"None","andamal4":"None","andamal5":"None","FormularId":1002654,"fastighetsbeteckning":"LUNDBYVASSEN 4:6","energy_class":"E","energy_performance":172,"specific_energy":137,"building_category":"Lokalbyggnader","construction_year":1946,"epc_detail":{"IdAdr":"Valdemar Nor\u00e9ns Gata 6","IdPostnr":41755,"IdPostort":"G\u00f6teborg","IdKommun":"G\u00f6teborg","EgenByggnadsKat":"Lokalbyggnader","EgenByggnadsTyp":"Friliggande","EgenNybyggAr":1946,"EgenAtemp":26959,"EgenAntalPlan":7,"EgenAntalKallarplan":1,"EgenProjVentFlode":"1","EgenInstEleffektStorre":"Nej","EgenSkyddadEllerVardefull":0,"EgiEnergiklass":"E","EgiEnergiPrestanda":172,"EgiSpecifikEnergianvandning":137,"EgiEnergianvandning":3699907,"EgiPrimarenergianvandning":4627731,"EgiForstaArManad":1801,"EgiSistaArManad":1812,"EgiBeraknatVarde":"Nej","VentTypFTX":"Ja","VentTypF":"Nej","VentTypFT":"Ja","VentTypSjalvdrag":"Nej","VentTypFmed":"Ja","VentGruppKrav":"Ja","EgiSumma2":3444403,"EgiFastighet":870213,"EgiStationEI":"G\u00f6teborg","EgiRefvarde1":126,"EgiRefvarde2Max":190,"EgiVersion":2019,"VentGruppGodkand":"Ja","RadGruppHaltMatt":"Nej","Godkand":"2019-12-23","Version":2.6,"ExpertBehorighet":"Kvalificerad","VentGruppUtanAnm":0,"AtgForslagEgiMinskad":30000,"AtgForslagKostnad":"0,59999999999999998"}}},{"type":"Feature","geometry":{"type":"Polygon","coordinates":[[[11.946306028246047,57.708562820303825],[11.9466871743267,57.70868178977507],[11.946584092474241,57.70877641662155],[11.946202945002055,57.70865745580471],[11.946306028246047,57.708562820303825]]]},"properties":{"id":"b29323a1-8a2c-4a81-955c-0d1ca765ea9f","objektidentitet":"e2191c51-d806-4f70-92f8-bc1c9fa7a8fe","versiongiltigfran":"2011-03-23T08:48:24.247Z","lagesosakerhetplan":0.06,"lagesosakerhethojd":null,"ursprunglig_organisation":"Lantm\u00e4teriet","objektversion":1.0,"objekttypnr":2062.0,"objekttyp":"Industri","insamlingslage":"Takkant","byggnadsnamn1":"None","byggnadsnamn2":"None","byggnadsnamn3":"None","husnummer":31.0,"huvudbyggnad":"Nej","andamal1":"Industri;Tillverkning","andamal2":"None","andamal3":"None","andamal4":"None","andamal5":"None","FormularId":1082504,"fastighetsbeteckning":"LUNDBYVASSEN 4:6","energy_class":"F","energy_performance":227,"specific_energy":193,"building_category":"Lokalbyggnader","construction_year":1944,"epc_detail":{"IdAdr":"Valdemar Nor\u00e9ns Gata 2","IdPostnr":41755,"IdPostort":"G\u00f6teborg","IdKommun":"G\u00f6teborg","EgenByggnadsKat":"Lokalbyggnader","EgenByggnadsTyp":"Friliggande","EgenNybyggAr":1944,"EgenAtemp":736,"EgenAntalPlan":2,"EgenAntalKallarplan":1,"EgenAntalTrapphus":1,"EgenProjVentFlode":"0,67000000000000004","EgenInstEleffektStorre":"Nej","EgenSkyddadEllerVardefull":0,"EgiEnergiklass":"F","EgiEnergiPrestanda":227,"EgiSpecifikEnergianvandning":193,"EgiEnergianvandning":142323,"EgiPrimarenergianvandning":167210,"EgiForstaArManad":1901,"EgiSistaArManad":1912,"EgiBeraknatVarde":"Nej","VentTypFTX":"Ja","VentTypF":"Nej","VentTypFT":"Nej","VentTypSjalvdrag":"Nej","VentTypFmed":"Nej","VentGruppKrav":"Ja","EgiSumma2":129190,"EgiFastighet":22740,"EgiStationEI":"G\u00f6teborg","EgiRefvarde1":102,"EgiRefvarde2Max":185,"EgiVersion":2019,"VentGruppGodkand":"Ja","RadGruppHaltMatt":"Nej","Godkand":"2020-06-15","Version":2.7,"ExpertBehorighet":"Kvalificerad","VentGruppUtanAnm":1,"InspUppvUndAvtalEgipres":"Nej","InspLuftUndAvtalEgipres":"Nej","AtgForslagEgiMinskad":8000,"AtgForslagKostnad":"0,17000000000000001"}}},{"type":"Feature","geometry":{"type":"Polygon","coordinates":[[[11.94508676963218,57.70860320199977],[11.945140467143672,57.70855403130677],[11.945195847524165,57.70857135816628],[11.945208057457599,57.708560175382125],[11.945233743586964,57.70856821068519],[11.94522117128549,57.70857970828804],[11.945275072390093,57.708596855584496],[11.945221304812423,57.70864586285765],[11.94508676963218,57.70860320199977]]]},"properties":{"id":"31c2753d-7a30-4d5f-b513-28c6f677eefc","objektidentitet":"35ad74a9-ba34-42ea-902d-ba80ea97089c","versiongiltigfran":"2023-06-09T13:26:08.012Z","lagesosakerhetplan":0.1,"lagesosakerhethojd":null,"ursprunglig_organisation":"G\u00f6teborg","objektversion":5.0,"objekttypnr":2062.0,"objekttyp":"Industri","insamlingslage":"Takkant","byggnadsnamn1":"None","byggnadsnamn2":"None","byggnadsnamn3":"None","husnummer":35.0,"huvudbyggnad":"Nej","andamal1":"Industri;Ospecificerad","andamal2":"None","andamal3":"None","andamal4":"None","andamal5":"None","FormularId":1002654,"fastighetsbeteckning":"LUNDBYVASSEN 4:6","energy_class":"E","energy_performance":172,"specific_energy":137,"building_category":"Lokalbyggnader","construction_year":1946,"epc_detail":{"IdAdr":"Valdemar Nor\u00e9ns Gata 6","IdPostnr":41755,"IdPostort":"G\u00f6teborg","IdKommun":"G\u00f6teborg","EgenByggnadsKat":"Lokalbyggnader","EgenByggnadsTyp":"Friliggande","EgenNybyggAr":1946,"EgenAtemp":26959,"EgenAntalPlan":7,"EgenAntalKallarplan":1,"EgenProjVentFlode":"1","EgenInstEleffektStorre":"Nej","EgenSkyddadEllerVardefull":0,"EgiEnergiklass":"E","EgiEnergiPrestanda":172,"EgiSpecifikEnergianvandning":137,"EgiEnergianvandning":3699907,"EgiPrimarenergianvandning":4627731,"EgiForstaArManad":1801,"EgiSistaArManad":1812,"EgiBeraknatVarde":"Nej","VentTypFTX":"Ja","VentTypF":"Nej","VentTypFT":"Ja","VentTypSjalvdrag":"Nej","VentTypFmed":"Ja","VentGruppKrav":"Ja","EgiSumma2":3444403,"EgiFastighet":870213,"EgiStationEI":"G\u00f6teborg","EgiRefvarde1":126,"EgiRefvarde2Max":190,"EgiVersion":2019,"VentGruppGodkand":"Ja","RadGruppHaltMatt":"Nej","Godkand":"2019-12-23","Version":2.6,"ExpertBehorighet":"Kvalificerad","VentGruppUtanAnm":0,"AtgForslagEgiMinskad":30000,"AtgForslagKostnad":"0,59999999999999998"}}},{"type":"Feature","geometry":{"type":"Polygon","coordinates":[[[11.944409891769167,57.7086467417296],[11.944474762166001,57.70858754995599],[11.944524524384661,57.70860319549036],[11.944459738584985,57.70866238034391],[11.944409891769167,57.7086467417296]]]},"properties":{"id":"338f6a09-8dd9-498a-b1fa-dd0f2ee9230b","objektidentitet":"35ad74a9-ba34-42ea-902d-ba80ea97089c","versiongiltigfran":"2023-06-09T13:26:08.012Z","lagesosakerhetplan":0.06,"lagesosakerhethojd":null,"ursprunglig_organisation":"G\u00f6teborg","objektversion":5.0,"objekttypnr":2062.0,"objekttyp":"Industri","insamlingslage":"Takkant","byggnadsnamn1":"None","byggnadsnamn2":"None","byggnadsnamn3":"None","husnummer":35.0,"huvudbyggnad":"Nej","andamal1":"Industri;Ospecificerad","andamal2":"None","andamal3":"None","andamal4":"None","andamal5":"None","FormularId":1002654,"fastighetsbeteckning":"LUNDBYVASSEN 4:6","energy_class":"E","energy_performance":172,"specific_energy":137,"building_category":"Lokalbyggnader","construction_year":1946,"epc_detail":{"IdAdr":"Valdemar Nor\u00e9ns Gata 6","IdPostnr":41755,"IdPostort":"G\u00f6teborg","IdKommun":"G\u00f6teborg","EgenByggnadsKat":"Lokalbyggnader","EgenByggnadsTyp":"Friliggande","EgenNybyggAr":1946,"EgenAtemp":26959,"EgenAntalPlan":7,"EgenAntalKallarplan":1,"EgenProjVentFlode":"1","EgenInstEleffektStorre":"Nej","EgenSkyddadEllerVardefull":0,"EgiEnergiklass":"E","EgiEnergiPrestanda":172,"EgiSpecifikEnergianvandning":137,"EgiEnergianvandning":3699907,"EgiPrimarenergianvandning":4627731,"EgiForstaArManad":1801,"EgiSistaArManad":1812,"EgiBeraknatVarde":"Nej","VentTypFTX":"Ja","VentTypF":"Nej","VentTypFT":"Ja","VentTypSjalvdrag":"Nej","VentTypFmed":"Ja","VentGruppKrav":"Ja","EgiSumma2":3444403,"EgiFastighet":870213,"EgiStationEI":"G\u00f6teborg","EgiRefvarde1":126,"EgiRefvarde2Max":190,"EgiVersion":2019,"VentGruppGodkand":"Ja","RadGruppHaltMatt":"Nej","Godkand":"2019-12-23","Version":2.6,"ExpertBehorighet":"Kvalificerad","VentGruppUtanAnm":0,"AtgForslagEgiMinskad":30000,"AtgForslagKostnad":"0,59999999999999998"}}},{"type":"Feature","geometry":{"type":"Polygon","coordinates":[[[11.945412530895151,57.708653248513684],[11.945370315000762,57.708691911005616],[11.945221304812423,57.70864586285765],[11.945264172601556,57.70860683866068],[11.945412530895151,57.708653248513684]]]},"properties":{"id":"36018e95-1d6b-4f57-a409-c9d156a094fb","objektidentitet":"35ad74a9-ba34-42ea-902d-ba80ea97089c","versiongiltigfran":"2023-06-09T13:26:08.012Z","lagesosakerhetplan":0.1,"lagesosakerhethojd":null,"ursprunglig_organisation":"G\u00f6teborg","objektversion":5.0,"objekttypnr":2062.0,"objekttyp":"Industri","insamlingslage":"Takkant","byggnadsnamn1":"None","byggnadsnamn2":"None","byggnadsnamn3":"None","husnummer":35.0,"huvudbyggnad":"Nej","andamal1":"Industri;Ospecificerad","andamal2":"None","andamal3":"None","andamal4":"None","andamal5":"None","FormularId":1002654,"fastighetsbeteckning":"LUNDBYVASSEN 4:6","energy_class":"E","energy_performance":172,"specific_energy":137,"building_category":"Lokalbyggnader","construction_year":1946,"epc_detail":{"IdAdr":"Valdemar Nor\u00e9ns Gata 6","IdPostnr":41755,"IdPostort":"G\u00f6teborg","IdKommun":"G\u00f6teborg","EgenByggnadsKat":"Lokalbyggnader","EgenByggnadsTyp":"Friliggande","EgenNybyggAr":1946,"EgenAtemp":26959,"EgenAntalPlan":7,"EgenAntalKallarplan":1,"EgenProjVentFlode":"1","EgenInstEleffektStorre":"Nej","EgenSkyddadEllerVardefull":0,"EgiEnergiklass":"E","EgiEnergiPrestanda":172,"EgiSpecifikEnergianvandning":137,"EgiEnergianvandning":3699907,"EgiPrimarenergianvandning":4627731,"EgiForstaArManad":1801,"EgiSistaArManad":1812,"EgiBeraknatVarde":"Nej","VentTypFTX":"Ja","VentTypF":"Nej","VentTypFT":"Ja","VentTypSjalvdrag":"Nej","VentTypFmed":"Ja","VentGruppKrav":"Ja","EgiSumma2":3444403,"EgiFastighet":870213,"EgiStationEI":"G\u00f6teborg","EgiRefvarde1":126,"EgiRefvarde2Max":190,"EgiVersion":2019,"VentGruppGodkand":"Ja","RadGruppHaltMatt":"Nej","Godkand":"2019-12-23","Version":2.6,"ExpertBehorighet":"Kvalificerad","VentGruppUtanAnm":0,"AtgForslagEgiMinskad":30000,"AtgForslagKostnad":"0,59999999999999998"}}},{"type":"Feature","geometry":{"type":"Polygon","coordinates":[[[11.94614900363203,57.70893692829902],[11.945838531988931,57.70883950885603],[11.946005550301933,57.70868700672111],[11.946314734793877,57.70878474522869],[11.94614900363203,57.70893692829902]]]},"properties":{"id":"d8b44af9-4b74-4510-8c5e-c92425c335df","objektidentitet":"35ad74a9-ba34-42ea-902d-ba80ea97089c","versiongiltigfran":"2023-06-09T13:26:08.012Z","lagesosakerhetplan":0.1,"lagesosakerhethojd":null,"ursprunglig_organisation":"G\u00f6teborg","objektversion":5.0,"objekttypnr":2062.0,"objekttyp":"Industri","insamlingslage":"Takkant","byggnadsnamn1":"None","byggnadsnamn2":"None","byggnadsnamn3":"None","husnummer":35.0,"huvudbyggnad":"Nej","andamal1":"Industri;Ospecificerad","andamal2":"None","andamal3":"None","andamal4":"None","andamal5":"None","FormularId":1002654,"fastighetsbeteckning":"LUNDBYVASSEN 4:6","energy_class":"E","energy_performance":172,"specific_energy":137,"building_category":"Lokalbyggnader","construction_year":1946,"epc_detail":{"IdAdr":"Valdemar Nor\u00e9ns Gata 6","IdPostnr":41755,"IdPostort":"G\u00f6teborg","IdKommun":"G\u00f6teborg","EgenByggnadsKat":"Lokalbyggnader","EgenByggnadsTyp":"Friliggande","EgenNybyggAr":1946,"EgenAtemp":26959,"EgenAntalPlan":7,"EgenAntalKallarplan":1,"EgenProjVentFlode":"1","EgenInstEleffektStorre":"Nej","EgenSkyddadEllerVardefull":0,"EgiEnergiklass":"E","EgiEnergiPrestanda":172,"EgiSpecifikEnergianvandning":137,"EgiEnergianvandning":3699907,"EgiPrimarenergianvandning":4627731,"EgiForstaArManad":1801,"EgiSistaArManad":1812,"EgiBeraknatVarde":"Nej","VentTypFTX":"Ja","VentTypF":"Nej","VentTypFT":"Ja","VentTypSjalvdrag":"Nej","VentTypFmed":"Ja","VentGruppKrav":"Ja","EgiSumma2":3444403,"EgiFastighet":870213,"EgiStationEI":"G\u00f6teborg","EgiRefvarde1":126,"EgiRefvarde2Max":190,"EgiVersion":2019,"VentGruppGodkand":"Ja","RadGruppHaltMatt":"Nej","Godkand":"2019-12-23","Version":2.6,"ExpertBehorighet":"Kvalificerad","VentGruppUtanAnm":0,"AtgForslagEgiMinskad":30000,"AtgForslagKostnad":"0,59999999999999998"}}},{"type":"Feature","geometry":{"type":"Polygon","coordinates":[[[11.946314738572541,57.70878470038015],[11.946516199922492,57.70884401212334],[11.946407633588258,57.70893755373841],[11.946382755492698,57.70893008645065],[11.94633570432414,57.708974726371885],[11.94634475112104,57.70897796469358],[11.946329481176209,57.70899198581738],[11.946149986280375,57.70893582852572],[11.946314738572541,57.70878470038015]]]},"properties":{"id":"905e58fc-dfbd-42c7-9e97-7744c7ffb9a2","objektidentitet":"35ad74a9-ba34-42ea-902d-ba80ea97089c","versiongiltigfran":"2023-06-09T13:26:08.012Z","lagesosakerhetplan":0.1,"lagesosakerhethojd":null,"ursprunglig_organisation":"G\u00f6teborg","objektversion":5.0,"objekttypnr":2062.0,"objekttyp":"Industri","insamlingslage":"Takkant","byggnadsnamn1":"None","byggnadsnamn2":"None","byggnadsnamn3":"None","husnummer":35.0,"huvudbyggnad":"Nej","andamal1":"Industri;Ospecificerad","andamal2":"None","andamal3":"None","andamal4":"None","andamal5":"None","FormularId":1002654,"fastighetsbeteckning":"LUNDBYVASSEN 4:6","energy_class":"E","energy_performance":172,"specific_energy":137,"building_category":"Lokalbyggnader","construction_year":1946,"epc_detail":{"IdAdr":"Valdemar Nor\u00e9ns Gata 6","IdPostnr":41755,"IdPostort":"G\u00f6teborg","IdKommun":"G\u00f6teborg","EgenByggnadsKat":"Lokalbyggnader","EgenByggnadsTyp":"Friliggande","EgenNybyggAr":1946,"EgenAtemp":26959,"EgenAntalPlan":7,"EgenAntalKallarplan":1,"EgenProjVentFlode":"1","EgenInstEleffektStorre":"Nej","EgenSkyddadEllerVardefull":0,"EgiEnergiklass":"E","EgiEnergiPrestanda":172,"EgiSpecifikEnergianvandning":137,"EgiEnergianvandning":3699907,"EgiPrimarenergianvandning":4627731,"EgiForstaArManad":1801,"EgiSistaArManad":1812,"EgiBeraknatVarde":"Nej","VentTypFTX":"Ja","VentTypF":"Nej","VentTypFT":"Ja","VentTypSjalvdrag":"Nej","VentTypFmed":"Ja","VentGruppKrav":"Ja","EgiSumma2":3444403,"EgiFastighet":870213,"EgiStationEI":"G\u00f6teborg","EgiRefvarde1":126,"EgiRefvarde2Max":190,"EgiVersion":2019,"VentGruppGodkand":"Ja","RadGruppHaltMatt":"Nej","Godkand":"2019-12-23","Version":2.6,"ExpertBehorighet":"Kvalificerad","VentGruppUtanAnm":0,"AtgForslagEgiMinskad":30000,"AtgForslagKostnad":"0,59999999999999998"}}},{"type":"Feature","geometry":{"type":"Polygon","coordinates":[[[11.944220386531782,57.7088167195439],[11.944272776529274,57.70883306679218],[11.944163894242184,57.70893247705698],[11.944109574872009,57.708915112460566],[11.944220386531782,57.7088167195439]]]},"properties":{"id":"0261d511-6098-4ec0-a197-fb3a74c4d02e","objektidentitet":"35ad74a9-ba34-42ea-902d-ba80ea97089c","versiongiltigfran":"2023-06-09T13:26:08.012Z","lagesosakerhetplan":0.06,"lagesosakerhethojd":null,"ursprunglig_organisation":"G\u00f6teborg","objektversion":5.0,"objekttypnr":2062.0,"objekttyp":"Industri","insamlingslage":"Takkant","byggnadsnamn1":"None","byggnadsnamn2":"None","byggnadsnamn3":"None","husnummer":35.0,"huvudbyggnad":"Nej","andamal1":"Industri;Ospecificerad","andamal2":"None","andamal3":"None","andamal4":"None","andamal5":"None","FormularId":1002654,"fastighetsbeteckning":"LUNDBYVASSEN 4:6","energy_class":"E","energy_performance":172,"specific_energy":137,"building_category":"Lokalbyggnader","construction_year":1946,"epc_detail":{"IdAdr":"Valdemar Nor\u00e9ns Gata 6","IdPostnr":41755,"IdPostort":"G\u00f6teborg","IdKommun":"G\u00f6teborg","EgenByggnadsKat":"Lokalbyggnader","EgenByggnadsTyp":"Friliggande","EgenNybyggAr":1946,"EgenAtemp":26959,"EgenAntalPlan":7,"EgenAntalKallarplan":1,"EgenProjVentFlode":"1","EgenInstEleffektStorre":"Nej","EgenSkyddadEllerVardefull":0,"EgiEnergiklass":"E","EgiEnergiPrestanda":172,"EgiSpecifikEnergianvandning":137,"EgiEnergianvandning":3699907,"EgiPrimarenergianvandning":4627731,"EgiForstaArManad":1801,"EgiSistaArManad":1812,"EgiBeraknatVarde":"Nej","VentTypFTX":"Ja","VentTypF":"Nej","VentTypFT":"Ja","VentTypSjalvdrag":"Nej","VentTypFmed":"Ja","VentGruppKrav":"Ja","EgiSumma2":3444403,"EgiFastighet":870213,"EgiStationEI":"G\u00f6teborg","EgiRefvarde1":126,"EgiRefvarde2Max":190,"EgiVersion":2019,"VentGruppGodkand":"Ja","RadGruppHaltMatt":"Nej","Godkand":"2019-12-23","Version":2.6,"ExpertBehorighet":"Kvalificerad","VentGruppUtanAnm":0,"AtgForslagEgiMinskad":30000,"AtgForslagKostnad":"0,59999999999999998"}}},{"type":"Feature","geometry":{"type":"Polygon","coordinates":[[[11.946391488856667,57.709011386536915],[11.946329481176209,57.70899198581738],[11.94634475112104,57.70897796469358],[11.94633570432414,57.708974726371885],[11.946382755492698,57.70893008645065],[11.9464547751569,57.708951831984976],[11.946391488856667,57.709011386536915]]]},"properties":{"id":"1b5a4a6f-a7ad-4b58-bec7-4666ab69200e","objektidentitet":"35ad74a9-ba34-42ea-902d-ba80ea97089c","versiongiltigfran":"2023-06-09T13:26:08.012Z","lagesosakerhetplan":0.1,"lagesosakerhethojd":null,"ursprunglig_organisation":"G\u00f6teborg","objektversion":5.0,"objekttypnr":2062.0,"objekttyp":"Industri","insamlingslage":"Takkant","byggnadsnamn1":"None","byggnadsnamn2":"None","byggnadsnamn3":"None","husnummer":35.0,"huvudbyggnad":"Nej","andamal1":"Industri;Ospecificerad","andamal2":"None","andamal3":"None","andamal4":"None","andamal5":"None","FormularId":1002654,"fastighetsbeteckning":"LUNDBYVASSEN 4:6","energy_class":"E","energy_performance":172,"specific_energy":137,"building_category":"Lokalbyggnader","construction_year":1946,"epc_detail":{"IdAdr":"Valdemar Nor\u00e9ns Gata 6","IdPostnr":41755,"IdPostort":"G\u00f6teborg","IdKommun":"G\u00f6teborg","EgenByggnadsKat":"Lokalbyggnader","EgenByggnadsTyp":"Friliggande","EgenNybyggAr":1946,"EgenAtemp":26959,"EgenAntalPlan":7,"EgenAntalKallarplan":1,"EgenProjVentFlode":"1","EgenInstEleffektStorre":"Nej","EgenSkyddadEllerVardefull":0,"EgiEnergiklass":"E","EgiEnergiPrestanda":172,"EgiSpecifikEnergianvandning":137,"EgiEnergianvandning":3699907,"EgiPrimarenergianvandning":4627731,"EgiForstaArManad":1801,"EgiSistaArManad":1812,"EgiBeraknatVarde":"Nej","VentTypFTX":"Ja","VentTypF":"Nej","VentTypFT":"Ja","VentTypSjalvdrag":"Nej","VentTypFmed":"Ja","VentGruppKrav":"Ja","EgiSumma2":3444403,"EgiFastighet":870213,"EgiStationEI":"G\u00f6teborg","EgiRefvarde1":126,"EgiRefvarde2Max":190,"EgiVersion":2019,"VentGruppGodkand":"Ja","RadGruppHaltMatt":"Nej","Godkand":"2019-12-23","Version":2.6,"ExpertBehorighet":"Kvalificerad","VentGruppUtanAnm":0,"AtgForslagEgiMinskad":30000,"AtgForslagKostnad":"0,59999999999999998"}}},{"type":"Feature","geometry":{"type":"Polygon","coordinates":[[[11.94509598456934,57.70702896835201],[11.945153244778801,57.70697335845624],[11.945229416868887,57.7069029436631],[11.945288743423978,57.706920437715006],[11.945254134675057,57.706952938341054],[11.945369318790602,57.70698585628828],[11.945341547554639,57.70700994752893],[11.945377765061775,57.707019126923484],[11.945375800080454,57.70702172193542],[11.945426430815091,57.70703799929552],[11.945453214348131,57.70701307527212],[11.945554377623559,57.70704440517593],[11.945321032046019,57.7072551738686],[11.945329711680678,57.70725798097146],[11.945300909822464,57.70728234392237],[11.945191934971996,57.70724726596139],[11.944999509479361,57.70718746009743],[11.945149739070816,57.70704444043912],[11.94509598456934,57.70702896835201]]]},"properties":{"id":"08576cb7-303f-48ed-9627-cfa4ddcdf2ea","objektidentitet":"c7b8c850-f10a-4d96-bf3b-752b5c570b7c","versiongiltigfran":"2020-07-09T13:18:31.107Z","lagesosakerhetplan":0.1,"lagesosakerhethojd":null,"ursprunglig_organisation":"G\u00f6teborg","objektversion":4.0,"objekttypnr":2062.0,"objekttyp":"Industri","insamlingslage":"Takkant","byggnadsnamn1":"None","byggnadsnamn2":"None","byggnadsnamn3":"None","husnummer":2.0,"huvudbyggnad":"Nej","andamal1":"Industri;Tillverkning","andamal2":"None","andamal3":"None","andamal4":"None","andamal5":"None","FormularId":1010252,"fastighetsbeteckning":"LUNDBYVASSEN 4:6","energy_class":"D","energy_performance":160,"specific_energy":130,"building_category":"Lokalbyggnader","construction_year":1930,"epc_detail":{"IdAdr":"Theres Svenssons Gata 8","IdPostnr":41755,"IdPostort":"G\u00f6teborg","IdKommun":"G\u00f6teborg","EgenByggnadsKat":"Lokalbyggnader","EgenByggnadsTyp":"Friliggande","EgenNybyggAr":1930,"EgenAtemp":9158,"EgenAntalPlan":4,"EgenAntalKallarplan":0,"EgenAntalTrapphus":3,"EgenProjVentFlode":"1","EgenInstEleffektStorre":"Nej","EgenSkyddadEllerVardefull":0,"EgiEnergiklass":"D","EgiEnergiPrestanda":160,"EgiSpecifikEnergianvandning":130,"EgiEnergianvandning":1191416,"EgiPrimarenergianvandning":1464713,"EgiForstaArManad":1801,"EgiSistaArManad":1812,"EgiBeraknatVarde":"Nej","VentTypFTX":"Ja","VentTypF":"Nej","VentTypFT":"Nej","VentTypSjalvdrag":"Nej","VentTypFmed":"Nej","VentGruppKrav":"Ja","EgiSumma2":1110856,"EgiFjarrkyla":55600,"EgiFastighet":305040,"EgiStationEI":"G\u00f6teborg","EgiRefvarde1":126,"EgiRefvarde2Max":188,"EgiVersion":2019,"VentGruppGodkand":"Delvis","RadGruppHaltMatt":"Nej","Godkand":"2019-12-23","Version":2.6,"ExpertBehorighet":"Kvalificerad","VentDelvisProcent":7,"VentGruppUtanAnm":0,"AtgForslagEgiMinskad":4700,"AtgForslagKostnad":"0,40000000000000002"}}},{"type":"Feature","geometry":{"type":"Polygon","coordinates":[[[11.945153244778801,57.70697335845624],[11.94509598456934,57.70702896835201],[11.944842440415659,57.7069532246634],[11.944683852745456,57.70690296279184],[11.945024047667248,57.70658553598671],[11.945171389143479,57.706632155389435],[11.945301011730724,57.70651385816884],[11.945442218583283,57.70655656316847],[11.94510739589008,57.70686687648105],[11.945229416868887,57.7069029436631],[11.945226182629781,57.70690625402376],[11.945153244778801,57.70697335845624]]]},"properties":{"id":"9fb7e412-7095-41eb-9bd5-30200b840c93","objektidentitet":"c7b8c850-f10a-4d96-bf3b-752b5c570b7c","versiongiltigfran":"2020-07-09T13:18:31.107Z","lagesosakerhetplan":0.1,"lagesosakerhethojd":null,"ursprunglig_organisation":"G\u00f6teborg","objektversion":4.0,"objekttypnr":2062.0,"objekttyp":"Industri","insamlingslage":"Takkant","byggnadsnamn1":"None","byggnadsnamn2":"None","byggnadsnamn3":"None","husnummer":2.0,"huvudbyggnad":"Nej","andamal1":"Industri;Tillverkning","andamal2":"None","andamal3":"None","andamal4":"None","andamal5":"None","FormularId":1010252,"fastighetsbeteckning":"LUNDBYVASSEN 4:6","energy_class":"D","energy_performance":160,"specific_energy":130,"building_category":"Lokalbyggnader","construction_year":1930,"epc_detail":{"IdAdr":"Theres Svenssons Gata 8","IdPostnr":41755,"IdPostort":"G\u00f6teborg","IdKommun":"G\u00f6teborg","EgenByggnadsKat":"Lokalbyggnader","EgenByggnadsTyp":"Friliggande","EgenNybyggAr":1930,"EgenAtemp":9158,"EgenAntalPlan":4,"EgenAntalKallarplan":0,"EgenAntalTrapphus":3,"EgenProjVentFlode":"1","EgenInstEleffektStorre":"Nej","EgenSkyddadEllerVardefull":0,"EgiEnergiklass":"D","EgiEnergiPrestanda":160,"EgiSpecifikEnergianvandning":130,"EgiEnergianvandning":1191416,"EgiPrimarenergianvandning":1464713,"EgiForstaArManad":1801,"EgiSistaArManad":1812,"EgiBeraknatVarde":"Nej","VentTypFTX":"Ja","VentTypF":"Nej","VentTypFT":"Nej","VentTypSjalvdrag":"Nej","VentTypFmed":"Nej","VentGruppKrav":"Ja","EgiSumma2":1110856,"EgiFjarrkyla":55600,"EgiFastighet":305040,"EgiStationEI":"G\u00f6teborg","EgiRefvarde1":126,"EgiRefvarde2Max":188,"EgiVersion":2019,"VentGruppGodkand":"Delvis","RadGruppHaltMatt":"Nej","Godkand":"2019-12-23","Version":2.6,"ExpertBehorighet":"Kvalificerad","VentDelvisProcent":7,"VentGruppUtanAnm":0,"AtgForslagEgiMinskad":4700,"AtgForslagKostnad":"0,40000000000000002"}}},{"type":"Feature","geometry":{"type":"Polygon","coordinates":[[[11.947237574028033,57.70775564332697],[11.947413826954293,57.707808575132596],[11.946932260519999,57.70826109177598],[11.946755736808957,57.70820637317405],[11.947237574028033,57.70775564332697]]]},"properties":{"id":"9fbaeb1e-676d-4732-a139-5edcd5db897e","objektidentitet":"a0a252a8-0d32-4267-b14c-39fe4e355620","versiongiltigfran":"2020-01-23T15:50:56.600Z","lagesosakerhetplan":0.06,"lagesosakerhethojd":null,"ursprunglig_organisation":"G\u00f6teborg","objektversion":2.0,"objekttypnr":2062.0,"objekttyp":"Industri","insamlingslage":"Takkant","byggnadsnamn1":"None","byggnadsnamn2":"None","byggnadsnamn3":"None","husnummer":6.0,"huvudbyggnad":"Nej","andamal1":"Industri;Tillverkning","andamal2":"None","andamal3":"None","andamal4":"None","andamal5":"None","FormularId":1029675,"fastighetsbeteckning":"LUNDBYVASSEN 4:6","energy_class":"G","energy_performance":230,"specific_energy":194,"building_category":"Lokalbyggnader","construction_year":1975,"epc_detail":{"IdAdr":"Bror Nilssons Gata 2","IdPostnr":41755,"IdPostort":"G\u00f6teborg","IdKommun":"G\u00f6teborg","EgenByggnadsKat":"Lokalbyggnader","EgenByggnadsTyp":"Friliggande","EgenNybyggAr":1975,"EgenAtemp":1634,"EgenAntalPlan":2,"EgenAntalKallarplan":0,"EgenProjVentFlode":"0,46000000000000002","EgenInstEleffektStorre":"Nej","EgenSkyddadEllerVardefull":0,"EgiEnergiklass":"G","EgiEnergiPrestanda":230,"EgiSpecifikEnergianvandning":194,"EgiEnergianvandning":317793,"EgiPrimarenergianvandning":376329,"EgiForstaArManad":1801,"EgiSistaArManad":1812,"EgiBeraknatVarde":"Nej","VentTypFTX":"Ja","VentTypF":"Nej","VentTypFT":"Nej","VentTypSjalvdrag":"Nej","VentTypFmed":"Nej","VentGruppKrav":"Ja","EgiSumma2":291390,"EgiFastighet":48250,"EgiStationEI":"G\u00f6teborg","EgiRefvarde1":88,"EgiRefvarde2Max":183,"EgiVersion":2019,"VentGruppGodkand":"Nej","RadGruppHaltMatt":"Nej","Godkand":"2019-12-23","Version":2.6,"ExpertBehorighet":"Kvalificerad","AtgForslagEgiMinskad":3000,"AtgForslagKostnad":"0"}}},{"type":"Feature","geometry":{"type":"Polygon","coordinates":[[[11.947862135009121,57.70717139697075],[11.946755736808957,57.70820637317405],[11.946038152001119,57.707986616653194],[11.946984881433291,57.7071003367095],[11.947144546802557,57.70695164642212],[11.947862135009121,57.70717139697075]]]},"properties":{"id":"8c07f8f6-5e02-4f47-9c07-6d4ea7eb75db","objektidentitet":"a0a252a8-0d32-4267-b14c-39fe4e355620","versiongiltigfran":"2020-01-23T15:50:56.600Z","lagesosakerhetplan":0.06,"lagesosakerhethojd":2.5,"ursprunglig_organisation":"G\u00f6teborg","objektversion":2.0,"objekttypnr":2062.0,"objekttyp":"Industri","insamlingslage":"Takkant","byggnadsnamn1":"None","byggnadsnamn2":"None","byggnadsnamn3":"None","husnummer":6.0,"huvudbyggnad":"Nej","andamal1":"Industri;Tillverkning","andamal2":"None","andamal3":"None","andamal4":"None","andamal5":"None","FormularId":1029675,"fastighetsbeteckning":"LUNDBYVASSEN 4:6","energy_class":"G","energy_performance":230,"specific_energy":194,"building_category":"Lokalbyggnader","construction_year":1975,"epc_detail":{"IdAdr":"Bror Nilssons Gata 2","IdPostnr":41755,"IdPostort":"G\u00f6teborg","IdKommun":"G\u00f6teborg","EgenByggnadsKat":"Lokalbyggnader","EgenByggnadsTyp":"Friliggande","EgenNybyggAr":1975,"EgenAtemp":1634,"EgenAntalPlan":2,"EgenAntalKallarplan":0,"EgenProjVentFlode":"0,46000000000000002","EgenInstEleffektStorre":"Nej","EgenSkyddadEllerVardefull":0,"EgiEnergiklass":"G","EgiEnergiPrestanda":230,"EgiSpecifikEnergianvandning":194,"EgiEnergianvandning":317793,"EgiPrimarenergianvandning":376329,"EgiForstaArManad":1801,"EgiSistaArManad":1812,"EgiBeraknatVarde":"Nej","VentTypFTX":"Ja","VentTypF":"Nej","VentTypFT":"Nej","VentTypSjalvdrag":"Nej","VentTypFmed":"Nej","VentGruppKrav":"Ja","EgiSumma2":291390,"EgiFastighet":48250,"EgiStationEI":"G\u00f6teborg","EgiRefvarde1":88,"EgiRefvarde2Max":183,"EgiVersion":2019,"VentGruppGodkand":"Nej","RadGruppHaltMatt":"Nej","Godkand":"2019-12-23","Version":2.6,"ExpertBehorighet":"Kvalificerad","AtgForslagEgiMinskad":3000,"AtgForslagKostnad":"0"}}},{"type":"Feature","geometry":{"type":"Polygon","coordinates":[[[11.94769410055091,57.70732856856125],[11.947862117496568,57.70717140553619],[11.948037381949312,57.707225085618894],[11.947869382256409,57.707382249284755],[11.94769410055091,57.70732856856125]]]},"properties":{"id":"882a6fd7-7a94-407e-8b1e-b68e64edbdd0","objektidentitet":"a0a252a8-0d32-4267-b14c-39fe4e355620","versiongiltigfran":"2020-01-23T15:50:56.600Z","lagesosakerhetplan":0.1,"lagesosakerhethojd":null,"ursprunglig_organisation":"G\u00f6teborg","objektversion":2.0,"objekttypnr":2062.0,"objekttyp":"Industri","insamlingslage":"Takkant","byggnadsnamn1":"None","byggnadsnamn2":"None","byggnadsnamn3":"None","husnummer":6.0,"huvudbyggnad":"Nej","andamal1":"Industri;Tillverkning","andamal2":"None","andamal3":"None","andamal4":"None","andamal5":"None","FormularId":1029675,"fastighetsbeteckning":"LUNDBYVASSEN 4:6","energy_class":"G","energy_performance":230,"specific_energy":194,"building_category":"Lokalbyggnader","construction_year":1975,"epc_detail":{"IdAdr":"Bror Nilssons Gata 2","IdPostnr":41755,"IdPostort":"G\u00f6teborg","IdKommun":"G\u00f6teborg","EgenByggnadsKat":"Lokalbyggnader","EgenByggnadsTyp":"Friliggande","EgenNybyggAr":1975,"EgenAtemp":1634,"EgenAntalPlan":2,"EgenAntalKallarplan":0,"EgenProjVentFlode":"0,46000000000000002","EgenInstEleffektStorre":"Nej","EgenSkyddadEllerVardefull":0,"EgiEnergiklass":"G","EgiEnergiPrestanda":230,"EgiSpecifikEnergianvandning":194,"EgiEnergianvandning":317793,"EgiPrimarenergianvandning":376329,"EgiForstaArManad":1801,"EgiSistaArManad":1812,"EgiBeraknatVarde":"Nej","VentTypFTX":"Ja","VentTypF":"Nej","VentTypFT":"Nej","VentTypSjalvdrag":"Nej","VentTypFmed":"Nej","VentGruppKrav":"Ja","EgiSumma2":291390,"EgiFastighet":48250,"EgiStationEI":"G\u00f6teborg","EgiRefvarde1":88,"EgiRefvarde2Max":183,"EgiVersion":2019,"VentGruppGodkand":"Nej","RadGruppHaltMatt":"Nej","Godkand":"2019-12-23","Version":2.6,"ExpertBehorighet":"Kvalificerad","AtgForslagEgiMinskad":3000,"AtgForslagKostnad":"0"}}},{"type":"Feature","geometry":{"type":"Polygon","coordinates":[[[11.946617550924584,57.70724829296336],[11.946828607008701,57.70705107714331],[11.946984881433291,57.7071003367095],[11.946774572095787,57.707296069816294],[11.946617550924584,57.70724829296336]]]},"properties":{"id":"7215cae1-268f-4c5c-b329-68f77cb87aef","objektidentitet":"a0a252a8-0d32-4267-b14c-39fe4e355620","versiongiltigfran":"2020-01-23T15:50:56.600Z","lagesosakerhetplan":0.06,"lagesosakerhethojd":2.5,"ursprunglig_organisation":"G\u00f6teborg","objektversion":2.0,"objekttypnr":2062.0,"objekttyp":"Industri","insamlingslage":"Takkant","byggnadsnamn1":"None","byggnadsnamn2":"None","byggnadsnamn3":"None","husnummer":6.0,"huvudbyggnad":"Nej","andamal1":"Industri;Tillverkning","andamal2":"None","andamal3":"None","andamal4":"None","andamal5":"None","FormularId":1029675,"fastighetsbeteckning":"LUNDBYVASSEN 4:6","energy_class":"G","energy_performance":230,"specific_energy":194,"building_category":"Lokalbyggnader","construction_year":1975,"epc_detail":{"IdAdr":"Bror Nilssons Gata 2","IdPostnr":41755,"IdPostort":"G\u00f6teborg","IdKommun":"G\u00f6teborg","EgenByggnadsKat":"Lokalbyggnader","EgenByggnadsTyp":"Friliggande","EgenNybyggAr":1975,"EgenAtemp":1634,"EgenAntalPlan":2,"EgenAntalKallarplan":0,"EgenProjVentFlode":"0,46000000000000002","EgenInstEleffektStorre":"Nej","EgenSkyddadEllerVardefull":0,"EgiEnergiklass":"G","EgiEnergiPrestanda":230,"EgiSpecifikEnergianvandning":194,"EgiEnergianvandning":317793,"EgiPrimarenergianvandning":376329,"EgiForstaArManad":1801,"EgiSistaArManad":1812,"EgiBeraknatVarde":"Nej","VentTypFTX":"Ja","VentTypF":"Nej","VentTypFT":"Nej","VentTypSjalvdrag":"Nej","VentTypFmed":"Nej","VentGruppKrav":"Ja","EgiSumma2":291390,"EgiFastighet":48250,"EgiStationEI":"G\u00f6teborg","EgiRefvarde1":88,"EgiRefvarde2Max":183,"EgiVersion":2019,"VentGruppGodkand":"Nej","RadGruppHaltMatt":"Nej","Godkand":"2019-12-23","Version":2.6,"ExpertBehorighet":"Kvalificerad","AtgForslagEgiMinskad":3000,"AtgForslagKostnad":"0"}}},{"type":"Feature","geometry":{"type":"Polygon","coordinates":[[[11.947237574028033,57.70775564332697],[11.947309102192836,57.707688701449186],[11.947410221599153,57.70771979506968],[11.94733860695149,57.707785970940186],[11.947237574028033,57.70775564332697]]]},"properties":{"id":"564ab679-3e23-4e04-86ee-37c9500da708","objektidentitet":"a0a252a8-0d32-4267-b14c-39fe4e355620","versiongiltigfran":"2020-01-23T15:50:56.600Z","lagesosakerhetplan":0.06,"lagesosakerhethojd":null,"ursprunglig_organisation":"G\u00f6teborg","objektversion":2.0,"objekttypnr":2062.0,"objekttyp":"Industri","insamlingslage":"Takkant","byggnadsnamn1":"None","byggnadsnamn2":"None","byggnadsnamn3":"None","husnummer":6.0,"huvudbyggnad":"Nej","andamal1":"Industri;Tillverkning","andamal2":"None","andamal3":"None","andamal4":"None","andamal5":"None","FormularId":1029675,"fastighetsbeteckning":"LUNDBYVASSEN 4:6","energy_class":"G","energy_performance":230,"specific_energy":194,"building_category":"Lokalbyggnader","construction_year":1975,"epc_detail":{"IdAdr":"Bror Nilssons Gata 2","IdPostnr":41755,"IdPostort":"G\u00f6teborg","IdKommun":"G\u00f6teborg","EgenByggnadsKat":"Lokalbyggnader","EgenByggnadsTyp":"Friliggande","EgenNybyggAr":1975,"EgenAtemp":1634,"EgenAntalPlan":2,"EgenAntalKallarplan":0,"EgenProjVentFlode":"0,46000000000000002","EgenInstEleffektStorre":"Nej","EgenSkyddadEllerVardefull":0,"EgiEnergiklass":"G","EgiEnergiPrestanda":230,"EgiSpecifikEnergianvandning":194,"EgiEnergianvandning":317793,"EgiPrimarenergianvandning":376329,"EgiForstaArManad":1801,"EgiSistaArManad":1812,"EgiBeraknatVarde":"Nej","VentTypFTX":"Ja","VentTypF":"Nej","VentTypFT":"Nej","VentTypSjalvdrag":"Nej","VentTypFmed":"Nej","VentGruppKrav":"Ja","EgiSumma2":291390,"EgiFastighet":48250,"EgiStationEI":"G\u00f6teborg","EgiRefvarde1":88,"EgiRefvarde2Max":183,"EgiVersion":2019,"VentGruppGodkand":"Nej","RadGruppHaltMatt":"Nej","Godkand":"2019-12-23","Version":2.6,"ExpertBehorighet":"Kvalificerad","AtgForslagEgiMinskad":3000,"AtgForslagKostnad":"0"}}},{"type":"Feature","geometry":{"type":"Polygon","coordinates":[[[11.94733860695149,57.707785970940186],[11.947362354932084,57.70776398423863],[11.947433845815466,57.70778899708434],[11.947413910741977,57.707808577154374],[11.94733860695149,57.707785970940186]]]},"properties":{"id":"262f8c30-0594-4424-bbfc-704f3b61f1d9","objektidentitet":"a0a252a8-0d32-4267-b14c-39fe4e355620","versiongiltigfran":"2020-01-23T15:50:56.600Z","lagesosakerhetplan":0.06,"lagesosakerhethojd":null,"ursprunglig_organisation":"G\u00f6teborg","objektversion":2.0,"objekttypnr":2062.0,"objekttyp":"Industri","insamlingslage":"Takkant","byggnadsnamn1":"None","byggnadsnamn2":"None","byggnadsnamn3":"None","husnummer":6.0,"huvudbyggnad":"Nej","andamal1":"Industri;Tillverkning","andamal2":"None","andamal3":"None","andamal4":"None","andamal5":"None","FormularId":1029675,"fastighetsbeteckning":"LUNDBYVASSEN 4:6","energy_class":"G","energy_performance":230,"specific_energy":194,"building_category":"Lokalbyggnader","construction_year":1975,"epc_detail":{"IdAdr":"Bror Nilssons Gata 2","IdPostnr":41755,"IdPostort":"G\u00f6teborg","IdKommun":"G\u00f6teborg","EgenByggnadsKat":"Lokalbyggnader","EgenByggnadsTyp":"Friliggande","EgenNybyggAr":1975,"EgenAtemp":1634,"EgenAntalPlan":2,"EgenAntalKallarplan":0,"EgenProjVentFlode":"0,46000000000000002","EgenInstEleffektStorre":"Nej","EgenSkyddadEllerVardefull":0,"EgiEnergiklass":"G","EgiEnergiPrestanda":230,"EgiSpecifikEnergianvandning":194,"EgiEnergianvandning":317793,"EgiPrimarenergianvandning":376329,"EgiForstaArManad":1801,"EgiSistaArManad":1812,"EgiBeraknatVarde":"Nej","VentTypFTX":"Ja","VentTypF":"Nej","VentTypFT":"Nej","VentTypSjalvdrag":"Nej","VentTypFmed":"Nej","VentGruppKrav":"Ja","EgiSumma2":291390,"EgiFastighet":48250,"EgiStationEI":"G\u00f6teborg","EgiRefvarde1":88,"EgiRefvarde2Max":183,"EgiVersion":2019,"VentGruppGodkand":"Nej","RadGruppHaltMatt":"Nej","Godkand":"2019-12-23","Version":2.6,"ExpertBehorighet":"Kvalificerad","AtgForslagEgiMinskad":3000,"AtgForslagKostnad":"0"}}},{"type":"Feature","geometry":{"type":"Polygon","coordinates":[[[11.94411497114912,57.70891683367917],[11.944163894242184,57.70893247705698],[11.944118806220962,57.70897311903167],[11.944070903024839,57.70895872263584],[11.94411497114912,57.70891683367917]]]},"properties":{"id":"e9b53c12-5a5d-4ecc-9369-5c114e1dfc91","objektidentitet":"35ad74a9-ba34-42ea-902d-ba80ea97089c","versiongiltigfran":"2023-06-09T13:26:08.012Z","lagesosakerhetplan":0.06,"lagesosakerhethojd":2.5,"ursprunglig_organisation":"G\u00f6teborg","objektversion":5.0,"objekttypnr":2062.0,"objekttyp":"Industri","insamlingslage":"Takkant","byggnadsnamn1":"None","byggnadsnamn2":"None","byggnadsnamn3":"None","husnummer":35.0,"huvudbyggnad":"Nej","andamal1":"Industri;Ospecificerad","andamal2":"None","andamal3":"None","andamal4":"None","andamal5":"None","FormularId":1002654,"fastighetsbeteckning":"LUNDBYVASSEN 4:6","energy_class":"E","energy_performance":172,"specific_energy":137,"building_category":"Lokalbyggnader","construction_year":1946,"epc_detail":{"IdAdr":"Valdemar Nor\u00e9ns Gata 6","IdPostnr":41755,"IdPostort":"G\u00f6teborg","IdKommun":"G\u00f6teborg","EgenByggnadsKat":"Lokalbyggnader","EgenByggnadsTyp":"Friliggande","EgenNybyggAr":1946,"EgenAtemp":26959,"EgenAntalPlan":7,"EgenAntalKallarplan":1,"EgenProjVentFlode":"1","EgenInstEleffektStorre":"Nej","EgenSkyddadEllerVardefull":0,"EgiEnergiklass":"E","EgiEnergiPrestanda":172,"EgiSpecifikEnergianvandning":137,"EgiEnergianvandning":3699907,"EgiPrimarenergianvandning":4627731,"EgiForstaArManad":1801,"EgiSistaArManad":1812,"EgiBeraknatVarde":"Nej","VentTypFTX":"Ja","VentTypF":"Nej","VentTypFT":"Ja","VentTypSjalvdrag":"Nej","VentTypFmed":"Ja","VentGruppKrav":"Ja","EgiSumma2":3444403,"EgiFastighet":870213,"EgiStationEI":"G\u00f6teborg","EgiRefvarde1":126,"EgiRefvarde2Max":190,"EgiVersion":2019,"VentGruppGodkand":"Ja","RadGruppHaltMatt":"Nej","Godkand":"2019-12-23","Version":2.6,"ExpertBehorighet":"Kvalificerad","VentGruppUtanAnm":0,"AtgForslagEgiMinskad":30000,"AtgForslagKostnad":"0,59999999999999998"}}},{"type":"Feature","geometry":{"type":"Polygon","coordinates":[[[11.941779586477011,57.70903088337024],[11.94165696089109,57.70897487198219],[11.941803733005974,57.70890034164255],[11.942012089702343,57.708950695573705],[11.941779586477011,57.70903088337024]]]},"properties":{"id":"49444102-eb21-4f4d-8a2d-fb63d81db11a","objektidentitet":"d7280b84-2d26-41cd-be6b-98e31b14a411","versiongiltigfran":"2024-04-23T12:32:35.084Z","lagesosakerhetplan":0.05,"lagesosakerhethojd":null,"ursprunglig_organisation":"G\u00f6teborg","objektversion":6.0,"objekttypnr":2061.0,"objekttyp":"Bostad","insamlingslage":"Fasad","byggnadsnamn1":"None","byggnadsnamn2":"None","byggnadsnamn3":"None","husnummer":1.0,"huvudbyggnad":"Nej","andamal1":"Bostad;Sm\u00e5hus med flera l\u00e4genheter","andamal2":"Komplementbyggnad;","andamal3":"None","andamal4":"None","andamal5":"None","FormularId":1446200,"fastighetsbeteckning":"LINDHOLMEN 43:3","energy_class":"C","energy_performance":78,"specific_energy":88,"building_category":"Flerbostadshus","construction_year":2024,"epc_detail":{"IdAdr":"Lindholmshamnen 5","IdPostnr":41756,"IdPostort":"G\u00f6teborg","IdKommun":"G\u00f6teborg","EgenByggnadsKat":"Flerbostadshus","EgenByggnadsTyp":"Friliggande","EgenNybyggAr":2024,"EgenAtemp":402,"EgenAntalPlan":3,"EgenAntalKallarplan":0,"EgenAntalTrapphus":1,"EgenAntalBolgh":8,"EgenProjVentFlode":"0,64000000000000001","EgenInstEleffektStorre":"Nej","EgenSkyddadEllerVardefull":0,"EgiEnergiklass":"C","EgiEnergiPrestanda":78,"EgiSpecifikEnergianvandning":88,"EgiEnergianvandning":35200,"EgiPrimarenergianvandning":31482,"EgiPrimarenergital2020":78,"EgiBeraknatVarde":"Ja","EgiSolcell":19,"VentTypFTX":"Ja","VentTypF":"Nej","VentTypFT":"Nej","VentTypSjalvdrag":"Nej","VentTypFmed":"Nej","VentGruppKrav":"Ja","EgiSumma2":35200,"EgiBerElProduktion":3363,"EgiFastighet":4700,"EgiRefvarde1":85,"EgiRefvarde2Max":78,"EgiVersion":2023,"VentGruppGodkand":"Ja","RadGruppHaltMatt":"Nej","Godkand":"2024-03-11","Version":2.8,"ExpertBehorighet":"Kvalificerad","VentGruppUtanAnm":1,"InspUppvUndAvtalEgipres":"Nej","InspLuftUndAvtalEgipres":"Nej"}}},{"type":"Feature","geometry":{"type":"Polygon","coordinates":[[[11.94198042460131,57.70870325542944],[11.942583818405668,57.7088433294818],[11.942497641477946,57.708949821361834],[11.941947485931893,57.708821783453544],[11.94198042460131,57.70870325542944]]]},"properties":{"id":"cadf6742-66f8-4427-a4c3-be2e709f842b","objektidentitet":"d9efb7c7-acae-47bd-87f9-2c11c01c1316","versiongiltigfran":"2020-07-09T13:18:31.703Z","lagesosakerhetplan":0.05,"lagesosakerhethojd":null,"ursprunglig_organisation":"G\u00f6teborg","objektversion":3.0,"objekttypnr":2061.0,"objekttyp":"Bostad","insamlingslage":"Fasad","byggnadsnamn1":"None","byggnadsnamn2":"None","byggnadsnamn3":"None","husnummer":3.0,"huvudbyggnad":"Nej","andamal1":"Bostad;Flerfamiljshus","andamal2":"None","andamal3":"None","andamal4":"None","andamal5":"None","FormularId":1149277,"fastighetsbeteckning":"LINDHOLMEN 44:1","energy_class":"C","energy_performance":65,"specific_energy":64,"building_category":"Flerbostadshus","construction_year":2021,"epc_detail":{"IdAdr":"Lindholmshamnen 8","IdPostnr":41756,"IdPostort":"G\u00f6teborg","IdKommun":"G\u00f6teborg","EgenByggnadsKat":"Flerbostadshus","EgenByggnadsTyp":"Friliggande","EgenNybyggAr":2021,"EgenAtemp":11244,"EgenAntalPlan":7,"EgenAntalKallarplan":1,"EgenAntalTrapphus":7,"EgenAntalBolgh":122,"EgenProjVentFlode":"0,5","EgenInstEleffektStorre":"Nej","EgenSkyddadEllerVardefull":0,"EgiEnergiklass":"C","EgiEnergiPrestanda":65,"EgiSpecifikEnergianvandning":64,"EgiEnergianvandning":723800,"EgiPrimarenergianvandning":725297,"EgiPrimarenergital2020":65,"EgiBeraknatVarde":"Ja","EgiSolcell":102,"VentTypFTX":"Ja","VentTypF":"Nej","VentTypFT":"Nej","VentTypSjalvdrag":"Nej","VentTypFmed":"Nej","VentGruppKrav":"Ja","EgiSumma2":723800,"EgiBerElProduktion":16300,"EgiFastighet":180200,"EgiRefvarde1":75,"EgiRefvarde2Max":86,"EgiVersion":2021,"VentGruppGodkand":"Ja","RadGruppHaltMatt":"Nej","Godkand":"2021-04-01","Version":2.8,"ExpertBehorighet":"Kvalificerad","VentGruppUtanAnm":1,"InspUppvGruppInspSkyldighet":"Nej","InspUppvUndAvtalEgipres":"Nej","InspLuftUndAvtalEgipres":"Nej"}}},{"type":"Feature","geometry":{"type":"Polygon","coordinates":[[[11.943269690408494,57.70799834450128],[11.94318471382621,57.7081041917077],[11.942429832675343,57.70793070895643],[11.94252234480217,57.70781517556716],[11.94269236700349,57.707854508480224],[11.942833850528134,57.70767815939611],[11.942696931612941,57.70759794050307],[11.942756180910466,57.707524179072905],[11.943511141461487,57.70769783267347],[11.94341843296451,57.70781294854688],[11.943370953353472,57.707802112337035],[11.943229879163644,57.707978013493495],[11.943269690408494,57.70799834450128]]]},"properties":{"id":"c78ec54b-9bb7-43ec-925b-62b06fdc4684","objektidentitet":"4dfcb137-fb76-415c-bdac-22faef04bfc8","versiongiltigfran":"2015-06-24T15:37:29.163Z","lagesosakerhetplan":0.025,"lagesosakerhethojd":null,"ursprunglig_organisation":"G\u00f6teborg","objektversion":3.0,"objekttypnr":2064.0,"objekttyp":"Verksamhet","insamlingslage":"Fasad","byggnadsnamn1":"None","byggnadsnamn2":"None","byggnadsnamn3":"None","husnummer":1.0,"huvudbyggnad":"Nej","andamal1":"Verksamhet;","andamal2":"None","andamal3":"None","andamal4":"None","andamal5":"None","FormularId":1456832,"fastighetsbeteckning":"LINDHOLMEN 28:4","energy_class":"B","energy_performance":70,"specific_energy":77,"building_category":"Lokalbyggnader","construction_year":2013,"epc_detail":{"IdAdr":"Theres Svenssons Gata 7B","IdPostnr":41755,"IdPostort":"G\u00f6teborg","IdKommun":"G\u00f6teborg","EgenByggnadsKat":"Lokalbyggnader","EgenByggnadsTyp":"Friliggande","EgenNybyggAr":2013,"EgenAtemp":11277,"EgenAntalPlan":6,"EgenAntalKallarplan":1,"EgenProjVentFlode":"1","EgenInstEleffektStorre":"Nej","EgenSkyddadEllerVardefull":0,"EgiEnergiklass":"B","EgiEnergiPrestanda":70,"EgiSpecifikEnergianvandning":77,"EgiEnergianvandning":864795,"EgiPrimarenergianvandning":790249,"EgiPrimarenergital2020":70,"EgiForstaArManad":2301,"EgiSistaArManad":2312,"EgiBeraknatVarde":"Nej","EgiSolcell":200,"VentTypFTX":"Ja","VentTypF":"Nej","VentTypFT":"Nej","VentTypSjalvdrag":"Nej","VentTypFmed":"Nej","VentGruppKrav":"Ja","EgiSumma2":853800,"EgiFjarrkyla":408032,"EgiBerElProduktion":27779,"EgiFastighet":187752,"EgiStationEI":"G\u00f6teborg","EgiRefvarde1":96,"EgiRefvarde2Max":98,"EgiVersion":2023,"VentGruppGodkand":"Ja","RadGruppHaltMatt":"Nej","Godkand":"2024-05-15","Version":3.0,"ExpertBehorighet":"Kvalificerad","VentGruppUtanAnm":0,"InspUppvGruppInspSkyldighet":"Nej","InspUppvUndAvtalEgipres":"Nej","InspLuftGruppInspSkyldighet":"Nej","InspLuftUndAvtalEgipres":"Nej"}}},{"type":"Feature","geometry":{"type":"Polygon","coordinates":[[[11.94271504628865,57.70865902095794],[11.942611918606591,57.708786314856184],[11.94243846275558,57.7087317002661],[11.942524803756196,57.70862505061077],[11.94271504628865,57.70865902095794]]]},"properties":{"id":"064394a3-67e6-4f48-8dbc-ae7cb504537b","objektidentitet":"5d721fa4-67db-431e-8fe7-2eac2fd5228c","versiongiltigfran":"2020-07-09T13:18:32.902Z","lagesosakerhetplan":0.05,"lagesosakerhethojd":null,"ursprunglig_organisation":"G\u00f6teborg","objektversion":3.0,"objekttypnr":2061.0,"objekttyp":"Bostad","insamlingslage":"Fasad","byggnadsnamn1":"None","byggnadsnamn2":"None","byggnadsnamn3":"None","husnummer":2.0,"huvudbyggnad":"Nej","andamal1":"Bostad;Flerfamiljshus","andamal2":"None","andamal3":"None","andamal4":"None","andamal5":"None","FormularId":1149277,"fastighetsbeteckning":"LINDHOLMEN 44:1","energy_class":"C","energy_performance":65,"specific_energy":64,"building_category":"Flerbostadshus","construction_year":2021,"epc_detail":{"IdAdr":"Lindholmshamnen 8","IdPostnr":41756,"IdPostort":"G\u00f6teborg","IdKommun":"G\u00f6teborg","EgenByggnadsKat":"Flerbostadshus","EgenByggnadsTyp":"Friliggande","EgenNybyggAr":2021,"EgenAtemp":11244,"EgenAntalPlan":7,"EgenAntalKallarplan":1,"EgenAntalTrapphus":7,"EgenAntalBolgh":122,"EgenProjVentFlode":"0,5","EgenInstEleffektStorre":"Nej","EgenSkyddadEllerVardefull":0,"EgiEnergiklass":"C","EgiEnergiPrestanda":65,"EgiSpecifikEnergianvandning":64,"EgiEnergianvandning":723800,"EgiPrimarenergianvandning":725297,"EgiPrimarenergital2020":65,"EgiBeraknatVarde":"Ja","EgiSolcell":102,"VentTypFTX":"Ja","VentTypF":"Nej","VentTypFT":"Nej","VentTypSjalvdrag":"Nej","VentTypFmed":"Nej","VentGruppKrav":"Ja","EgiSumma2":723800,"EgiBerElProduktion":16300,"EgiFastighet":180200,"EgiRefvarde1":75,"EgiRefvarde2Max":86,"EgiVersion":2021,"VentGruppGodkand":"Ja","RadGruppHaltMatt":"Nej","Godkand":"2021-04-01","Version":2.8,"ExpertBehorighet":"Kvalificerad","VentGruppUtanAnm":1,"InspUppvGruppInspSkyldighet":"Nej","InspUppvUndAvtalEgipres":"Nej","InspLuftUndAvtalEgipres":"Nej"}}},{"type":"Feature","geometry":{"type":"Polygon","coordinates":[[[11.942954914376195,57.7072718629929],[11.943713071636274,57.70744479277587],[11.94361871665951,57.70756332038022],[11.942860558165222,57.70739038104541],[11.942954914376195,57.7072718629929]]]},"properties":{"id":"1633a2a0-bd45-41e5-ad53-caf3ac8bd143","objektidentitet":"a67b24ee-e183-4e6c-8431-32f54c5eddd8","versiongiltigfran":"2012-07-05T10:32:34.972Z","lagesosakerhetplan":0.06,"lagesosakerhethojd":null,"ursprunglig_organisation":"G\u00f6teborg","objektversion":3.0,"objekttypnr":2064.0,"objekttyp":"Verksamhet","insamlingslage":"Takkant","byggnadsnamn1":"None","byggnadsnamn2":"None","byggnadsnamn3":"None","husnummer":1.0,"huvudbyggnad":"Nej","andamal1":"Verksamhet;","andamal2":"None","andamal3":"None","andamal4":"None","andamal5":"None","FormularId":1456831,"fastighetsbeteckning":"LINDHOLMEN 28:3","energy_class":"C","energy_performance":91,"specific_energy":100,"building_category":"Lokalbyggnader","construction_year":2004,"epc_detail":{"IdAdr":"Theres Svenssons Gata 9","IdPostnr":41755,"IdPostort":"G\u00f6teborg","IdKommun":"G\u00f6teborg","EgenByggnadsKat":"Lokalbyggnader","EgenByggnadsTyp":"Friliggande","EgenNybyggAr":2004,"EgenAtemp":6032,"EgenAntalPlan":6,"EgenAntalKallarplan":1,"EgenAntalTrapphus":1,"EgenProjVentFlode":"1,3","EgenInstEleffektStorre":"Nej","EgenSkyddadEllerVardefull":0,"EgiEnergiklass":"C","EgiEnergiPrestanda":91,"EgiSpecifikEnergianvandning":100,"EgiEnergianvandning":603991,"EgiPrimarenergianvandning":550411,"EgiPrimarenergital2020":91,"EgiForstaArManad":2301,"EgiSistaArManad":2312,"EgiBeraknatVarde":"Nej","EgiSolcell":430,"VentTypFTX":"Ja","VentTypF":"Nej","VentTypFT":"Nej","VentTypSjalvdrag":"Nej","VentTypFmed":"Nej","VentGruppKrav":"Ja","EgiSumma2":590883,"EgiFjarrkyla":185954,"EgiBerElProduktion":60962,"EgiFastighet":112145,"EgiStationEI":"G\u00f6teborg","EgiRefvarde1":96,"EgiRefvarde2Max":157,"EgiVersion":2023,"VentGruppGodkand":"Ja","RadGruppHaltMatt":"Ja","RadHalt":100,"RadTypMatning":"L\u00e5ngtidsm\u00e4tning enligt SSI","RadMatDatum":"2016-01-25","Godkand":"2024-05-15","Version":3.0,"ExpertBehorighet":"Kvalificerad","VentGruppUtanAnm":0,"InspUppvGruppInspSkyldighet":"Nej","InspUppvUndAvtalEgipres":"Nej","InspLuftGruppInspSkyldighet":"Nej","InspLuftUndAvtalEgipres":"Nej"}}},{"type":"Feature","geometry":{"type":"Polygon","coordinates":[[[11.942912146328954,57.70911895246386],[11.943150900488554,57.70882287002123],[11.94332477781414,57.70887788027723],[11.943189341335259,57.70908045909757],[11.943486170283512,57.70926930460222],[11.943317388996965,57.70935255369859],[11.942912146328954,57.70911895246386]]]},"properties":{"id":"d3d1bfa2-0464-4e5b-9c4f-f9cf9733a531","objektidentitet":"54f7691b-4a4c-474a-a44a-c828f00f26b6","versiongiltigfran":"2022-02-11T12:36:32.139Z","lagesosakerhetplan":0.1,"lagesosakerhethojd":null,"ursprunglig_organisation":"G\u00f6teborg","objektversion":6.0,"objekttypnr":2061.0,"objekttyp":"Bostad","insamlingslage":"Takkant","byggnadsnamn1":"None","byggnadsnamn2":"None","byggnadsnamn3":"None","husnummer":2.0,"huvudbyggnad":"Nej","andamal1":"Bostad;Flerfamiljshus","andamal2":"Samh\u00e4llsfunktion;Skola","andamal3":"None","andamal4":"None","andamal5":"None","FormularId":1294565,"fastighetsbeteckning":"LINDHOLMEN 45:1","energy_class":"C","energy_performance":63,"specific_energy":64,"building_category":"Flerbostadshus","construction_year":2019,"epc_detail":{"IdAdr":"G\u00f6taverksgatan 26","IdPostnr":41755,"IdPostort":"G\u00f6teborg","IdKommun":"G\u00f6teborg","EgenByggnadsKat":"Flerbostadshus","EgenByggnadsTyp":"Friliggande","EgenNybyggAr":2019,"EgenAtemp":11808,"EgenAntalPlan":16,"EgenAntalKallarplan":1,"EgenAntalTrapphus":4,"EgenAntalBolgh":133,"EgenProjVentFlode":"0,55000000000000004","EgenInstEleffektStorre":"Nej","EgenSkyddadEllerVardefull":0,"EgiEnergiklass":"C","EgiEnergiPrestanda":63,"EgiSpecifikEnergianvandning":64,"EgiEnergianvandning":756757,"EgiPrimarenergianvandning":748560,"EgiPrimarenergital2020":63,"EgiForstaArManad":2103,"EgiSistaArManad":2202,"EgiBeraknatVarde":"Nej","EgiSolcell":100,"VentTypFTX":"Ja","VentTypF":"Nej","VentTypFT":"Nej","VentTypSjalvdrag":"Nej","VentTypFmed":"Nej","VentGruppKrav":"Ja","EgiSumma2":737897,"EgiBerElProduktion":19000,"EgiFastighet":174771,"EgiStationEI":"G\u00f6teborg","EgiRefvarde1":75,"EgiRefvarde2Max":81,"EgiVersion":2022,"VentGruppGodkand":"Ja","RadGruppHaltMatt":"Nej","Godkand":"2022-05-24","Version":2.8,"ExpertBehorighet":"Kvalificerad","VentGruppUtanAnm":1,"InspUppvGruppInspSkyldighet":"Nej","InspUppvUndAvtalEgipres":"Nej","InspLuftUndAvtalEgipres":"Nej","AtgForslagEgiMinskad":15000,"AtgForslagKostnad":"0,10000000000000001"}}},{"type":"Feature","geometry":{"type":"Polygon","coordinates":[[[11.943070687219965,57.70743834942608],[11.943365602236275,57.707505569038744],[11.943350072969618,57.70752504822817],[11.943055165391074,57.70745773888138],[11.943070687219965,57.70743834942608]]]},"properties":{"id":"f9000095-fa86-431a-b79b-d268477f0ef3","objektidentitet":"3455bdb0-cadd-4597-a8e3-7804275140f7","versiongiltigfran":"2012-07-05T10:32:34.972Z","lagesosakerhetplan":0.025,"lagesosakerhethojd":null,"ursprunglig_organisation":"G\u00f6teborg","objektversion":2.0,"objekttypnr":2066.0,"objekttyp":"Komplementbyggnad","insamlingslage":"Fasad","byggnadsnamn1":"None","byggnadsnamn2":"None","byggnadsnamn3":"None","husnummer":2.0,"huvudbyggnad":"Nej","andamal1":"Komplementbyggnad;","andamal2":"None","andamal3":"None","andamal4":"None","andamal5":"None","FormularId":1456831,"fastighetsbeteckning":"LINDHOLMEN 28:3","energy_class":"C","energy_performance":91,"specific_energy":100,"building_category":"Lokalbyggnader","construction_year":2004,"epc_detail":{"IdAdr":"Theres Svenssons Gata 9","IdPostnr":41755,"IdPostort":"G\u00f6teborg","IdKommun":"G\u00f6teborg","EgenByggnadsKat":"Lokalbyggnader","EgenByggnadsTyp":"Friliggande","EgenNybyggAr":2004,"EgenAtemp":6032,"EgenAntalPlan":6,"EgenAntalKallarplan":1,"EgenAntalTrapphus":1,"EgenProjVentFlode":"1,3","EgenInstEleffektStorre":"Nej","EgenSkyddadEllerVardefull":0,"EgiEnergiklass":"C","EgiEnergiPrestanda":91,"EgiSpecifikEnergianvandning":100,"EgiEnergianvandning":603991,"EgiPrimarenergianvandning":550411,"EgiPrimarenergital2020":91,"EgiForstaArManad":2301,"EgiSistaArManad":2312,"EgiBeraknatVarde":"Nej","EgiSolcell":430,"VentTypFTX":"Ja","VentTypF":"Nej","VentTypFT":"Nej","VentTypSjalvdrag":"Nej","VentTypFmed":"Nej","VentGruppKrav":"Ja","EgiSumma2":590883,"EgiFjarrkyla":185954,"EgiBerElProduktion":60962,"EgiFastighet":112145,"EgiStationEI":"G\u00f6teborg","EgiRefvarde1":96,"EgiRefvarde2Max":157,"EgiVersion":2023,"VentGruppGodkand":"Ja","RadGruppHaltMatt":"Ja","RadHalt":100,"RadTypMatning":"L\u00e5ngtidsm\u00e4tning enligt SSI","RadMatDatum":"2016-01-25","Godkand":"2024-05-15","Version":3.0,"ExpertBehorighet":"Kvalificerad","VentGruppUtanAnm":0,"InspUppvGruppInspSkyldighet":"Nej","InspUppvUndAvtalEgipres":"Nej","InspLuftGruppInspSkyldighet":"Nej","InspLuftUndAvtalEgipres":"Nej"}}},{"type":"Feature","geometry":{"type":"Polygon","coordinates":[[[11.943191519390638,57.70697642073094],[11.943949372532755,57.7071509057325],[11.943852876656269,57.70727094567966],[11.943094924747543,57.707096412805264],[11.943191519390638,57.70697642073094]]]},"properties":{"id":"0cad8e04-7285-4507-ab11-044f3c049e9f","objektidentitet":"488b7712-0103-406f-9807-3e28acbdc497","versiongiltigfran":"2011-03-23T08:34:32.455Z","lagesosakerhetplan":0.025,"lagesosakerhethojd":null,"ursprunglig_organisation":"Lantm\u00e4teriet","objektversion":1.0,"objekttypnr":2064.0,"objekttyp":"Verksamhet","insamlingslage":"Takkant","byggnadsnamn1":"None","byggnadsnamn2":"None","byggnadsnamn3":"None","husnummer":1.0,"huvudbyggnad":"Nej","andamal1":"Verksamhet;","andamal2":"None","andamal3":"None","andamal4":"None","andamal5":"None","FormularId":1465698,"fastighetsbeteckning":"LINDHOLMEN 28:1","energy_class":"C","energy_performance":93,"specific_energy":100,"building_category":"Lokalbyggnader","construction_year":2004,"epc_detail":{"IdAdr":"Theres Svenssons gata 11","IdPostnr":41755,"IdPostort":"G\u00f6teborg","IdKommun":"G\u00f6teborg","EgenByggnadsKat":"Lokalbyggnader","EgenByggnadsTyp":"Friliggande","EgenNybyggAr":2004,"EgenAtemp":4439,"EgenAntalPlan":6,"EgenAntalKallarplan":1,"EgenProjVentFlode":"1,3","EgenInstEleffektStorre":"Nej","EgenSkyddadEllerVardefull":0,"EgiEnergiklass":"C","EgiEnergiPrestanda":93,"EgiSpecifikEnergianvandning":100,"EgiEnergianvandning":444458,"EgiPrimarenergianvandning":411740,"EgiPrimarenergital2020":93,"EgiForstaArManad":2301,"EgiSistaArManad":2312,"EgiBeraknatVarde":"Nej","VentTypFTX":"Ja","VentTypF":"Nej","VentTypFT":"Nej","VentTypSjalvdrag":"Nej","VentTypFmed":"Nej","VentGruppKrav":"Ja","EgiSumma2":435593,"EgiFjarrkyla":146156,"EgiFastighet":90709,"EgiStationEI":"G\u00f6teborg","EgiRefvarde1":96,"EgiRefvarde2Max":157,"EgiVersion":2023,"VentGruppGodkand":"Ja","RadGruppHaltMatt":"Ja","RadHalt":30,"RadTypMatning":"L\u00e5ngtidsm\u00e4tning enligt SSI","RadMatDatum":"2016-01-25","Godkand":"2024-05-15","Version":3.0,"ExpertBehorighet":"Kvalificerad","VentGruppUtanAnm":0,"InspUppvGruppInspSkyldighet":"Nej","InspLuftGruppInspSkyldighet":"Nej"}}},{"type":"Feature","geometry":{"type":"Polygon","coordinates":[[[11.943219543137486,57.707332230286184],[11.943358540706818,57.70715762718273],[11.943593054521841,57.70721111828456],[11.943454057859611,57.70738572165333],[11.943219543137486,57.707332230286184]]]},"properties":{"id":"ae8f9b90-c29a-4a25-83d0-fb81c749e016","objektidentitet":"a67b24ee-e183-4e6c-8431-32f54c5eddd8","versiongiltigfran":"2012-07-05T10:32:34.972Z","lagesosakerhetplan":3.0,"lagesosakerhethojd":null,"ursprunglig_organisation":"G\u00f6teborg","objektversion":3.0,"objekttypnr":2064.0,"objekttyp":"Verksamhet","insamlingslage":"Takkant","byggnadsnamn1":"None","byggnadsnamn2":"None","byggnadsnamn3":"None","husnummer":1.0,"huvudbyggnad":"Nej","andamal1":"Verksamhet;","andamal2":"None","andamal3":"None","andamal4":"None","andamal5":"None","FormularId":1456831,"fastighetsbeteckning":"LINDHOLMEN 28:3","energy_class":"C","energy_performance":91,"specific_energy":100,"building_category":"Lokalbyggnader","construction_year":2004,"epc_detail":{"IdAdr":"Theres Svenssons Gata 9","IdPostnr":41755,"IdPostort":"G\u00f6teborg","IdKommun":"G\u00f6teborg","EgenByggnadsKat":"Lokalbyggnader","EgenByggnadsTyp":"Friliggande","EgenNybyggAr":2004,"EgenAtemp":6032,"EgenAntalPlan":6,"EgenAntalKallarplan":1,"EgenAntalTrapphus":1,"EgenProjVentFlode":"1,3","EgenInstEleffektStorre":"Nej","EgenSkyddadEllerVardefull":0,"EgiEnergiklass":"C","EgiEnergiPrestanda":91,"EgiSpecifikEnergianvandning":100,"EgiEnergianvandning":603991,"EgiPrimarenergianvandning":550411,"EgiPrimarenergital2020":91,"EgiForstaArManad":2301,"EgiSistaArManad":2312,"EgiBeraknatVarde":"Nej","EgiSolcell":430,"VentTypFTX":"Ja","VentTypF":"Nej","VentTypFT":"Nej","VentTypSjalvdrag":"Nej","VentTypFmed":"Nej","VentGruppKrav":"Ja","EgiSumma2":590883,"EgiFjarrkyla":185954,"EgiBerElProduktion":60962,"EgiFastighet":112145,"EgiStationEI":"G\u00f6teborg","EgiRefvarde1":96,"EgiRefvarde2Max":157,"EgiVersion":2023,"VentGruppGodkand":"Ja","RadGruppHaltMatt":"Ja","RadHalt":100,"RadTypMatning":"L\u00e5ngtidsm\u00e4tning enligt SSI","RadMatDatum":"2016-01-25","Godkand":"2024-05-15","Version":3.0,"ExpertBehorighet":"Kvalificerad","VentGruppUtanAnm":0,"InspUppvGruppInspSkyldighet":"Nej","InspUppvUndAvtalEgipres":"Nej","InspLuftGruppInspSkyldighet":"Nej","InspLuftUndAvtalEgipres":"Nej"}}},{"type":"Feature","geometry":{"type":"Polygon","coordinates":[[[11.943872855902152,57.7093542262174],[11.943623797644243,57.70952660242452],[11.943394910853613,57.709396058963925],[11.943640913432725,57.709272863398226],[11.943872855902152,57.7093542262174]]]},"properties":{"id":"437766fa-01b7-4141-9d68-e9b817c0a89d","objektidentitet":"0d171b84-b069-4e05-9c3b-bd83456535aa","versiongiltigfran":"2018-04-10T13:03:21.458Z","lagesosakerhetplan":0.05,"lagesosakerhethojd":null,"ursprunglig_organisation":"G\u00f6teborg","objektversion":3.0,"objekttypnr":2061.0,"objekttyp":"Bostad","insamlingslage":"Fasad","byggnadsnamn1":"None","byggnadsnamn2":"None","byggnadsnamn3":"None","husnummer":1.0,"huvudbyggnad":"Nej","andamal1":"Bostad;Flerfamiljshus","andamal2":"None","andamal3":"None","andamal4":"None","andamal5":"None","FormularId":1294565,"fastighetsbeteckning":"LINDHOLMEN 45:1","energy_class":"C","energy_performance":63,"specific_energy":64,"building_category":"Flerbostadshus","construction_year":2019,"epc_detail":{"IdAdr":"G\u00f6taverksgatan 26","IdPostnr":41755,"IdPostort":"G\u00f6teborg","IdKommun":"G\u00f6teborg","EgenByggnadsKat":"Flerbostadshus","EgenByggnadsTyp":"Friliggande","EgenNybyggAr":2019,"EgenAtemp":11808,"EgenAntalPlan":16,"EgenAntalKallarplan":1,"EgenAntalTrapphus":4,"EgenAntalBolgh":133,"EgenProjVentFlode":"0,55000000000000004","EgenInstEleffektStorre":"Nej","EgenSkyddadEllerVardefull":0,"EgiEnergiklass":"C","EgiEnergiPrestanda":63,"EgiSpecifikEnergianvandning":64,"EgiEnergianvandning":756757,"EgiPrimarenergianvandning":748560,"EgiPrimarenergital2020":63,"EgiForstaArManad":2103,"EgiSistaArManad":2202,"EgiBeraknatVarde":"Nej","EgiSolcell":100,"VentTypFTX":"Ja","VentTypF":"Nej","VentTypFT":"Nej","VentTypSjalvdrag":"Nej","VentTypFmed":"Nej","VentGruppKrav":"Ja","EgiSumma2":737897,"EgiBerElProduktion":19000,"EgiFastighet":174771,"EgiStationEI":"G\u00f6teborg","EgiRefvarde1":75,"EgiRefvarde2Max":81,"EgiVersion":2022,"VentGruppGodkand":"Ja","RadGruppHaltMatt":"Nej","Godkand":"2022-05-24","Version":2.8,"ExpertBehorighet":"Kvalificerad","VentGruppUtanAnm":1,"InspUppvGruppInspSkyldighet":"Nej","InspUppvUndAvtalEgipres":"Nej","InspLuftUndAvtalEgipres":"Nej","AtgForslagEgiMinskad":15000,"AtgForslagKostnad":"0,10000000000000001"}}},{"type":"Feature","geometry":{"type":"Polygon","coordinates":[[[11.943809279383554,57.70617294768203],[11.943828494216937,57.70614838041832],[11.943974766039975,57.706181160927684],[11.943955551286846,57.706205728214286],[11.943809279383554,57.70617294768203]]]},"properties":{"id":"6997a5bd-65d1-4a85-bf2c-bdca8e96aa59","objektidentitet":"3ac8df00-5235-4fa4-8270-3d10813e868a","versiongiltigfran":"2011-03-23T08:50:00.467Z","lagesosakerhetplan":0.06,"lagesosakerhethojd":2.5,"ursprunglig_organisation":"Lantm\u00e4teriet","objektversion":1.0,"objekttypnr":2066.0,"objekttyp":"Komplementbyggnad","insamlingslage":"Takkant","byggnadsnamn1":"None","byggnadsnamn2":"None","byggnadsnamn3":"None","husnummer":2.0,"huvudbyggnad":"Nej","andamal1":"Komplementbyggnad;","andamal2":"None","andamal3":"None","andamal4":"None","andamal5":"None","FormularId":969724,"fastighetsbeteckning":"LINDHOLMEN 29:1","energy_class":"E","energy_performance":121,"specific_energy":86,"building_category":"Lokalbyggnader","construction_year":2003,"epc_detail":{"IdAdr":"Theres Svenssons Gata 15","IdPostnr":41755,"IdPostort":"G\u00f6teborg","IdKommun":"G\u00f6teborg","EgenByggnadsKat":"Lokalbyggnader","EgenByggnadsTyp":"Friliggande","EgenNybyggAr":2003,"EgenAtemp":14901,"EgenAntalPlan":7,"EgenAntalKallarplan":0,"EgenAntalTrapphus":5,"EgenProjVentFlode":"0,44","EgenInstEleffektStorre":"Nej","EgenSkyddadEllerVardefull":0,"EgiEnergiklass":"E","EgiEnergiPrestanda":121,"EgiSpecifikEnergianvandning":86,"EgiEnergianvandning":1280399,"EgiPrimarenergianvandning":1810094,"EgiForstaArManad":1805,"EgiSistaArManad":1904,"EgiBeraknatVarde":"Nej","VentTypFTX":"Ja","VentTypF":"Nej","VentTypFT":"Nej","VentTypSjalvdrag":"Nej","VentTypFmed":"Nej","VentGruppKrav":"Ja","EgiSumma2":1200908,"EgiFastighet":390909,"EgiStationEI":"G\u00f6teborg","EgiRefvarde1":86,"EgiRefvarde2Max":174,"EgiVersion":2019,"VentGruppGodkand":"Nej","RadGruppHaltMatt":"Nej","Godkand":"2019-09-09","Version":2.6,"ExpertBehorighet":"Kvalificerad","AtgForslagEgiMinskad":144950,"AtgForslagKostnad":"0,67000000000000004"}}},{"type":"Feature","geometry":{"type":"Polygon","coordinates":[[[11.945843804602394,57.709558879004945],[11.944082991337066,57.709006345226896],[11.944668073950169,57.70847218466926],[11.946424161993557,57.709021603538375],[11.946151593679293,57.70927786783857],[11.946034894379064,57.70938639348669],[11.94592357702392,57.70948604303432],[11.945843804602394,57.709558879004945]]]},"properties":{"id":"523b583d-fe2f-41e7-92ba-e1dde8b432c2","objektidentitet":"35ad74a9-ba34-42ea-902d-ba80ea97089c","versiongiltigfran":"2023-06-09T13:26:08.012Z","lagesosakerhetplan":0.1,"lagesosakerhethojd":null,"ursprunglig_organisation":"G\u00f6teborg","objektversion":5.0,"objekttypnr":2062.0,"objekttyp":"Industri","insamlingslage":"Takkant","byggnadsnamn1":"None","byggnadsnamn2":"None","byggnadsnamn3":"None","husnummer":35.0,"huvudbyggnad":"Nej","andamal1":"Industri;Ospecificerad","andamal2":"None","andamal3":"None","andamal4":"None","andamal5":"None","FormularId":1002654,"fastighetsbeteckning":"LUNDBYVASSEN 4:6","energy_class":"E","energy_performance":172,"specific_energy":137,"building_category":"Lokalbyggnader","construction_year":1946,"epc_detail":{"IdAdr":"Valdemar Nor\u00e9ns Gata 6","IdPostnr":41755,"IdPostort":"G\u00f6teborg","IdKommun":"G\u00f6teborg","EgenByggnadsKat":"Lokalbyggnader","EgenByggnadsTyp":"Friliggande","EgenNybyggAr":1946,"EgenAtemp":26959,"EgenAntalPlan":7,"EgenAntalKallarplan":1,"EgenProjVentFlode":"1","EgenInstEleffektStorre":"Nej","EgenSkyddadEllerVardefull":0,"EgiEnergiklass":"E","EgiEnergiPrestanda":172,"EgiSpecifikEnergianvandning":137,"EgiEnergianvandning":3699907,"EgiPrimarenergianvandning":4627731,"EgiForstaArManad":1801,"EgiSistaArManad":1812,"EgiBeraknatVarde":"Nej","VentTypFTX":"Ja","VentTypF":"Nej","VentTypFT":"Ja","VentTypSjalvdrag":"Nej","VentTypFmed":"Ja","VentGruppKrav":"Ja","EgiSumma2":3444403,"EgiFastighet":870213,"EgiStationEI":"G\u00f6teborg","EgiRefvarde1":126,"EgiRefvarde2Max":190,"EgiVersion":2019,"VentGruppGodkand":"Ja","RadGruppHaltMatt":"Nej","Godkand":"2019-12-23","Version":2.6,"ExpertBehorighet":"Kvalificerad","VentGruppUtanAnm":0,"AtgForslagEgiMinskad":30000,"AtgForslagKostnad":"0,59999999999999998"}}},{"type":"Feature","geometry":{"type":"Polygon","coordinates":[[[11.944904666534985,57.70929060737321],[11.944978797765135,57.709313995610344],[11.944874945057155,57.709362710034085],[11.944848128063613,57.70934617171432],[11.944779023686024,57.70937928624352],[11.944751787629492,57.709363735445564],[11.944904666534985,57.70929060737321]]]},"properties":{"id":"45f9d64e-5a46-4ae8-8e10-5cc7e20e36c4","objektidentitet":"35ad74a9-ba34-42ea-902d-ba80ea97089c","versiongiltigfran":"2023-06-09T13:26:08.012Z","lagesosakerhetplan":0.06,"lagesosakerhethojd":null,"ursprunglig_organisation":"G\u00f6teborg","objektversion":5.0,"objekttypnr":2062.0,"objekttyp":"Industri","insamlingslage":"Takkant","byggnadsnamn1":"None","byggnadsnamn2":"None","byggnadsnamn3":"None","husnummer":35.0,"huvudbyggnad":"Nej","andamal1":"Industri;Ospecificerad","andamal2":"None","andamal3":"None","andamal4":"None","andamal5":"None","FormularId":1002654,"fastighetsbeteckning":"LUNDBYVASSEN 4:6","energy_class":"E","energy_performance":172,"specific_energy":137,"building_category":"Lokalbyggnader","construction_year":1946,"epc_detail":{"IdAdr":"Valdemar Nor\u00e9ns Gata 6","IdPostnr":41755,"IdPostort":"G\u00f6teborg","IdKommun":"G\u00f6teborg","EgenByggnadsKat":"Lokalbyggnader","EgenByggnadsTyp":"Friliggande","EgenNybyggAr":1946,"EgenAtemp":26959,"EgenAntalPlan":7,"EgenAntalKallarplan":1,"EgenProjVentFlode":"1","EgenInstEleffektStorre":"Nej","EgenSkyddadEllerVardefull":0,"EgiEnergiklass":"E","EgiEnergiPrestanda":172,"EgiSpecifikEnergianvandning":137,"EgiEnergianvandning":3699907,"EgiPrimarenergianvandning":4627731,"EgiForstaArManad":1801,"EgiSistaArManad":1812,"EgiBeraknatVarde":"Nej","VentTypFTX":"Ja","VentTypF":"Nej","VentTypFT":"Ja","VentTypSjalvdrag":"Nej","VentTypFmed":"Ja","VentGruppKrav":"Ja","EgiSumma2":3444403,"EgiFastighet":870213,"EgiStationEI":"G\u00f6teborg","EgiRefvarde1":126,"EgiRefvarde2Max":190,"EgiVersion":2019,"VentGruppGodkand":"Ja","RadGruppHaltMatt":"Nej","Godkand":"2019-12-23","Version":2.6,"ExpertBehorighet":"Kvalificerad","VentGruppUtanAnm":0,"AtgForslagEgiMinskad":30000,"AtgForslagKostnad":"0,59999999999999998"}}},{"type":"Feature","geometry":{"type":"Polygon","coordinates":[[[11.944926377010402,57.709270908761646],[11.94500051048335,57.70929427007674],[11.944978850307955,57.70931396991529],[11.944904716809534,57.70929060858731],[11.944926377010402,57.709270908761646]]]},"properties":{"id":"2baf0625-38b7-4762-a2af-8f55a0f2b302","objektidentitet":"35ad74a9-ba34-42ea-902d-ba80ea97089c","versiongiltigfran":"2023-06-09T13:26:08.012Z","lagesosakerhetplan":0.06,"lagesosakerhethojd":2.5,"ursprunglig_organisation":"G\u00f6teborg","objektversion":5.0,"objekttypnr":2062.0,"objekttyp":"Industri","insamlingslage":"Takkant","byggnadsnamn1":"None","byggnadsnamn2":"None","byggnadsnamn3":"None","husnummer":35.0,"huvudbyggnad":"Nej","andamal1":"Industri;Ospecificerad","andamal2":"None","andamal3":"None","andamal4":"None","andamal5":"None","FormularId":1002654,"fastighetsbeteckning":"LUNDBYVASSEN 4:6","energy_class":"E","energy_performance":172,"specific_energy":137,"building_category":"Lokalbyggnader","construction_year":1946,"epc_detail":{"IdAdr":"Valdemar Nor\u00e9ns Gata 6","IdPostnr":41755,"IdPostort":"G\u00f6teborg","IdKommun":"G\u00f6teborg","EgenByggnadsKat":"Lokalbyggnader","EgenByggnadsTyp":"Friliggande","EgenNybyggAr":1946,"EgenAtemp":26959,"EgenAntalPlan":7,"EgenAntalKallarplan":1,"EgenProjVentFlode":"1","EgenInstEleffektStorre":"Nej","EgenSkyddadEllerVardefull":0,"EgiEnergiklass":"E","EgiEnergiPrestanda":172,"EgiSpecifikEnergianvandning":137,"EgiEnergianvandning":3699907,"EgiPrimarenergianvandning":4627731,"EgiForstaArManad":1801,"EgiSistaArManad":1812,"EgiBeraknatVarde":"Nej","VentTypFTX":"Ja","VentTypF":"Nej","VentTypFT":"Ja","VentTypSjalvdrag":"Nej","VentTypFmed":"Ja","VentGruppKrav":"Ja","EgiSumma2":3444403,"EgiFastighet":870213,"EgiStationEI":"G\u00f6teborg","EgiRefvarde1":126,"EgiRefvarde2Max":190,"EgiVersion":2019,"VentGruppGodkand":"Ja","RadGruppHaltMatt":"Nej","Godkand":"2019-12-23","Version":2.6,"ExpertBehorighet":"Kvalificerad","VentGruppUtanAnm":0,"AtgForslagEgiMinskad":30000,"AtgForslagKostnad":"0,59999999999999998"}}},{"type":"Feature","geometry":{"type":"Polygon","coordinates":[[[11.94578955707699,57.706449759885416],[11.945981935840662,57.70651068695586],[11.94598715646313,57.70650631901353],[11.946096521559,57.70653933850467],[11.946043069528569,57.70659262297398],[11.946035394423102,57.7065906490848],[11.945554377623559,57.70704440517593],[11.945453214348131,57.70701307527212],[11.945426430815091,57.70703799929552],[11.945375800080454,57.70702172193542],[11.945377765061775,57.707019126923484],[11.945341547554639,57.70700994752893],[11.945369318790602,57.70698585628828],[11.945254134675057,57.706952938341054],[11.94578955707699,57.706449759885416]]]},"properties":{"id":"29595447-35f7-4fc7-8401-72c227aad813","objektidentitet":"c7b8c850-f10a-4d96-bf3b-752b5c570b7c","versiongiltigfran":"2020-07-09T13:18:31.107Z","lagesosakerhetplan":0.1,"lagesosakerhethojd":null,"ursprunglig_organisation":"G\u00f6teborg","objektversion":4.0,"objekttypnr":2062.0,"objekttyp":"Industri","insamlingslage":"Takkant","byggnadsnamn1":"None","byggnadsnamn2":"None","byggnadsnamn3":"None","husnummer":2.0,"huvudbyggnad":"Nej","andamal1":"Industri;Tillverkning","andamal2":"None","andamal3":"None","andamal4":"None","andamal5":"None","FormularId":1010252,"fastighetsbeteckning":"LUNDBYVASSEN 4:6","energy_class":"D","energy_performance":160,"specific_energy":130,"building_category":"Lokalbyggnader","construction_year":1930,"epc_detail":{"IdAdr":"Theres Svenssons Gata 8","IdPostnr":41755,"IdPostort":"G\u00f6teborg","IdKommun":"G\u00f6teborg","EgenByggnadsKat":"Lokalbyggnader","EgenByggnadsTyp":"Friliggande","EgenNybyggAr":1930,"EgenAtemp":9158,"EgenAntalPlan":4,"EgenAntalKallarplan":0,"EgenAntalTrapphus":3,"EgenProjVentFlode":"1","EgenInstEleffektStorre":"Nej","EgenSkyddadEllerVardefull":0,"EgiEnergiklass":"D","EgiEnergiPrestanda":160,"EgiSpecifikEnergianvandning":130,"EgiEnergianvandning":1191416,"EgiPrimarenergianvandning":1464713,"EgiForstaArManad":1801,"EgiSistaArManad":1812,"EgiBeraknatVarde":"Nej","VentTypFTX":"Ja","VentTypF":"Nej","VentTypFT":"Nej","VentTypSjalvdrag":"Nej","VentTypFmed":"Nej","VentGruppKrav":"Ja","EgiSumma2":1110856,"EgiFjarrkyla":55600,"EgiFastighet":305040,"EgiStationEI":"G\u00f6teborg","EgiRefvarde1":126,"EgiRefvarde2Max":188,"EgiVersion":2019,"VentGruppGodkand":"Delvis","RadGruppHaltMatt":"Nej","Godkand":"2019-12-23","Version":2.6,"ExpertBehorighet":"Kvalificerad","VentDelvisProcent":7,"VentGruppUtanAnm":0,"AtgForslagEgiMinskad":4700,"AtgForslagKostnad":"0,40000000000000002"}}},{"type":"Feature","geometry":{"type":"Polygon","coordinates":[[[11.94624194199515,57.70736233454752],[11.945683583162404,57.70788274836722],[11.94561395497465,57.70786134770792],[11.945620005261217,57.70785570554408],[11.945458244275791,57.70780597928623],[11.945456275722655,57.70780781922532],[11.94538808770237,57.707786866656654],[11.94594235157275,57.70727024702069],[11.94624194199515,57.70736233454752]]]},"properties":{"id":"68cf74d2-7c16-4b29-b162-d737d4269ed9","objektidentitet":"c6ccf6d9-4935-4163-9243-e62e11b5b7b1","versiongiltigfran":"2013-06-17T12:32:12.138Z","lagesosakerhetplan":0.06,"lagesosakerhethojd":null,"ursprunglig_organisation":"G\u00f6teborg","objektversion":2.0,"objekttypnr":2062.0,"objekttyp":"Industri","insamlingslage":"Takkant","byggnadsnamn1":"None","byggnadsnamn2":"None","byggnadsnamn3":"None","husnummer":3.0,"huvudbyggnad":"Nej","andamal1":"Industri;Tillverkning","andamal2":"None","andamal3":"None","andamal4":"None","andamal5":"None","FormularId":1029254,"fastighetsbeteckning":"LUNDBYVASSEN 4:6","energy_class":"D","energy_performance":162,"specific_energy":129,"building_category":"Lokalbyggnader","construction_year":1943,"epc_detail":{"IdAdr":"Bror Nilssons Gata 5","IdPostnr":41755,"IdPostort":"G\u00f6teborg","IdKommun":"G\u00f6teborg","EgenByggnadsKat":"Lokalbyggnader","EgenByggnadsTyp":"Friliggande","EgenNybyggAr":1943,"EgenAtemp":5719,"EgenAntalPlan":4,"EgenAntalKallarplan":1,"EgenAntalTrapphus":2,"EgenProjVentFlode":"1,3","EgenInstEleffektStorre":"Nej","EgenSkyddadEllerVardefull":0,"EgiEnergiklass":"D","EgiEnergiPrestanda":162,"EgiSpecifikEnergianvandning":129,"EgiEnergianvandning":738898,"EgiPrimarenergianvandning":925513,"EgiForstaArManad":1801,"EgiSistaArManad":1812,"EgiBeraknatVarde":"Nej","VentTypFTX":"Ja","VentTypF":"Nej","VentTypFT":"Nej","VentTypSjalvdrag":"Nej","VentTypFmed":"Nej","VentGruppKrav":"Ja","EgiSumma2":688398,"EgiFastighet":216712,"EgiStationEI":"G\u00f6teborg","EgiRefvarde1":126,"EgiRefvarde2Max":188,"EgiVersion":2019,"VentGruppGodkand":"Ja","RadGruppHaltMatt":"Nej","Godkand":"2019-12-23","Version":2.6,"ExpertBehorighet":"Kvalificerad","VentGruppUtanAnm":1,"AtgForslagEgiMinskad":43000,"AtgForslagKostnad":"0,90000000000000002"}}},{"type":"Feature","geometry":{"type":"Polygon","coordinates":[[[11.945998274430938,57.706509679275435],[11.946013976810102,57.706478357841426],[11.946049729715273,57.70648348125395],[11.946101980148395,57.706499860368055],[11.946128547004255,57.706513570193636],[11.94608632004478,57.70653626102631],[11.945998274430938,57.706509679275435]]]},"properties":{"id":"3b8835e7-4e12-4061-a5f9-02683f5a39e5","objektidentitet":"c7b8c850-f10a-4d96-bf3b-752b5c570b7c","versiongiltigfran":"2020-07-09T13:18:31.107Z","lagesosakerhetplan":0.06,"lagesosakerhethojd":null,"ursprunglig_organisation":"G\u00f6teborg","objektversion":4.0,"objekttypnr":2062.0,"objekttyp":"Industri","insamlingslage":"Takkant","byggnadsnamn1":"None","byggnadsnamn2":"None","byggnadsnamn3":"None","husnummer":2.0,"huvudbyggnad":"Nej","andamal1":"Industri;Tillverkning","andamal2":"None","andamal3":"None","andamal4":"None","andamal5":"None","FormularId":1010252,"fastighetsbeteckning":"LUNDBYVASSEN 4:6","energy_class":"D","energy_performance":160,"specific_energy":130,"building_category":"Lokalbyggnader","construction_year":1930,"epc_detail":{"IdAdr":"Theres Svenssons Gata 8","IdPostnr":41755,"IdPostort":"G\u00f6teborg","IdKommun":"G\u00f6teborg","EgenByggnadsKat":"Lokalbyggnader","EgenByggnadsTyp":"Friliggande","EgenNybyggAr":1930,"EgenAtemp":9158,"EgenAntalPlan":4,"EgenAntalKallarplan":0,"EgenAntalTrapphus":3,"EgenProjVentFlode":"1","EgenInstEleffektStorre":"Nej","EgenSkyddadEllerVardefull":0,"EgiEnergiklass":"D","EgiEnergiPrestanda":160,"EgiSpecifikEnergianvandning":130,"EgiEnergianvandning":1191416,"EgiPrimarenergianvandning":1464713,"EgiForstaArManad":1801,"EgiSistaArManad":1812,"EgiBeraknatVarde":"Nej","VentTypFTX":"Ja","VentTypF":"Nej","VentTypFT":"Nej","VentTypSjalvdrag":"Nej","VentTypFmed":"Nej","VentGruppKrav":"Ja","EgiSumma2":1110856,"EgiFjarrkyla":55600,"EgiFastighet":305040,"EgiStationEI":"G\u00f6teborg","EgiRefvarde1":126,"EgiRefvarde2Max":188,"EgiVersion":2019,"VentGruppGodkand":"Delvis","RadGruppHaltMatt":"Nej","Godkand":"2019-12-23","Version":2.6,"ExpertBehorighet":"Kvalificerad","VentDelvisProcent":7,"VentGruppUtanAnm":0,"AtgForslagEgiMinskad":4700,"AtgForslagKostnad":"0,40000000000000002"}}},{"type":"Feature","geometry":{"type":"Polygon","coordinates":[[[11.941801417683676,57.708124381449636],[11.941997316731678,57.70814799172316],[11.941864822989416,57.708462909036506],[11.941668906338771,57.708439289168496],[11.941801417683676,57.708124381449636]]]},"properties":{"id":"7103820b-024e-47a5-bffb-fcd92cbfd06b","objektidentitet":"8b50ec6e-7cc4-4e6e-8490-ab84db704669","versiongiltigfran":"2018-04-10T13:03:15.242Z","lagesosakerhetplan":0.1,"lagesosakerhethojd":null,"ursprunglig_organisation":"G\u00f6teborg","objektversion":3.0,"objekttypnr":2061.0,"objekttyp":"Bostad","insamlingslage":"Takkant","byggnadsnamn1":"None","byggnadsnamn2":"None","byggnadsnamn3":"None","husnummer":1.0,"huvudbyggnad":"Nej","andamal1":"Bostad;Flerfamiljshus","andamal2":"None","andamal3":"None","andamal4":"None","andamal5":"None","FormularId":863024,"fastighetsbeteckning":"LINDHOLMEN 41:1","energy_class":"B","energy_performance":54,"specific_energy":54,"building_category":"Flerbostadshus","construction_year":2018,"epc_detail":{"IdAdr":"Lindholmshamnen 42","IdPostnr":41756,"IdPostort":"G\u00f6teborg","IdKommun":"G\u00f6teborg","EgenByggnadsKat":"Flerbostadshus","EgenByggnadsTyp":"Friliggande","EgenNybyggAr":2018,"EgenAtemp":6034,"EgenAntalPlan":6,"EgenAntalKallarplan":1,"EgenAntalTrapphus":5,"EgenAntalBolgh":67,"EgenProjVentFlode":"0,34999999999999998","EgenInstEleffektStorre":"Nej","EgiEnergiklass":"B","EgiEnergiPrestanda":54,"EgiSpecifikEnergianvandning":54,"EgiVaravEl":21,"EgiForstaArManad":1701,"EgiSistaArManad":1712,"EgiBeraknatVarde":"Nej","EgiFjarrvarme":191900,"EgiSolcell":20,"VentTypFTX":"Ja","VentTypF":"Nej","VentTypFT":"Nej","VentTypSjalvdrag":"Nej","VentTypFmed":"Nej","VentGruppKrav":"Ja","EgiSumma1":191900,"EgiSumma2":327520,"EgiSumma3":318400,"EgiSumma4":126500,"EgiVVBered":94900,"EgiBerElProduktion":11,"EgiFastighet":126500,"EgiVerksamhet":20000,"EgiKomfortTillagg":0,"EgiStationEI":"G\u00f6teborg","EgiNormKorrEI":326570,"EgiRefvarde1":75,"EgiRefvarde2Min":102,"EgiRefvarde2Max":125,"EgiVersion":2015,"VentGruppGodkand":"Ja","RadGruppHaltMatt":"Nej","Godkand":"2018-08-08","Version":2.4,"ExpertBehorighet":"Normal"}}},{"type":"Feature","geometry":{"type":"Polygon","coordinates":[[[11.941552827306744,57.70856501083475],[11.941600748450098,57.70857599321366],[11.941633566122421,57.708533931966286],[11.941822964551259,57.70856595085599],[11.941777671957025,57.708681429883974],[11.941525925331943,57.70859925174219],[11.941552827306744,57.70856501083475]]]},"properties":{"id":"61b7b3bd-2f63-41ca-a95b-1decd234782e","objektidentitet":"e68b31b0-1a4b-46cb-98c2-b24df21a54ee","versiongiltigfran":"2021-02-04T10:42:18.584Z","lagesosakerhetplan":0.05,"lagesosakerhethojd":null,"ursprunglig_organisation":"G\u00f6teborg","objektversion":5.0,"objekttypnr":2061.0,"objekttyp":"Bostad","insamlingslage":"Fasad","byggnadsnamn1":"None","byggnadsnamn2":"None","byggnadsnamn3":"None","husnummer":3.0,"huvudbyggnad":"Nej","andamal1":"Bostad;Flerfamiljshus","andamal2":"None","andamal3":"None","andamal4":"None","andamal5":"None","FormularId":1164075,"fastighetsbeteckning":"LINDHOLMEN 42:1","energy_class":"B","energy_performance":49,"specific_energy":59,"building_category":"Flerbostadshus","construction_year":2020,"epc_detail":{"IdAdr":"Lindholmshamnen 15","IdPostnr":41756,"IdPostort":"G\u00f6teborg","IdKommun":"G\u00f6teborg","EgenByggnadsKat":"Flerbostadshus","EgenByggnadsTyp":"Friliggande","EgenNybyggAr":2020,"EgenAtemp":475,"EgenAntalPlan":3,"EgenAntalKallarplan":1,"EgenAntalTrapphus":1,"EgenAntalBolgh":3,"EgenProjVentFlode":"0,34999999999999998","EgenInstEleffektStorre":"Nej","EgenSkyddadEllerVardefull":0,"EgiEnergiklass":"B","EgiEnergiPrestanda":49,"EgiSpecifikEnergianvandning":59,"EgiEnergianvandning":27933,"EgiPrimarenergianvandning":23146,"EgiPrimarenergital2020":49,"EgiForstaArManad":2001,"EgiSistaArManad":2012,"EgiBeraknatVarde":"Nej","EgiSolcell":5,"VentTypFTX":"Ja","VentTypF":"Nej","VentTypFT":"Nej","VentTypSjalvdrag":"Nej","VentTypFmed":"Nej","VentGruppKrav":"Ja","EgiSumma2":25615,"EgiBerElProduktion":1,"EgiFastighet":2293,"EgiVerksamhet":0,"EgiStationEI":"G\u00f6teborg","EgiRefvarde1":75,"EgiRefvarde2Max":86,"EgiVersion":2021,"VentGruppGodkand":"Ja","RadGruppHaltMatt":"Nej","Godkand":"2021-02-11","Version":2.8,"ExpertBehorighet":"Kvalificerad","VentGruppUtanAnm":1,"InspUppvUndAvtalEgipres":"Nej","InspLuftUndAvtalEgipres":"Nej"}}},{"type":"Feature","geometry":{"type":"Polygon","coordinates":[[[11.94402018976033,57.706266547354836],[11.943973692460808,57.70625483627656],[11.94430868431944,57.70584795433572],[11.94483890661737,57.705970404967886],[11.944512758097522,57.70638019822289],[11.944463092523721,57.70637061285466],[11.944429516923249,57.706411371185574],[11.9445208093936,57.70643268463607],[11.944430228648567,57.70654156099506],[11.943686176022748,57.70636901199045],[11.943775158770698,57.70625839880494],[11.943989061731337,57.70630854212476],[11.94402018976033,57.706266547354836]]]},"properties":{"id":"233c5eaf-2d11-4c8c-8f08-01b3160098fb","objektidentitet":"9e245c75-dab6-401b-a7dd-d91637dbb18a","versiongiltigfran":"2011-03-23T08:48:59.060Z","lagesosakerhetplan":0.06,"lagesosakerhethojd":null,"ursprunglig_organisation":"Lantm\u00e4teriet","objektversion":1.0,"objekttypnr":2064.0,"objekttyp":"Verksamhet","insamlingslage":"Takkant","byggnadsnamn1":"None","byggnadsnamn2":"None","byggnadsnamn3":"None","husnummer":1.0,"huvudbyggnad":"Nej","andamal1":"Verksamhet;","andamal2":"None","andamal3":"None","andamal4":"None","andamal5":"None","FormularId":969724,"fastighetsbeteckning":"LINDHOLMEN 29:1","energy_class":"E","energy_performance":121,"specific_energy":86,"building_category":"Lokalbyggnader","construction_year":2003,"epc_detail":{"IdAdr":"Theres Svenssons Gata 15","IdPostnr":41755,"IdPostort":"G\u00f6teborg","IdKommun":"G\u00f6teborg","EgenByggnadsKat":"Lokalbyggnader","EgenByggnadsTyp":"Friliggande","EgenNybyggAr":2003,"EgenAtemp":14901,"EgenAntalPlan":7,"EgenAntalKallarplan":0,"EgenAntalTrapphus":5,"EgenProjVentFlode":"0,44","EgenInstEleffektStorre":"Nej","EgenSkyddadEllerVardefull":0,"EgiEnergiklass":"E","EgiEnergiPrestanda":121,"EgiSpecifikEnergianvandning":86,"EgiEnergianvandning":1280399,"EgiPrimarenergianvandning":1810094,"EgiForstaArManad":1805,"EgiSistaArManad":1904,"EgiBeraknatVarde":"Nej","VentTypFTX":"Ja","VentTypF":"Nej","VentTypFT":"Nej","VentTypSjalvdrag":"Nej","VentTypFmed":"Nej","VentGruppKrav":"Ja","EgiSumma2":1200908,"EgiFastighet":390909,"EgiStationEI":"G\u00f6teborg","EgiRefvarde1":86,"EgiRefvarde2Max":174,"EgiVersion":2019,"VentGruppGodkand":"Nej","RadGruppHaltMatt":"Nej","Godkand":"2019-09-09","Version":2.6,"ExpertBehorighet":"Kvalificerad","AtgForslagEgiMinskad":144950,"AtgForslagKostnad":"0,67000000000000004"}}},{"type":"Feature","geometry":{"type":"Polygon","coordinates":[[[11.930998530097547,57.70578818300584],[11.931069651228723,57.70586776256083],[11.930782221784282,57.705941384654416],[11.93071108515367,57.70586179556722],[11.930998530097547,57.70578818300584]]]},"properties":{"id":"22532371-c111-4726-beb4-83092364d6f3","objektidentitet":"fe1b64dd-45a2-40a7-9dac-90dee272d8b0","versiongiltigfran":"2015-10-08T08:32:42.214Z","lagesosakerhetplan":0.06,"lagesosakerhethojd":null,"ursprunglig_organisation":"G\u00f6teborg","objektversion":2.0,"objekttypnr":2061.0,"objekttyp":"Bostad","insamlingslage":"Takkant","byggnadsnamn1":"None","byggnadsnamn2":"None","byggnadsnamn3":"None","husnummer":4.0,"huvudbyggnad":"Nej","andamal1":"Bostad;Flerfamiljshus","andamal2":"None","andamal3":"None","andamal4":"None","andamal5":"None","FormularId":1444966,"fastighetsbeteckning":"LINDHOLMEN 735:486","energy_class":"E","energy_performance":129,"specific_energy":67,"building_category":"Flerbostadshus","construction_year":1890,"epc_detail":{"IdAdr":"F\u00f6rmansgatan 9B","IdPostnr":41757,"IdPostort":"G\u00f6teborg","IdKommun":"G\u00f6teborg","EgenByggnadsKat":"Flerbostadshus","EgenByggnadsTyp":"Friliggande","EgenNybyggAr":1890,"EgenAtemp":449,"EgenAntalPlan":3,"EgenAntalKallarplan":1,"EgenAntalTrapphus":2,"EgenAntalBolgh":6,"EgenProjVentFlode":"0,34999999999999998","EgenInstEleffektStorre":"Ja","EgenSkyddadEllerVardefull":0,"EgiEnergiklass":"E","EgiEnergiPrestanda":129,"EgiSpecifikEnergianvandning":67,"EgiEnergianvandning":30148,"EgiPrimarenergianvandning":57776,"EgiPrimarenergital2020":129,"EgiForstaArManad":2301,"EgiSistaArManad":2312,"EgiBeraknatVarde":"Nej","VentTypFTX":"Nej","VentTypF":"Nej","VentTypFT":"Nej","VentTypSjalvdrag":"Ja","VentTypFmed":"Nej","VentGruppKrav":"Ja","EgiSumma2":29365,"EgiFastighet":3620,"EgiStationEI":"G\u00f6teborg","EgiRefvarde1":75,"EgiRefvarde2Max":129,"EgiVersion":2023,"VentGruppGodkand":"Ja","RadGruppHaltMatt":"Ja","RadHalt":30,"RadTypMatning":"L\u00e5ngtidsm\u00e4tning enligt SSI","RadMatDatum":"2021-02-12","Godkand":"2024-03-18","Version":2.8,"ExpertBehorighet":"Normal","VentGruppUtanAnm":1,"InspUppvUndAvtalEgipres":"Nej","InspLuftUndAvtalEgipres":"Nej","AtgForslagEgiMinskad":13200,"AtgForslagKostnad":"0,76000000000000001"}}},{"type":"Feature","geometry":{"type":"Polygon","coordinates":[[[11.931053646843294,57.70727326048364],[11.93110507298453,57.70727888521161],[11.931083969096324,57.707333982044396],[11.931032545918656,57.70732832142885],[11.931053646843294,57.70727326048364]]]},"properties":{"id":"9d500187-c40c-406e-9628-123988aaf69d","objektidentitet":"11f9645f-93d5-4871-a2d9-a3e88674d4d0","versiongiltigfran":"2011-03-23T08:59:21.837Z","lagesosakerhetplan":0.06,"lagesosakerhethojd":null,"ursprunglig_organisation":"Lantm\u00e4teriet","objektversion":1.0,"objekttypnr":2066.0,"objekttyp":"Komplementbyggnad","insamlingslage":"Takkant","byggnadsnamn1":"None","byggnadsnamn2":"None","byggnadsnamn3":"None","husnummer":6.0,"huvudbyggnad":"Nej","andamal1":"Komplementbyggnad;","andamal2":"None","andamal3":"None","andamal4":"None","andamal5":"None","FormularId":null,"energy_class":null,"energy_performance":null,"specific_energy":null,"building_category":null,"construction_year":null,"epc_detail":{}}},{"type":"Feature","geometry":{"type":"Polygon","coordinates":[[[11.935111648887574,57.704554722706284],[11.93535849735125,57.70456644658306],[11.935349132500399,57.70462041730913],[11.935102669888229,57.70460889151599],[11.935111648887574,57.704554722706284]]]},"properties":{"id":"bc4ef088-b203-4e4d-bf40-05922c7f8778","objektidentitet":"ca54761a-9e42-4e06-bbed-3a2c6c266a0e","versiongiltigfran":"2019-09-30T13:25:20.501Z","lagesosakerhetplan":0.06,"lagesosakerhethojd":null,"ursprunglig_organisation":"Lantm\u00e4teriet","objektversion":5.0,"objekttypnr":2063.0,"objekttyp":"Samh\u00e4llsfunktion","insamlingslage":"Takkant","byggnadsnamn1":"Lindholmens kunskapscentrum","byggnadsnamn2":"None","byggnadsnamn3":"None","husnummer":7.0,"huvudbyggnad":"Nej","andamal1":"Samh\u00e4llsfunktion;Skola","andamal2":"None","andamal3":"None","andamal4":"None","andamal5":"None","FormularId":1079111,"fastighetsbeteckning":"LINDHOLMEN 6:9","energy_class":"D","energy_performance":143,"specific_energy":114,"building_category":"Lokalbyggnader","construction_year":1979,"epc_detail":{"IdAdr":"Tankeg\u00e5ngen 2","IdPostnr":41756,"IdPostort":"G\u00f6teborg","IdKommun":"G\u00f6teborg","EgenByggnadsKat":"Lokalbyggnader","EgenByggnadsTyp":"Friliggande","EgenNybyggAr":1979,"EgenAtemp":1922,"EgenAntalPlan":2,"EgenAntalKallarplan":0,"EgenAntalTrapphus":1,"EgenProjVentFlode":"0,81000000000000005","EgenInstEleffektStorre":"Nej","EgenSkyddadEllerVardefull":0,"EgiEnergiklass":"D","EgiEnergiPrestanda":143,"EgiSpecifikEnergianvandning":114,"EgiEnergianvandning":219355,"EgiPrimarenergianvandning":275173,"EgiForstaArManad":1901,"EgiSistaArManad":1912,"EgiBeraknatVarde":"Nej","VentTypFTX":"Ja","VentTypF":"Nej","VentTypFT":"Nej","VentTypSjalvdrag":"Nej","VentTypFmed":"Nej","VentGruppKrav":"Ja","EgiSumma2":196771,"EgiFastighet":37981,"EgiStationEI":"G\u00f6teborg","EgiRefvarde1":112,"EgiRefvarde2Max":205,"EgiVersion":2019,"VentGruppGodkand":"Nej","RadGruppHaltMatt":"Nej","Godkand":"2020-05-26","Version":2.7,"ExpertBehorighet":"Kvalificerad","InspUppvGruppInspSkyldighet":"Nej","InspUppvUndAvtalEgipres":"Nej","InspLuftUndAvtalEgipres":"Nej","AtgForslagEgiMinskad":1900,"AtgForslagKostnad":"0,10000000000000001"}}},{"type":"Feature","geometry":{"type":"Polygon","coordinates":[[[11.931909719548404,57.70485992998746],[11.932042335292225,57.70500686456996],[11.931884798427419,57.705047839998024],[11.931751963025285,57.70490072914382],[11.931909719548404,57.70485992998746]]]},"properties":{"id":"6825705d-dbbe-4864-87c2-95799e09d2fe","objektidentitet":"273734af-a7f6-4f2e-946a-36d845c8c1b1","versiongiltigfran":"2011-03-23T08:56:15.713Z","lagesosakerhetplan":0.06,"lagesosakerhethojd":2.5,"ursprunglig_organisation":"Lantm\u00e4teriet","objektversion":1.0,"objekttypnr":2061.0,"objekttyp":"Bostad","insamlingslage":"Takkant","byggnadsnamn1":"None","byggnadsnamn2":"None","byggnadsnamn3":"None","husnummer":1.0,"huvudbyggnad":"Nej","andamal1":"Bostad;Flerfamiljshus","andamal2":"None","andamal3":"None","andamal4":"None","andamal5":"None","FormularId":1374991,"fastighetsbeteckning":"LINDHOLMEN 735:297","energy_class":"D","energy_performance":83,"specific_energy":78,"building_category":"Flerbostadshus","construction_year":1900,"epc_detail":{"IdAdr":"Verkm\u00e4staregatan 2C","IdPostnr":41757,"IdPostort":"G\u00f6teborg","IdKommun":"G\u00f6teborg","EgenByggnadsKat":"Flerbostadshus","EgenByggnadsTyp":"Mellanliggande","EgenNybyggAr":1900,"EgenAtemp":688,"EgenAntalPlan":3,"EgenAntalKallarplan":1,"EgenAntalTrapphus":2,"EgenAntalBolgh":6,"EgenProjVentFlode":"0,34999999999999998","EgenInstEleffektStorre":"Nej","EgenSkyddadEllerVardefull":5,"EgiEnergiklass":"D","EgiEnergiPrestanda":83,"EgiSpecifikEnergianvandning":78,"EgiEnergianvandning":53371,"EgiPrimarenergianvandning":56960,"EgiPrimarenergital2020":83,"EgiForstaArManad":2201,"EgiSistaArManad":2212,"EgiBeraknatVarde":"Nej","VentTypFTX":"Nej","VentTypF":"Nej","VentTypFT":"Nej","VentTypSjalvdrag":"Nej","VentTypFmed":"Ja","VentGruppKrav":"Ja","EgiSumma2":50499,"EgiFastighet":3554,"EgiStationEI":"G\u00f6teborg","EgiRefvarde1":75,"EgiRefvarde2Max":129,"EgiVersion":2022,"VentGruppGodkand":"Ja","RadGruppHaltMatt":"Nej","Godkand":"2023-05-04","Version":2.8,"ExpertBehorighet":"Kvalificerad","VentGruppUtanAnm":1,"InspUppvUndAvtalEgipres":"Nej","InspLuftUndAvtalEgipres":"Nej","AtgForslagEgiMinskad":12000,"AtgForslagKostnad":"0,69999999999999996","AtgUtfordaUtfortAr":2021}}},{"type":"Feature","geometry":{"type":"Polygon","coordinates":[[[11.93182604265471,57.70506318654497],[11.931852445778752,57.7050926424827],[11.931743656285892,57.70512066192615],[11.931717402570113,57.7050914253009],[11.93182604265471,57.70506318654497]]]},"properties":{"id":"bd3ad04e-9410-4a74-9ca8-3ff150367f5f","objektidentitet":"035abf43-0122-4012-874f-b6aab6d23b20","versiongiltigfran":"2011-03-23T09:11:54.618Z","lagesosakerhetplan":0.06,"lagesosakerhethojd":null,"ursprunglig_organisation":"Lantm\u00e4teriet","objektversion":1.0,"objekttypnr":2066.0,"objekttyp":"Komplementbyggnad","insamlingslage":"Takkant","byggnadsnamn1":"None","byggnadsnamn2":"None","byggnadsnamn3":"None","husnummer":2.0,"huvudbyggnad":"Nej","andamal1":"Komplementbyggnad;","andamal2":"None","andamal3":"None","andamal4":"None","andamal5":"None","FormularId":1374992,"fastighetsbeteckning":"LINDHOLMEN 735:296","energy_class":"D","energy_performance":83,"specific_energy":78,"building_category":"Flerbostadshus","construction_year":1900,"epc_detail":{"IdAdr":"Verkm\u00e4staregatan 4B","IdPostnr":41757,"IdPostort":"G\u00f6teborg","IdKommun":"G\u00f6teborg","EgenByggnadsKat":"Flerbostadshus","EgenByggnadsTyp":"Mellanliggande","EgenNybyggAr":1900,"EgenAtemp":690,"EgenAntalPlan":3,"EgenAntalKallarplan":1,"EgenAntalTrapphus":1,"EgenAntalBolgh":6,"EgenProjVentFlode":"0,34999999999999998","EgenInstEleffektStorre":"Nej","EgenSkyddadEllerVardefull":5,"EgiEnergiklass":"D","EgiEnergiPrestanda":83,"EgiSpecifikEnergianvandning":78,"EgiEnergianvandning":53527,"EgiPrimarenergianvandning":57128,"EgiPrimarenergital2020":83,"EgiForstaArManad":2201,"EgiSistaArManad":2212,"EgiBeraknatVarde":"Nej","VentTypFTX":"Nej","VentTypF":"Nej","VentTypFT":"Nej","VentTypSjalvdrag":"Nej","VentTypFmed":"Ja","VentGruppKrav":"Ja","EgiSumma2":50647,"EgiFastighet":3565,"EgiStationEI":"G\u00f6teborg","EgiRefvarde1":75,"EgiRefvarde2Max":129,"EgiVersion":2022,"VentGruppGodkand":"Ja","RadGruppHaltMatt":"Nej","Godkand":"2023-05-04","Version":2.8,"ExpertBehorighet":"Kvalificerad","VentGruppUtanAnm":1,"InspUppvUndAvtalEgipres":"Nej","InspLuftUndAvtalEgipres":"Nej","AtgForslagEgiMinskad":12000,"AtgForslagKostnad":"0,69999999999999996","AtgUtfordaUtfortAr":2021}}},{"type":"Feature","geometry":{"type":"Polygon","coordinates":[[[11.931742423903346,57.70516021521613],[11.93173714946703,57.70515409228394],[11.931769303537468,57.70514615381283],[11.931798580021326,57.70518014649329],[11.931766460198036,57.70518807681483],[11.93176081853224,57.70518153152838],[11.931746567762236,57.70518505071976],[11.93172819141461,57.70516371687276],[11.931742423903346,57.70516021521613]]]},"properties":{"id":"3cb0a590-d4dc-40c8-a780-0c1495e536f3","objektidentitet":"98ab6aef-9030-41c5-90ab-07f2cd71d5e7","versiongiltigfran":"2011-03-23T08:57:47.835Z","lagesosakerhetplan":0.06,"lagesosakerhethojd":2.5,"ursprunglig_organisation":"Lantm\u00e4teriet","objektversion":1.0,"objekttypnr":2066.0,"objekttyp":"Komplementbyggnad","insamlingslage":"Takkant","byggnadsnamn1":"None","byggnadsnamn2":"None","byggnadsnamn3":"None","husnummer":3.0,"huvudbyggnad":"Nej","andamal1":"Komplementbyggnad;","andamal2":"None","andamal3":"None","andamal4":"None","andamal5":"None","FormularId":1374992,"fastighetsbeteckning":"LINDHOLMEN 735:296","energy_class":"D","energy_performance":83,"specific_energy":78,"building_category":"Flerbostadshus","construction_year":1900,"epc_detail":{"IdAdr":"Verkm\u00e4staregatan 4B","IdPostnr":41757,"IdPostort":"G\u00f6teborg","IdKommun":"G\u00f6teborg","EgenByggnadsKat":"Flerbostadshus","EgenByggnadsTyp":"Mellanliggande","EgenNybyggAr":1900,"EgenAtemp":690,"EgenAntalPlan":3,"EgenAntalKallarplan":1,"EgenAntalTrapphus":1,"EgenAntalBolgh":6,"EgenProjVentFlode":"0,34999999999999998","EgenInstEleffektStorre":"Nej","EgenSkyddadEllerVardefull":5,"EgiEnergiklass":"D","EgiEnergiPrestanda":83,"EgiSpecifikEnergianvandning":78,"EgiEnergianvandning":53527,"EgiPrimarenergianvandning":57128,"EgiPrimarenergital2020":83,"EgiForstaArManad":2201,"EgiSistaArManad":2212,"EgiBeraknatVarde":"Nej","VentTypFTX":"Nej","VentTypF":"Nej","VentTypFT":"Nej","VentTypSjalvdrag":"Nej","VentTypFmed":"Ja","VentGruppKrav":"Ja","EgiSumma2":50647,"EgiFastighet":3565,"EgiStationEI":"G\u00f6teborg","EgiRefvarde1":75,"EgiRefvarde2Max":129,"EgiVersion":2022,"VentGruppGodkand":"Ja","RadGruppHaltMatt":"Nej","Godkand":"2023-05-04","Version":2.8,"ExpertBehorighet":"Kvalificerad","VentGruppUtanAnm":1,"InspUppvUndAvtalEgipres":"Nej","InspLuftUndAvtalEgipres":"Nej","AtgForslagEgiMinskad":12000,"AtgForslagKostnad":"0,69999999999999996","AtgUtfordaUtfortAr":2021}}},{"type":"Feature","geometry":{"type":"Polygon","coordinates":[[[11.932954068526554,57.70526267931764],[11.93307590881599,57.7054016936937],[11.933026568220413,57.7054141142751],[11.932904728840592,57.70527509088355],[11.932954068526554,57.70526267931764]]]},"properties":{"id":"db2963b8-c80e-4c56-81a1-ee308db98779","objektidentitet":"19100a38-ff2b-44b8-b89f-606518589780","versiongiltigfran":"2011-03-23T08:59:55.849Z","lagesosakerhetplan":0.025,"lagesosakerhethojd":null,"ursprunglig_organisation":"Lantm\u00e4teriet","objektversion":1.0,"objekttypnr":2066.0,"objekttyp":"Komplementbyggnad","insamlingslage":"Takkant","byggnadsnamn1":"None","byggnadsnamn2":"None","byggnadsnamn3":"None","husnummer":2.0,"huvudbyggnad":"Nej","andamal1":"Komplementbyggnad;","andamal2":"None","andamal3":"None","andamal4":"None","andamal5":"None","FormularId":889337,"fastighetsbeteckning":"LINDHOLMEN 10:1","energy_class":"E","energy_performance":109,"specific_energy":109,"building_category":"Flerbostadshus","construction_year":1999,"epc_detail":{"IdAdr":"Verkm\u00e4staregatan 1","IdPostnr":41757,"IdPostort":"G\u00f6teborg","IdKommun":"G\u00f6teborg","EgenByggnadsKat":"Flerbostadshus","EgenByggnadsTyp":"Friliggande","EgenNybyggAr":1999,"EgenAtemp":1513,"EgenAntalPlan":5,"EgenAntalKallarplan":1,"EgenAntalTrapphus":1,"EgenAntalBolgh":18,"EgenInstEleffektStorre":"Nej","EgiEnergiklass":"E","EgiEnergiPrestanda":109,"EgiSpecifikEnergianvandning":109,"EgiVaravEl":12,"EgiForstaArManad":1710,"EgiSistaArManad":1809,"EgiBeraknatVarde":"Nej","EgiFjarrvarme":135910,"VentTypFTX":"Nej","VentTypF":"Ja","VentTypFT":"Nej","VentTypSjalvdrag":"Nej","VentTypFmed":"Nej","VentGruppKrav":"Ja","EgiSumma1":135910,"EgiSumma2":62973,"EgiSumma3":153493,"EgiSumma4":17583,"EgiVVBered":30260,"EgiFastighet":17583,"EgiKomfortTillagg":0,"EgiStationEI":"G\u00f6teborg","EgiNormKorrEI":164590,"EgiRefvarde1":75,"EgiRefvarde2Min":113,"EgiRefvarde2Max":139,"EgiVersion":2015,"VentGruppGodkand":"Ja","RadGruppHaltMatt":"Nej","Godkand":"2018-11-05","Version":2.5,"ExpertBehorighet":"Normal"}}},{"type":"Feature","geometry":{"type":"Polygon","coordinates":[[[11.932586225911773,57.70537454108341],[11.932636077516845,57.70536163872316],[11.932627260994277,57.70535193360951],[11.932671100648815,57.705340629131065],[11.932679833399721,57.705350332210294],[11.932736946605932,57.70533554763424],[11.932859374032471,57.705471187985886],[11.933051354587684,57.705485315965014],[11.933042634154413,57.70551912412803],[11.933062540127112,57.70552060440674],[11.933055932315307,57.70554631167237],[11.933035950955627,57.705544928433156],[11.933028412737702,57.70557428923294],[11.932747680769808,57.70555336251247],[11.932586225911773,57.70537454108341]]]},"properties":{"id":"e0e5f478-892a-47ae-906e-4fcbbc2ac364","objektidentitet":"70a4ac1d-ef79-4fc3-80d3-269758895dc5","versiongiltigfran":"2011-03-23T08:41:29.971Z","lagesosakerhetplan":0.025,"lagesosakerhethojd":2.5,"ursprunglig_organisation":"Lantm\u00e4teriet","objektversion":1.0,"objekttypnr":2061.0,"objekttyp":"Bostad","insamlingslage":"Takkant","byggnadsnamn1":"None","byggnadsnamn2":"None","byggnadsnamn3":"None","husnummer":1.0,"huvudbyggnad":"Nej","andamal1":"Bostad;Flerfamiljshus","andamal2":"None","andamal3":"None","andamal4":"None","andamal5":"None","FormularId":889337,"fastighetsbeteckning":"LINDHOLMEN 10:1","energy_class":"E","energy_performance":109,"specific_energy":109,"building_category":"Flerbostadshus","construction_year":1999,"epc_detail":{"IdAdr":"Verkm\u00e4staregatan 1","IdPostnr":41757,"IdPostort":"G\u00f6teborg","IdKommun":"G\u00f6teborg","EgenByggnadsKat":"Flerbostadshus","EgenByggnadsTyp":"Friliggande","EgenNybyggAr":1999,"EgenAtemp":1513,"EgenAntalPlan":5,"EgenAntalKallarplan":1,"EgenAntalTrapphus":1,"EgenAntalBolgh":18,"EgenInstEleffektStorre":"Nej","EgiEnergiklass":"E","EgiEnergiPrestanda":109,"EgiSpecifikEnergianvandning":109,"EgiVaravEl":12,"EgiForstaArManad":1710,"EgiSistaArManad":1809,"EgiBeraknatVarde":"Nej","EgiFjarrvarme":135910,"VentTypFTX":"Nej","VentTypF":"Ja","VentTypFT":"Nej","VentTypSjalvdrag":"Nej","VentTypFmed":"Nej","VentGruppKrav":"Ja","EgiSumma1":135910,"EgiSumma2":62973,"EgiSumma3":153493,"EgiSumma4":17583,"EgiVVBered":30260,"EgiFastighet":17583,"EgiKomfortTillagg":0,"EgiStationEI":"G\u00f6teborg","EgiNormKorrEI":164590,"EgiRefvarde1":75,"EgiRefvarde2Min":113,"EgiRefvarde2Max":139,"EgiVersion":2015,"VentGruppGodkand":"Ja","RadGruppHaltMatt":"Nej","Godkand":"2018-11-05","Version":2.5,"ExpertBehorighet":"Normal"}}},{"type":"Feature","geometry":{"type":"Polygon","coordinates":[[[11.932503853464382,57.70549971493147],[11.932223165673975,57.705573108224314],[11.93214854753295,57.70549137729469],[11.932429320129572,57.70541796825437],[11.932503853464382,57.70549971493147]]]},"properties":{"id":"b5595c8c-544e-4e61-ba5e-a266eb13a0d0","objektidentitet":"1210cf05-8e2f-4eb5-9e26-ef2823663567","versiongiltigfran":"2017-06-21T10:42:13.252Z","lagesosakerhetplan":0.06,"lagesosakerhethojd":null,"ursprunglig_organisation":"G\u00f6teborg","objektversion":2.0,"objekttypnr":2061.0,"objekttyp":"Bostad","insamlingslage":"Takkant","byggnadsnamn1":"None","byggnadsnamn2":"None","byggnadsnamn3":"None","husnummer":3.0,"huvudbyggnad":"Nej","andamal1":"Bostad;Flerfamiljshus","andamal2":"None","andamal3":"None","andamal4":"None","andamal5":"None","FormularId":1127117,"fastighetsbeteckning":"LINDHOLMEN 735:333","energy_class":"D","energy_performance":84,"specific_energy":101,"building_category":"Flerbostadshus","construction_year":1991,"epc_detail":{"IdAdr":"F\u00f6rmansgatan 1B","IdPostnr":41757,"IdPostort":"G\u00f6teborg","IdKommun":"G\u00f6teborg","EgenByggnadsKat":"Flerbostadshus","EgenByggnadsTyp":"Friliggande","EgenNybyggAr":1991,"EgenAtemp":601,"EgenAntalPlan":3,"EgenAntalKallarplan":1,"EgenAntalTrapphus":1,"EgenAntalBolgh":4,"EgenInstEleffektStorre":"Nej","EgenSkyddadEllerVardefull":4,"EgiEnergiklass":"D","EgiEnergiPrestanda":84,"EgiSpecifikEnergianvandning":101,"EgiEnergianvandning":60948,"EgiPrimarenergianvandning":50574,"EgiPrimarenergital2020":84,"EgiForstaArManad":1901,"EgiSistaArManad":1912,"EgiBeraknatVarde":"Nej","VentTypFTX":"Nej","VentTypF":"Ja","VentTypFT":"Nej","VentTypSjalvdrag":"Nej","VentTypFmed":"Nej","VentGruppKrav":"Ja","EgiSumma2":55538,"EgiFastighet":4245,"EgiStationEI":"G\u00f6teborg","EgiRefvarde1":75,"EgiRefvarde2Max":148,"EgiVersion":2020,"VentGruppGodkand":"Ja","RadGruppHaltMatt":"Ja","RadHalt":40,"RadTypMatning":"Annan metod","RadMatDatum":"2012-04-30","Godkand":"2020-10-22","Version":2.8,"ExpertBehorighet":"Kvalificerad","VentGruppUtanAnm":1,"InspUppvUndAvtalEgipres":"Nej","InspLuftUndAvtalEgipres":"Nej"}}},{"type":"Feature","geometry":{"type":"Polygon","coordinates":[[[11.931771763801946,57.70558622133718],[11.932056295662258,57.705512257147525],[11.932133071410266,57.705596862693106],[11.931848535234804,57.70567087189763],[11.931771763801946,57.70558622133718]]]},"properties":{"id":"0310933c-a735-4394-a667-abdfb592c30a","objektidentitet":"ce8feebe-b0aa-45f9-aec3-aa89e8abb608","versiongiltigfran":"2011-03-23T08:56:54.045Z","lagesosakerhetplan":0.06,"lagesosakerhethojd":2.5,"ursprunglig_organisation":"Lantm\u00e4teriet","objektversion":1.0,"objekttypnr":2061.0,"objekttyp":"Bostad","insamlingslage":"Takkant","byggnadsnamn1":"None","byggnadsnamn2":"None","byggnadsnamn3":"None","husnummer":1.0,"huvudbyggnad":"Nej","andamal1":"Bostad;Flerfamiljshus","andamal2":"None","andamal3":"None","andamal4":"None","andamal5":"None","FormularId":1444959,"fastighetsbeteckning":"LINDHOLMEN 735:486","energy_class":"F","energy_performance":136,"specific_energy":71,"building_category":"Flerbostadshus","construction_year":1890,"epc_detail":{"IdAdr":"F\u00f6rmansgatan 3B","IdPostnr":41757,"IdPostort":"G\u00f6teborg","IdKommun":"G\u00f6teborg","EgenByggnadsKat":"Flerbostadshus","EgenByggnadsTyp":"Friliggande","EgenNybyggAr":1890,"EgenAtemp":398,"EgenAntalPlan":3,"EgenAntalKallarplan":0,"EgenAntalTrapphus":2,"EgenAntalBolgh":4,"EgenProjVentFlode":"0,34999999999999998","EgenInstEleffektStorre":"Ja","EgenSkyddadEllerVardefull":0,"EgiEnergiklass":"F","EgiEnergiPrestanda":136,"EgiSpecifikEnergianvandning":71,"EgiEnergianvandning":28309,"EgiPrimarenergianvandning":54303,"EgiPrimarenergital2020":136,"EgiForstaArManad":2301,"EgiSistaArManad":2312,"EgiBeraknatVarde":"Nej","VentTypFTX":"Nej","VentTypF":"Nej","VentTypFT":"Nej","VentTypSjalvdrag":"Ja","VentTypFmed":"Nej","VentGruppKrav":"Ja","EgiSumma2":27563,"EgiFastighet":3620,"EgiStationEI":"G\u00f6teborg","EgiRefvarde1":75,"EgiRefvarde2Max":129,"EgiVersion":2023,"VentGruppGodkand":"Ja","RadGruppHaltMatt":"Ja","RadHalt":40,"RadTypMatning":"L\u00e5ngtidsm\u00e4tning enligt SSI","RadMatDatum":"2021-02-12","Godkand":"2024-03-18","Version":2.8,"ExpertBehorighet":"Normal","VentGruppUtanAnm":1,"InspUppvUndAvtalEgipres":"Nej","InspLuftUndAvtalEgipres":"Nej","AtgForslagEgiMinskad":12350,"AtgForslagKostnad":"0,81999999999999995"}}},{"type":"Feature","geometry":{"type":"Polygon","coordinates":[[[11.932266781555207,57.70570134620858],[11.9323508094734,57.705792724671355],[11.932319330627806,57.7058010122268],[11.932235302771161,57.705709633743815],[11.932266781555207,57.70570134620858]]]},"properties":{"id":"0c69cbdf-9401-403c-b8b5-871af92c20f2","objektidentitet":"29eff4f3-d92c-4c70-9d3a-a6669e2805fc","versiongiltigfran":"2011-03-23T08:37:47.609Z","lagesosakerhetplan":0.06,"lagesosakerhethojd":2.5,"ursprunglig_organisation":"Lantm\u00e4teriet","objektversion":1.0,"objekttypnr":2066.0,"objekttyp":"Komplementbyggnad","insamlingslage":"Takkant","byggnadsnamn1":"None","byggnadsnamn2":"None","byggnadsnamn3":"None","husnummer":2.0,"huvudbyggnad":"Nej","andamal1":"Komplementbyggnad;","andamal2":"None","andamal3":"None","andamal4":"None","andamal5":"None","FormularId":null,"energy_class":null,"energy_performance":null,"specific_energy":null,"building_category":null,"construction_year":null,"epc_detail":{}}},{"type":"Feature","geometry":{"type":"Polygon","coordinates":[[[11.932065746791885,57.70575430863481],[11.932046880466226,57.70573379884386],[11.932106335587454,57.7057181365853],[11.932125201939197,57.70573864636769],[11.932065746791885,57.70575430863481]]]},"properties":{"id":"55dbab86-a33b-4e91-bbe4-0d3b8fabb510","objektidentitet":"0ba3a4b5-141a-407c-99ee-ad5bdda7405e","versiongiltigfran":"2024-04-25T12:56:43.805Z","lagesosakerhetplan":0.1,"lagesosakerhethojd":null,"ursprunglig_organisation":"G\u00f6teborg","objektversion":2.0,"objekttypnr":2066.0,"objekttyp":"Komplementbyggnad","insamlingslage":"Takkant","byggnadsnamn1":"None","byggnadsnamn2":"None","byggnadsnamn3":"None","husnummer":6.0,"huvudbyggnad":"Nej","andamal1":"Komplementbyggnad;","andamal2":"None","andamal3":"None","andamal4":"None","andamal5":"None","FormularId":null,"energy_class":null,"energy_performance":null,"specific_energy":null,"building_category":null,"construction_year":null,"epc_detail":{}}},{"type":"Feature","geometry":{"type":"Polygon","coordinates":[[[11.931794200583406,57.705757160147904],[11.931874275273094,57.7057363356661],[11.93190668314561,57.70577202209969],[11.931826590878739,57.7057928551645],[11.931794200583406,57.705757160147904]]]},"properties":{"id":"e9e82e8e-8932-4ccf-a1fb-bf24a193d513","objektidentitet":"3453ff9a-cea0-443c-af7a-58831f378914","versiongiltigfran":"2012-01-03T09:40:32.382Z","lagesosakerhetplan":0.06,"lagesosakerhethojd":null,"ursprunglig_organisation":"G\u00f6teborg","objektversion":1.0,"objekttypnr":2066.0,"objekttyp":"Komplementbyggnad","insamlingslage":"Takkant","byggnadsnamn1":"None","byggnadsnamn2":"None","byggnadsnamn3":"None","husnummer":5.0,"huvudbyggnad":"Nej","andamal1":"Komplementbyggnad;","andamal2":"None","andamal3":"None","andamal4":"None","andamal5":"None","FormularId":1552177,"fastighetsbeteckning":"LINDHOLMEN 735:332","energy_class":"D","energy_performance":87,"specific_energy":107,"building_category":"Flerbostadshus","construction_year":2010,"epc_detail":{"IdAdr":"Lindholmsv\u00e4gen 12","IdPostnr":41757,"IdPostort":"G\u00f6teborg","IdKommun":"G\u00f6teborg","EgenByggnadsKat":"Flerbostadshus","EgenByggnadsTyp":"Friliggande","EgenNybyggAr":2010,"EgenAtemp":608,"EgenAntalPlan":3,"EgenAntalKallarplan":1,"EgenAntalTrapphus":1,"EgenAntalBolgh":6,"EgenProjVentFlode":"0,34999999999999998","EgenInstEleffektStorre":"Nej","EgenSkyddadEllerVardefull":0,"EgiEnergiklass":"D","EgiEnergiPrestanda":87,"EgiSpecifikEnergianvandning":107,"EgiEnergianvandning":65115,"EgiPrimarenergianvandning":52933,"EgiPrimarenergital2020":87,"EgiForstaArManad":2301,"EgiSistaArManad":2312,"EgiBeraknatVarde":"Nej","VentTypFTX":"Nej","VentTypF":"Ja","VentTypFT":"Nej","VentTypSjalvdrag":"Nej","VentTypFmed":"Nej","VentGruppKrav":"Ja","EgiSumma2":63000,"EgiFastighet":3332,"EgiStationEI":"G\u00f6teborg","EgiRefvarde1":75,"EgiRefvarde2Max":78,"EgiVersion":2023,"VentGruppGodkand":"Ja","RadGruppHaltMatt":"Nej","Godkand":"2024-12-12","Version":3.0,"ExpertBehorighet":"Kvalificerad","VentGruppUtanAnm":0,"InspUppvUndAvtalEgipres":"Nej","InspLuftUndAvtalEgipres":"Nej","AtgForslagEgiMinskad":2700,"AtgForslagKostnad":"0,69999999999999996"}}},{"type":"Feature","geometry":{"type":"Polygon","coordinates":[[[11.933763461047834,57.70477867618267],[11.9337725294679,57.70473558282256],[11.933810988513546,57.70473785424217],[11.933801999365814,57.704781003453824],[11.933763461047834,57.70477867618267]]]},"properties":{"id":"a92aa2e4-b6fc-48ca-9590-0ae22c5ab249","objektidentitet":"524f4bb9-5bc0-41fd-b81c-fbb2a54d8f7e","versiongiltigfran":"2021-09-20T14:12:50.744Z","lagesosakerhetplan":0.06,"lagesosakerhethojd":null,"ursprunglig_organisation":"Lantm\u00e4teriet","objektversion":5.0,"objekttypnr":2063.0,"objekttyp":"Samh\u00e4llsfunktion","insamlingslage":"Takkant","byggnadsnamn1":"None","byggnadsnamn2":"None","byggnadsnamn3":"None","husnummer":36.0,"huvudbyggnad":"Nej","andamal1":"Samh\u00e4llsfunktion;Ospecificerad","andamal2":"None","andamal3":"None","andamal4":"None","andamal5":"None","FormularId":null,"energy_class":null,"energy_performance":null,"specific_energy":null,"building_category":null,"construction_year":null,"epc_detail":{}}},{"type":"Feature","geometry":{"type":"Polygon","coordinates":[[[11.933021864304905,57.705240702565476],[11.93316182089996,57.70540374059684],[11.933092727922821,57.70542854416175],[11.932945264844475,57.705262942232736],[11.933021864304905,57.705240702565476]]]},"properties":{"id":"456f213a-36dd-428e-9ca4-06a89ccc0445","objektidentitet":"c0b315dd-b60a-45bd-8fa7-bccfdf4cde18","versiongiltigfran":"2011-03-23T08:53:25.791Z","lagesosakerhetplan":0.06,"lagesosakerhethojd":null,"ursprunglig_organisation":"Lantm\u00e4teriet","objektversion":1.0,"objekttypnr":2066.0,"objekttyp":"Komplementbyggnad","insamlingslage":"Takkant","byggnadsnamn1":"None","byggnadsnamn2":"None","byggnadsnamn3":"None","husnummer":2.0,"huvudbyggnad":"Nej","andamal1":"Komplementbyggnad;","andamal2":"None","andamal3":"None","andamal4":"None","andamal5":"None","FormularId":null,"energy_class":null,"energy_performance":null,"specific_energy":null,"building_category":null,"construction_year":null,"epc_detail":{}}},{"type":"Feature","geometry":{"type":"Polygon","coordinates":[[[11.932569582905153,57.70555653107076],[11.932702812573325,57.70570420778746],[11.93268762317924,57.705727945309434],[11.932367094844025,57.70581079899322],[11.932287998008064,57.705723054433484],[11.932478866134103,57.70567375491215],[11.932410282574384,57.70559768911626],[11.932569582905153,57.70555653107076]]]},"properties":{"id":"84916d0f-04e9-4cea-80b6-1a826c2db6e1","objektidentitet":"59ceafff-195f-410b-a1d1-d0e35c54f0cb","versiongiltigfran":"2017-06-21T10:42:13.252Z","lagesosakerhetplan":0.06,"lagesosakerhethojd":2.5,"ursprunglig_organisation":"G\u00f6teborg","objektversion":2.0,"objekttypnr":2061.0,"objekttyp":"Bostad","insamlingslage":"Takkant","byggnadsnamn1":"None","byggnadsnamn2":"None","byggnadsnamn3":"None","husnummer":4.0,"huvudbyggnad":"Nej","andamal1":"Bostad;Flerfamiljshus","andamal2":"None","andamal3":"None","andamal4":"None","andamal5":"None","FormularId":1127118,"fastighetsbeteckning":"LINDHOLMEN 735:333","energy_class":"D","energy_performance":88,"specific_energy":108,"building_category":"Flerbostadshus","construction_year":1991,"epc_detail":{"IdAdr":"Lindholmsv\u00e4gen 8C","IdPostnr":41757,"IdPostort":"G\u00f6teborg","IdKommun":"G\u00f6teborg","EgenByggnadsKat":"Flerbostadshus","EgenByggnadsTyp":"Gavel","EgenNybyggAr":1991,"EgenAtemp":1171,"EgenAntalPlan":3,"EgenAntalKallarplan":1,"EgenAntalTrapphus":3,"EgenAntalBolgh":9,"EgenInstEleffektStorre":"Nej","EgenSkyddadEllerVardefull":4,"EgiEnergiklass":"D","EgiEnergiPrestanda":88,"EgiSpecifikEnergianvandning":108,"EgiEnergianvandning":125995,"EgiPrimarenergianvandning":103149,"EgiPrimarenergital2020":88,"EgiForstaArManad":1901,"EgiSistaArManad":1912,"EgiBeraknatVarde":"Nej","VentTypFTX":"Nej","VentTypF":"Ja","VentTypFT":"Nej","VentTypSjalvdrag":"Nej","VentTypFmed":"Nej","VentGruppKrav":"Ja","EgiSumma2":114385,"EgiFastighet":7268,"EgiStationEI":"G\u00f6teborg","EgiRefvarde1":75,"EgiRefvarde2Max":148,"EgiVersion":2020,"VentGruppGodkand":"Ja","RadGruppHaltMatt":"Ja","RadHalt":180,"RadTypMatning":"Annan metod","RadMatDatum":"2012-04-30","Godkand":"2020-10-22","Version":2.8,"ExpertBehorighet":"Kvalificerad","VentGruppUtanAnm":1,"InspUppvUndAvtalEgipres":"Nej","InspLuftUndAvtalEgipres":"Nej","AtgForslagEgiMinskad":447,"AtgForslagKostnad":"0,5"}}},{"type":"Feature","geometry":{"type":"Polygon","coordinates":[[[11.931919488106848,57.705219426506005],[11.931946636548279,57.70524979929799],[11.931871481966406,57.705269044409555],[11.931879381018831,57.70527788245445],[11.931821732130636,57.705292644666315],[11.931786683976362,57.705253442768026],[11.931919488106848,57.705219426506005]]]},"properties":{"id":"4ffd3f21-b707-411c-a51a-f6fde4386d48","objektidentitet":"6ae2d451-7478-4ad8-93dc-e5288fa79260","versiongiltigfran":"2015-10-08T08:34:18.501Z","lagesosakerhetplan":0.06,"lagesosakerhethojd":null,"ursprunglig_organisation":"G\u00f6teborg","objektversion":2.0,"objekttypnr":2066.0,"objekttyp":"Komplementbyggnad","insamlingslage":"Takkant","byggnadsnamn1":"None","byggnadsnamn2":"None","byggnadsnamn3":"None","husnummer":2.0,"huvudbyggnad":"Nej","andamal1":"Komplementbyggnad;","andamal2":"None","andamal3":"None","andamal4":"None","andamal5":"None","FormularId":1374996,"fastighetsbeteckning":"LINDHOLMEN 735:295","energy_class":"D","energy_performance":83,"specific_energy":78,"building_category":"Flerbostadshus","construction_year":1900,"epc_detail":{"IdAdr":"F\u00f6rmansgatan 2D","IdPostnr":41757,"IdPostort":"G\u00f6teborg","IdKommun":"G\u00f6teborg","EgenByggnadsKat":"Flerbostadshus","EgenByggnadsTyp":"Gavel","EgenNybyggAr":1900,"EgenAtemp":1182,"EgenAntalPlan":3,"EgenAntalKallarplan":1,"EgenAntalTrapphus":3,"EgenAntalBolgh":12,"EgenProjVentFlode":"0,34999999999999998","EgenInstEleffektStorre":"Nej","EgenSkyddadEllerVardefull":5,"EgiEnergiklass":"D","EgiEnergiPrestanda":83,"EgiSpecifikEnergianvandning":78,"EgiEnergianvandning":91693,"EgiPrimarenergianvandning":97860,"EgiPrimarenergital2020":83,"EgiForstaArManad":2201,"EgiSistaArManad":2212,"EgiBeraknatVarde":"Nej","VentTypFTX":"Nej","VentTypF":"Nej","VentTypFT":"Nej","VentTypSjalvdrag":"Nej","VentTypFmed":"Ja","VentGruppKrav":"Ja","EgiSumma2":86759,"EgiFastighet":6106,"EgiStationEI":"G\u00f6teborg","EgiRefvarde1":75,"EgiRefvarde2Max":129,"EgiVersion":2022,"VentGruppGodkand":"Ja","RadGruppHaltMatt":"Nej","Godkand":"2023-05-04","Version":2.8,"ExpertBehorighet":"Kvalificerad","VentGruppUtanAnm":1,"InspUppvUndAvtalEgipres":"Nej","InspLuftUndAvtalEgipres":"Nej","AtgForslagEgiMinskad":16000,"AtgForslagKostnad":"0,69999999999999996","AtgUtfordaUtfortAr":2021}}},{"type":"Feature","geometry":{"type":"Polygon","coordinates":[[[11.933507036876426,57.705737160448564],[11.93347472155829,57.70571008719508],[11.933569492822892,57.70567768185177],[11.933601808184555,57.70570475508156],[11.933507036876426,57.705737160448564]]]},"properties":{"id":"95b2910a-e4fd-4d43-994a-102878a94a48","objektidentitet":"6366cc0e-c0b0-4091-a75b-1a09dd5b3b22","versiongiltigfran":"2015-10-08T08:32:42.214Z","lagesosakerhetplan":0.06,"lagesosakerhethojd":null,"ursprunglig_organisation":"G\u00f6teborg","objektversion":1.0,"objekttypnr":2066.0,"objekttyp":"Komplementbyggnad","insamlingslage":"Takkant","byggnadsnamn1":"None","byggnadsnamn2":"None","byggnadsnamn3":"None","husnummer":6.0,"huvudbyggnad":"Nej","andamal1":"Komplementbyggnad;","andamal2":"None","andamal3":"None","andamal4":"None","andamal5":"None","FormularId":null,"energy_class":null,"energy_performance":null,"specific_energy":null,"building_category":null,"construction_year":null,"epc_detail":{}}},{"type":"Feature","geometry":{"type":"Polygon","coordinates":[[[11.932042335292225,57.70500686456996],[11.932173546420016,57.705152156078114],[11.932016169843994,57.70519341419169],[11.931884798427419,57.705047839998024],[11.932042335292225,57.70500686456996]]]},"properties":{"id":"f776daef-3ed1-4864-be33-bb637f30e198","objektidentitet":"4cf9bf82-d0ef-431e-a986-c90ed9807de5","versiongiltigfran":"2011-03-23T09:06:32.826Z","lagesosakerhetplan":0.06,"lagesosakerhethojd":null,"ursprunglig_organisation":"Lantm\u00e4teriet","objektversion":1.0,"objekttypnr":2061.0,"objekttyp":"Bostad","insamlingslage":"Takkant","byggnadsnamn1":"None","byggnadsnamn2":"None","byggnadsnamn3":"None","husnummer":1.0,"huvudbyggnad":"Nej","andamal1":"Bostad;Flerfamiljshus","andamal2":"None","andamal3":"None","andamal4":"None","andamal5":"None","FormularId":1374992,"fastighetsbeteckning":"LINDHOLMEN 735:296","energy_class":"D","energy_performance":83,"specific_energy":78,"building_category":"Flerbostadshus","construction_year":1900,"epc_detail":{"IdAdr":"Verkm\u00e4staregatan 4B","IdPostnr":41757,"IdPostort":"G\u00f6teborg","IdKommun":"G\u00f6teborg","EgenByggnadsKat":"Flerbostadshus","EgenByggnadsTyp":"Mellanliggande","EgenNybyggAr":1900,"EgenAtemp":690,"EgenAntalPlan":3,"EgenAntalKallarplan":1,"EgenAntalTrapphus":1,"EgenAntalBolgh":6,"EgenProjVentFlode":"0,34999999999999998","EgenInstEleffektStorre":"Nej","EgenSkyddadEllerVardefull":5,"EgiEnergiklass":"D","EgiEnergiPrestanda":83,"EgiSpecifikEnergianvandning":78,"EgiEnergianvandning":53527,"EgiPrimarenergianvandning":57128,"EgiPrimarenergital2020":83,"EgiForstaArManad":2201,"EgiSistaArManad":2212,"EgiBeraknatVarde":"Nej","VentTypFTX":"Nej","VentTypF":"Nej","VentTypFT":"Nej","VentTypSjalvdrag":"Nej","VentTypFmed":"Ja","VentGruppKrav":"Ja","EgiSumma2":50647,"EgiFastighet":3565,"EgiStationEI":"G\u00f6teborg","EgiRefvarde1":75,"EgiRefvarde2Max":129,"EgiVersion":2022,"VentGruppGodkand":"Ja","RadGruppHaltMatt":"Nej","Godkand":"2023-05-04","Version":2.8,"ExpertBehorighet":"Kvalificerad","VentGruppUtanAnm":1,"InspUppvUndAvtalEgipres":"Nej","InspLuftUndAvtalEgipres":"Nej","AtgForslagEgiMinskad":12000,"AtgForslagKostnad":"0,69999999999999996","AtgUtfordaUtfortAr":2021}}},{"type":"Feature","geometry":{"type":"Polygon","coordinates":[[[11.933353603415936,57.70516497693119],[11.933410388851229,57.705204471636684],[11.933434553300904,57.705233612301754],[11.933304813250293,57.705268342564814],[11.933236364786612,57.7051890807743],[11.933353603415936,57.70516497693119]]]},"properties":{"id":"ef59df2b-e2b7-4f6f-a646-1a82096c968b","objektidentitet":"8a21a2bc-c86d-4d27-9b48-3c42d311e64d","versiongiltigfran":"2011-03-23T08:41:47.983Z","lagesosakerhetplan":0.025,"lagesosakerhethojd":2.5,"ursprunglig_organisation":"Lantm\u00e4teriet","objektversion":1.0,"objekttypnr":2064.0,"objekttyp":"Verksamhet","insamlingslage":"Takkant","byggnadsnamn1":"None","byggnadsnamn2":"None","byggnadsnamn3":"None","husnummer":1.0,"huvudbyggnad":"Nej","andamal1":"Verksamhet;","andamal2":"None","andamal3":"None","andamal4":"None","andamal5":"None","FormularId":null,"energy_class":null,"energy_performance":null,"specific_energy":null,"building_category":null,"construction_year":null,"epc_detail":{}}},{"type":"Feature","geometry":{"type":"Polygon","coordinates":[[[11.932296071726741,57.705627060604435],[11.932323777926385,57.70565878604346],[11.932241831135727,57.70568090461648],[11.932213606250437,57.705648959856],[11.932296071726741,57.705627060604435]]]},"properties":{"id":"b8bf79ba-6a3f-4672-b875-c6298bcc6a4b","objektidentitet":"97b73c0d-5c09-4c45-9437-437f6a63861a","versiongiltigfran":"2017-06-21T10:42:13.252Z","lagesosakerhetplan":0.06,"lagesosakerhethojd":2.5,"ursprunglig_organisation":"G\u00f6teborg","objektversion":2.0,"objekttypnr":2066.0,"objekttyp":"Komplementbyggnad","insamlingslage":"Takkant","byggnadsnamn1":"None","byggnadsnamn2":"None","byggnadsnamn3":"None","husnummer":5.0,"huvudbyggnad":"Nej","andamal1":"Komplementbyggnad;","andamal2":"None","andamal3":"None","andamal4":"None","andamal5":"None","FormularId":null,"energy_class":null,"energy_performance":null,"specific_energy":null,"building_category":null,"construction_year":null,"epc_detail":{}}},{"type":"Feature","geometry":{"type":"Polygon","coordinates":[[[11.932539570202048,57.70552705967474],[11.932563745353077,57.70555805230041],[11.932433252047064,57.70559173879916],[11.93233504523865,57.70561691452685],[11.932296070208528,57.70562707854364],[11.932218328861552,57.70564771719575],[11.932188505824985,57.705614816895505],[11.932190492824668,57.705614352766574],[11.932192815243093,57.70561766274587],[11.93226690352487,57.705599119605814],[11.932539570202048,57.70552705967474]]]},"properties":{"id":"d30e8235-0bbe-45bd-982e-b4d54dd92be8","objektidentitet":"97b73c0d-5c09-4c45-9437-437f6a63861a","versiongiltigfran":"2017-06-21T10:42:13.252Z","lagesosakerhetplan":0.06,"lagesosakerhethojd":2.5,"ursprunglig_organisation":"G\u00f6teborg","objektversion":2.0,"objekttypnr":2066.0,"objekttyp":"Komplementbyggnad","insamlingslage":"Takkant","byggnadsnamn1":"None","byggnadsnamn2":"None","byggnadsnamn3":"None","husnummer":5.0,"huvudbyggnad":"Nej","andamal1":"Komplementbyggnad;","andamal2":"None","andamal3":"None","andamal4":"None","andamal5":"None","FormularId":null,"energy_class":null,"energy_performance":null,"specific_energy":null,"building_category":null,"construction_year":null,"epc_detail":{}}},{"type":"Feature","geometry":{"type":"Polygon","coordinates":[[[11.933442727414421,57.7073914246391],[11.933470019947537,57.707456844751576],[11.933259122965795,57.70748199493637],[11.933231876515244,57.70741662981845],[11.933442727414421,57.7073914246391]]]},"properties":{"id":"f12b157a-fb85-4c4c-bc2f-dd0fe3d5b68b","objektidentitet":"bcec3bf8-e703-4bb8-a547-8c85006e04ae","versiongiltigfran":"2012-01-03T09:52:49.467Z","lagesosakerhetplan":0.025,"lagesosakerhethojd":null,"ursprunglig_organisation":"G\u00f6teborg","objektversion":2.0,"objekttypnr":2066.0,"objekttyp":"Komplementbyggnad","insamlingslage":"Takkant","byggnadsnamn1":"None","byggnadsnamn2":"None","byggnadsnamn3":"None","husnummer":7.0,"huvudbyggnad":"Nej","andamal1":"Komplementbyggnad;","andamal2":"None","andamal3":"None","andamal4":"None","andamal5":"None","FormularId":null,"energy_class":null,"energy_performance":null,"specific_energy":null,"building_category":null,"construction_year":null,"epc_detail":{}}},{"type":"Feature","geometry":{"type":"Polygon","coordinates":[[[11.93353162217875,57.707455524756995],[11.933537684351007,57.70746980982407],[11.933447725364568,57.707480805602565],[11.933441531260002,57.7074658971607],[11.93353162217875,57.707455524756995]]]},"properties":{"id":"9dd3268e-5293-4d4f-861c-51bf57a71834","objektidentitet":"bcec3bf8-e703-4bb8-a547-8c85006e04ae","versiongiltigfran":"2012-01-03T09:52:49.467Z","lagesosakerhetplan":0.06,"lagesosakerhethojd":null,"ursprunglig_organisation":"G\u00f6teborg","objektversion":2.0,"objekttypnr":2066.0,"objekttyp":"Komplementbyggnad","insamlingslage":"Takkant","byggnadsnamn1":"None","byggnadsnamn2":"None","byggnadsnamn3":"None","husnummer":7.0,"huvudbyggnad":"Nej","andamal1":"Komplementbyggnad;","andamal2":"None","andamal3":"None","andamal4":"None","andamal5":"None","FormularId":null,"energy_class":null,"energy_performance":null,"specific_energy":null,"building_category":null,"construction_year":null,"epc_detail":{}}},{"type":"Feature","geometry":{"type":"Polygon","coordinates":[[[11.932876748245961,57.70744982337449],[11.932893166376687,57.70751654388595],[11.932678311858451,57.70753170137328],[11.932661881156402,57.707464935583516],[11.932876748245961,57.70744982337449]]]},"properties":{"id":"6c658470-d7e3-4ce6-9d05-fa26511eb417","objektidentitet":"5b171b89-da70-4ad9-8852-54d51bae3f56","versiongiltigfran":"2012-01-03T09:51:30.560Z","lagesosakerhetplan":0.025,"lagesosakerhethojd":2.5,"ursprunglig_organisation":"G\u00f6teborg","objektversion":2.0,"objekttypnr":2066.0,"objekttyp":"Komplementbyggnad","insamlingslage":"Takkant","byggnadsnamn1":"None","byggnadsnamn2":"None","byggnadsnamn3":"None","husnummer":5.0,"huvudbyggnad":"Nej","andamal1":"Komplementbyggnad;","andamal2":"None","andamal3":"None","andamal4":"None","andamal5":"None","FormularId":null,"energy_class":null,"energy_performance":null,"specific_energy":null,"building_category":null,"construction_year":null,"epc_detail":{}}},{"type":"Feature","geometry":{"type":"Polygon","coordinates":[[[11.933298737786062,57.70750060770509],[11.93328951912075,57.7074783816073],[11.933439359568952,57.70746060451455],[11.933448546325769,57.70748281185072],[11.933298737786062,57.70750060770509]]]},"properties":{"id":"686801e7-6d8d-450f-bbf2-380df55f6371","objektidentitet":"bcec3bf8-e703-4bb8-a547-8c85006e04ae","versiongiltigfran":"2012-01-03T09:52:49.467Z","lagesosakerhetplan":0.06,"lagesosakerhethojd":null,"ursprunglig_organisation":"G\u00f6teborg","objektversion":2.0,"objekttypnr":2066.0,"objekttyp":"Komplementbyggnad","insamlingslage":"Takkant","byggnadsnamn1":"None","byggnadsnamn2":"None","byggnadsnamn3":"None","husnummer":7.0,"huvudbyggnad":"Nej","andamal1":"Komplementbyggnad;","andamal2":"None","andamal3":"None","andamal4":"None","andamal5":"None","FormularId":null,"energy_class":null,"energy_performance":null,"specific_energy":null,"building_category":null,"construction_year":null,"epc_detail":{}}},{"type":"Feature","geometry":{"type":"Polygon","coordinates":[[[11.933291912611649,57.707484227901055],[11.93329810507842,57.70749895655139],[11.933173274260199,57.707514068152804],[11.933167067637788,57.70749772131266],[11.933291912611649,57.707484227901055]]]},"properties":{"id":"c8f51896-2231-4b26-8e88-96364db53475","objektidentitet":"bcec3bf8-e703-4bb8-a547-8c85006e04ae","versiongiltigfran":"2012-01-03T09:52:49.467Z","lagesosakerhetplan":0.06,"lagesosakerhethojd":null,"ursprunglig_organisation":"G\u00f6teborg","objektversion":2.0,"objekttypnr":2066.0,"objekttyp":"Komplementbyggnad","insamlingslage":"Takkant","byggnadsnamn1":"None","byggnadsnamn2":"None","byggnadsnamn3":"None","husnummer":7.0,"huvudbyggnad":"Nej","andamal1":"Komplementbyggnad;","andamal2":"None","andamal3":"None","andamal4":"None","andamal5":"None","FormularId":null,"energy_class":null,"energy_performance":null,"specific_energy":null,"building_category":null,"construction_year":null,"epc_detail":{}}},{"type":"Feature","geometry":{"type":"Polygon","coordinates":[[[11.932989924859914,57.70751469235871],[11.932993069216034,57.707530317830596],[11.932866721315742,57.707539145692174],[11.93286288004329,57.70752342242749],[11.932989924859914,57.70751469235871]]]},"properties":{"id":"61eac7d2-3ba2-4b21-98fb-e2d1155cbfc4","objektidentitet":"5b171b89-da70-4ad9-8852-54d51bae3f56","versiongiltigfran":"2012-01-03T09:51:30.560Z","lagesosakerhetplan":0.06,"lagesosakerhethojd":null,"ursprunglig_organisation":"G\u00f6teborg","objektversion":2.0,"objekttypnr":2066.0,"objekttyp":"Komplementbyggnad","insamlingslage":"Takkant","byggnadsnamn1":"None","byggnadsnamn2":"None","byggnadsnamn3":"None","husnummer":5.0,"huvudbyggnad":"Nej","andamal1":"Komplementbyggnad;","andamal2":"None","andamal3":"None","andamal4":"None","andamal5":"None","FormularId":null,"energy_class":null,"energy_performance":null,"specific_energy":null,"building_category":null,"construction_year":null,"epc_detail":{}}},{"type":"Feature","geometry":{"type":"Polygon","coordinates":[[[11.932714234237018,57.70755187859133],[11.932708735955222,57.70752954491601],[11.932861729279582,57.70751876570688],[11.932867214692374,57.707541054122196],[11.932714234237018,57.70755187859133]]]},"properties":{"id":"af263e63-85e4-42cd-977c-81ef7da3b631","objektidentitet":"5b171b89-da70-4ad9-8852-54d51bae3f56","versiongiltigfran":"2012-01-03T09:51:30.560Z","lagesosakerhetplan":0.06,"lagesosakerhethojd":null,"ursprunglig_organisation":"G\u00f6teborg","objektversion":2.0,"objekttypnr":2066.0,"objekttyp":"Komplementbyggnad","insamlingslage":"Takkant","byggnadsnamn1":"None","byggnadsnamn2":"None","byggnadsnamn3":"None","husnummer":5.0,"huvudbyggnad":"Nej","andamal1":"Komplementbyggnad;","andamal2":"None","andamal3":"None","andamal4":"None","andamal5":"None","FormularId":null,"energy_class":null,"energy_performance":null,"specific_energy":null,"building_category":null,"construction_year":null,"epc_detail":{}}},{"type":"Feature","geometry":{"type":"Polygon","coordinates":[[[11.93255856956651,57.70756287147894],[11.933023908966195,57.70752999593884],[11.93304366001065,57.7076101174437],[11.932578318836365,57.70764300201585],[11.93255856956651,57.70756287147894]]]},"properties":{"id":"6b18c19f-32c1-40ff-876f-7d8178715a2f","objektidentitet":"a67ebdef-d1d1-4af6-b59a-4607eb796b46","versiongiltigfran":"2011-03-23T08:35:19.101Z","lagesosakerhetplan":0.025,"lagesosakerhethojd":null,"ursprunglig_organisation":"Lantm\u00e4teriet","objektversion":1.0,"objekttypnr":2061.0,"objekttyp":"Bostad","insamlingslage":"Takkant","byggnadsnamn1":"None","byggnadsnamn2":"None","byggnadsnamn3":"None","husnummer":1.0,"huvudbyggnad":"Nej","andamal1":"Bostad;Flerfamiljshus","andamal2":"None","andamal3":"None","andamal4":"None","andamal5":"None","FormularId":1054876,"fastighetsbeteckning":"LINDHOLMEN 18:2","energy_class":"D","energy_performance":113,"specific_energy":99,"building_category":"Flerbostadshus","construction_year":1998,"epc_detail":{"IdAdr":"Gamla Ceresgatan 7","IdPostnr":41757,"IdPostort":"G\u00f6teborg","IdKommun":"G\u00f6teborg","EgenByggnadsKat":"Flerbostadshus","EgenByggnadsTyp":"Friliggande","EgenNybyggAr":1998,"EgenAtemp":1848,"EgenAntalPlan":5,"EgenAntalKallarplan":0,"EgenAntalTrapphus":1,"EgenAntalBolgh":35,"EgenInstEleffektStorre":"Nej","EgenSkyddadEllerVardefull":0,"EgiEnergiklass":"D","EgiEnergiPrestanda":113,"EgiSpecifikEnergianvandning":99,"EgiEnergianvandning":183026,"EgiPrimarenergianvandning":209292,"EgiForstaArManad":1801,"EgiSistaArManad":1812,"EgiBeraknatVarde":"Nej","VentTypFTX":"Nej","VentTypF":"Ja","VentTypFT":"Nej","VentTypSjalvdrag":"Nej","VentTypFmed":"Nej","VentGruppKrav":"Ja","EgiSumma2":171703,"EgiFastighet":22628,"EgiStationEI":"G\u00f6teborg","EgiRefvarde1":85,"EgiRefvarde2Max":148,"EgiVersion":2019,"VentGruppGodkand":"Ja","RadGruppHaltMatt":"Ja","RadHalt":60,"RadTypMatning":"L\u00e5ngtidsm\u00e4tning enligt SSI","RadMatDatum":"2006-02-27","Godkand":"2020-03-12","Version":2.6,"ExpertBehorighet":"Kvalificerad","VentGruppUtanAnm":1,"AtgForslagEgiMinskad":13200,"AtgForslagKostnad":"0,55000000000000004"}}},{"type":"Feature","geometry":{"type":"Polygon","coordinates":[[[11.93271008048434,57.7075352848965],[11.932713794935195,57.707549926531684],[11.932623424378598,57.70755625596642],[11.932619161473905,57.707541349365606],[11.93271008048434,57.7075352848965]]]},"properties":{"id":"15e597a7-c8d3-4ab5-b912-f86594252dc3","objektidentitet":"5b171b89-da70-4ad9-8852-54d51bae3f56","versiongiltigfran":"2012-01-03T09:51:30.560Z","lagesosakerhetplan":0.06,"lagesosakerhethojd":null,"ursprunglig_organisation":"G\u00f6teborg","objektversion":2.0,"objekttypnr":2066.0,"objekttyp":"Komplementbyggnad","insamlingslage":"Takkant","byggnadsnamn1":"None","byggnadsnamn2":"None","byggnadsnamn3":"None","husnummer":5.0,"huvudbyggnad":"Nej","andamal1":"Komplementbyggnad;","andamal2":"None","andamal3":"None","andamal4":"None","andamal5":"None","FormularId":null,"energy_class":null,"energy_performance":null,"specific_energy":null,"building_category":null,"construction_year":null,"epc_detail":{}}},{"type":"Feature","geometry":{"type":"Polygon","coordinates":[[[11.931010930905515,57.70785211243013],[11.93101199683325,57.70787204672375],[11.930919424250297,57.70787343205989],[11.93091834161618,57.70785349735944],[11.931010930905515,57.70785211243013]]]},"properties":{"id":"d63f112c-4af8-433f-820b-03f10cd81f5f","objektidentitet":"96836ade-88f5-426c-bd06-58a5bd9efc9d","versiongiltigfran":"2011-03-23T08:36:20.832Z","lagesosakerhetplan":0.06,"lagesosakerhethojd":null,"ursprunglig_organisation":"Lantm\u00e4teriet","objektversion":1.0,"objekttypnr":2066.0,"objekttyp":"Komplementbyggnad","insamlingslage":"Takkant","byggnadsnamn1":"None","byggnadsnamn2":"None","byggnadsnamn3":"None","husnummer":14.0,"huvudbyggnad":"Nej","andamal1":"Komplementbyggnad;","andamal2":"None","andamal3":"None","andamal4":"None","andamal5":"None","FormularId":null,"energy_class":null,"energy_performance":null,"specific_energy":null,"building_category":null,"construction_year":null,"epc_detail":{}}},{"type":"Feature","geometry":{"type":"Polygon","coordinates":[[[11.930767673338828,57.70791531962077],[11.9309885380257,57.707902198624126],[11.930995493097933,57.70793666558624],[11.931098612627354,57.707930700503624],[11.931091809229033,57.7078970191846],[11.9313108891768,57.70788434867225],[11.93135385178582,57.70809724709385],[11.931153214772294,57.708108846125235],[11.931156006028647,57.70812268346174],[11.931013518220333,57.708130920240464],[11.93101079794208,57.7081174351542],[11.930810785307223,57.708128994864474],[11.930767673338828,57.70791531962077]]]},"properties":{"id":"568a57ef-61a0-4b70-9ac1-16ae555b1332","objektidentitet":"5e9fbe01-f981-4588-8b0b-ea3bfc5caf62","versiongiltigfran":"2022-02-09T12:58:18.082Z","lagesosakerhetplan":0.1,"lagesosakerhethojd":null,"ursprunglig_organisation":"Kommunsamverkan","objektversion":4.0,"objekttypnr":2063.0,"objekttyp":"Samh\u00e4llsfunktion","insamlingslage":"Takkant","byggnadsnamn1":"None","byggnadsnamn2":"None","byggnadsnamn3":"None","husnummer":1.0,"huvudbyggnad":"Nej","andamal1":"Samh\u00e4llsfunktion;Skola","andamal2":"None","andamal3":"None","andamal4":"None","andamal5":"None","FormularId":1542669,"fastighetsbeteckning":"LINDHOLMEN 27:1","energy_class":"D","energy_performance":98,"specific_energy":94,"building_category":"Lokalbyggnader","construction_year":2004,"epc_detail":{"IdAdr":"Ceresgatan 16","IdPostnr":41758,"IdPostort":"G\u00f6teborg","IdKommun":"G\u00f6teborg","EgenByggnadsKat":"Lokalbyggnader","EgenByggnadsTyp":"Friliggande","EgenNybyggAr":2004,"EgenAtemp":853,"EgenAntalPlan":2,"EgenAntalKallarplan":0,"EgenProjVentFlode":"0,60999999999999999","EgenInstEleffektStorre":"Nej","EgenSkyddadEllerVardefull":4,"EgiEnergiklass":"D","EgiEnergiPrestanda":98,"EgiSpecifikEnergianvandning":94,"EgiEnergianvandning":79805,"EgiPrimarenergianvandning":83405,"EgiPrimarenergital2020":98,"EgiForstaArManad":2301,"EgiSistaArManad":2312,"EgiBeraknatVarde":"Nej","EgiSolcell":219,"VentTypFTX":"Ja","VentTypF":"Nej","VentTypFT":"Nej","VentTypSjalvdrag":"Nej","VentTypFmed":"Nej","VentGruppKrav":"Ja","EgiSumma2":77258,"EgiBerElProduktion":38000,"EgiFastighet":21000,"EgiStationEI":"G\u00f6teborg","EgiRefvarde1":80,"EgiRefvarde2Max":151,"EgiVersion":2023,"VentGruppGodkand":"Nej","RadGruppHaltMatt":"Ja","RadHalt":93,"RadTypMatning":"Annan metod","RadMatDatum":"2010-03-31","Godkand":"2024-12-24","Version":3.0,"ExpertBehorighet":"Kvalificerad","InspUppvUndAvtalEgipres":"Nej","InspLuftUndAvtalEgipres":"Nej","AtgForslagEgiMinskad":3800,"AtgForslagKostnad":"0,58999999999999997"}}},{"type":"Feature","geometry":{"type":"Polygon","coordinates":[[[11.931326788174404,57.707963118733346],[11.931386489577946,57.70795966844454],[11.931397749504022,57.70801548744392],[11.931338048009263,57.70801893773712],[11.931326788174404,57.707963118733346]]]},"properties":{"id":"784f0ff5-6674-455a-942c-3ebee92b1389","objektidentitet":"5e9fbe01-f981-4588-8b0b-ea3bfc5caf62","versiongiltigfran":"2022-02-09T12:58:18.082Z","lagesosakerhetplan":0.1,"lagesosakerhethojd":null,"ursprunglig_organisation":"Kommunsamverkan","objektversion":4.0,"objekttypnr":2063.0,"objekttyp":"Samh\u00e4llsfunktion","insamlingslage":"Takkant","byggnadsnamn1":"None","byggnadsnamn2":"None","byggnadsnamn3":"None","husnummer":1.0,"huvudbyggnad":"Nej","andamal1":"Samh\u00e4llsfunktion;Skola","andamal2":"None","andamal3":"None","andamal4":"None","andamal5":"None","FormularId":1542669,"fastighetsbeteckning":"LINDHOLMEN 27:1","energy_class":"D","energy_performance":98,"specific_energy":94,"building_category":"Lokalbyggnader","construction_year":2004,"epc_detail":{"IdAdr":"Ceresgatan 16","IdPostnr":41758,"IdPostort":"G\u00f6teborg","IdKommun":"G\u00f6teborg","EgenByggnadsKat":"Lokalbyggnader","EgenByggnadsTyp":"Friliggande","EgenNybyggAr":2004,"EgenAtemp":853,"EgenAntalPlan":2,"EgenAntalKallarplan":0,"EgenProjVentFlode":"0,60999999999999999","EgenInstEleffektStorre":"Nej","EgenSkyddadEllerVardefull":4,"EgiEnergiklass":"D","EgiEnergiPrestanda":98,"EgiSpecifikEnergianvandning":94,"EgiEnergianvandning":79805,"EgiPrimarenergianvandning":83405,"EgiPrimarenergital2020":98,"EgiForstaArManad":2301,"EgiSistaArManad":2312,"EgiBeraknatVarde":"Nej","EgiSolcell":219,"VentTypFTX":"Ja","VentTypF":"Nej","VentTypFT":"Nej","VentTypSjalvdrag":"Nej","VentTypFmed":"Nej","VentGruppKrav":"Ja","EgiSumma2":77258,"EgiBerElProduktion":38000,"EgiFastighet":21000,"EgiStationEI":"G\u00f6teborg","EgiRefvarde1":80,"EgiRefvarde2Max":151,"EgiVersion":2023,"VentGruppGodkand":"Nej","RadGruppHaltMatt":"Ja","RadHalt":93,"RadTypMatning":"Annan metod","RadMatDatum":"2010-03-31","Godkand":"2024-12-24","Version":3.0,"ExpertBehorighet":"Kvalificerad","InspUppvUndAvtalEgipres":"Nej","InspLuftUndAvtalEgipres":"Nej","AtgForslagEgiMinskad":3800,"AtgForslagKostnad":"0,58999999999999997"}}},{"type":"Feature","geometry":{"type":"Polygon","coordinates":[[[11.93079502921635,57.70805092925634],[11.930737217355546,57.708054272316446],[11.930725850157899,57.70799794731278],[11.930783661929569,57.70799460425699],[11.93079502921635,57.70805092925634]]]},"properties":{"id":"19ce526b-7294-40de-bd62-77b7445b418c","objektidentitet":"5e9fbe01-f981-4588-8b0b-ea3bfc5caf62","versiongiltigfran":"2022-02-09T12:58:18.082Z","lagesosakerhetplan":0.1,"lagesosakerhethojd":null,"ursprunglig_organisation":"Kommunsamverkan","objektversion":4.0,"objekttypnr":2063.0,"objekttyp":"Samh\u00e4llsfunktion","insamlingslage":"Takkant","byggnadsnamn1":"None","byggnadsnamn2":"None","byggnadsnamn3":"None","husnummer":1.0,"huvudbyggnad":"Nej","andamal1":"Samh\u00e4llsfunktion;Skola","andamal2":"None","andamal3":"None","andamal4":"None","andamal5":"None","FormularId":1542669,"fastighetsbeteckning":"LINDHOLMEN 27:1","energy_class":"D","energy_performance":98,"specific_energy":94,"building_category":"Lokalbyggnader","construction_year":2004,"epc_detail":{"IdAdr":"Ceresgatan 16","IdPostnr":41758,"IdPostort":"G\u00f6teborg","IdKommun":"G\u00f6teborg","EgenByggnadsKat":"Lokalbyggnader","EgenByggnadsTyp":"Friliggande","EgenNybyggAr":2004,"EgenAtemp":853,"EgenAntalPlan":2,"EgenAntalKallarplan":0,"EgenProjVentFlode":"0,60999999999999999","EgenInstEleffektStorre":"Nej","EgenSkyddadEllerVardefull":4,"EgiEnergiklass":"D","EgiEnergiPrestanda":98,"EgiSpecifikEnergianvandning":94,"EgiEnergianvandning":79805,"EgiPrimarenergianvandning":83405,"EgiPrimarenergital2020":98,"EgiForstaArManad":2301,"EgiSistaArManad":2312,"EgiBeraknatVarde":"Nej","EgiSolcell":219,"VentTypFTX":"Ja","VentTypF":"Nej","VentTypFT":"Nej","VentTypSjalvdrag":"Nej","VentTypFmed":"Nej","VentGruppKrav":"Ja","EgiSumma2":77258,"EgiBerElProduktion":38000,"EgiFastighet":21000,"EgiStationEI":"G\u00f6teborg","EgiRefvarde1":80,"EgiRefvarde2Max":151,"EgiVersion":2023,"VentGruppGodkand":"Nej","RadGruppHaltMatt":"Ja","RadHalt":93,"RadTypMatning":"Annan metod","RadMatDatum":"2010-03-31","Godkand":"2024-12-24","Version":3.0,"ExpertBehorighet":"Kvalificerad","InspUppvUndAvtalEgipres":"Nej","InspLuftUndAvtalEgipres":"Nej","AtgForslagEgiMinskad":3800,"AtgForslagKostnad":"0,58999999999999997"}}},{"type":"Feature","geometry":{"type":"Polygon","coordinates":[[[11.932155946442476,57.70830218628604],[11.931981117992256,57.70828581268704],[11.932031138906954,57.70813269278695],[11.932205953684507,57.70814902105593],[11.932155946442476,57.70830218628604]]]},"properties":{"id":"d0ef70f4-07c3-4777-9383-f74fcf7cc8dd","objektidentitet":"34bcda14-f570-41cd-9b22-c8f69ea5cbaa","versiongiltigfran":"2012-01-03T09:48:14.367Z","lagesosakerhetplan":0.06,"lagesosakerhethojd":null,"ursprunglig_organisation":"G\u00f6teborg","objektversion":3.0,"objekttypnr":2063.0,"objekttyp":"Samh\u00e4llsfunktion","insamlingslage":"Takkant","byggnadsnamn1":"None","byggnadsnamn2":"None","byggnadsnamn3":"None","husnummer":6.0,"huvudbyggnad":"Nej","andamal1":"Samh\u00e4llsfunktion;Skola","andamal2":"None","andamal3":"None","andamal4":"None","andamal5":"None","FormularId":1546803,"fastighetsbeteckning":"LINDHOLMEN 27:1","energy_class":"G","energy_performance":211,"specific_energy":107,"building_category":"Lokalbyggnader","construction_year":1995,"epc_detail":{"IdAdr":"Polstj\u00e4rnegatan 21","IdPostnr":41752,"IdPostort":"G\u00f6teborg","IdKommun":"G\u00f6teborg","EgenByggnadsKat":"Lokalbyggnader","EgenByggnadsTyp":"Friliggande","EgenNybyggAr":1995,"EgenAtemp":462,"EgenAntalKallarplan":0,"EgenProjVentFlode":"0,34999999999999998","EgenInstEleffektStorre":"Ja","EgenSkyddadEllerVardefull":4,"EgiEnergiklass":"G","EgiEnergiPrestanda":211,"EgiSpecifikEnergianvandning":107,"EgiEnergianvandning":49392,"EgiPrimarenergianvandning":97538,"EgiPrimarenergital2020":211,"EgiForstaArManad":2301,"EgiSistaArManad":2312,"EgiBeraknatVarde":"Nej","VentTypFTX":"Nej","VentTypF":"Ja","VentTypFT":"Nej","VentTypSjalvdrag":"Nej","VentTypFmed":"Nej","VentGruppKrav":"Ja","EgiSumma2":47466,"EgiFastighet":5304,"EgiStationEI":"G\u00f6teborg","EgiRefvarde1":70,"EgiRefvarde2Max":177,"EgiVersion":2023,"VentGruppGodkand":"Nej","RadGruppHaltMatt":"Ja","RadHalt":80,"RadTypMatning":"Annan metod","RadMatDatum":"2019-03-08","Godkand":"2024-12-24","Version":3.0,"ExpertBehorighet":"Kvalificerad","InspUppvUndAvtalEgipres":"Nej","InspLuftUndAvtalEgipres":"Nej","AtgForslagEgiMinskad":25000,"AtgForslagKostnad":"1,1899999999999999"}}},{"type":"Feature","geometry":{"type":"Polygon","coordinates":[[[11.932192741845393,57.7081894522671],[11.932240284555188,57.708194155440815],[11.932217922320753,57.70825877617099],[11.932174063902968,57.70825418929956],[11.93217096061826,57.708253754523675],[11.932192741845393,57.7081894522671]]]},"properties":{"id":"24097964-7e4b-45ff-959f-c732a7e8c5e7","objektidentitet":"03fa81ce-8d89-4b66-bd2d-a9cea0c6d275","versiongiltigfran":"2012-02-23T14:40:44.566Z","lagesosakerhetplan":0.06,"lagesosakerhethojd":null,"ursprunglig_organisation":"G\u00f6teborg","objektversion":3.0,"objekttypnr":2063.0,"objekttyp":"Samh\u00e4llsfunktion","insamlingslage":"Takkant","byggnadsnamn1":"None","byggnadsnamn2":"None","byggnadsnamn3":"None","husnummer":17.0,"huvudbyggnad":"Nej","andamal1":"Samh\u00e4llsfunktion;Skola","andamal2":"None","andamal3":"None","andamal4":"None","andamal5":"None","FormularId":null,"energy_class":null,"energy_performance":null,"specific_energy":null,"building_category":null,"construction_year":null,"epc_detail":{}}},{"type":"Feature","geometry":{"type":"Polygon","coordinates":[[[11.932241789443989,57.70866322180571],[11.932203529799594,57.70865021414273],[11.932263261269027,57.70860059279156],[11.932301738733432,57.70861360571894],[11.93241566187368,57.70851929780459],[11.93237747162329,57.708506264911406],[11.932437322897165,57.70845641270118],[11.932475350152957,57.70846958543254],[11.932534727691255,57.70842056656378],[11.932791011275862,57.70850920946632],[11.93265588135857,57.708620772793786],[11.932675809598935,57.70862756555599],[11.932602617807586,57.7086880238214],[11.932582948505349,57.70868114744639],[11.932438680603246,57.708800865806424],[11.932182363110158,57.70871221239977],[11.932241789443989,57.70866322180571]]]},"properties":{"id":"c5d9690b-9575-4430-8c22-918eb0797d9e","objektidentitet":"971fa375-e45f-48ad-a102-578b5fa41006","versiongiltigfran":"2011-10-06T09:46:30.650Z","lagesosakerhetplan":0.025,"lagesosakerhethojd":null,"ursprunglig_organisation":"G\u00f6teborg","objektversion":2.0,"objekttypnr":2063.0,"objekttyp":"Samh\u00e4llsfunktion","insamlingslage":"Takkant","byggnadsnamn1":"None","byggnadsnamn2":"None","byggnadsnamn3":"None","husnummer":8.0,"huvudbyggnad":"Nej","andamal1":"Samh\u00e4llsfunktion;Skola","andamal2":"None","andamal3":"None","andamal4":"None","andamal5":"None","FormularId":1546801,"fastighetsbeteckning":"LINDHOLMEN 27:1","energy_class":"E","energy_performance":115,"specific_energy":110,"building_category":"Lokalbyggnader","construction_year":2008,"epc_detail":{"IdAdr":"Polstj\u00e4rnegatan 17","IdPostnr":41752,"IdPostort":"G\u00f6teborg","IdKommun":"G\u00f6teborg","EgenByggnadsKat":"Lokalbyggnader","EgenByggnadsTyp":"Friliggande","EgenNybyggAr":2008,"EgenAtemp":759,"EgenAntalKallarplan":0,"EgenProjVentFlode":"0,55000000000000004","EgenInstEleffektStorre":"Nej","EgenSkyddadEllerVardefull":4,"EgiEnergiklass":"E","EgiEnergiPrestanda":115,"EgiSpecifikEnergianvandning":110,"EgiEnergianvandning":83323,"EgiPrimarenergianvandning":87178,"EgiPrimarenergital2020":115,"EgiForstaArManad":2301,"EgiSistaArManad":2312,"EgiBeraknatVarde":"Nej","EgiSolcell":303,"VentTypFTX":"Ja","VentTypF":"Ja","VentTypFT":"Nej","VentTypSjalvdrag":"Nej","VentTypFmed":"Nej","VentGruppKrav":"Ja","EgiSumma2":80655,"EgiBerElProduktion":55000,"EgiFastighet":22000,"EgiStationEI":"G\u00f6teborg","EgiRefvarde1":78,"EgiRefvarde2Max":151,"EgiVersion":2023,"VentGruppGodkand":"Nej","RadGruppHaltMatt":"Ja","RadHalt":180,"RadTypMatning":"Annan metod","RadMatDatum":"2010-03-11","Godkand":"2024-12-24","Version":3.0,"ExpertBehorighet":"Kvalificerad","InspUppvGruppInspSkyldighet":"Nej","InspUppvUndAvtalEgipres":"Nej","InspLuftUndAvtalEgipres":"Nej","AtgForslagEgiMinskad":4000,"AtgForslagKostnad":"0,45000000000000001"}}},{"type":"Feature","geometry":{"type":"Polygon","coordinates":[[[11.933036418025363,57.70865814028484],[11.933265099920337,57.70847051404999],[11.933375814970589,57.70850914990415],[11.933147131873461,57.7086967942805],[11.933036418025363,57.70865814028484]]]},"properties":{"id":"b4d791b2-296c-428b-a20d-4733b235a233","objektidentitet":"58b35665-86d8-409e-9e81-f162aab22829","versiongiltigfran":"2011-03-23T09:09:40.105Z","lagesosakerhetplan":0.06,"lagesosakerhethojd":null,"ursprunglig_organisation":"Lantm\u00e4teriet","objektversion":1.0,"objekttypnr":2062.0,"objekttyp":"Industri","insamlingslage":"Takkant","byggnadsnamn1":"None","byggnadsnamn2":"None","byggnadsnamn3":"None","husnummer":4.0,"huvudbyggnad":"Nej","andamal1":"Industri;Ospecificerad","andamal2":"None","andamal3":"None","andamal4":"None","andamal5":"None","FormularId":null,"energy_class":null,"energy_performance":null,"specific_energy":null,"building_category":null,"construction_year":null,"epc_detail":{}}},{"type":"Feature","geometry":{"type":"Polygon","coordinates":[[[11.931408323528387,57.707546875654195],[11.931089522085193,57.70751966516685],[11.93111654844406,57.70742893075226],[11.931123800572424,57.70742954709427],[11.931146929478961,57.70735192150761],[11.931317057550675,57.707366438640605],[11.931294048474836,57.70744364472361],[11.93143548534747,57.70745572203261],[11.931408323528387,57.707546875654195]]]},"properties":{"id":"385c8d48-3e51-4a16-82b6-faa877dadeeb","objektidentitet":"2223fbc3-6367-44fe-abbe-9126dd459504","versiongiltigfran":"2015-10-08T08:37:37.271Z","lagesosakerhetplan":0.06,"lagesosakerhethojd":2.5,"ursprunglig_organisation":"G\u00f6teborg","objektversion":2.0,"objekttypnr":2061.0,"objekttyp":"Bostad","insamlingslage":"Takkant","byggnadsnamn1":"None","byggnadsnamn2":"None","byggnadsnamn3":"None","husnummer":5.0,"huvudbyggnad":"Nej","andamal1":"Bostad;Flerfamiljshus","andamal2":"None","andamal3":"None","andamal4":"None","andamal5":"None","FormularId":989846,"fastighetsbeteckning":"LINDHOLMEN 20:1","energy_class":"E","energy_performance":125,"specific_energy":109,"building_category":"Flerbostadshus","construction_year":1997,"epc_detail":{"IdAdr":"Arbetaregatan 27","IdPostnr":41757,"IdPostort":"G\u00f6teborg","IdKommun":"G\u00f6teborg","EgenByggnadsKat":"Flerbostadshus","EgenByggnadsTyp":"Friliggande","EgenNybyggAr":1997,"EgenAtemp":687,"EgenAntalPlan":1,"EgenAntalKallarplan":0,"EgenAntalTrapphus":1,"EgenAntalBolgh":8,"EgenInstEleffektStorre":"Nej","EgenSkyddadEllerVardefull":0,"EgiEnergiklass":"E","EgiEnergiPrestanda":125,"EgiSpecifikEnergianvandning":109,"EgiEnergianvandning":75208,"EgiPrimarenergianvandning":85668,"EgiForstaArManad":1801,"EgiSistaArManad":1812,"EgiBeraknatVarde":"Nej","VentTypFTX":"Nej","VentTypF":"Ja","VentTypFT":"Nej","VentTypSjalvdrag":"Nej","VentTypFmed":"Nej","VentGruppKrav":"Ja","EgiSumma2":70140,"EgiFastighet":7970,"EgiStationEI":"G\u00f6teborg","EgiRefvarde1":85,"EgiRefvarde2Max":148,"EgiVersion":2019,"VentGruppGodkand":"Ja","RadGruppHaltMatt":"Nej","Godkand":"2019-09-16","Version":2.6,"ExpertBehorighet":"Normal","VentGruppUtanAnm":0,"AtgForslagEgiMinskad":2700,"AtgForslagKostnad":"0,20000000000000001"}}},{"type":"Feature","geometry":{"type":"Polygon","coordinates":[[[11.931413180410777,57.70753056339215],[11.93143161781064,57.707468678803416],[11.931473163249363,57.70747240991149],[11.931453845331314,57.70753398553094],[11.931413180410777,57.70753056339215]]]},"properties":{"id":"02ecdb17-4018-4801-a2c1-e345974d5ec4","objektidentitet":"2223fbc3-6367-44fe-abbe-9126dd459504","versiongiltigfran":"2015-10-08T08:37:37.271Z","lagesosakerhetplan":0.06,"lagesosakerhethojd":null,"ursprunglig_organisation":"G\u00f6teborg","objektversion":2.0,"objekttypnr":2061.0,"objekttyp":"Bostad","insamlingslage":"Takkant","byggnadsnamn1":"None","byggnadsnamn2":"None","byggnadsnamn3":"None","husnummer":5.0,"huvudbyggnad":"Nej","andamal1":"Bostad;Flerfamiljshus","andamal2":"None","andamal3":"None","andamal4":"None","andamal5":"None","FormularId":989846,"fastighetsbeteckning":"LINDHOLMEN 20:1","energy_class":"E","energy_performance":125,"specific_energy":109,"building_category":"Flerbostadshus","construction_year":1997,"epc_detail":{"IdAdr":"Arbetaregatan 27","IdPostnr":41757,"IdPostort":"G\u00f6teborg","IdKommun":"G\u00f6teborg","EgenByggnadsKat":"Flerbostadshus","EgenByggnadsTyp":"Friliggande","EgenNybyggAr":1997,"EgenAtemp":687,"EgenAntalPlan":1,"EgenAntalKallarplan":0,"EgenAntalTrapphus":1,"EgenAntalBolgh":8,"EgenInstEleffektStorre":"Nej","EgenSkyddadEllerVardefull":0,"EgiEnergiklass":"E","EgiEnergiPrestanda":125,"EgiSpecifikEnergianvandning":109,"EgiEnergianvandning":75208,"EgiPrimarenergianvandning":85668,"EgiForstaArManad":1801,"EgiSistaArManad":1812,"EgiBeraknatVarde":"Nej","VentTypFTX":"Nej","VentTypF":"Ja","VentTypFT":"Nej","VentTypSjalvdrag":"Nej","VentTypFmed":"Nej","VentGruppKrav":"Ja","EgiSumma2":70140,"EgiFastighet":7970,"EgiStationEI":"G\u00f6teborg","EgiRefvarde1":85,"EgiRefvarde2Max":148,"EgiVersion":2019,"VentGruppGodkand":"Ja","RadGruppHaltMatt":"Nej","Godkand":"2019-09-16","Version":2.6,"ExpertBehorighet":"Normal","VentGruppUtanAnm":0,"AtgForslagEgiMinskad":2700,"AtgForslagKostnad":"0,20000000000000001"}}},{"type":"Feature","geometry":{"type":"Polygon","coordinates":[[[11.933183152934895,57.70793928718782],[11.933187172537062,57.70789237740007],[11.93324846866085,57.707893890319326],[11.933244432380327,57.70794079970352],[11.933183152934895,57.70793928718782]]]},"properties":{"id":"47d1c713-5e0d-45cc-8711-7d3f00961f18","objektidentitet":"32fc4fad-c874-49e4-ba69-6c0e8d81e06f","versiongiltigfran":"2012-01-03T09:51:30.560Z","lagesosakerhetplan":0.06,"lagesosakerhethojd":null,"ursprunglig_organisation":"G\u00f6teborg","objektversion":3.0,"objekttypnr":2064.0,"objekttyp":"Verksamhet","insamlingslage":"Takkant","byggnadsnamn1":"None","byggnadsnamn2":"None","byggnadsnamn3":"None","husnummer":4.0,"huvudbyggnad":"Nej","andamal1":"Verksamhet;","andamal2":"None","andamal3":"None","andamal4":"None","andamal5":"None","FormularId":null,"energy_class":null,"energy_performance":null,"specific_energy":null,"building_category":null,"construction_year":null,"epc_detail":{}}},{"type":"Feature","geometry":{"type":"Polygon","coordinates":[[[11.933182965412563,57.70794130494149],[11.93310993905081,57.70793950761516],[11.933111425179868,57.707922142877614],[11.933059629682777,57.70792086920915],[11.933063903760795,57.707871152348595],[11.933112615836055,57.707872351264754],[11.933113082603006,57.70786683496127],[11.93318920816804,57.707868716408356],[11.933182965412563,57.70794130494149]]]},"properties":{"id":"16a488c9-18ee-4230-9d57-41cb87c07319","objektidentitet":"32fc4fad-c874-49e4-ba69-6c0e8d81e06f","versiongiltigfran":"2012-01-03T09:51:30.560Z","lagesosakerhetplan":0.06,"lagesosakerhethojd":null,"ursprunglig_organisation":"G\u00f6teborg","objektversion":3.0,"objekttypnr":2064.0,"objekttyp":"Verksamhet","insamlingslage":"Takkant","byggnadsnamn1":"None","byggnadsnamn2":"None","byggnadsnamn3":"None","husnummer":4.0,"huvudbyggnad":"Nej","andamal1":"Verksamhet;","andamal2":"None","andamal3":"None","andamal4":"None","andamal5":"None","FormularId":null,"energy_class":null,"energy_performance":null,"specific_energy":null,"building_category":null,"construction_year":null,"epc_detail":{}}},{"type":"Feature","geometry":{"type":"Polygon","coordinates":[[[11.932839030241444,57.70836066058941],[11.932853706334688,57.70830272024696],[11.932934501678616,57.70830856191632],[11.932919821916357,57.708366547117286],[11.932839030241444,57.70836066058941]]]},"properties":{"id":"e8558f91-db4a-4fda-9020-ae64e45b7a6a","objektidentitet":"8e35e627-42e8-4439-a508-217d35bb9d92","versiongiltigfran":"2016-03-29T13:39:26.375Z","lagesosakerhetplan":0.06,"lagesosakerhethojd":null,"ursprunglig_organisation":"G\u00f6teborg","objektversion":2.0,"objekttypnr":2066.0,"objekttyp":"Komplementbyggnad","insamlingslage":"Takkant","byggnadsnamn1":"None","byggnadsnamn2":"None","byggnadsnamn3":"None","husnummer":15.0,"huvudbyggnad":"Nej","andamal1":"Komplementbyggnad;","andamal2":"None","andamal3":"None","andamal4":"None","andamal5":"None","FormularId":null,"energy_class":null,"energy_performance":null,"specific_energy":null,"building_category":null,"construction_year":null,"epc_detail":{}}},{"type":"Feature","geometry":{"type":"Polygon","coordinates":[[[11.930517352250229,57.70803000006413],[11.930571683938673,57.70801699144844],[11.93061431268995,57.708068017048234],[11.930559980939089,57.70808102568154],[11.930517352250229,57.70803000006413]]]},"properties":{"id":"277140e4-db55-4102-a339-01df45f3402e","objektidentitet":"904778a3-1915-4642-9517-0a1327cea7d8","versiongiltigfran":"2022-02-09T12:58:17.323Z","lagesosakerhetplan":0.1,"lagesosakerhethojd":null,"ursprunglig_organisation":"Kommunsamverkan","objektversion":4.0,"objekttypnr":2063.0,"objekttyp":"Samh\u00e4llsfunktion","insamlingslage":"Takkant","byggnadsnamn1":"None","byggnadsnamn2":"None","byggnadsnamn3":"None","husnummer":2.0,"huvudbyggnad":"Nej","andamal1":"Samh\u00e4llsfunktion;Skola","andamal2":"None","andamal3":"None","andamal4":"None","andamal5":"None","FormularId":1546775,"fastighetsbeteckning":"LINDHOLMEN 27:1","energy_class":"D","energy_performance":98,"specific_energy":94,"building_category":"Lokalbyggnader","construction_year":2004,"epc_detail":{"IdAdr":"Ceresgatan 16","IdPostnr":41758,"IdPostort":"G\u00f6teborg","IdKommun":"G\u00f6teborg","EgenByggnadsKat":"Lokalbyggnader","EgenByggnadsTyp":"Friliggande","EgenNybyggAr":2004,"EgenAtemp":853,"EgenAntalPlan":2,"EgenAntalKallarplan":0,"EgenProjVentFlode":"0,60999999999999999","EgenInstEleffektStorre":"Nej","EgenSkyddadEllerVardefull":4,"EgiEnergiklass":"D","EgiEnergiPrestanda":98,"EgiSpecifikEnergianvandning":94,"EgiEnergianvandning":79805,"EgiPrimarenergianvandning":83405,"EgiPrimarenergital2020":98,"EgiForstaArManad":2301,"EgiSistaArManad":2312,"EgiBeraknatVarde":"Nej","EgiSolcell":219,"VentTypFTX":"Ja","VentTypF":"Nej","VentTypFT":"Nej","VentTypSjalvdrag":"Nej","VentTypFmed":"Nej","VentGruppKrav":"Ja","EgiSumma2":77258,"EgiBerElProduktion":38000,"EgiFastighet":21000,"EgiStationEI":"G\u00f6teborg","EgiRefvarde1":80,"EgiRefvarde2Max":151,"EgiVersion":2023,"VentGruppGodkand":"Nej","RadGruppHaltMatt":"Ja","RadHalt":110,"RadTypMatning":"Annan metod","RadMatDatum":"2010-03-31","Godkand":"2024-12-24","Version":3.0,"ExpertBehorighet":"Kvalificerad","InspUppvUndAvtalEgipres":"Nej","InspLuftUndAvtalEgipres":"Nej","AtgForslagEgiMinskad":3800,"AtgForslagKostnad":"0,58999999999999997"}}},{"type":"Feature","geometry":{"type":"Polygon","coordinates":[[[11.930611551270456,57.707433396675896],[11.930718009273724,57.70743974560391],[11.930714866353435,57.707454850095225],[11.930608392309008,57.707448491788],[11.930611551270456,57.707433396675896]]]},"properties":{"id":"9cc366fd-0d30-4e11-85f2-179b20b66f74","objektidentitet":"b23e1706-cf18-4d49-aa0f-0dea24f70ce4","versiongiltigfran":"2011-03-23T09:11:32.245Z","lagesosakerhetplan":0.06,"lagesosakerhethojd":null,"ursprunglig_organisation":"Lantm\u00e4teriet","objektversion":1.0,"objekttypnr":2066.0,"objekttyp":"Komplementbyggnad","insamlingslage":"Takkant","byggnadsnamn1":"None","byggnadsnamn2":"None","byggnadsnamn3":"None","husnummer":3.0,"huvudbyggnad":"Nej","andamal1":"Komplementbyggnad;","andamal2":"None","andamal3":"None","andamal4":"None","andamal5":"None","FormularId":null,"energy_class":null,"energy_performance":null,"specific_energy":null,"building_category":null,"construction_year":null,"epc_detail":{}}},{"type":"Feature","geometry":{"type":"Polygon","coordinates":[[[11.932136190455775,57.70830030506398],[11.932133086858872,57.708309793033926],[11.932073192794372,57.70830420606801],[11.932068890501679,57.708317341059754],[11.931977992140371,57.70830885402193],[11.931985401136748,57.70828619518931],[11.932136190455775,57.70830030506398]]]},"properties":{"id":"272d92e4-eec9-41e1-8658-9dbe5810dcc2","objektidentitet":"ad7d045a-68c9-4bbe-a3eb-804ca4e29936","versiongiltigfran":"2012-02-23T14:40:59.529Z","lagesosakerhetplan":0.06,"lagesosakerhethojd":null,"ursprunglig_organisation":"G\u00f6teborg","objektversion":3.0,"objekttypnr":2063.0,"objekttyp":"Samh\u00e4llsfunktion","insamlingslage":"Takkant","byggnadsnamn1":"None","byggnadsnamn2":"None","byggnadsnamn3":"None","husnummer":18.0,"huvudbyggnad":"Nej","andamal1":"Samh\u00e4llsfunktion;Skola","andamal2":"None","andamal3":"None","andamal4":"None","andamal5":"None","FormularId":null,"energy_class":null,"energy_performance":null,"specific_energy":null,"building_category":null,"construction_year":null,"epc_detail":{}}},{"type":"Feature","geometry":{"type":"Polygon","coordinates":[[[11.932047500827109,57.70749859950221],[11.932083133771567,57.70742062089239],[11.932231169070693,57.70744004773173],[11.932267214136692,57.70736116229388],[11.932411296788224,57.707380070636766],[11.932375424787502,57.707458501919795],[11.932388295423026,57.70746018918457],[11.932352393569012,57.70753857479831],[11.932047500827109,57.70749859950221]]]},"properties":{"id":"05c22a7f-2930-4297-a49b-76ab1823b7fb","objektidentitet":"498dcf03-678b-485a-af1c-e77978259856","versiongiltigfran":"2011-03-23T08:42:43.981Z","lagesosakerhetplan":0.025,"lagesosakerhethojd":2.5,"ursprunglig_organisation":"Lantm\u00e4teriet","objektversion":1.0,"objekttypnr":2061.0,"objekttyp":"Bostad","insamlingslage":"Takkant","byggnadsnamn1":"None","byggnadsnamn2":"None","byggnadsnamn3":"None","husnummer":2.0,"huvudbyggnad":"Nej","andamal1":"Bostad;Flerfamiljshus","andamal2":"None","andamal3":"None","andamal4":"None","andamal5":"None","FormularId":989855,"fastighetsbeteckning":"LINDHOLMEN 20:1","energy_class":"E","energy_performance":125,"specific_energy":109,"building_category":"Flerbostadshus","construction_year":1997,"epc_detail":{"IdAdr":"Gjutaregatan 12","IdPostnr":41757,"IdPostort":"G\u00f6teborg","IdKommun":"G\u00f6teborg","EgenByggnadsKat":"Flerbostadshus","EgenByggnadsTyp":"Friliggande","EgenNybyggAr":1997,"EgenAtemp":763,"EgenAntalPlan":1,"EgenAntalKallarplan":1,"EgenAntalTrapphus":1,"EgenAntalBolgh":4,"EgenInstEleffektStorre":"Nej","EgenSkyddadEllerVardefull":0,"EgiEnergiklass":"E","EgiEnergiPrestanda":125,"EgiSpecifikEnergianvandning":109,"EgiEnergianvandning":83528,"EgiPrimarenergianvandning":95144,"EgiForstaArManad":1801,"EgiSistaArManad":1812,"EgiBeraknatVarde":"Nej","VentTypFTX":"Nej","VentTypF":"Ja","VentTypFT":"Nej","VentTypSjalvdrag":"Nej","VentTypFmed":"Nej","VentGruppKrav":"Ja","EgiSumma2":77900,"EgiFastighet":8850,"EgiStationEI":"G\u00f6teborg","EgiRefvarde1":85,"EgiRefvarde2Max":148,"EgiVersion":2019,"VentGruppGodkand":"Ja","RadGruppHaltMatt":"Nej","Godkand":"2019-09-16","Version":2.6,"ExpertBehorighet":"Normal","VentGruppUtanAnm":0,"AtgForslagEgiMinskad":2400,"AtgForslagKostnad":"0,20000000000000001"}}},{"type":"Feature","geometry":{"type":"Polygon","coordinates":[[[11.93163733466044,57.70756999306378],[11.931668953886602,57.70749262725736],[11.931961090901657,57.70752677548359],[11.931929471505011,57.707604150338014],[11.93163733466044,57.70756999306378]]]},"properties":{"id":"dc7f4fa9-7770-41c6-a50f-42fbe5399814","objektidentitet":"9ec60e78-a0ed-4632-a7c9-b70cedae0a9d","versiongiltigfran":"2011-03-23T09:09:04.363Z","lagesosakerhetplan":0.025,"lagesosakerhethojd":2.5,"ursprunglig_organisation":"Lantm\u00e4teriet","objektversion":1.0,"objekttypnr":2061.0,"objekttyp":"Bostad","insamlingslage":"Takkant","byggnadsnamn1":"None","byggnadsnamn2":"None","byggnadsnamn3":"None","husnummer":1.0,"huvudbyggnad":"Nej","andamal1":"Bostad;Flerfamiljshus","andamal2":"None","andamal3":"None","andamal4":"None","andamal5":"None","FormularId":989828,"fastighetsbeteckning":"LINDHOLMEN 20:1","energy_class":"E","energy_performance":125,"specific_energy":109,"building_category":"Flerbostadshus","construction_year":1997,"epc_detail":{"IdAdr":"Arbetaregatan 25","IdPostnr":41757,"IdPostort":"G\u00f6teborg","IdKommun":"G\u00f6teborg","EgenByggnadsKat":"Flerbostadshus","EgenByggnadsTyp":"Friliggande","EgenNybyggAr":1997,"EgenAtemp":433,"EgenAntalPlan":1,"EgenAntalKallarplan":0,"EgenAntalTrapphus":1,"EgenAntalBolgh":4,"EgenInstEleffektStorre":"Nej","EgenSkyddadEllerVardefull":0,"EgiEnergiklass":"E","EgiEnergiPrestanda":125,"EgiSpecifikEnergianvandning":109,"EgiEnergianvandning":47393,"EgiPrimarenergianvandning":53983,"EgiForstaArManad":1801,"EgiSistaArManad":1812,"EgiBeraknatVarde":"Nej","VentTypFTX":"Nej","VentTypF":"Ja","VentTypFT":"Nej","VentTypSjalvdrag":"Nej","VentTypFmed":"Nej","VentGruppKrav":"Ja","EgiSumma2":44200,"EgiFastighet":5020,"EgiStationEI":"G\u00f6teborg","EgiRefvarde1":85,"EgiRefvarde2Max":148,"EgiVersion":2019,"VentGruppGodkand":"Ja","RadGruppHaltMatt":"Nej","Godkand":"2019-09-16","Version":2.6,"ExpertBehorighet":"Normal","VentGruppUtanAnm":0,"AtgForslagEgiMinskad":1200,"AtgForslagKostnad":"0,20000000000000001"}}},{"type":"Feature","geometry":{"type":"Polygon","coordinates":[[[11.932139970289828,57.708334407326895],[11.932129296173295,57.70837163742913],[11.932059408431298,57.70836588000847],[11.9320701664052,57.70832865194475],[11.932139970289828,57.708334407326895]]]},"properties":{"id":"e885af10-4972-4cb4-9daa-5f80a4758a88","objektidentitet":"e094ec73-0c4f-49eb-900c-a2c6de0cd260","versiongiltigfran":"2016-03-29T13:39:26.375Z","lagesosakerhetplan":0.06,"lagesosakerhethojd":null,"ursprunglig_organisation":"G\u00f6teborg","objektversion":2.0,"objekttypnr":2066.0,"objekttyp":"Komplementbyggnad","insamlingslage":"Takkant","byggnadsnamn1":"None","byggnadsnamn2":"None","byggnadsnamn3":"None","husnummer":12.0,"huvudbyggnad":"Nej","andamal1":"Komplementbyggnad;","andamal2":"None","andamal3":"None","andamal4":"None","andamal5":"None","FormularId":null,"energy_class":null,"energy_performance":null,"specific_energy":null,"building_category":null,"construction_year":null,"epc_detail":{}}},{"type":"Feature","geometry":{"type":"Polygon","coordinates":[[[11.933008089811596,57.707472664453405],[11.933120572670912,57.70746179260253],[11.933131352592278,57.70749374562715],[11.933018852879231,57.707504617080396],[11.933008089811596,57.707472664453405]]]},"properties":{"id":"69c8c42c-f993-4a80-b05b-8ccc11b09766","objektidentitet":"9450fbc6-f001-4d06-a487-6ecbe851d9c1","versiongiltigfran":"2022-02-11T12:37:22.224Z","lagesosakerhetplan":0.1,"lagesosakerhethojd":null,"ursprunglig_organisation":"G\u00f6teborg","objektversion":1.0,"objekttypnr":2066.0,"objekttyp":"Komplementbyggnad","insamlingslage":"Takkant","byggnadsnamn1":"None","byggnadsnamn2":"None","byggnadsnamn3":"None","husnummer":8.0,"huvudbyggnad":"Nej","andamal1":"Komplementbyggnad;","andamal2":"None","andamal3":"None","andamal4":"None","andamal5":"None","FormularId":null,"energy_class":null,"energy_performance":null,"specific_energy":null,"building_category":null,"construction_year":null,"epc_detail":{}}},{"type":"Feature","geometry":{"type":"Polygon","coordinates":[[[11.931943494144063,57.70907028086576],[11.932073470016537,57.70911606304558],[11.931319548737433,57.709729256767524],[11.931189554912585,57.70968347339846],[11.931943494144063,57.70907028086576]]]},"properties":{"id":"81b9eeeb-f95f-47c2-be1d-f75852885396","objektidentitet":"13867e52-b581-44e6-baf5-89b560a3834c","versiongiltigfran":"2022-02-09T13:04:39.609Z","lagesosakerhetplan":0.1,"lagesosakerhethojd":null,"ursprunglig_organisation":"G\u00f6teborg","objektversion":1.0,"objekttypnr":2063.0,"objekttyp":"Samh\u00e4llsfunktion","insamlingslage":"Takkant","byggnadsnamn1":"None","byggnadsnamn2":"None","byggnadsnamn3":"None","husnummer":20.0,"huvudbyggnad":"Nej","andamal1":"Samh\u00e4llsfunktion;Ospecificerad","andamal2":"None","andamal3":"None","andamal4":"None","andamal5":"None","FormularId":null,"energy_class":null,"energy_performance":null,"specific_energy":null,"building_category":null,"construction_year":null,"epc_detail":{}}},{"type":"Feature","geometry":{"type":"Polygon","coordinates":[[[11.933467289383316,57.709000853581884],[11.93339970739454,57.70896306566589],[11.933495497015704,57.708914955956665],[11.933779725327428,57.709076879156655],[11.93380541967413,57.709065341158336],[11.933949016831509,57.7091466485025],[11.933923126751456,57.70915831660618],[11.934082223987291,57.70924875375579],[11.933866634620003,57.70935882679364],[11.93366061630747,57.70946333420902],[11.93351056682422,57.7093773042473],[11.933712192188606,57.7092750993838],[11.9334173969262,57.70910845287541],[11.933544032924992,57.70904428329023],[11.933467289383316,57.709000853581884]]]},"properties":{"id":"7561ff16-f988-4794-87e0-9a8658b356b3","objektidentitet":"cec3c7e4-ef63-478b-99d0-8616aea61337","versiongiltigfran":"2012-01-26T15:30:20.867Z","lagesosakerhetplan":0.06,"lagesosakerhethojd":null,"ursprunglig_organisation":"G\u00f6teborg","objektversion":2.0,"objekttypnr":2064.0,"objekttyp":"Verksamhet","insamlingslage":"Takkant","byggnadsnamn1":"None","byggnadsnamn2":"None","byggnadsnamn3":"None","husnummer":3.0,"huvudbyggnad":"Nej","andamal1":"Verksamhet;","andamal2":"None","andamal3":"None","andamal4":"None","andamal5":"None","FormularId":null,"energy_class":null,"energy_performance":null,"specific_energy":null,"building_category":null,"construction_year":null,"epc_detail":{}}},{"type":"Feature","geometry":{"type":"Polygon","coordinates":[[[11.933712192188606,57.7092750993838],[11.93351056682422,57.7093773042473],[11.933215770171318,57.70921067521157],[11.933142866503784,57.70924768210111],[11.933066040756822,57.70920423218065],[11.933467289383316,57.709000853581884],[11.933544032924992,57.70904428329023],[11.9334173969262,57.70910845287541],[11.933712192188606,57.7092750993838]]]},"properties":{"id":"b5fe3f79-d35d-41a3-966b-503786d24341","objektidentitet":"cec3c7e4-ef63-478b-99d0-8616aea61337","versiongiltigfran":"2012-01-26T15:30:20.867Z","lagesosakerhetplan":0.06,"lagesosakerhethojd":null,"ursprunglig_organisation":"G\u00f6teborg","objektversion":2.0,"objekttypnr":2064.0,"objekttyp":"Verksamhet","insamlingslage":"Takkant","byggnadsnamn1":"None","byggnadsnamn2":"None","byggnadsnamn3":"None","husnummer":3.0,"huvudbyggnad":"Nej","andamal1":"Verksamhet;","andamal2":"None","andamal3":"None","andamal4":"None","andamal5":"None","FormularId":null,"energy_class":null,"energy_performance":null,"specific_energy":null,"building_category":null,"construction_year":null,"epc_detail":{}}},{"type":"Feature","geometry":{"type":"Polygon","coordinates":[[[11.932370173443008,57.709337469003685],[11.932357249890298,57.70933957340001],[11.93221301233574,57.709287091173756],[11.932212715606523,57.709280082325606],[11.932513322016389,57.70903736136149],[11.93252496209825,57.70903573814617],[11.932648972885797,57.70910538203493],[11.932647981388651,57.70911154173839],[11.932370173443008,57.709337469003685]]]},"properties":{"id":"a87027ab-82cd-43cc-afd2-556311b4a9ff","objektidentitet":"51772d65-e836-4f41-b40d-d547b7150990","versiongiltigfran":"2011-03-23T09:08:54.254Z","lagesosakerhetplan":0.06,"lagesosakerhethojd":2.5,"ursprunglig_organisation":"Lantm\u00e4teriet","objektversion":1.0,"objekttypnr":2066.0,"objekttyp":"Komplementbyggnad","insamlingslage":"Takkant","byggnadsnamn1":"None","byggnadsnamn2":"None","byggnadsnamn3":"None","husnummer":13.0,"huvudbyggnad":"Nej","andamal1":"Komplementbyggnad;","andamal2":"None","andamal3":"None","andamal4":"None","andamal5":"None","FormularId":1054787,"fastighetsbeteckning":"LINDHOLMEN 735:491","energy_class":"D","energy_performance":105,"specific_energy":86,"building_category":"Lokalbyggnader","construction_year":1948,"epc_detail":{"IdAdr":"Polstj\u00e4rnegatan 10","IdPostnr":41752,"IdPostort":"G\u00f6teborg","IdKommun":"G\u00f6teborg","EgenByggnadsKat":"Lokalbyggnader","EgenByggnadsTyp":"Friliggande","EgenNybyggAr":1948,"EgenAtemp":1810,"EgenAntalPlan":4,"EgenAntalKallarplan":1,"EgenAntalTrapphus":1,"EgenAntalBolgh":0,"EgenProjVentFlode":"0,34999999999999998","EgenInstEleffektStorre":"Nej","EgenSkyddadEllerVardefull":0,"EgiEnergiklass":"D","EgiEnergiPrestanda":105,"EgiSpecifikEnergianvandning":86,"EgiEnergianvandning":155644,"EgiPrimarenergianvandning":190546,"EgiForstaArManad":1801,"EgiSistaArManad":1812,"EgiBeraknatVarde":"Nej","VentTypFTX":"Ja","VentTypF":"Nej","VentTypFT":"Ja","VentTypSjalvdrag":"Nej","VentTypFmed":"Nej","VentGruppKrav":"Ja","EgiSumma2":144223,"EgiFastighet":36838,"EgiStationEI":"G\u00f6teborg","EgiRefvarde1":80,"EgiRefvarde2Max":188,"EgiVersion":2019,"VentGruppGodkand":"Ja","RadGruppHaltMatt":"Nej","Godkand":"2020-06-15","Version":2.7,"ExpertBehorighet":"Kvalificerad","VentGruppUtanAnm":1,"InspUppvUndAvtalEgipres":"Nej","InspLuftUndAvtalEgipres":"Nej","AtgForslagEgiMinskad":10730,"AtgForslagKostnad":"0,40000000000000002"}}},{"type":"Feature","geometry":{"type":"Polygon","coordinates":[[[11.932414987454777,57.70930102177435],[11.932647981388651,57.70911154173839],[11.932841411053586,57.7092194946516],[11.932573364328709,57.70935568913823],[11.932414987454777,57.70930102177435]]]},"properties":{"id":"f420b1e9-becb-4e9c-9641-0f72aa2f3f27","objektidentitet":"51772d65-e836-4f41-b40d-d547b7150990","versiongiltigfran":"2011-03-23T09:08:54.254Z","lagesosakerhetplan":0.06,"lagesosakerhethojd":null,"ursprunglig_organisation":"Lantm\u00e4teriet","objektversion":1.0,"objekttypnr":2066.0,"objekttyp":"Komplementbyggnad","insamlingslage":"Takkant","byggnadsnamn1":"None","byggnadsnamn2":"None","byggnadsnamn3":"None","husnummer":13.0,"huvudbyggnad":"Nej","andamal1":"Komplementbyggnad;","andamal2":"None","andamal3":"None","andamal4":"None","andamal5":"None","FormularId":1054787,"fastighetsbeteckning":"LINDHOLMEN 735:491","energy_class":"D","energy_performance":105,"specific_energy":86,"building_category":"Lokalbyggnader","construction_year":1948,"epc_detail":{"IdAdr":"Polstj\u00e4rnegatan 10","IdPostnr":41752,"IdPostort":"G\u00f6teborg","IdKommun":"G\u00f6teborg","EgenByggnadsKat":"Lokalbyggnader","EgenByggnadsTyp":"Friliggande","EgenNybyggAr":1948,"EgenAtemp":1810,"EgenAntalPlan":4,"EgenAntalKallarplan":1,"EgenAntalTrapphus":1,"EgenAntalBolgh":0,"EgenProjVentFlode":"0,34999999999999998","EgenInstEleffektStorre":"Nej","EgenSkyddadEllerVardefull":0,"EgiEnergiklass":"D","EgiEnergiPrestanda":105,"EgiSpecifikEnergianvandning":86,"EgiEnergianvandning":155644,"EgiPrimarenergianvandning":190546,"EgiForstaArManad":1801,"EgiSistaArManad":1812,"EgiBeraknatVarde":"Nej","VentTypFTX":"Ja","VentTypF":"Nej","VentTypFT":"Ja","VentTypSjalvdrag":"Nej","VentTypFmed":"Nej","VentGruppKrav":"Ja","EgiSumma2":144223,"EgiFastighet":36838,"EgiStationEI":"G\u00f6teborg","EgiRefvarde1":80,"EgiRefvarde2Max":188,"EgiVersion":2019,"VentGruppGodkand":"Ja","RadGruppHaltMatt":"Nej","Godkand":"2020-06-15","Version":2.7,"ExpertBehorighet":"Kvalificerad","VentGruppUtanAnm":1,"InspUppvUndAvtalEgipres":"Nej","InspLuftUndAvtalEgipres":"Nej","AtgForslagEgiMinskad":10730,"AtgForslagKostnad":"0,40000000000000002"}}},{"type":"Feature","geometry":{"type":"Polygon","coordinates":[[[11.933713633315499,57.710251661977026],[11.933615177929509,57.7103016666612],[11.933555217401516,57.71026784754709],[11.9334771366816,57.710307470504816],[11.933242238722288,57.710174901993284],[11.933443532656266,57.7100727074336],[11.933680135012855,57.710206170741635],[11.933655357279227,57.71021877354946],[11.933713633315499,57.710251661977026]]]},"properties":{"id":"eb9c68b9-d763-4bf1-b27a-01b939e25929","objektidentitet":"4494b053-aceb-414e-8453-f4f7010014ae","versiongiltigfran":"2016-10-10T12:27:30.259Z","lagesosakerhetplan":0.06,"lagesosakerhethojd":null,"ursprunglig_organisation":"G\u00f6teborg","objektversion":2.0,"objekttypnr":2066.0,"objekttyp":"Komplementbyggnad","insamlingslage":"Takkant","byggnadsnamn1":"None","byggnadsnamn2":"None","byggnadsnamn3":"None","husnummer":2.0,"huvudbyggnad":"Nej","andamal1":"Komplementbyggnad;","andamal2":"None","andamal3":"None","andamal4":"None","andamal5":"None","FormularId":692102,"fastighetsbeteckning":"LINDHOLMEN 5:1","energy_class":"D","energy_performance":80,"specific_energy":80,"building_category":"Lokalbyggnader","construction_year":1967,"epc_detail":{"IdAdr":"Polstj\u00e4rnegatan 8","IdPostnr":41756,"IdPostort":"G\u00f6teborg","IdKommun":"G\u00f6teborg","EgenByggnadsKat":"Lokalbyggnader","EgenByggnadsTyp":"Gavel","EgenNybyggAr":1967,"EgenAtemp":1780,"EgenAntalPlan":6,"EgenAntalKallarplan":1,"EgenAntalTrapphus":1,"EgenAntalBolgh":0,"EgenProjVentFlode":"0,20000000000000001","EgenInstEleffektStorre":"Nej","EgiEnergiklass":"D","EgiEnergiPrestanda":80,"EgiSpecifikEnergianvandning":80,"EgiVaravEl":7,"EgiForstaArManad":1401,"EgiSistaArManad":1412,"EgiBeraknatVarde":"Nej","EgiFjarrvarme":113000,"VentTypFTX":"Ja","VentTypF":"Ja","VentTypFT":"Nej","VentTypSjalvdrag":"Nej","VentTypFmed":"Nej","VentGruppKrav":"Ja","EgiSumma1":113000,"EgiSumma2":13000,"EgiSumma3":126000,"EgiSumma4":13000,"EgiVVBered":8000,"EgiFastighet":13000,"EgiKomfortTillagg":0,"EgiStationEI":"G\u00f6teborg","EgiNormKorrEI":141862,"EgiRefvarde1":65,"EgiRefvarde2Min":90,"EgiRefvarde2Max":135,"EgiVersion":2015,"VentGruppGodkand":"Nej","RadGruppHaltMatt":"Nej","Godkand":"2016-02-16","Version":2.4,"ExpertBehorighet":"Kvalificerad"}}},{"type":"Feature","geometry":{"type":"Polygon","coordinates":[[[11.933393269390306,57.70895818191981],[11.93339975994489,57.708963039975735],[11.933082978490017,57.70912631239922],[11.933070542445673,57.70912047430732],[11.933393269390306,57.70895818191981]]]},"properties":{"id":"47048672-f9c7-4607-af20-d8174c17c551","objektidentitet":"cec3c7e4-ef63-478b-99d0-8616aea61337","versiongiltigfran":"2012-01-26T15:30:20.867Z","lagesosakerhetplan":0.06,"lagesosakerhethojd":null,"ursprunglig_organisation":"G\u00f6teborg","objektversion":2.0,"objekttypnr":2064.0,"objekttyp":"Verksamhet","insamlingslage":"Takkant","byggnadsnamn1":"None","byggnadsnamn2":"None","byggnadsnamn3":"None","husnummer":3.0,"huvudbyggnad":"Nej","andamal1":"Verksamhet;","andamal2":"None","andamal3":"None","andamal4":"None","andamal5":"None","FormularId":null,"energy_class":null,"energy_performance":null,"specific_energy":null,"building_category":null,"construction_year":null,"epc_detail":{}}},{"type":"Feature","geometry":{"type":"Polygon","coordinates":[[[11.93228567050405,57.710565931019],[11.932300687419334,57.710524222332346],[11.932324235042987,57.71046049317752],[11.932546233519753,57.71048375319118],[11.932551522763658,57.71046927593951],[11.932610596441165,57.71047547189299],[11.932605221206286,57.71049017176178],[11.932768812068918,57.710507305502446],[11.93273033477731,57.71061252087621],[11.93228567050405,57.710565931019]]]},"properties":{"id":"c9b643f3-8ff6-48b1-ab86-599a4a5d0cee","objektidentitet":"f2ce4091-ca1e-474d-a383-eba74ab2fb25","versiongiltigfran":"2021-02-04T10:40:44.437Z","lagesosakerhetplan":0.05,"lagesosakerhethojd":null,"ursprunglig_organisation":"G\u00f6teborg","objektversion":3.0,"objekttypnr":2064.0,"objekttyp":"Verksamhet","insamlingslage":"Fasad","byggnadsnamn1":"None","byggnadsnamn2":"None","byggnadsnamn3":"None","husnummer":1.0,"huvudbyggnad":"Nej","andamal1":"Verksamhet;","andamal2":"None","andamal3":"None","andamal4":"None","andamal5":"None","FormularId":1536407,"fastighetsbeteckning":"LINDHOLMEN 33:2","energy_class":"C","energy_performance":93,"specific_energy":50,"building_category":"Lokalbyggnader","construction_year":2020,"epc_detail":{"IdAdr":"Polstj\u00e4rnegatan 9A","IdPostnr":41752,"IdPostort":"G\u00f6teborg","IdKommun":"G\u00f6teborg","EgenByggnadsKat":"Lokalbyggnader","EgenByggnadsTyp":"Friliggande","EgenNybyggAr":2020,"EgenAtemp":415,"EgenAntalKallarplan":0,"EgenProjVentFlode":"1","EgenInstEleffektStorre":"Ja","EgenSkyddadEllerVardefull":0,"EgiEnergiklass":"C","EgiEnergiPrestanda":93,"EgiSpecifikEnergianvandning":50,"EgiEnergianvandning":20939,"EgiPrimarenergianvandning":38771,"EgiPrimarenergital2020":93,"EgiBeraknatVarde":"Ja","VentTypFTX":"Ja","VentTypF":"Nej","VentTypFT":"Nej","VentTypSjalvdrag":"Nej","VentTypFmed":"Nej","VentGruppKrav":"Ja","EgiSumma2":20939,"EgiFastighet":12252,"EgiRefvarde1":96,"EgiRefvarde2Max":219,"EgiVersion":2023,"VentGruppGodkand":"Ja","RadGruppHaltMatt":"Nej","Godkand":"2024-10-29","Version":3.0,"ExpertBehorighet":"Kvalificerad","VentGruppUtanAnm":1,"InspUppvUndAvtalEgipres":"Nej","InspLuftUndAvtalEgipres":"Nej"}}},{"type":"Feature","geometry":{"type":"Polygon","coordinates":[[[11.933215770171318,57.70921067521157],[11.93335868921434,57.709291454481374],[11.93328177975009,57.709331348363115],[11.933142866503784,57.70924768210111],[11.933215770171318,57.70921067521157]]]},"properties":{"id":"52061a17-28d3-4ce0-b417-dda6f9caac9e","objektidentitet":"cec3c7e4-ef63-478b-99d0-8616aea61337","versiongiltigfran":"2012-01-26T15:30:20.867Z","lagesosakerhetplan":0.06,"lagesosakerhethojd":2.5,"ursprunglig_organisation":"G\u00f6teborg","objektversion":2.0,"objekttypnr":2064.0,"objekttyp":"Verksamhet","insamlingslage":"Takkant","byggnadsnamn1":"None","byggnadsnamn2":"None","byggnadsnamn3":"None","husnummer":3.0,"huvudbyggnad":"Nej","andamal1":"Verksamhet;","andamal2":"None","andamal3":"None","andamal4":"None","andamal5":"None","FormularId":null,"energy_class":null,"energy_performance":null,"specific_energy":null,"building_category":null,"construction_year":null,"epc_detail":{}}},{"type":"Feature","geometry":{"type":"Polygon","coordinates":[[[11.932699790576041,57.710766661502305],[11.932688378956222,57.71079633283272],[11.932528005850692,57.71077866584264],[11.932539417595258,57.710748994527826],[11.932699790576041,57.710766661502305]]]},"properties":{"id":"d23ef4b0-1dd2-48b9-83d2-12af377a65cc","objektidentitet":"6f908f00-6670-4b1f-b91e-b0251c407ee1","versiongiltigfran":"2021-02-04T10:40:57.359Z","lagesosakerhetplan":0.05,"lagesosakerhethojd":null,"ursprunglig_organisation":"G\u00f6teborg","objektversion":2.0,"objekttypnr":2066.0,"objekttyp":"Komplementbyggnad","insamlingslage":"Fasad","byggnadsnamn1":"None","byggnadsnamn2":"None","byggnadsnamn3":"None","husnummer":2.0,"huvudbyggnad":"Nej","andamal1":"Komplementbyggnad;","andamal2":"None","andamal3":"None","andamal4":"None","andamal5":"None","FormularId":1536407,"fastighetsbeteckning":"LINDHOLMEN 33:2","energy_class":"C","energy_performance":93,"specific_energy":50,"building_category":"Lokalbyggnader","construction_year":2020,"epc_detail":{"IdAdr":"Polstj\u00e4rnegatan 9A","IdPostnr":41752,"IdPostort":"G\u00f6teborg","IdKommun":"G\u00f6teborg","EgenByggnadsKat":"Lokalbyggnader","EgenByggnadsTyp":"Friliggande","EgenNybyggAr":2020,"EgenAtemp":415,"EgenAntalKallarplan":0,"EgenProjVentFlode":"1","EgenInstEleffektStorre":"Ja","EgenSkyddadEllerVardefull":0,"EgiEnergiklass":"C","EgiEnergiPrestanda":93,"EgiSpecifikEnergianvandning":50,"EgiEnergianvandning":20939,"EgiPrimarenergianvandning":38771,"EgiPrimarenergital2020":93,"EgiBeraknatVarde":"Ja","VentTypFTX":"Ja","VentTypF":"Nej","VentTypFT":"Nej","VentTypSjalvdrag":"Nej","VentTypFmed":"Nej","VentGruppKrav":"Ja","EgiSumma2":20939,"EgiFastighet":12252,"EgiRefvarde1":96,"EgiRefvarde2Max":219,"EgiVersion":2023,"VentGruppGodkand":"Ja","RadGruppHaltMatt":"Nej","Godkand":"2024-10-29","Version":3.0,"ExpertBehorighet":"Kvalificerad","VentGruppUtanAnm":1,"InspUppvUndAvtalEgipres":"Nej","InspLuftUndAvtalEgipres":"Nej"}}},{"type":"Feature","geometry":{"type":"Polygon","coordinates":[[[11.932628714129569,57.71084493140067],[11.932604647772354,57.71081479535585],[11.93263625998767,57.71080756250095],[11.932660326366769,57.71083769854001],[11.932628714129569,57.71084493140067]]]},"properties":{"id":"3bf59b43-4c99-4fa7-bf52-6f8bc67790d1","objektidentitet":"68e5cba1-ca89-404e-b642-f2e44e9788ba","versiongiltigfran":"2021-09-21T06:42:03.374Z","lagesosakerhetplan":0.025,"lagesosakerhethojd":null,"ursprunglig_organisation":"Lantm\u00e4teriet","objektversion":4.0,"objekttypnr":2063.0,"objekttyp":"Samh\u00e4llsfunktion","insamlingslage":"Fasad","byggnadsnamn1":"None","byggnadsnamn2":"None","byggnadsnamn3":"None","husnummer":2.0,"huvudbyggnad":"Nej","andamal1":"Samh\u00e4llsfunktion;Ospecificerad","andamal2":"None","andamal3":"None","andamal4":"None","andamal5":"None","FormularId":null,"energy_class":null,"energy_performance":null,"specific_energy":null,"building_category":null,"construction_year":null,"epc_detail":{}}},{"type":"Feature","geometry":{"type":"Polygon","coordinates":[[[11.932314158137428,57.70665413594238],[11.932278573509869,57.70666370808552],[11.93220481100198,57.706585728004534],[11.932285270326698,57.70656454406071],[11.932313368818281,57.706599379862524],[11.932293215702888,57.7066039873472],[11.932326490599777,57.706644521235354],[11.932310401595782,57.70664872394874],[11.932314158137428,57.70665413594238]]]},"properties":{"id":"33349b2c-3260-41cc-bed8-dc3879660d3a","objektidentitet":"75864b31-f468-4a56-b359-0896c5379a3a","versiongiltigfran":"2011-03-23T08:32:56.980Z","lagesosakerhetplan":0.06,"lagesosakerhethojd":2.5,"ursprunglig_organisation":"Lantm\u00e4teriet","objektversion":1.0,"objekttypnr":2061.0,"objekttyp":"Bostad","insamlingslage":"Takkant","byggnadsnamn1":"None","byggnadsnamn2":"None","byggnadsnamn3":"None","husnummer":1.0,"huvudbyggnad":"Nej","andamal1":"Bostad;Flerfamiljshus","andamal2":"None","andamal3":"None","andamal4":"None","andamal5":"None","FormularId":1132218,"fastighetsbeteckning":"LINDHOLMEN 15:3","energy_class":"E","energy_performance":106,"specific_energy":126,"building_category":"Flerbostadshus","construction_year":1994,"epc_detail":{"IdAdr":"Sl\u00e4ggaregatan 6B","IdPostnr":41757,"IdPostort":"G\u00f6teborg","IdKommun":"G\u00f6teborg","EgenByggnadsKat":"Flerbostadshus","EgenByggnadsTyp":"Friliggande","EgenNybyggAr":1994,"EgenAtemp":513,"EgenAntalPlan":3,"EgenAntalKallarplan":1,"EgenAntalTrapphus":2,"EgenAntalBolgh":6,"EgenInstEleffektStorre":"Nej","EgenSkyddadEllerVardefull":4,"EgiEnergiklass":"E","EgiEnergiPrestanda":106,"EgiSpecifikEnergianvandning":126,"EgiEnergianvandning":64433,"EgiPrimarenergianvandning":54342,"EgiPrimarenergital2020":106,"EgiBeraknatVarde":"Ja","VentTypFTX":"Nej","VentTypF":"Ja","VentTypFT":"Nej","VentTypSjalvdrag":"Nej","VentTypFmed":"Nej","VentGruppKrav":"Ja","EgiSumma2":64433,"EgiFastighet":5111,"EgiRefvarde1":75,"EgiRefvarde2Max":148,"EgiVersion":2020,"VentGruppGodkand":"Ja","RadGruppHaltMatt":"Ja","RadHalt":20,"RadTypMatning":"Annan metod","RadMatDatum":"2017-04-25","Godkand":"2020-10-22","Version":2.8,"ExpertBehorighet":"Kvalificerad","VentGruppUtanAnm":1,"InspUppvUndAvtalEgipres":"Nej","InspLuftUndAvtalEgipres":"Nej"}}},{"type":"Feature","geometry":{"type":"Polygon","coordinates":[[[11.932314845868172,57.70665394589569],[11.932376780134353,57.70672150061243],[11.932330812814369,57.70673252871731],[11.932271731600055,57.70666419829205],[11.93227687163238,57.70666258825428],[11.932278383871394,57.70666376640278],[11.932314845868172,57.70665394589569]]]},"properties":{"id":"51a3778e-802c-4c2e-9bfc-cd23075d0be6","objektidentitet":"75864b31-f468-4a56-b359-0896c5379a3a","versiongiltigfran":"2011-03-23T08:32:56.980Z","lagesosakerhetplan":0.06,"lagesosakerhethojd":2.5,"ursprunglig_organisation":"Lantm\u00e4teriet","objektversion":1.0,"objekttypnr":2061.0,"objekttyp":"Bostad","insamlingslage":"Takkant","byggnadsnamn1":"None","byggnadsnamn2":"None","byggnadsnamn3":"None","husnummer":1.0,"huvudbyggnad":"Nej","andamal1":"Bostad;Flerfamiljshus","andamal2":"None","andamal3":"None","andamal4":"None","andamal5":"None","FormularId":1132218,"fastighetsbeteckning":"LINDHOLMEN 15:3","energy_class":"E","energy_performance":106,"specific_energy":126,"building_category":"Flerbostadshus","construction_year":1994,"epc_detail":{"IdAdr":"Sl\u00e4ggaregatan 6B","IdPostnr":41757,"IdPostort":"G\u00f6teborg","IdKommun":"G\u00f6teborg","EgenByggnadsKat":"Flerbostadshus","EgenByggnadsTyp":"Friliggande","EgenNybyggAr":1994,"EgenAtemp":513,"EgenAntalPlan":3,"EgenAntalKallarplan":1,"EgenAntalTrapphus":2,"EgenAntalBolgh":6,"EgenInstEleffektStorre":"Nej","EgenSkyddadEllerVardefull":4,"EgiEnergiklass":"E","EgiEnergiPrestanda":106,"EgiSpecifikEnergianvandning":126,"EgiEnergianvandning":64433,"EgiPrimarenergianvandning":54342,"EgiPrimarenergital2020":106,"EgiBeraknatVarde":"Ja","VentTypFTX":"Nej","VentTypF":"Ja","VentTypFT":"Nej","VentTypSjalvdrag":"Nej","VentTypFmed":"Nej","VentGruppKrav":"Ja","EgiSumma2":64433,"EgiFastighet":5111,"EgiRefvarde1":75,"EgiRefvarde2Max":148,"EgiVersion":2020,"VentGruppGodkand":"Ja","RadGruppHaltMatt":"Ja","RadHalt":20,"RadTypMatning":"Annan metod","RadMatDatum":"2017-04-25","Godkand":"2020-10-22","Version":2.8,"ExpertBehorighet":"Kvalificerad","VentGruppUtanAnm":1,"InspUppvUndAvtalEgipres":"Nej","InspLuftUndAvtalEgipres":"Nej"}}},{"type":"Feature","geometry":{"type":"Polygon","coordinates":[[[11.932332124943407,57.70638728639662],[11.932381898052716,57.70637433727296],[11.932446350243453,57.7064452695942],[11.932396593814744,57.7064582191487],[11.932332124943407,57.70638728639662]]]},"properties":{"id":"c3baaa19-8095-48fa-a578-8863d02e139d","objektidentitet":"5680fa47-9f1f-438a-bf0a-4fea56c90198","versiongiltigfran":"2017-06-21T10:39:29.361Z","lagesosakerhetplan":0.025,"lagesosakerhethojd":2.5,"ursprunglig_organisation":"G\u00f6teborg","objektversion":2.0,"objekttypnr":2066.0,"objekttyp":"Komplementbyggnad","insamlingslage":"Takkant","byggnadsnamn1":"None","byggnadsnamn2":"None","byggnadsnamn3":"None","husnummer":14.0,"huvudbyggnad":"Nej","andamal1":"Komplementbyggnad;","andamal2":"None","andamal3":"None","andamal4":"None","andamal5":"None","FormularId":null,"energy_class":null,"energy_performance":null,"specific_energy":null,"building_category":null,"construction_year":null,"epc_detail":{}}},{"type":"Feature","geometry":{"type":"Polygon","coordinates":[[[11.932310400836649,57.70664873291833],[11.93257792335838,57.70657882201828],[11.932649462739063,57.70665728724556],[11.932381958800189,57.70672717178941],[11.932318022309255,57.70665768104126],[11.932310400836649,57.70664873291833]]]},"properties":{"id":"5b815a2c-fb76-4ec0-a4fe-ee0a91f9241a","objektidentitet":"75864b31-f468-4a56-b359-0896c5379a3a","versiongiltigfran":"2011-03-23T08:32:56.980Z","lagesosakerhetplan":0.06,"lagesosakerhethojd":null,"ursprunglig_organisation":"Lantm\u00e4teriet","objektversion":1.0,"objekttypnr":2061.0,"objekttyp":"Bostad","insamlingslage":"Takkant","byggnadsnamn1":"None","byggnadsnamn2":"None","byggnadsnamn3":"None","husnummer":1.0,"huvudbyggnad":"Nej","andamal1":"Bostad;Flerfamiljshus","andamal2":"None","andamal3":"None","andamal4":"None","andamal5":"None","FormularId":1132218,"fastighetsbeteckning":"LINDHOLMEN 15:3","energy_class":"E","energy_performance":106,"specific_energy":126,"building_category":"Flerbostadshus","construction_year":1994,"epc_detail":{"IdAdr":"Sl\u00e4ggaregatan 6B","IdPostnr":41757,"IdPostort":"G\u00f6teborg","IdKommun":"G\u00f6teborg","EgenByggnadsKat":"Flerbostadshus","EgenByggnadsTyp":"Friliggande","EgenNybyggAr":1994,"EgenAtemp":513,"EgenAntalPlan":3,"EgenAntalKallarplan":1,"EgenAntalTrapphus":2,"EgenAntalBolgh":6,"EgenInstEleffektStorre":"Nej","EgenSkyddadEllerVardefull":4,"EgiEnergiklass":"E","EgiEnergiPrestanda":106,"EgiSpecifikEnergianvandning":126,"EgiEnergianvandning":64433,"EgiPrimarenergianvandning":54342,"EgiPrimarenergital2020":106,"EgiBeraknatVarde":"Ja","VentTypFTX":"Nej","VentTypF":"Ja","VentTypFT":"Nej","VentTypSjalvdrag":"Nej","VentTypFmed":"Nej","VentGruppKrav":"Ja","EgiSumma2":64433,"EgiFastighet":5111,"EgiRefvarde1":75,"EgiRefvarde2Max":148,"EgiVersion":2020,"VentGruppGodkand":"Ja","RadGruppHaltMatt":"Ja","RadHalt":20,"RadTypMatning":"Annan metod","RadMatDatum":"2017-04-25","Godkand":"2020-10-22","Version":2.8,"ExpertBehorighet":"Kvalificerad","VentGruppUtanAnm":1,"InspUppvUndAvtalEgipres":"Nej","InspLuftUndAvtalEgipres":"Nej"}}},{"type":"Feature","geometry":{"type":"Polygon","coordinates":[[[11.932986122069877,57.70610804100248],[11.932432082523798,57.70625256237695],[11.932363171340729,57.70617678523457],[11.932633523447809,57.70610633169782],[11.932916952504723,57.706032132077134],[11.932986122069877,57.70610804100248]]]},"properties":{"id":"5d8069fc-735e-49f1-841f-a8ecf0a80f15","objektidentitet":"eb86acff-5dc9-426a-958c-252fc0752e86","versiongiltigfran":"2015-10-08T08:32:42.214Z","lagesosakerhetplan":0.06,"lagesosakerhethojd":null,"ursprunglig_organisation":"G\u00f6teborg","objektversion":2.0,"objekttypnr":2061.0,"objekttyp":"Bostad","insamlingslage":"Takkant","byggnadsnamn1":"None","byggnadsnamn2":"None","byggnadsnamn3":"None","husnummer":4.0,"huvudbyggnad":"Nej","andamal1":"Bostad;Flerfamiljshus","andamal2":"None","andamal3":"None","andamal4":"None","andamal5":"None","FormularId":1132196,"fastighetsbeteckning":"LINDHOLMEN 12:1","energy_class":"E","energy_performance":120,"specific_energy":138,"building_category":"Flerbostadshus","construction_year":1993,"epc_detail":{"IdAdr":"Arbetaregatan 8","IdPostnr":41757,"IdPostort":"G\u00f6teborg","IdKommun":"G\u00f6teborg","EgenByggnadsKat":"Flerbostadshus","EgenByggnadsTyp":"Friliggande","EgenNybyggAr":1993,"EgenAtemp":803,"EgenAntalPlan":3,"EgenAntalKallarplan":0,"EgenAntalTrapphus":2,"EgenAntalBolgh":8,"EgenProjVentFlode":"0,34999999999999998","EgenInstEleffektStorre":"Nej","EgenSkyddadEllerVardefull":4,"EgiEnergiklass":"E","EgiEnergiPrestanda":120,"EgiSpecifikEnergianvandning":138,"EgiEnergianvandning":111194,"EgiPrimarenergianvandning":96011,"EgiPrimarenergital2020":120,"EgiBeraknatVarde":"Ja","VentTypFTX":"Ja","VentTypF":"Ja","VentTypFT":"Nej","VentTypSjalvdrag":"Nej","VentTypFmed":"Nej","VentGruppKrav":"Ja","EgiSumma2":111194,"EgiFastighet":10847,"EgiRefvarde1":75,"EgiRefvarde2Max":148,"EgiVersion":2020,"VentGruppGodkand":"Ja","RadGruppHaltMatt":"Ja","RadHalt":30,"RadTypMatning":"Annan metod","RadMatDatum":"2010-02-10","Godkand":"2020-10-22","Version":2.8,"ExpertBehorighet":"Kvalificerad","VentGruppUtanAnm":1,"InspUppvUndAvtalEgipres":"Nej","InspLuftUndAvtalEgipres":"Nej"}}},{"type":"Feature","geometry":{"type":"Polygon","coordinates":[[[11.932289467800585,57.707294840192446],[11.932358719887741,57.70717714087817],[11.932499026822148,57.70720077514176],[11.932429704316284,57.707318517759056],[11.932289467800585,57.707294840192446]]]},"properties":{"id":"483486be-be31-4bf7-817c-e8614495e71f","objektidentitet":"508c44a2-3483-4f38-904a-649e8b85033c","versiongiltigfran":"2011-03-23T08:37:06.508Z","lagesosakerhetplan":0.06,"lagesosakerhethojd":null,"ursprunglig_organisation":"Lantm\u00e4teriet","objektversion":1.0,"objekttypnr":2061.0,"objekttyp":"Bostad","insamlingslage":"Takkant","byggnadsnamn1":"None","byggnadsnamn2":"None","byggnadsnamn3":"None","husnummer":1.0,"huvudbyggnad":"Nej","andamal1":"Bostad;Flerfamiljshus","andamal2":"None","andamal3":"None","andamal4":"None","andamal5":"None","FormularId":1099808,"fastighetsbeteckning":"LINDHOLMEN 19:3","energy_class":"G","energy_performance":267,"specific_energy":154,"building_category":"Flerbostadshus","construction_year":1995,"epc_detail":{"IdAdr":"Gjutaregatan 10","IdPostnr":41757,"IdPostort":"G\u00f6teborg","IdKommun":"G\u00f6teborg","EgenByggnadsKat":"Flerbostadshus","EgenByggnadsTyp":"Friliggande","EgenNybyggAr":1995,"EgenAtemp":233,"EgenAntalPlan":2,"EgenAntalKallarplan":1,"EgenAntalTrapphus":2,"EgenAntalBolgh":3,"EgenProjVentFlode":"0,34999999999999998","EgenInstEleffektStorre":"Ja","EgenSkyddadEllerVardefull":4,"EgiEnergiklass":"G","EgiEnergiPrestanda":267,"EgiSpecifikEnergianvandning":154,"EgiEnergianvandning":35868,"EgiPrimarenergianvandning":62255,"EgiBeraknatVarde":"Ja","VentTypFTX":"Nej","VentTypF":"Ja","VentTypFT":"Nej","VentTypSjalvdrag":"Nej","VentTypFmed":"Nej","VentGruppKrav":"Ja","EgiSumma2":35868,"EgiFastighet":2983,"EgiRefvarde1":85,"EgiRefvarde2Max":150,"EgiVersion":2019,"VentGruppGodkand":"Ja","RadGruppHaltMatt":"Ja","RadHalt":30,"RadTypMatning":"Annan metod","RadMatDatum":"2012-04-30","Godkand":"2020-07-03","Version":2.7,"ExpertBehorighet":"Kvalificerad","VentGruppUtanAnm":1,"InspUppvUndAvtalEgipres":"Nej","InspLuftUndAvtalEgipres":"Nej","AtgForslagEgiMinskad":2960,"AtgForslagKostnad":"0,68999999999999995"}}},{"type":"Feature","geometry":{"type":"Polygon","coordinates":[[[11.932337974011702,57.70707447117827],[11.932428892277548,57.70700034975619],[11.932629377580396,57.707070823545735],[11.932538492292897,57.707144954895696],[11.932337974011702,57.70707447117827]]]},"properties":{"id":"732aee6f-81b0-4b55-b174-48c2301dbfdb","objektidentitet":"2013090a-eb95-46ca-bf98-619d983cb0e8","versiongiltigfran":"2017-06-21T10:38:12.779Z","lagesosakerhetplan":0.06,"lagesosakerhethojd":2.5,"ursprunglig_organisation":"G\u00f6teborg","objektversion":2.0,"objekttypnr":2061.0,"objekttyp":"Bostad","insamlingslage":"Takkant","byggnadsnamn1":"None","byggnadsnamn2":"None","byggnadsnamn3":"None","husnummer":7.0,"huvudbyggnad":"Nej","andamal1":"Bostad;Flerfamiljshus","andamal2":"None","andamal3":"None","andamal4":"None","andamal5":"None","FormularId":1099634,"fastighetsbeteckning":"LINDHOLMEN 19:3","energy_class":"G","energy_performance":287,"specific_energy":165,"building_category":"Flerbostadshus","construction_year":1995,"epc_detail":{"IdAdr":"Gjutaregatan 8B","IdPostnr":41757,"IdPostort":"G\u00f6teborg","IdKommun":"G\u00f6teborg","EgenByggnadsKat":"Flerbostadshus","EgenByggnadsTyp":"Friliggande","EgenNybyggAr":1995,"EgenAtemp":400,"EgenAntalPlan":3,"EgenAntalKallarplan":1,"EgenAntalTrapphus":2,"EgenAntalBolgh":7,"EgenInstEleffektStorre":"Ja","EgenSkyddadEllerVardefull":4,"EgiEnergiklass":"G","EgiEnergiPrestanda":287,"EgiSpecifikEnergianvandning":165,"EgiEnergianvandning":66002,"EgiPrimarenergianvandning":114904,"EgiBeraknatVarde":"Ja","VentTypFTX":"Nej","VentTypF":"Ja","VentTypFT":"Nej","VentTypSjalvdrag":"Nej","VentTypFmed":"Nej","VentGruppKrav":"Ja","EgiSumma2":66002,"EgiFastighet":3686,"EgiRefvarde1":85,"EgiRefvarde2Max":148,"EgiVersion":2019,"VentGruppGodkand":"Ja","RadGruppHaltMatt":"Ja","RadHalt":60,"RadTypMatning":"Annan metod","RadMatDatum":"2017-04-25","Godkand":"2020-07-03","Version":2.7,"ExpertBehorighet":"Kvalificerad","VentGruppUtanAnm":1,"InspUppvUndAvtalEgipres":"Nej","InspLuftUndAvtalEgipres":"Nej"}}},{"type":"Feature","geometry":{"type":"Polygon","coordinates":[[[11.93253649077818,57.70717991462993],[11.932511287535643,57.70720073988549],[11.932431062006726,57.70717291808409],[11.932456265274926,57.707152092844716],[11.93253649077818,57.70717991462993]]]},"properties":{"id":"a3b33794-602d-4925-be2d-7271fae9c227","objektidentitet":"ce8e2792-78d2-4fb7-a6da-d6e6bb5312aa","versiongiltigfran":"2017-06-21T10:38:12.779Z","lagesosakerhetplan":0.06,"lagesosakerhethojd":2.5,"ursprunglig_organisation":"G\u00f6teborg","objektversion":2.0,"objekttypnr":2066.0,"objekttyp":"Komplementbyggnad","insamlingslage":"Takkant","byggnadsnamn1":"None","byggnadsnamn2":"None","byggnadsnamn3":"None","husnummer":8.0,"huvudbyggnad":"Nej","andamal1":"Komplementbyggnad;","andamal2":"None","andamal3":"None","andamal4":"None","andamal5":"None","FormularId":null,"energy_class":null,"energy_performance":null,"specific_energy":null,"building_category":null,"construction_year":null,"epc_detail":{}}},{"type":"Feature","geometry":{"type":"Polygon","coordinates":[[[11.932517388195905,57.70695583893077],[11.932496110200935,57.70693226875119],[11.932650442999373,57.70689233827167],[11.9326717378299,57.70691590883247],[11.932517388195905,57.70695583893077]]]},"properties":{"id":"ce448cac-7246-46c0-bb62-49b022413402","objektidentitet":"eb4df732-5b11-4959-a182-6910bb227f1e","versiongiltigfran":"2015-11-11T10:42:36.902Z","lagesosakerhetplan":0.06,"lagesosakerhethojd":null,"ursprunglig_organisation":"G\u00f6teborg","objektversion":3.0,"objekttypnr":2066.0,"objekttyp":"Komplementbyggnad","insamlingslage":"Takkant","byggnadsnamn1":"None","byggnadsnamn2":"None","byggnadsnamn3":"None","husnummer":8.0,"huvudbyggnad":"Nej","andamal1":"Komplementbyggnad;","andamal2":"None","andamal3":"None","andamal4":"None","andamal5":"None","FormularId":null,"energy_class":null,"energy_performance":null,"specific_energy":null,"building_category":null,"construction_year":null,"epc_detail":{}}},{"type":"Feature","geometry":{"type":"Polygon","coordinates":[[[11.932754395299046,57.70695248983822],[11.932992044159219,57.70688738133457],[11.93309292523868,57.70698780528653],[11.932856787692845,57.70705251021652],[11.932777254319074,57.70705222667414],[11.932509080487291,57.70695797436434],[11.932702707335386,57.7069078964436],[11.932754395299046,57.70695248983822]]]},"properties":{"id":"1e4c9d4f-2b84-4ef0-8c98-eeb4b339d81e","objektidentitet":"cc0ca674-3318-4a99-a654-36886024eef3","versiongiltigfran":"2017-01-03T10:47:14.262Z","lagesosakerhetplan":0.1,"lagesosakerhethojd":null,"ursprunglig_organisation":"Kommunsamverkan","objektversion":5.0,"objekttypnr":2063.0,"objekttyp":"Samh\u00e4llsfunktion","insamlingslage":"Takkant","byggnadsnamn1":"Aftonstj\u00e4rnan","byggnadsnamn2":"None","byggnadsnamn3":"None","husnummer":1.0,"huvudbyggnad":"Nej","andamal1":"Samh\u00e4llsfunktion;Kulturbyggnad","andamal2":"None","andamal3":"None","andamal4":"None","andamal5":"None","FormularId":1090534,"fastighetsbeteckning":"LINDHOLMEN 735:345","energy_class":"E","energy_performance":116,"specific_energy":104,"building_category":"Lokalbyggnader","construction_year":1903,"epc_detail":{"IdAdr":"Pl\u00e5tslagaregatan 2","IdPostnr":41757,"IdPostort":"G\u00f6teborg","IdKommun":"G\u00f6teborg","EgenByggnadsKat":"Lokalbyggnader","EgenByggnadsTyp":"Gavel","EgenNybyggAr":1903,"EgenAtemp":1564,"EgenAntalPlan":3,"EgenAntalKallarplan":1,"EgenAntalTrapphus":1,"EgenAntalBolgh":0,"EgenProjVentFlode":"0,34999999999999998","EgenInstEleffektStorre":"Nej","EgenSkyddadEllerVardefull":1,"EgiEnergiklass":"E","EgiEnergiPrestanda":116,"EgiSpecifikEnergianvandning":104,"EgiEnergianvandning":162454,"EgiPrimarenergianvandning":181721,"EgiForstaArManad":1901,"EgiSistaArManad":1912,"EgiBeraknatVarde":"Nej","VentTypFTX":"Nej","VentTypF":"Nej","VentTypFT":"Nej","VentTypSjalvdrag":"Ja","VentTypFmed":"Nej","VentGruppKrav":"Ja","EgiSumma2":142190,"EgiFastighet":3200,"EgiStationEI":"G\u00f6teborg","EgiRefvarde1":80,"EgiRefvarde2Max":183,"EgiVersion":2019,"VentGruppGodkand":"Nej","RadGruppHaltMatt":"Nej","Godkand":"2020-06-05","Version":2.7,"ExpertBehorighet":"Normal","InspUppvUndAvtalEgipres":"Nej","InspLuftUndAvtalEgipres":"Nej","AtgForslagEgiMinskad":1500,"AtgForslagKostnad":"0,87"}}},{"type":"Feature","geometry":{"type":"Polygon","coordinates":[[[11.93271613364393,57.70674804681297],[11.932789853032142,57.70682992632039],[11.932636677517644,57.70686948056517],[11.932562925646407,57.70678759118933],[11.93271613364393,57.70674804681297]]]},"properties":{"id":"2a956296-e9a5-4f05-868e-563dfff61c2d","objektidentitet":"39691895-04e2-44d8-9e9e-2c3e629fd691","versiongiltigfran":"2016-04-11T16:19:24.448Z","lagesosakerhetplan":0.06,"lagesosakerhethojd":null,"ursprunglig_organisation":"G\u00f6teborg","objektversion":3.0,"objekttypnr":2061.0,"objekttyp":"Bostad","insamlingslage":"Takkant","byggnadsnamn1":"None","byggnadsnamn2":"None","byggnadsnamn3":"None","husnummer":6.0,"huvudbyggnad":"Nej","andamal1":"Bostad;Sm\u00e5hus med flera l\u00e4genheter","andamal2":"None","andamal3":"None","andamal4":"None","andamal5":"None","FormularId":1127129,"fastighetsbeteckning":"LINDHOLMEN 16:1","energy_class":"E","energy_performance":133,"specific_energy":163,"building_category":"Flerbostadshus","construction_year":1992,"epc_detail":{"IdAdr":"Sl\u00e4ggaregatan 5","IdPostnr":41757,"IdPostort":"G\u00f6teborg","IdKommun":"G\u00f6teborg","EgenByggnadsKat":"Flerbostadshus","EgenByggnadsTyp":"Friliggande","EgenNybyggAr":1992,"EgenAtemp":504,"EgenAntalPlan":2,"EgenAntalKallarplan":1,"EgenAntalTrapphus":3,"EgenAntalBolgh":5,"EgenInstEleffektStorre":"Nej","EgenSkyddadEllerVardefull":4,"EgiEnergiklass":"E","EgiEnergiPrestanda":133,"EgiSpecifikEnergianvandning":163,"EgiEnergianvandning":82117,"EgiPrimarenergianvandning":67025,"EgiPrimarenergital2020":133,"EgiForstaArManad":1901,"EgiSistaArManad":1912,"EgiBeraknatVarde":"Nej","VentTypFTX":"Nej","VentTypF":"Ja","VentTypFT":"Nej","VentTypSjalvdrag":"Nej","VentTypFmed":"Nej","VentGruppKrav":"Ja","EgiSumma2":73619,"EgiFastighet":4047,"EgiStationEI":"G\u00f6teborg","EgiRefvarde1":75,"EgiRefvarde2Max":148,"EgiVersion":2020,"VentGruppGodkand":"Ja","RadGruppHaltMatt":"Ja","RadHalt":30,"RadTypMatning":"Annan metod","RadMatDatum":"2013-04-30","Godkand":"2020-10-22","Version":2.8,"ExpertBehorighet":"Kvalificerad","VentGruppUtanAnm":1,"InspUppvUndAvtalEgipres":"Nej","InspLuftUndAvtalEgipres":"Nej"}}},{"type":"Feature","geometry":{"type":"Polygon","coordinates":[[[11.932753066828493,57.706895168107984],[11.9326717378299,57.70691590883247],[11.932649473732935,57.706890894665456],[11.932730818685018,57.706870163330706],[11.932753066828493,57.706895168107984]]]},"properties":{"id":"c738dc61-851c-444e-b6d4-a3212997e1f1","objektidentitet":"eb4df732-5b11-4959-a182-6910bb227f1e","versiongiltigfran":"2015-11-11T10:42:36.902Z","lagesosakerhetplan":0.06,"lagesosakerhethojd":null,"ursprunglig_organisation":"G\u00f6teborg","objektversion":3.0,"objekttypnr":2066.0,"objekttyp":"Komplementbyggnad","insamlingslage":"Takkant","byggnadsnamn1":"None","byggnadsnamn2":"None","byggnadsnamn3":"None","husnummer":8.0,"huvudbyggnad":"Nej","andamal1":"Komplementbyggnad;","andamal2":"None","andamal3":"None","andamal4":"None","andamal5":"None","FormularId":null,"energy_class":null,"energy_performance":null,"specific_energy":null,"building_category":null,"construction_year":null,"epc_detail":{}}},{"type":"Feature","geometry":{"type":"Polygon","coordinates":[[[11.932705444523332,57.70643167961606],[11.932800541301324,57.70640696744844],[11.932822519360395,57.70643119270162],[11.932727506316132,57.706455906916695],[11.932705444523332,57.70643167961606]]]},"properties":{"id":"68512d25-52c7-48a7-a008-0372764f2c01","objektidentitet":"6372b047-55d9-4aea-9cb3-ccd53bc6ba54","versiongiltigfran":"2017-06-21T10:39:29.361Z","lagesosakerhetplan":0.025,"lagesosakerhethojd":null,"ursprunglig_organisation":"G\u00f6teborg","objektversion":2.0,"objekttypnr":2066.0,"objekttyp":"Komplementbyggnad","insamlingslage":"Takkant","byggnadsnamn1":"None","byggnadsnamn2":"None","byggnadsnamn3":"None","husnummer":11.0,"huvudbyggnad":"Nej","andamal1":"Komplementbyggnad;","andamal2":"None","andamal3":"None","andamal4":"None","andamal5":"None","FormularId":null,"energy_class":null,"energy_performance":null,"specific_energy":null,"building_category":null,"construction_year":null,"epc_detail":{}}},{"type":"Feature","geometry":{"type":"Polygon","coordinates":[[[11.93277024843435,57.705955565555584],[11.932830530000203,57.70593986007852],[11.932876787299993,57.70599067629064],[11.932816418849855,57.706006415636],[11.93277024843435,57.705955565555584]]]},"properties":{"id":"3bbe1396-b496-48ee-b61f-b665c1a3821c","objektidentitet":"ff794e6d-c271-43c4-b16c-d9d643a5df2e","versiongiltigfran":"2011-03-23T09:00:36.823Z","lagesosakerhetplan":0.025,"lagesosakerhethojd":null,"ursprunglig_organisation":"Lantm\u00e4teriet","objektversion":1.0,"objekttypnr":2066.0,"objekttyp":"Komplementbyggnad","insamlingslage":"Takkant","byggnadsnamn1":"None","byggnadsnamn2":"None","byggnadsnamn3":"None","husnummer":9.0,"huvudbyggnad":"Nej","andamal1":"Komplementbyggnad;","andamal2":"None","andamal3":"None","andamal4":"None","andamal5":"None","FormularId":null,"energy_class":null,"energy_performance":null,"specific_energy":null,"building_category":null,"construction_year":null,"epc_detail":{}}},{"type":"Feature","geometry":{"type":"Polygon","coordinates":[[[11.93286319478435,57.706711490034415],[11.933097248427508,57.70665174091713],[11.933172087253949,57.706735678620085],[11.932938045385804,57.706795482094925],[11.93286319478435,57.706711490034415]]]},"properties":{"id":"3915ebc0-2049-4eb6-a888-41186478fb37","objektidentitet":"feaafa9a-629c-4213-a9fa-83dd909e3b48","versiongiltigfran":"2011-03-23T09:07:21.442Z","lagesosakerhetplan":0.06,"lagesosakerhethojd":null,"ursprunglig_organisation":"Lantm\u00e4teriet","objektversion":1.0,"objekttypnr":2061.0,"objekttyp":"Bostad","insamlingslage":"Takkant","byggnadsnamn1":"None","byggnadsnamn2":"None","byggnadsnamn3":"None","husnummer":2.0,"huvudbyggnad":"Nej","andamal1":"Bostad;Flerfamiljshus","andamal2":"None","andamal3":"None","andamal4":"None","andamal5":"None","FormularId":1127128,"fastighetsbeteckning":"LINDHOLMEN 16:1","energy_class":"F","energy_performance":141,"specific_energy":173,"building_category":"Flerbostadshus","construction_year":1992,"epc_detail":{"IdAdr":"Sl\u00e4ggaregatan 3","IdPostnr":41757,"IdPostort":"G\u00f6teborg","IdKommun":"G\u00f6teborg","EgenByggnadsKat":"Flerbostadshus","EgenByggnadsTyp":"Friliggande","EgenNybyggAr":1992,"EgenAtemp":454,"EgenAntalPlan":3,"EgenAntalKallarplan":1,"EgenAntalTrapphus":2,"EgenAntalBolgh":3,"EgenInstEleffektStorre":"Nej","EgenSkyddadEllerVardefull":4,"EgiEnergiklass":"F","EgiEnergiPrestanda":141,"EgiSpecifikEnergianvandning":173,"EgiEnergianvandning":78743,"EgiPrimarenergianvandning":63961,"EgiPrimarenergital2020":141,"EgiForstaArManad":1901,"EgiSistaArManad":1912,"EgiBeraknatVarde":"Nej","VentTypFTX":"Nej","VentTypF":"Ja","VentTypFT":"Nej","VentTypSjalvdrag":"Nej","VentTypFmed":"Nej","VentGruppKrav":"Ja","EgiSumma2":70453,"EgiFastighet":3521,"EgiStationEI":"G\u00f6teborg","EgiRefvarde1":75,"EgiRefvarde2Max":148,"EgiVersion":2020,"VentGruppGodkand":"Ja","RadGruppHaltMatt":"Ja","RadHalt":40,"RadTypMatning":"Annan metod","RadMatDatum":"2010-02-10","Godkand":"2020-10-22","Version":2.8,"ExpertBehorighet":"Kvalificerad","VentGruppUtanAnm":1,"InspUppvUndAvtalEgipres":"Nej","InspLuftUndAvtalEgipres":"Nej"}}},{"type":"Feature","geometry":{"type":"Polygon","coordinates":[[[11.93301775571188,57.706889316942],[11.933243597250108,57.706829790881336],[11.933316164649211,57.7069086311545],[11.933090322730227,57.706968157340484],[11.93301775571188,57.706889316942]]]},"properties":{"id":"4f8d26f2-d4e8-46e5-86f8-3084abdefd0b","objektidentitet":"9ca094d0-44ff-48d0-ab26-759a1860b6f6","versiongiltigfran":"2011-03-23T08:37:34.080Z","lagesosakerhetplan":0.06,"lagesosakerhethojd":null,"ursprunglig_organisation":"Lantm\u00e4teriet","objektversion":1.0,"objekttypnr":2061.0,"objekttyp":"Bostad","insamlingslage":"Takkant","byggnadsnamn1":"None","byggnadsnamn2":"None","byggnadsnamn3":"None","husnummer":5.0,"huvudbyggnad":"Nej","andamal1":"Bostad;Flerfamiljshus","andamal2":"None","andamal3":"None","andamal4":"None","andamal5":"None","FormularId":1127125,"fastighetsbeteckning":"LINDHOLMEN 16:1","energy_class":"F","energy_performance":159,"specific_energy":196,"building_category":"Flerbostadshus","construction_year":1992,"epc_detail":{"IdAdr":"Gjutaregatan 4B","IdPostnr":41757,"IdPostort":"G\u00f6teborg","IdKommun":"G\u00f6teborg","EgenByggnadsKat":"Flerbostadshus","EgenByggnadsTyp":"Friliggande","EgenNybyggAr":1992,"EgenAtemp":375,"EgenAntalPlan":3,"EgenAntalKallarplan":1,"EgenAntalTrapphus":1,"EgenAntalBolgh":4,"EgenInstEleffektStorre":"Nej","EgenSkyddadEllerVardefull":4,"EgiEnergiklass":"F","EgiEnergiPrestanda":159,"EgiSpecifikEnergianvandning":196,"EgiEnergianvandning":73602,"EgiPrimarenergianvandning":59637,"EgiPrimarenergital2020":159,"EgiForstaArManad":1901,"EgiSistaArManad":1912,"EgiBeraknatVarde":"Nej","VentTypFTX":"Nej","VentTypF":"Ja","VentTypFT":"Nej","VentTypSjalvdrag":"Nej","VentTypFmed":"Nej","VentGruppKrav":"Ja","EgiSumma2":65662,"EgiFastighet":3052,"EgiStationEI":"G\u00f6teborg","EgiRefvarde1":75,"EgiRefvarde2Max":148,"EgiVersion":2020,"VentGruppGodkand":"Ja","RadGruppHaltMatt":"Ja","RadHalt":30,"RadTypMatning":"Annan metod","RadMatDatum":"2013-04-30","Godkand":"2020-10-22","Version":2.8,"ExpertBehorighet":"Kvalificerad","VentGruppUtanAnm":1,"InspUppvUndAvtalEgipres":"Nej","InspLuftUndAvtalEgipres":"Nej"}}},{"type":"Feature","geometry":{"type":"Polygon","coordinates":[[[11.933047544118322,57.707141927837064],[11.933050314513581,57.70711732294237],[11.93335120362623,57.70703788311332],[11.933421651950486,57.707114388993375],[11.93332584890975,57.70713830257024],[11.933336468943669,57.70715051405584],[11.933188803026688,57.70719142490843],[11.933047544118322,57.707141927837064]]]},"properties":{"id":"5fee4266-38cf-4ba5-9086-9f4fb2c85d41","objektidentitet":"82d5bd14-2069-4af6-bb60-f26f75ede170","versiongiltigfran":"2011-03-23T08:35:42.701Z","lagesosakerhetplan":0.025,"lagesosakerhethojd":null,"ursprunglig_organisation":"Lantm\u00e4teriet","objektversion":1.0,"objekttypnr":2061.0,"objekttyp":"Bostad","insamlingslage":"Takkant","byggnadsnamn1":"None","byggnadsnamn2":"None","byggnadsnamn3":"None","husnummer":1.0,"huvudbyggnad":"Nej","andamal1":"Bostad;Flerfamiljshus","andamal2":"None","andamal3":"None","andamal4":"None","andamal5":"None","FormularId":1047571,"fastighetsbeteckning":"LINDHOLMEN 18:1","energy_class":"E","energy_performance":131,"specific_energy":117,"building_category":"Flerbostadshus","construction_year":1999,"epc_detail":{"IdAdr":"Gjutaregatan 3","IdPostnr":41757,"IdPostort":"G\u00f6teborg","IdKommun":"G\u00f6teborg","EgenByggnadsKat":"Flerbostadshus","EgenByggnadsTyp":"Gavel","EgenNybyggAr":1999,"EgenAtemp":1057,"EgenAntalPlan":4,"EgenAntalKallarplan":1,"EgenAntalTrapphus":1,"EgenAntalBolgh":11,"EgenProjVentFlode":"0,34999999999999998","EgenInstEleffektStorre":"Nej","EgenSkyddadEllerVardefull":0,"EgiEnergiklass":"E","EgiEnergiPrestanda":131,"EgiSpecifikEnergianvandning":117,"EgiEnergianvandning":123860,"EgiPrimarenergianvandning":138880,"EgiForstaArManad":1801,"EgiSistaArManad":1812,"EgiBeraknatVarde":"Nej","VentTypFTX":"Nej","VentTypF":"Ja","VentTypFT":"Nej","VentTypSjalvdrag":"Nej","VentTypFmed":"Nej","VentGruppKrav":"Ja","EgiSumma2":115013,"EgiFastighet":8510,"EgiStationEI":"G\u00f6teborg","EgiRefvarde1":85,"EgiRefvarde2Max":149,"EgiVersion":2019,"VentGruppGodkand":"Ja","RadGruppHaltMatt":"Nej","Godkand":"2020-02-20","Version":2.6,"ExpertBehorighet":"Kvalificerad","VentGruppUtanAnm":1,"AtgForslagEgiMinskad":9000,"AtgForslagKostnad":"0,78000000000000003"}}},{"type":"Feature","geometry":{"type":"Polygon","coordinates":[[[11.93337892265184,57.70599101272279],[11.933304417037508,57.70590751462161],[11.93336427015949,57.70589151089199],[11.933438295503827,57.705975725342135],[11.93337892265184,57.70599101272279]]]},"properties":{"id":"8eed135f-64b9-4dc2-be5e-c59e24345168","objektidentitet":"109a01a2-18f7-4af6-aabb-a274fc828d70","versiongiltigfran":"2015-06-30T14:15:59.655Z","lagesosakerhetplan":0.06,"lagesosakerhethojd":null,"ursprunglig_organisation":"Kommunsamverkan","objektversion":2.0,"objekttypnr":2061.0,"objekttyp":"Bostad","insamlingslage":"Takkant","byggnadsnamn1":"None","byggnadsnamn2":"None","byggnadsnamn3":"None","husnummer":1.0,"huvudbyggnad":"Nej","andamal1":"Bostad;Flerfamiljshus","andamal2":"None","andamal3":"None","andamal4":"None","andamal5":"None","FormularId":1403841,"fastighetsbeteckning":"LINDHOLMEN 735:339","energy_class":"E","energy_performance":106,"specific_energy":129,"building_category":"Flerbostadshus","construction_year":1998,"epc_detail":{"IdAdr":"Arbetaregatan 2","IdPostnr":41757,"IdPostort":"G\u00f6teborg","IdKommun":"G\u00f6teborg","EgenByggnadsKat":"Flerbostadshus","EgenByggnadsTyp":"Friliggande","EgenNybyggAr":1998,"EgenAtemp":1604,"EgenAntalPlan":4,"EgenAntalKallarplan":1,"EgenAntalTrapphus":1,"EgenAntalBolgh":16,"EgenInstEleffektStorre":"Nej","EgenSkyddadEllerVardefull":0,"EgiEnergiklass":"E","EgiEnergiPrestanda":106,"EgiSpecifikEnergianvandning":129,"EgiEnergianvandning":207370,"EgiPrimarenergianvandning":169970,"EgiPrimarenergital2020":106,"EgiForstaArManad":2207,"EgiSistaArManad":2306,"EgiBeraknatVarde":"Nej","VentTypFTX":"Nej","VentTypF":"Ja","VentTypFT":"Nej","VentTypSjalvdrag":"Nej","VentTypFmed":"Nej","VentGruppKrav":"Ja","EgiSumma2":192432,"EgiFastighet":11544,"EgiStationEI":"G\u00f6teborg","EgiRefvarde1":75,"EgiRefvarde2Max":124,"EgiVersion":2023,"VentGruppGodkand":"Ja","RadGruppHaltMatt":"Nej","Godkand":"2023-09-08","Version":2.8,"ExpertBehorighet":"Kvalificerad","VentGruppUtanAnm":0,"InspUppvUndAvtalEgipres":"Nej","InspLuftUndAvtalEgipres":"Nej","AtgForslagEgiMinskad":70000,"AtgForslagKostnad":"1,04"}}},{"type":"Feature","geometry":{"type":"Polygon","coordinates":[[[11.933325056099305,57.70681187517594],[11.93360700786513,57.70673752129809],[11.933682049893042,57.70681907279663],[11.933400033643458,57.70689338933298],[11.933325056099305,57.70681187517594]]]},"properties":{"id":"34e48d5d-2ddc-4d84-9b9a-888e13676c63","objektidentitet":"d4573ea9-139a-4e7e-9167-459166782bb6","versiongiltigfran":"2011-03-23T08:50:00.467Z","lagesosakerhetplan":0.06,"lagesosakerhethojd":2.5,"ursprunglig_organisation":"Lantm\u00e4teriet","objektversion":1.0,"objekttypnr":2061.0,"objekttyp":"Bostad","insamlingslage":"Takkant","byggnadsnamn1":"None","byggnadsnamn2":"None","byggnadsnamn3":"None","husnummer":3.0,"huvudbyggnad":"Nej","andamal1":"Bostad;Flerfamiljshus","andamal2":"None","andamal3":"None","andamal4":"None","andamal5":"None","FormularId":1127124,"fastighetsbeteckning":"LINDHOLMEN 16:1","energy_class":"F","energy_performance":163,"specific_energy":198,"building_category":"Flerbostadshus","construction_year":1992,"epc_detail":{"IdAdr":"Gjutaregatan 2B","IdPostnr":41757,"IdPostort":"G\u00f6teborg","IdKommun":"G\u00f6teborg","EgenByggnadsKat":"Flerbostadshus","EgenByggnadsTyp":"Friliggande","EgenNybyggAr":1992,"EgenAtemp":378,"EgenAntalPlan":2,"EgenAntalKallarplan":1,"EgenAntalTrapphus":2,"EgenAntalBolgh":4,"EgenInstEleffektStorre":"Nej","EgenSkyddadEllerVardefull":4,"EgiEnergiklass":"F","EgiEnergiPrestanda":163,"EgiSpecifikEnergianvandning":198,"EgiEnergianvandning":74865,"EgiPrimarenergianvandning":61459,"EgiPrimarenergital2020":163,"EgiForstaArManad":1901,"EgiSistaArManad":1912,"EgiBeraknatVarde":"Nej","VentTypFTX":"Nej","VentTypF":"Ja","VentTypFT":"Nej","VentTypSjalvdrag":"Nej","VentTypFmed":"Nej","VentGruppKrav":"Ja","EgiSumma2":66878,"EgiFastighet":3879,"EgiStationEI":"G\u00f6teborg","EgiRefvarde1":75,"EgiRefvarde2Max":148,"EgiVersion":2020,"VentGruppGodkand":"Ja","RadGruppHaltMatt":"Ja","RadHalt":30,"RadTypMatning":"Annan metod","RadMatDatum":"2010-02-10","Godkand":"2020-10-22","Version":2.8,"ExpertBehorighet":"Kvalificerad","VentGruppUtanAnm":1,"InspUppvUndAvtalEgipres":"Nej","InspLuftUndAvtalEgipres":"Nej"}}},{"type":"Feature","geometry":{"type":"Polygon","coordinates":[[[11.93355023182761,57.70725123824812],[11.933811463475152,57.70718108234228],[11.933700239147507,57.707053830786734],[11.9336857996945,57.70705024511235],[11.933430019606275,57.707118888096275],[11.93334947111844,57.70703394931112],[11.93374567510959,57.70693237175511],[11.933790009890362,57.706939845807696],[11.934031098124708,57.707210026071515],[11.934014757701043,57.70723506607244],[11.933630271080238,57.707336649897776],[11.93355023182761,57.70725123824812]]]},"properties":{"id":"de1f3064-8938-4cfb-8038-f6be0e662c24","objektidentitet":"cce64918-0ffa-4d1b-b062-5f76c06e8980","versiongiltigfran":"2015-10-08T08:32:42.214Z","lagesosakerhetplan":0.06,"lagesosakerhethojd":null,"ursprunglig_organisation":"G\u00f6teborg","objektversion":3.0,"objekttypnr":2061.0,"objekttyp":"Bostad","insamlingslage":"Takkant","byggnadsnamn1":"None","byggnadsnamn2":"None","byggnadsnamn3":"None","husnummer":1.0,"huvudbyggnad":"Nej","andamal1":"Bostad;Flerfamiljshus","andamal2":"None","andamal3":"None","andamal4":"None","andamal5":"None","FormularId":1047571,"fastighetsbeteckning":"LINDHOLMEN 18:1","energy_class":"E","energy_performance":131,"specific_energy":117,"building_category":"Flerbostadshus","construction_year":1999,"epc_detail":{"IdAdr":"Gjutaregatan 3","IdPostnr":41757,"IdPostort":"G\u00f6teborg","IdKommun":"G\u00f6teborg","EgenByggnadsKat":"Flerbostadshus","EgenByggnadsTyp":"Gavel","EgenNybyggAr":1999,"EgenAtemp":1057,"EgenAntalPlan":4,"EgenAntalKallarplan":1,"EgenAntalTrapphus":1,"EgenAntalBolgh":11,"EgenProjVentFlode":"0,34999999999999998","EgenInstEleffektStorre":"Nej","EgenSkyddadEllerVardefull":0,"EgiEnergiklass":"E","EgiEnergiPrestanda":131,"EgiSpecifikEnergianvandning":117,"EgiEnergianvandning":123860,"EgiPrimarenergianvandning":138880,"EgiForstaArManad":1801,"EgiSistaArManad":1812,"EgiBeraknatVarde":"Nej","VentTypFTX":"Nej","VentTypF":"Ja","VentTypFT":"Nej","VentTypSjalvdrag":"Nej","VentTypFmed":"Nej","VentGruppKrav":"Ja","EgiSumma2":115013,"EgiFastighet":8510,"EgiStationEI":"G\u00f6teborg","EgiRefvarde1":85,"EgiRefvarde2Max":149,"EgiVersion":2019,"VentGruppGodkand":"Ja","RadGruppHaltMatt":"Nej","Godkand":"2020-02-20","Version":2.6,"ExpertBehorighet":"Kvalificerad","VentGruppUtanAnm":1,"AtgForslagEgiMinskad":9000,"AtgForslagKostnad":"0,78000000000000003"}}},{"type":"Feature","geometry":{"type":"Polygon","coordinates":[[[11.933624547529313,57.7060542293976],[11.933505215501745,57.7060857787749],[11.933489203105331,57.706068439255375],[11.933608257057344,57.70603680226125],[11.933624547529313,57.7060542293976]]]},"properties":{"id":"5403eeac-abc0-4b5a-932a-2f5ef2ce48bf","objektidentitet":"d017e2f2-a862-4c75-b804-dbfff3034906","versiongiltigfran":"2017-04-07T11:06:50.822Z","lagesosakerhetplan":0.06,"lagesosakerhethojd":null,"ursprunglig_organisation":"Kommunsamverkan","objektversion":2.0,"objekttypnr":2066.0,"objekttyp":"Komplementbyggnad","insamlingslage":"Takkant","byggnadsnamn1":"None","byggnadsnamn2":"None","byggnadsnamn3":"None","husnummer":3.0,"huvudbyggnad":"Nej","andamal1":"Komplementbyggnad;","andamal2":"None","andamal3":"None","andamal4":"None","andamal5":"None","FormularId":926061,"fastighetsbeteckning":"LINDHOLMEN 14:1","energy_class":"E","energy_performance":150,"specific_energy":126,"building_category":"Lokalbyggnader","construction_year":1886,"epc_detail":{"IdAdr":"Arbetaregatan 3","IdPostnr":41757,"IdPostort":"G\u00f6teborg","IdKommun":"G\u00f6teborg","EgenByggnadsKat":"Lokalbyggnader","EgenByggnadsTyp":"Friliggande","EgenNybyggAr":1886,"EgenAtemp":955,"EgenAntalKallarplan":1,"EgenProjVentFlode":"0,75","EgenInstEleffektStorre":"Nej","EgenSkyddadEllerVardefull":0,"EgiEnergiklass":"E","EgiEnergiPrestanda":150,"EgiSpecifikEnergianvandning":126,"EgiEnergianvandning":120300,"EgiPrimarenergianvandning":143575,"EgiForstaArManad":1701,"EgiSistaArManad":1712,"EgiBeraknatVarde":"Nej","VentTypFTX":"Ja","VentTypF":"Ja","VentTypFT":"Nej","VentTypSjalvdrag":"Nej","VentTypFmed":"Nej","VentGruppKrav":"Ja","EgiSumma2":112720,"EgiFastighet":20000,"EgiStationEI":"G\u00f6teborg","EgiRefvarde1":108,"EgiRefvarde2Max":199,"EgiVersion":2019,"VentGruppGodkand":"Ja","RadGruppHaltMatt":"Nej","Godkand":"2019-03-15","Version":2.6,"ExpertBehorighet":"Kvalificerad","VentGruppUtanAnm":1,"AtgForslagEgiMinskad":10000,"AtgForslagKostnad":"0,76000000000000001"}}},{"type":"Feature","geometry":{"type":"Polygon","coordinates":[[[11.933469712586046,57.7066840581799],[11.933538172530815,57.70666656425544],[11.933581708904132,57.70671542674204],[11.933513232129682,57.706732920283045],[11.933469712586046,57.7066840581799]]]},"properties":{"id":"ac85e817-8b38-43c2-af3d-b9bf74c082f4","objektidentitet":"638f2373-b728-416e-b194-696c3b38d7f8","versiongiltigfran":"2011-03-23T09:00:50.340Z","lagesosakerhetplan":0.06,"lagesosakerhethojd":null,"ursprunglig_organisation":"Lantm\u00e4teriet","objektversion":1.0,"objekttypnr":2066.0,"objekttyp":"Komplementbyggnad","insamlingslage":"Takkant","byggnadsnamn1":"None","byggnadsnamn2":"None","byggnadsnamn3":"None","husnummer":9.0,"huvudbyggnad":"Nej","andamal1":"Komplementbyggnad;","andamal2":"None","andamal3":"None","andamal4":"None","andamal5":"None","FormularId":null,"energy_class":null,"energy_performance":null,"specific_energy":null,"building_category":null,"construction_year":null,"epc_detail":{}}},{"type":"Feature","geometry":{"type":"Polygon","coordinates":[[[11.932274098066328,57.707206025532315],[11.932310356189673,57.70714921978588],[11.932383211980552,57.70716233834472],[11.932372596011847,57.70717944573665],[11.932358719887741,57.70717714087817],[11.932339333122824,57.70721018702165],[11.932325137846666,57.70720788340836],[11.932310085081202,57.707211545009265],[11.932274098066328,57.707206025532315]]]},"properties":{"id":"33d13562-3409-4479-87a8-ce17eca6fd84","objektidentitet":"e59e08ba-6f11-4a46-812f-c6675c58a21d","versiongiltigfran":"2011-03-23T08:47:14.726Z","lagesosakerhetplan":0.06,"lagesosakerhethojd":null,"ursprunglig_organisation":"Lantm\u00e4teriet","objektversion":1.0,"objekttypnr":2066.0,"objekttyp":"Komplementbyggnad","insamlingslage":"Takkant","byggnadsnamn1":"None","byggnadsnamn2":"None","byggnadsnamn3":"None","husnummer":4.0,"huvudbyggnad":"Nej","andamal1":"Komplementbyggnad;","andamal2":"None","andamal3":"None","andamal4":"None","andamal5":"None","FormularId":null,"energy_class":null,"energy_performance":null,"specific_energy":null,"building_category":null,"construction_year":null,"epc_detail":{}}},{"type":"Feature","geometry":{"type":"Polygon","coordinates":[[[11.932555667812078,57.706011444997195],[11.9326009111092,57.70599963528771],[11.932647080580098,57.70605049439747],[11.932601924811141,57.70606226130647],[11.932555667812078,57.706011444997195]]]},"properties":{"id":"8875a7ed-cc3c-4a92-9f5d-b3dbb6215936","objektidentitet":"5a7c3432-59d9-4ae5-8be8-c418d35e7e50","versiongiltigfran":"2011-03-23T08:44:50.632Z","lagesosakerhetplan":0.025,"lagesosakerhethojd":null,"ursprunglig_organisation":"Lantm\u00e4teriet","objektversion":1.0,"objekttypnr":2066.0,"objekttyp":"Komplementbyggnad","insamlingslage":"Takkant","byggnadsnamn1":"None","byggnadsnamn2":"None","byggnadsnamn3":"None","husnummer":14.0,"huvudbyggnad":"Nej","andamal1":"Komplementbyggnad;","andamal2":"None","andamal3":"None","andamal4":"None","andamal5":"None","FormularId":null,"energy_class":null,"energy_performance":null,"specific_energy":null,"building_category":null,"construction_year":null,"epc_detail":{}}},{"type":"Feature","geometry":{"type":"Polygon","coordinates":[[[11.932198334561582,57.707115171063755],[11.932224351365186,57.70709425774184],[11.932326062763675,57.707130492171615],[11.932300062748329,57.707151405921],[11.932198334561582,57.707115171063755]]]},"properties":{"id":"f772e7f8-4237-4af7-8d2d-d195bf791a75","objektidentitet":"9914ca04-b7e1-47b3-b7ea-efeeeeb0af4e","versiongiltigfran":"2015-10-08T08:34:18.501Z","lagesosakerhetplan":0.06,"lagesosakerhethojd":null,"ursprunglig_organisation":"G\u00f6teborg","objektversion":2.0,"objekttypnr":2066.0,"objekttyp":"Komplementbyggnad","insamlingslage":"Takkant","byggnadsnamn1":"None","byggnadsnamn2":"None","byggnadsnamn3":"None","husnummer":3.0,"huvudbyggnad":"Nej","andamal1":"Komplementbyggnad;","andamal2":"None","andamal3":"None","andamal4":"None","andamal5":"None","FormularId":null,"energy_class":null,"energy_performance":null,"specific_energy":null,"building_category":null,"construction_year":null,"epc_detail":{}}},{"type":"Feature","geometry":{"type":"Polygon","coordinates":[[[11.932739521881293,57.706273436224606],[11.932813927650514,57.706356123322244],[11.932661206552584,57.7063954908511],[11.932586716514846,57.70631281060471],[11.932739521881293,57.706273436224606]]]},"properties":{"id":"8a6c75aa-037c-4454-a16a-bfd0e355d41c","objektidentitet":"49cb2b50-08de-447a-83ba-fadf64f817dd","versiongiltigfran":"2011-03-23T08:38:20.520Z","lagesosakerhetplan":0.06,"lagesosakerhethojd":2.5,"ursprunglig_organisation":"Lantm\u00e4teriet","objektversion":1.0,"objekttypnr":2061.0,"objekttyp":"Bostad","insamlingslage":"Takkant","byggnadsnamn1":"None","byggnadsnamn2":"None","byggnadsnamn3":"None","husnummer":1.0,"huvudbyggnad":"Nej","andamal1":"Bostad;Flerfamiljshus","andamal2":"None","andamal3":"None","andamal4":"None","andamal5":"None","FormularId":null,"energy_class":null,"energy_performance":null,"specific_energy":null,"building_category":null,"construction_year":null,"epc_detail":{}}},{"type":"Feature","geometry":{"type":"Polygon","coordinates":[[[11.933124009782272,57.70632275479659],[11.933184278095515,57.70630701287156],[11.933230532552159,57.70635787380914],[11.933170251210868,57.70637357050124],[11.933124009782272,57.70632275479659]]]},"properties":{"id":"72129633-4858-4f15-85e1-e6842d599c6c","objektidentitet":"a28c4653-dd3b-4a9c-8166-31f25a9135c6","versiongiltigfran":"2017-06-21T10:39:29.361Z","lagesosakerhetplan":0.025,"lagesosakerhethojd":null,"ursprunglig_organisation":"G\u00f6teborg","objektversion":2.0,"objekttypnr":2066.0,"objekttyp":"Komplementbyggnad","insamlingslage":"Takkant","byggnadsnamn1":"None","byggnadsnamn2":"None","byggnadsnamn3":"None","husnummer":12.0,"huvudbyggnad":"Nej","andamal1":"Komplementbyggnad;","andamal2":"None","andamal3":"None","andamal4":"None","andamal5":"None","FormularId":null,"energy_class":null,"energy_performance":null,"specific_energy":null,"building_category":null,"construction_year":null,"epc_detail":{}}},{"type":"Feature","geometry":{"type":"Polygon","coordinates":[[[11.932866698868636,57.7063394897185],[11.932797250806615,57.706262504407924],[11.93307919289486,57.70618961655861],[11.933148658183041,57.70626660212586],[11.932866698868636,57.7063394897185]]]},"properties":{"id":"64718e55-9471-48e6-b105-591762debd83","objektidentitet":"ed0bb06f-55cc-4fca-b26a-b367331dd9dc","versiongiltigfran":"2017-06-21T10:39:29.361Z","lagesosakerhetplan":0.06,"lagesosakerhethojd":2.5,"ursprunglig_organisation":"G\u00f6teborg","objektversion":2.0,"objekttypnr":2061.0,"objekttyp":"Bostad","insamlingslage":"Takkant","byggnadsnamn1":"None","byggnadsnamn2":"None","byggnadsnamn3":"None","husnummer":7.0,"huvudbyggnad":"Nej","andamal1":"Bostad;Flerfamiljshus","andamal2":"None","andamal3":"None","andamal4":"None","andamal5":"None","FormularId":1132212,"fastighetsbeteckning":"LINDHOLMEN 15:3","energy_class":"D","energy_performance":99,"specific_energy":113,"building_category":"Flerbostadshus","construction_year":1994,"epc_detail":{"IdAdr":"Arbetaregatan 5","IdPostnr":41757,"IdPostort":"G\u00f6teborg","IdKommun":"G\u00f6teborg","EgenByggnadsKat":"Flerbostadshus","EgenByggnadsTyp":"Friliggande","EgenNybyggAr":1994,"EgenAtemp":385,"EgenAntalPlan":3,"EgenAntalKallarplan":0,"EgenAntalTrapphus":1,"EgenAntalBolgh":4,"EgenInstEleffektStorre":"Nej","EgenSkyddadEllerVardefull":4,"EgiEnergiklass":"D","EgiEnergiPrestanda":99,"EgiSpecifikEnergianvandning":113,"EgiEnergianvandning":43501,"EgiPrimarenergianvandning":38130,"EgiPrimarenergital2020":99,"EgiBeraknatVarde":"Ja","VentTypFTX":"Ja","VentTypF":"Ja","VentTypFT":"Nej","VentTypSjalvdrag":"Nej","VentTypFmed":"Nej","VentGruppKrav":"Ja","EgiSumma2":43501,"EgiFastighet":4935,"EgiRefvarde1":75,"EgiRefvarde2Max":148,"EgiVersion":2020,"VentGruppGodkand":"Ja","RadGruppHaltMatt":"Ja","RadHalt":30,"RadTypMatning":"Annan metod","RadMatDatum":"2010-02-10","Godkand":"2020-10-22","Version":2.8,"ExpertBehorighet":"Kvalificerad","VentGruppUtanAnm":1,"InspUppvUndAvtalEgipres":"Nej","InspLuftUndAvtalEgipres":"Nej"}}},{"type":"Feature","geometry":{"type":"Polygon","coordinates":[[[11.932992044159219,57.70688738133457],[11.932754361785223,57.70695248902563],[11.932702673821606,57.706907895631],[11.932952425261176,57.706844815336005],[11.932992044159219,57.70688738133457]]]},"properties":{"id":"421c852c-c709-4a41-b32f-07f4033b898a","objektidentitet":"1b0da758-2ab1-46f2-affc-66d461cceed5","versiongiltigfran":"2015-11-11T10:46:54.388Z","lagesosakerhetplan":0.06,"lagesosakerhethojd":null,"ursprunglig_organisation":"G\u00f6teborg","objektversion":2.0,"objekttypnr":2066.0,"objekttyp":"Komplementbyggnad","insamlingslage":"Takkant","byggnadsnamn1":"None","byggnadsnamn2":"None","byggnadsnamn3":"None","husnummer":2.0,"huvudbyggnad":"Nej","andamal1":"Komplementbyggnad;","andamal2":"None","andamal3":"None","andamal4":"None","andamal5":"None","FormularId":1090534,"fastighetsbeteckning":"LINDHOLMEN 735:345","energy_class":"E","energy_performance":116,"specific_energy":104,"building_category":"Lokalbyggnader","construction_year":1903,"epc_detail":{"IdAdr":"Pl\u00e5tslagaregatan 2","IdPostnr":41757,"IdPostort":"G\u00f6teborg","IdKommun":"G\u00f6teborg","EgenByggnadsKat":"Lokalbyggnader","EgenByggnadsTyp":"Gavel","EgenNybyggAr":1903,"EgenAtemp":1564,"EgenAntalPlan":3,"EgenAntalKallarplan":1,"EgenAntalTrapphus":1,"EgenAntalBolgh":0,"EgenProjVentFlode":"0,34999999999999998","EgenInstEleffektStorre":"Nej","EgenSkyddadEllerVardefull":1,"EgiEnergiklass":"E","EgiEnergiPrestanda":116,"EgiSpecifikEnergianvandning":104,"EgiEnergianvandning":162454,"EgiPrimarenergianvandning":181721,"EgiForstaArManad":1901,"EgiSistaArManad":1912,"EgiBeraknatVarde":"Nej","VentTypFTX":"Nej","VentTypF":"Nej","VentTypFT":"Nej","VentTypSjalvdrag":"Ja","VentTypFmed":"Nej","VentGruppKrav":"Ja","EgiSumma2":142190,"EgiFastighet":3200,"EgiStationEI":"G\u00f6teborg","EgiRefvarde1":80,"EgiRefvarde2Max":183,"EgiVersion":2019,"VentGruppGodkand":"Nej","RadGruppHaltMatt":"Nej","Godkand":"2020-06-05","Version":2.7,"ExpertBehorighet":"Normal","InspUppvUndAvtalEgipres":"Nej","InspLuftUndAvtalEgipres":"Nej","AtgForslagEgiMinskad":1500,"AtgForslagKostnad":"0,87"}}},{"type":"Feature","geometry":{"type":"Polygon","coordinates":[[[11.933450639517885,57.706562176954755],[11.933521794795112,57.70664123454639],[11.933234221676193,57.706715353082636],[11.933163084407239,57.70663628677137],[11.933450639517885,57.706562176954755]]]},"properties":{"id":"7b14fdfd-9d13-435d-946d-f7e566424f76","objektidentitet":"109d5087-2fb4-43a4-9e12-1c673130d223","versiongiltigfran":"2011-03-23T09:02:55.187Z","lagesosakerhetplan":0.06,"lagesosakerhethojd":2.5,"ursprunglig_organisation":"Lantm\u00e4teriet","objektversion":1.0,"objekttypnr":2061.0,"objekttyp":"Bostad","insamlingslage":"Takkant","byggnadsnamn1":"None","byggnadsnamn2":"None","byggnadsnamn3":"None","husnummer":1.0,"huvudbyggnad":"Nej","andamal1":"Bostad;Flerfamiljshus","andamal2":"None","andamal3":"None","andamal4":"None","andamal5":"None","FormularId":1127126,"fastighetsbeteckning":"LINDHOLMEN 16:1","energy_class":"F","energy_performance":148,"specific_energy":182,"building_category":"Flerbostadshus","construction_year":1992,"epc_detail":{"IdAdr":"Sl\u00e4ggaregatan 1B","IdPostnr":41757,"IdPostort":"G\u00f6teborg","IdKommun":"G\u00f6teborg","EgenByggnadsKat":"Flerbostadshus","EgenByggnadsTyp":"Friliggande","EgenNybyggAr":1992,"EgenAtemp":481,"EgenAntalPlan":3,"EgenAntalKallarplan":1,"EgenAntalTrapphus":2,"EgenAntalBolgh":5,"EgenInstEleffektStorre":"Nej","EgenSkyddadEllerVardefull":4,"EgiEnergiklass":"F","EgiEnergiPrestanda":148,"EgiSpecifikEnergianvandning":182,"EgiEnergianvandning":87493,"EgiPrimarenergianvandning":71356,"EgiPrimarenergital2020":148,"EgiForstaArManad":1901,"EgiSistaArManad":1912,"EgiBeraknatVarde":"Nej","VentTypFTX":"Nej","VentTypF":"Ja","VentTypFT":"Nej","VentTypSjalvdrag":"Nej","VentTypFmed":"Nej","VentGruppKrav":"Ja","EgiSumma2":78236,"EgiFastighet":4149,"EgiStationEI":"G\u00f6teborg","EgiRefvarde1":75,"EgiRefvarde2Max":148,"EgiVersion":2020,"VentGruppGodkand":"Ja","RadGruppHaltMatt":"Ja","RadHalt":30,"RadTypMatning":"Annan metod","RadMatDatum":"2013-04-30","Godkand":"2020-10-22","Version":2.8,"ExpertBehorighet":"Kvalificerad","VentGruppUtanAnm":1,"InspUppvUndAvtalEgipres":"Nej","InspLuftUndAvtalEgipres":"Nej","AtgForslagEgiMinskad":1007,"AtgForslagKostnad":"0,22"}}},{"type":"Feature","geometry":{"type":"Polygon","coordinates":[[[11.932888986590317,57.70714922880658],[11.933095587051168,57.707222861073],[11.933053806968251,57.70725643399483],[11.932847307706666,57.707182795127586],[11.932888986590317,57.70714922880658]]]},"properties":{"id":"4536f0a5-b800-4640-b71c-740e44505e2e","objektidentitet":"261c9373-cfcf-46e7-b3b1-21ad5dec4b83","versiongiltigfran":"2011-03-23T08:44:40.534Z","lagesosakerhetplan":0.025,"lagesosakerhethojd":null,"ursprunglig_organisation":"Lantm\u00e4teriet","objektversion":1.0,"objekttypnr":2066.0,"objekttyp":"Komplementbyggnad","insamlingslage":"Takkant","byggnadsnamn1":"None","byggnadsnamn2":"None","byggnadsnamn3":"None","husnummer":2.0,"huvudbyggnad":"Nej","andamal1":"Komplementbyggnad;","andamal2":"None","andamal3":"None","andamal4":"None","andamal5":"None","FormularId":1047571,"fastighetsbeteckning":"LINDHOLMEN 18:1","energy_class":"E","energy_performance":131,"specific_energy":117,"building_category":"Flerbostadshus","construction_year":1999,"epc_detail":{"IdAdr":"Gjutaregatan 3","IdPostnr":41757,"IdPostort":"G\u00f6teborg","IdKommun":"G\u00f6teborg","EgenByggnadsKat":"Flerbostadshus","EgenByggnadsTyp":"Gavel","EgenNybyggAr":1999,"EgenAtemp":1057,"EgenAntalPlan":4,"EgenAntalKallarplan":1,"EgenAntalTrapphus":1,"EgenAntalBolgh":11,"EgenProjVentFlode":"0,34999999999999998","EgenInstEleffektStorre":"Nej","EgenSkyddadEllerVardefull":0,"EgiEnergiklass":"E","EgiEnergiPrestanda":131,"EgiSpecifikEnergianvandning":117,"EgiEnergianvandning":123860,"EgiPrimarenergianvandning":138880,"EgiForstaArManad":1801,"EgiSistaArManad":1812,"EgiBeraknatVarde":"Nej","VentTypFTX":"Nej","VentTypF":"Ja","VentTypFT":"Nej","VentTypSjalvdrag":"Nej","VentTypFmed":"Nej","VentGruppKrav":"Ja","EgiSumma2":115013,"EgiFastighet":8510,"EgiStationEI":"G\u00f6teborg","EgiRefvarde1":85,"EgiRefvarde2Max":149,"EgiVersion":2019,"VentGruppGodkand":"Ja","RadGruppHaltMatt":"Nej","Godkand":"2020-02-20","Version":2.6,"ExpertBehorighet":"Kvalificerad","VentGruppUtanAnm":1,"AtgForslagEgiMinskad":9000,"AtgForslagKostnad":"0,78000000000000003"}}},{"type":"Feature","geometry":{"type":"Polygon","coordinates":[[[11.933388268190813,57.706283636881594],[11.933255984409154,57.70613663103556],[11.933414954930255,57.706095616707316],[11.933424964264026,57.70610670786278],[11.933476309321332,57.7060934279172],[11.933544803910303,57.70616958979551],[11.933573455058443,57.70616217713088],[11.933627332357233,57.70622197700792],[11.933388268190813,57.706283636881594]]]},"properties":{"id":"7a817e2c-e56d-4f0c-bc60-6c5f03b0f5f5","objektidentitet":"922bbf55-5d31-4bb4-ba7b-649ccdb85ce9","versiongiltigfran":"2017-04-07T10:31:37.371Z","lagesosakerhetplan":0.1,"lagesosakerhethojd":null,"ursprunglig_organisation":"G\u00f6teborg","objektversion":3.0,"objekttypnr":2063.0,"objekttyp":"Samh\u00e4llsfunktion","insamlingslage":"Takkant","byggnadsnamn1":"None","byggnadsnamn2":"None","byggnadsnamn3":"None","husnummer":2.0,"huvudbyggnad":"Nej","andamal1":"Samh\u00e4llsfunktion;Skola","andamal2":"None","andamal3":"None","andamal4":"None","andamal5":"None","FormularId":926061,"fastighetsbeteckning":"LINDHOLMEN 14:1","energy_class":"E","energy_performance":150,"specific_energy":126,"building_category":"Lokalbyggnader","construction_year":1886,"epc_detail":{"IdAdr":"Arbetaregatan 3","IdPostnr":41757,"IdPostort":"G\u00f6teborg","IdKommun":"G\u00f6teborg","EgenByggnadsKat":"Lokalbyggnader","EgenByggnadsTyp":"Friliggande","EgenNybyggAr":1886,"EgenAtemp":955,"EgenAntalKallarplan":1,"EgenProjVentFlode":"0,75","EgenInstEleffektStorre":"Nej","EgenSkyddadEllerVardefull":0,"EgiEnergiklass":"E","EgiEnergiPrestanda":150,"EgiSpecifikEnergianvandning":126,"EgiEnergianvandning":120300,"EgiPrimarenergianvandning":143575,"EgiForstaArManad":1701,"EgiSistaArManad":1712,"EgiBeraknatVarde":"Nej","VentTypFTX":"Ja","VentTypF":"Ja","VentTypFT":"Nej","VentTypSjalvdrag":"Nej","VentTypFmed":"Nej","VentGruppKrav":"Ja","EgiSumma2":112720,"EgiFastighet":20000,"EgiStationEI":"G\u00f6teborg","EgiRefvarde1":108,"EgiRefvarde2Max":199,"EgiVersion":2019,"VentGruppGodkand":"Ja","RadGruppHaltMatt":"Nej","Godkand":"2019-03-15","Version":2.6,"ExpertBehorighet":"Kvalificerad","VentGruppUtanAnm":1,"AtgForslagEgiMinskad":10000,"AtgForslagKostnad":"0,76000000000000001"}}},{"type":"Feature","geometry":{"type":"Polygon","coordinates":[[[11.9330579654253,57.706548451172786],[11.932987535572463,57.706471550033704],[11.93326847632372,57.70639781057277],[11.933338923396521,57.706474711966806],[11.9330579654253,57.706548451172786]]]},"properties":{"id":"c1d60cb0-1c62-489b-bed7-5c3a740e6e6d","objektidentitet":"f783a4d7-3540-4c1b-9cbd-e818e3bbb7ac","versiongiltigfran":"2017-06-21T10:39:29.361Z","lagesosakerhetplan":0.06,"lagesosakerhethojd":null,"ursprunglig_organisation":"G\u00f6teborg","objektversion":3.0,"objekttypnr":2061.0,"objekttyp":"Bostad","insamlingslage":"Takkant","byggnadsnamn1":"None","byggnadsnamn2":"None","byggnadsnamn3":"None","husnummer":6.0,"huvudbyggnad":"Nej","andamal1":"Bostad;Flerfamiljshus","andamal2":"None","andamal3":"None","andamal4":"None","andamal5":"None","FormularId":1132216,"fastighetsbeteckning":"LINDHOLMEN 15:3","energy_class":"D","energy_performance":93,"specific_energy":106,"building_category":"Flerbostadshus","construction_year":1994,"epc_detail":{"IdAdr":"Sl\u00e4ggaregatan 2","IdPostnr":41757,"IdPostort":"G\u00f6teborg","IdKommun":"G\u00f6teborg","EgenByggnadsKat":"Flerbostadshus","EgenByggnadsTyp":"Friliggande","EgenNybyggAr":1994,"EgenAtemp":385,"EgenAntalPlan":3,"EgenAntalKallarplan":0,"EgenAntalTrapphus":1,"EgenAntalBolgh":4,"EgenInstEleffektStorre":"Nej","EgenSkyddadEllerVardefull":4,"EgiEnergiklass":"D","EgiEnergiPrestanda":93,"EgiSpecifikEnergianvandning":106,"EgiEnergianvandning":40687,"EgiPrimarenergianvandning":35894,"EgiPrimarenergital2020":93,"EgiBeraknatVarde":"Ja","VentTypFTX":"Ja","VentTypF":"Ja","VentTypFT":"Nej","VentTypSjalvdrag":"Nej","VentTypFmed":"Nej","VentGruppKrav":"Ja","EgiSumma2":40687,"EgiFastighet":4889,"EgiRefvarde1":75,"EgiRefvarde2Max":148,"EgiVersion":2020,"VentGruppGodkand":"Ja","RadGruppHaltMatt":"Ja","RadHalt":30,"RadTypMatning":"Annan metod","RadMatDatum":"2010-02-10","Godkand":"2020-10-22","Version":2.8,"ExpertBehorighet":"Kvalificerad","VentGruppUtanAnm":1,"InspUppvUndAvtalEgipres":"Nej","InspLuftUndAvtalEgipres":"Nej"}}},{"type":"Feature","geometry":{"type":"Polygon","coordinates":[[[11.933590214370343,57.70618081103943],[11.933573455058443,57.70616217713088],[11.933544803910303,57.70616958979551],[11.933476309321332,57.7060934279172],[11.933741042447526,57.70602346500222],[11.93382741520534,57.70611893486242],[11.933590214370343,57.70618081103943]]]},"properties":{"id":"a2205e2d-21f9-4dd6-9a63-ca8bfa31487a","objektidentitet":"782f545f-a560-4d00-9c52-d0982f7d1ff9","versiongiltigfran":"2017-04-10T11:28:09.935Z","lagesosakerhetplan":0.1,"lagesosakerhethojd":null,"ursprunglig_organisation":"G\u00f6teborg","objektversion":2.0,"objekttypnr":2063.0,"objekttyp":"Samh\u00e4llsfunktion","insamlingslage":"Takkant","byggnadsnamn1":"None","byggnadsnamn2":"None","byggnadsnamn3":"None","husnummer":4.0,"huvudbyggnad":"Nej","andamal1":"Samh\u00e4llsfunktion;Ospecificerad","andamal2":"None","andamal3":"None","andamal4":"None","andamal5":"None","FormularId":926061,"fastighetsbeteckning":"LINDHOLMEN 14:1","energy_class":"E","energy_performance":150,"specific_energy":126,"building_category":"Lokalbyggnader","construction_year":1886,"epc_detail":{"IdAdr":"Arbetaregatan 3","IdPostnr":41757,"IdPostort":"G\u00f6teborg","IdKommun":"G\u00f6teborg","EgenByggnadsKat":"Lokalbyggnader","EgenByggnadsTyp":"Friliggande","EgenNybyggAr":1886,"EgenAtemp":955,"EgenAntalKallarplan":1,"EgenProjVentFlode":"0,75","EgenInstEleffektStorre":"Nej","EgenSkyddadEllerVardefull":0,"EgiEnergiklass":"E","EgiEnergiPrestanda":150,"EgiSpecifikEnergianvandning":126,"EgiEnergianvandning":120300,"EgiPrimarenergianvandning":143575,"EgiForstaArManad":1701,"EgiSistaArManad":1712,"EgiBeraknatVarde":"Nej","VentTypFTX":"Ja","VentTypF":"Ja","VentTypFT":"Nej","VentTypSjalvdrag":"Nej","VentTypFmed":"Nej","VentGruppKrav":"Ja","EgiSumma2":112720,"EgiFastighet":20000,"EgiStationEI":"G\u00f6teborg","EgiRefvarde1":108,"EgiRefvarde2Max":199,"EgiVersion":2019,"VentGruppGodkand":"Ja","RadGruppHaltMatt":"Nej","Godkand":"2019-03-15","Version":2.6,"ExpertBehorighet":"Kvalificerad","VentGruppUtanAnm":1,"AtgForslagEgiMinskad":10000,"AtgForslagKostnad":"0,76000000000000001"}}},{"type":"Feature","geometry":{"type":"Polygon","coordinates":[[[11.932710906250394,57.706638778762475],[11.932640405332425,57.70656173189151],[11.932921976574468,57.70648790061262],[11.93299249471462,57.70656494773814],[11.932710906250394,57.706638778762475]]]},"properties":{"id":"4e0c1d45-c4e1-407e-bfef-7b87a9ef5717","objektidentitet":"6258c722-9164-4e22-ab93-fa37612a5e61","versiongiltigfran":"2017-06-21T10:39:29.361Z","lagesosakerhetplan":0.06,"lagesosakerhethojd":null,"ursprunglig_organisation":"G\u00f6teborg","objektversion":3.0,"objekttypnr":2061.0,"objekttyp":"Bostad","insamlingslage":"Takkant","byggnadsnamn1":"None","byggnadsnamn2":"None","byggnadsnamn3":"None","husnummer":5.0,"huvudbyggnad":"Nej","andamal1":"Bostad;Flerfamiljshus","andamal2":"None","andamal3":"None","andamal4":"None","andamal5":"None","FormularId":1132217,"fastighetsbeteckning":"LINDHOLMEN 15:3","energy_class":"D","energy_performance":93,"specific_energy":105,"building_category":"Flerbostadshus","construction_year":1994,"epc_detail":{"IdAdr":"Sl\u00e4ggaregatan 4","IdPostnr":41757,"IdPostort":"G\u00f6teborg","IdKommun":"G\u00f6teborg","EgenByggnadsKat":"Flerbostadshus","EgenByggnadsTyp":"Friliggande","EgenNybyggAr":1994,"EgenAtemp":380,"EgenAntalPlan":3,"EgenAntalKallarplan":0,"EgenAntalTrapphus":1,"EgenAntalBolgh":4,"EgenInstEleffektStorre":"Nej","EgenSkyddadEllerVardefull":4,"EgiEnergiklass":"D","EgiEnergiPrestanda":93,"EgiSpecifikEnergianvandning":105,"EgiEnergianvandning":40079,"EgiPrimarenergianvandning":35372,"EgiPrimarenergital2020":93,"EgiBeraknatVarde":"Ja","VentTypFTX":"Ja","VentTypF":"Ja","VentTypFT":"Nej","VentTypSjalvdrag":"Nej","VentTypFmed":"Nej","VentGruppKrav":"Ja","EgiSumma2":40079,"EgiFastighet":4831,"EgiRefvarde1":75,"EgiRefvarde2Max":148,"EgiVersion":2020,"VentGruppGodkand":"Ja","RadGruppHaltMatt":"Ja","RadHalt":30,"RadTypMatning":"Annan metod","RadMatDatum":"2010-02-10","Godkand":"2020-10-22","Version":2.8,"ExpertBehorighet":"Kvalificerad","VentGruppUtanAnm":1,"InspUppvUndAvtalEgipres":"Nej","InspLuftUndAvtalEgipres":"Nej"}}},{"type":"Feature","geometry":{"type":"Polygon","coordinates":[[[11.934032082690567,57.70882950695824],[11.934171025490466,57.70890885871965],[11.934020427404429,57.708984357274026],[11.933881484655975,57.70890500534843],[11.934032082690567,57.70882950695824]]]},"properties":{"id":"85a32959-8396-4a28-8e7c-fe5278025fa9","objektidentitet":"064dd863-585c-4fc6-a26f-a5cd27751b47","versiongiltigfran":"2011-03-23T08:42:09.455Z","lagesosakerhetplan":0.06,"lagesosakerhethojd":2.5,"ursprunglig_organisation":"Lantm\u00e4teriet","objektversion":1.0,"objekttypnr":2066.0,"objekttyp":"Komplementbyggnad","insamlingslage":"Takkant","byggnadsnamn1":"None","byggnadsnamn2":"None","byggnadsnamn3":"None","husnummer":6.0,"huvudbyggnad":"Nej","andamal1":"Komplementbyggnad;","andamal2":"None","andamal3":"None","andamal4":"None","andamal5":"None","FormularId":null,"energy_class":null,"energy_performance":null,"specific_energy":null,"building_category":null,"construction_year":null,"epc_detail":{}}},{"type":"Feature","geometry":{"type":"Polygon","coordinates":[[[11.934150626656848,57.708841718390204],[11.934207954887315,57.70887447579529],[11.934156222599599,57.708900428762675],[11.934098894376417,57.70886767133437],[11.934150626656848,57.708841718390204]]]},"properties":{"id":"56efb370-32b1-42e7-be97-aef8859a056d","objektidentitet":"064dd863-585c-4fc6-a26f-a5cd27751b47","versiongiltigfran":"2011-03-23T08:42:09.455Z","lagesosakerhetplan":0.06,"lagesosakerhethojd":2.5,"ursprunglig_organisation":"Lantm\u00e4teriet","objektversion":1.0,"objekttypnr":2066.0,"objekttyp":"Komplementbyggnad","insamlingslage":"Takkant","byggnadsnamn1":"None","byggnadsnamn2":"None","byggnadsnamn3":"None","husnummer":6.0,"huvudbyggnad":"Nej","andamal1":"Komplementbyggnad;","andamal2":"None","andamal3":"None","andamal4":"None","andamal5":"None","FormularId":null,"energy_class":null,"energy_performance":null,"specific_energy":null,"building_category":null,"construction_year":null,"epc_detail":{}}},{"type":"Feature","geometry":{"type":"Polygon","coordinates":[[[11.934171025490466,57.70890885871965],[11.934311648810814,57.708989194782404],[11.934161134462155,57.70906469553349],[11.934020427404429,57.708984357274026],[11.934171025490466,57.70890885871965]]]},"properties":{"id":"dab6a265-39d8-4489-9cab-aad11802126a","objektidentitet":"064dd863-585c-4fc6-a26f-a5cd27751b47","versiongiltigfran":"2011-03-23T08:42:09.455Z","lagesosakerhetplan":0.06,"lagesosakerhethojd":null,"ursprunglig_organisation":"Lantm\u00e4teriet","objektversion":1.0,"objekttypnr":2066.0,"objekttyp":"Komplementbyggnad","insamlingslage":"Takkant","byggnadsnamn1":"None","byggnadsnamn2":"None","byggnadsnamn3":"None","husnummer":6.0,"huvudbyggnad":"Nej","andamal1":"Komplementbyggnad;","andamal2":"None","andamal3":"None","andamal4":"None","andamal5":"None","FormularId":null,"energy_class":null,"energy_performance":null,"specific_energy":null,"building_category":null,"construction_year":null,"epc_detail":{}}},{"type":"Feature","geometry":{"type":"Polygon","coordinates":[[[11.93584773454288,57.70923329509832],[11.93565160464705,57.70933234678683],[11.93523205703443,57.709094329114194],[11.935428202744445,57.70899528744701],[11.93584773454288,57.70923329509832]]]},"properties":{"id":"e6d08be6-3b6f-47c0-bb91-d631de65563d","objektidentitet":"b3c58d7f-622e-4d3f-8938-f3546e628a8b","versiongiltigfran":"2021-02-04T10:40:42.258Z","lagesosakerhetplan":0.1,"lagesosakerhethojd":null,"ursprunglig_organisation":"G\u00f6teborg","objektversion":2.0,"objekttypnr":2062.0,"objekttyp":"Industri","insamlingslage":"Takkant","byggnadsnamn1":"None","byggnadsnamn2":"None","byggnadsnamn3":"None","husnummer":14.0,"huvudbyggnad":"Nej","andamal1":"Industri;Ospecificerad","andamal2":"None","andamal3":"None","andamal4":"None","andamal5":"None","FormularId":null,"energy_class":null,"energy_performance":null,"specific_energy":null,"building_category":null,"construction_year":null,"epc_detail":{}}},{"type":"Feature","geometry":{"type":"Polygon","coordinates":[[[11.935954714886666,57.70986953929073],[11.935115540723325,57.70939450948889],[11.935342998143646,57.70927848421147],[11.93618602877299,57.70975398339677],[11.935954714886666,57.70986953929073]]]},"properties":{"id":"b94cf029-4ee6-40d8-90c6-518946daf3bc","objektidentitet":"d93d4f62-daa6-473c-ac54-4b7342381764","versiongiltigfran":"2022-02-11T12:35:55.974Z","lagesosakerhetplan":0.06,"lagesosakerhethojd":null,"ursprunglig_organisation":"G\u00f6teborg","objektversion":3.0,"objekttypnr":2062.0,"objekttyp":"Industri","insamlingslage":"Takkant","byggnadsnamn1":"None","byggnadsnamn2":"None","byggnadsnamn3":"None","husnummer":2.0,"huvudbyggnad":"Nej","andamal1":"Industri;Ospecificerad","andamal2":"None","andamal3":"None","andamal4":"None","andamal5":"None","FormularId":1086399,"fastighetsbeteckning":"LINDHOLMEN 1:22","energy_class":"D","energy_performance":91,"specific_energy":71,"building_category":"Lokalbyggnader","construction_year":1949,"epc_detail":{"IdAdr":"Polstj\u00e4rnegatan 4","IdPostnr":41752,"IdPostort":"G\u00f6teborg","IdKommun":"G\u00f6teborg","EgenByggnadsKat":"Lokalbyggnader","EgenByggnadsTyp":"Friliggande","EgenNybyggAr":1949,"EgenAtemp":7677,"EgenAntalPlan":3,"EgenAntalKallarplan":1,"EgenAntalTrapphus":2,"EgenAntalBolgh":0,"EgenProjVentFlode":"0,31","EgenInstEleffektStorre":"Nej","EgenSkyddadEllerVardefull":0,"EgiEnergiklass":"D","EgiEnergiPrestanda":91,"EgiSpecifikEnergianvandning":71,"EgiEnergianvandning":542610,"EgiPrimarenergianvandning":698796,"EgiForstaArManad":1901,"EgiSistaArManad":1912,"EgiBeraknatVarde":"Nej","VentTypFTX":"Ja","VentTypF":"Nej","VentTypFT":"Nej","VentTypSjalvdrag":"Nej","VentTypFmed":"Nej","VentGruppKrav":"Ja","EgiSumma2":491975,"EgiFastighet":137378,"EgiStationEI":"G\u00f6teborg","EgiRefvarde1":80,"EgiRefvarde2Max":190,"EgiVersion":2019,"VentGruppGodkand":"Nej","RadGruppHaltMatt":"Nej","Godkand":"2020-06-15","Version":2.7,"ExpertBehorighet":"Kvalificerad","InspUppvGruppInspSkyldighet":"Ja","InspUppvUndAvtalEgipres":"Nej","InspLuftUndAvtalEgipres":"Nej","AtgForslagEgiMinskad":40000,"AtgForslagKostnad":"0,71999999999999997"}}},{"type":"Feature","geometry":{"type":"Polygon","coordinates":[[[11.935193478999523,57.70935473831118],[11.935125931027466,57.709389197644335],[11.935096433449363,57.70937263719038],[11.935163981417539,57.709338177872894],[11.935193478999523,57.70935473831118]]]},"properties":{"id":"979e5e26-8d28-4540-897c-0982cfa1d0be","objektidentitet":"d93d4f62-daa6-473c-ac54-4b7342381764","versiongiltigfran":"2022-02-11T12:35:55.974Z","lagesosakerhetplan":0.06,"lagesosakerhethojd":null,"ursprunglig_organisation":"G\u00f6teborg","objektversion":3.0,"objekttypnr":2062.0,"objekttyp":"Industri","insamlingslage":"Takkant","byggnadsnamn1":"None","byggnadsnamn2":"None","byggnadsnamn3":"None","husnummer":2.0,"huvudbyggnad":"Nej","andamal1":"Industri;Ospecificerad","andamal2":"None","andamal3":"None","andamal4":"None","andamal5":"None","FormularId":1086399,"fastighetsbeteckning":"LINDHOLMEN 1:22","energy_class":"D","energy_performance":91,"specific_energy":71,"building_category":"Lokalbyggnader","construction_year":1949,"epc_detail":{"IdAdr":"Polstj\u00e4rnegatan 4","IdPostnr":41752,"IdPostort":"G\u00f6teborg","IdKommun":"G\u00f6teborg","EgenByggnadsKat":"Lokalbyggnader","EgenByggnadsTyp":"Friliggande","EgenNybyggAr":1949,"EgenAtemp":7677,"EgenAntalPlan":3,"EgenAntalKallarplan":1,"EgenAntalTrapphus":2,"EgenAntalBolgh":0,"EgenProjVentFlode":"0,31","EgenInstEleffektStorre":"Nej","EgenSkyddadEllerVardefull":0,"EgiEnergiklass":"D","EgiEnergiPrestanda":91,"EgiSpecifikEnergianvandning":71,"EgiEnergianvandning":542610,"EgiPrimarenergianvandning":698796,"EgiForstaArManad":1901,"EgiSistaArManad":1912,"EgiBeraknatVarde":"Nej","VentTypFTX":"Ja","VentTypF":"Nej","VentTypFT":"Nej","VentTypSjalvdrag":"Nej","VentTypFmed":"Nej","VentGruppKrav":"Ja","EgiSumma2":491975,"EgiFastighet":137378,"EgiStationEI":"G\u00f6teborg","EgiRefvarde1":80,"EgiRefvarde2Max":190,"EgiVersion":2019,"VentGruppGodkand":"Nej","RadGruppHaltMatt":"Nej","Godkand":"2020-06-15","Version":2.7,"ExpertBehorighet":"Kvalificerad","InspUppvGruppInspSkyldighet":"Ja","InspUppvUndAvtalEgipres":"Nej","InspLuftUndAvtalEgipres":"Nej","AtgForslagEgiMinskad":40000,"AtgForslagKostnad":"0,71999999999999997"}}},{"type":"Feature","geometry":{"type":"Polygon","coordinates":[[[11.934543666144263,57.70943829360877],[11.93507544004491,57.70974201134444],[11.934540667460274,57.71000403301324],[11.934473612091816,57.70996455076121],[11.934444682344076,57.70991566512278],[11.93452957692122,57.70987308786737],[11.934130890954842,57.70964534198774],[11.934543666144263,57.70943829360877]]]},"properties":{"id":"9905d12d-0f2c-4e13-bfd6-604a72e49117","objektidentitet":"0f5ac46e-f7c2-4dc1-aa29-456f88107c14","versiongiltigfran":"2011-03-23T09:08:53.805Z","lagesosakerhetplan":0.06,"lagesosakerhethojd":null,"ursprunglig_organisation":"Lantm\u00e4teriet","objektversion":1.0,"objekttypnr":2062.0,"objekttyp":"Industri","insamlingslage":"Takkant","byggnadsnamn1":"None","byggnadsnamn2":"None","byggnadsnamn3":"None","husnummer":1.0,"huvudbyggnad":"Nej","andamal1":"Industri;Ospecificerad","andamal2":"None","andamal3":"None","andamal4":"None","andamal5":"None","FormularId":1069816,"fastighetsbeteckning":"LINDHOLMEN 1:21","energy_class":"C","energy_performance":66,"specific_energy":57,"building_category":"Lokalbyggnader","construction_year":1950,"epc_detail":{"IdAdr":"Polstj\u00e4rnegatan 6","IdPostnr":41752,"IdPostort":"G\u00f6teborg","IdKommun":"G\u00f6teborg","EgenByggnadsKat":"Lokalbyggnader","EgenByggnadsTyp":"Gavel","EgenNybyggAr":1950,"EgenAtemp":11000,"EgenAntalPlan":4,"EgenAntalKallarplan":0,"EgenAntalTrapphus":1,"EgenAntalBolgh":0,"EgenProjVentFlode":"0,34999999999999998","EgenInstEleffektStorre":"Nej","EgenSkyddadEllerVardefull":5,"EgiEnergiklass":"C","EgiEnergiPrestanda":66,"EgiSpecifikEnergianvandning":57,"EgiEnergianvandning":626391,"EgiPrimarenergianvandning":720635,"EgiForstaArManad":1901,"EgiSistaArManad":1912,"EgiBeraknatVarde":"Nej","VentTypFTX":"Ja","VentTypF":"Nej","VentTypFT":"Nej","VentTypSjalvdrag":"Nej","VentTypFmed":"Nej","VentGruppKrav":"Ja","EgiSumma2":555136,"EgiFastighet":55412,"EgiStationEI":"G\u00f6teborg","EgiRefvarde1":80,"EgiRefvarde2Max":196,"EgiVersion":2019,"VentGruppGodkand":"Ja","RadGruppHaltMatt":"Nej","Godkand":"2020-04-24","Version":2.6,"ExpertBehorighet":"Kvalificerad","VentGruppUtanAnm":1}}},{"type":"Feature","geometry":{"type":"Polygon","coordinates":[[[11.936449100294073,57.70950964332646],[11.936798871753869,57.70970830763116],[11.936590000504456,57.70981366741785],[11.936240019695894,57.709614898598005],[11.936449100294073,57.70950964332646]]]},"properties":{"id":"5a51c418-0bbe-459d-8c53-0b8addeaf3f4","objektidentitet":"282c3a7b-1bbc-4a6d-9bab-984777f0d089","versiongiltigfran":"2023-06-09T13:19:18.090Z","lagesosakerhetplan":0.05,"lagesosakerhethojd":null,"ursprunglig_organisation":"G\u00f6teborg","objektversion":4.0,"objekttypnr":2061.0,"objekttyp":"Bostad","insamlingslage":"Fasad","byggnadsnamn1":"None","byggnadsnamn2":"None","byggnadsnamn3":"None","husnummer":1.0,"huvudbyggnad":"Nej","andamal1":"Bostad;Flerfamiljshus","andamal2":"Verksamhet;","andamal3":"None","andamal4":"None","andamal5":"None","FormularId":1367641,"fastighetsbeteckning":"LINDHOLMEN 1:44","energy_class":"B","energy_performance":50,"specific_energy":54,"building_category":"Flerbostadshus","construction_year":2023,"epc_detail":{"IdAdr":"Liberagatan 32","IdPostnr":41752,"IdPostort":"G\u00f6teborg","IdKommun":"G\u00f6teborg","EgenByggnadsKat":"Flerbostadshus","EgenByggnadsTyp":"Gavel","EgenNybyggAr":2023,"EgenAtemp":3450,"EgenAntalPlan":9,"EgenAntalKallarplan":0,"EgenAntalTrapphus":1,"EgenAntalBolgh":56,"EgenProjVentFlode":"0,55000000000000004","EgenInstEleffektStorre":"Nej","EgenSkyddadEllerVardefull":0,"EgiEnergiklass":"B","EgiEnergiPrestanda":50,"EgiSpecifikEnergianvandning":54,"EgiEnergianvandning":186500,"EgiPrimarenergianvandning":171893,"EgiPrimarenergital2020":50,"EgiBeraknatVarde":"Ja","VentTypFTX":"Ja","VentTypF":"Nej","VentTypFT":"Nej","VentTypSjalvdrag":"Nej","VentTypFmed":"Nej","VentGruppKrav":"Ja","EgiSumma2":186500,"EgiFastighet":34000,"EgiRefvarde1":75,"EgiRefvarde2Max":78,"EgiVersion":2022,"VentGruppGodkand":"Ja","RadGruppHaltMatt":"Nej","Godkand":"2023-04-05","Version":2.8,"ExpertBehorighet":"Normal","VentGruppUtanAnm":1,"InspUppvGruppInspSkyldighet":"Nej","InspUppvUndAvtalEgipres":"Nej","InspLuftUndAvtalEgipres":"Nej"}}},{"type":"Feature","geometry":{"type":"Polygon","coordinates":[[[11.934544530984878,57.710004018773986],[11.934504483261248,57.71002145578322],[11.933974828646404,57.70972028566997],[11.934130890954842,57.70964534198774],[11.93452957692122,57.70987308786737],[11.934444682344076,57.70991566512278],[11.934473612091816,57.70996455076121],[11.934540667460274,57.71000403301324],[11.934544530984878,57.710004018773986]]]},"properties":{"id":"7599fab6-cfd0-4d7a-8d2e-fa23dfa3cde7","objektidentitet":"0f5ac46e-f7c2-4dc1-aa29-456f88107c14","versiongiltigfran":"2011-03-23T09:08:53.805Z","lagesosakerhetplan":0.06,"lagesosakerhethojd":2.5,"ursprunglig_organisation":"Lantm\u00e4teriet","objektversion":1.0,"objekttypnr":2062.0,"objekttyp":"Industri","insamlingslage":"Takkant","byggnadsnamn1":"None","byggnadsnamn2":"None","byggnadsnamn3":"None","husnummer":1.0,"huvudbyggnad":"Nej","andamal1":"Industri;Ospecificerad","andamal2":"None","andamal3":"None","andamal4":"None","andamal5":"None","FormularId":1069816,"fastighetsbeteckning":"LINDHOLMEN 1:21","energy_class":"C","energy_performance":66,"specific_energy":57,"building_category":"Lokalbyggnader","construction_year":1950,"epc_detail":{"IdAdr":"Polstj\u00e4rnegatan 6","IdPostnr":41752,"IdPostort":"G\u00f6teborg","IdKommun":"G\u00f6teborg","EgenByggnadsKat":"Lokalbyggnader","EgenByggnadsTyp":"Gavel","EgenNybyggAr":1950,"EgenAtemp":11000,"EgenAntalPlan":4,"EgenAntalKallarplan":0,"EgenAntalTrapphus":1,"EgenAntalBolgh":0,"EgenProjVentFlode":"0,34999999999999998","EgenInstEleffektStorre":"Nej","EgenSkyddadEllerVardefull":5,"EgiEnergiklass":"C","EgiEnergiPrestanda":66,"EgiSpecifikEnergianvandning":57,"EgiEnergianvandning":626391,"EgiPrimarenergianvandning":720635,"EgiForstaArManad":1901,"EgiSistaArManad":1912,"EgiBeraknatVarde":"Nej","VentTypFTX":"Ja","VentTypF":"Nej","VentTypFT":"Nej","VentTypSjalvdrag":"Nej","VentTypFmed":"Nej","VentGruppKrav":"Ja","EgiSumma2":555136,"EgiFastighet":55412,"EgiStationEI":"G\u00f6teborg","EgiRefvarde1":80,"EgiRefvarde2Max":196,"EgiVersion":2019,"VentGruppGodkand":"Ja","RadGruppHaltMatt":"Nej","Godkand":"2020-04-24","Version":2.6,"ExpertBehorighet":"Kvalificerad","VentGruppUtanAnm":1}}},{"type":"Feature","geometry":{"type":"Polygon","coordinates":[[[11.934544530984878,57.710004018773986],[11.935075442320532,57.709741984435595],[11.935631840325192,57.71005705486894],[11.935103234901067,57.71031723296519],[11.935026762417419,57.710290600407546],[11.934983545988471,57.71026985172474],[11.934887637787194,57.71022999424553],[11.934772588583593,57.710174222568675],[11.934663053484691,57.71011262534983],[11.934502500310156,57.710023259260254],[11.934544530984878,57.710004018773986]]]},"properties":{"id":"89440cee-2867-43e3-84f7-fad078b2ebbf","objektidentitet":"0f5ac46e-f7c2-4dc1-aa29-456f88107c14","versiongiltigfran":"2011-03-23T09:08:53.805Z","lagesosakerhetplan":0.06,"lagesosakerhethojd":null,"ursprunglig_organisation":"Lantm\u00e4teriet","objektversion":1.0,"objekttypnr":2062.0,"objekttyp":"Industri","insamlingslage":"Takkant","byggnadsnamn1":"None","byggnadsnamn2":"None","byggnadsnamn3":"None","husnummer":1.0,"huvudbyggnad":"Nej","andamal1":"Industri;Ospecificerad","andamal2":"None","andamal3":"None","andamal4":"None","andamal5":"None","FormularId":1069816,"fastighetsbeteckning":"LINDHOLMEN 1:21","energy_class":"C","energy_performance":66,"specific_energy":57,"building_category":"Lokalbyggnader","construction_year":1950,"epc_detail":{"IdAdr":"Polstj\u00e4rnegatan 6","IdPostnr":41752,"IdPostort":"G\u00f6teborg","IdKommun":"G\u00f6teborg","EgenByggnadsKat":"Lokalbyggnader","EgenByggnadsTyp":"Gavel","EgenNybyggAr":1950,"EgenAtemp":11000,"EgenAntalPlan":4,"EgenAntalKallarplan":0,"EgenAntalTrapphus":1,"EgenAntalBolgh":0,"EgenProjVentFlode":"0,34999999999999998","EgenInstEleffektStorre":"Nej","EgenSkyddadEllerVardefull":5,"EgiEnergiklass":"C","EgiEnergiPrestanda":66,"EgiSpecifikEnergianvandning":57,"EgiEnergianvandning":626391,"EgiPrimarenergianvandning":720635,"EgiForstaArManad":1901,"EgiSistaArManad":1912,"EgiBeraknatVarde":"Nej","VentTypFTX":"Ja","VentTypF":"Nej","VentTypFT":"Nej","VentTypSjalvdrag":"Nej","VentTypFmed":"Nej","VentGruppKrav":"Ja","EgiSumma2":555136,"EgiFastighet":55412,"EgiStationEI":"G\u00f6teborg","EgiRefvarde1":80,"EgiRefvarde2Max":196,"EgiVersion":2019,"VentGruppGodkand":"Ja","RadGruppHaltMatt":"Nej","Godkand":"2020-04-24","Version":2.6,"ExpertBehorighet":"Kvalificerad","VentGruppUtanAnm":1}}},{"type":"Feature","geometry":{"type":"Polygon","coordinates":[[[11.933974828646404,57.70972028566997],[11.934504483261248,57.71002145578322],[11.934346091252344,57.710102689004025],[11.93381977707485,57.70979935219067],[11.933974828646404,57.70972028566997]]]},"properties":{"id":"81dc8205-7b7f-455e-a764-9be31e193948","objektidentitet":"95c81fc2-c8ec-44f4-afd6-91c3e283a73b","versiongiltigfran":"2021-09-21T08:04:05.211Z","lagesosakerhetplan":0.06,"lagesosakerhethojd":2.5,"ursprunglig_organisation":"Lantm\u00e4teriet","objektversion":2.0,"objekttypnr":2063.0,"objekttyp":"Samh\u00e4llsfunktion","insamlingslage":"Takkant","byggnadsnamn1":"None","byggnadsnamn2":"None","byggnadsnamn3":"None","husnummer":8.0,"huvudbyggnad":"Nej","andamal1":"Samh\u00e4llsfunktion;Ospecificerad","andamal2":"None","andamal3":"None","andamal4":"None","andamal5":"None","FormularId":null,"energy_class":null,"energy_performance":null,"specific_energy":null,"building_category":null,"construction_year":null,"epc_detail":{}}},{"type":"Feature","geometry":{"type":"Polygon","coordinates":[[[11.93344353341522,57.71007269846401],[11.933094239997242,57.71025015695772],[11.932885919162372,57.7101323611778],[11.93286416031022,57.71012020318636],[11.93367073595153,57.709713490695385],[11.93435787383373,57.71010950879409],[11.933879895869905,57.710349157778744],[11.933713633315499,57.710251661977026],[11.933655357279227,57.71021877354946],[11.933680118254424,57.71020617033547],[11.93344353341522,57.71007269846401]]]},"properties":{"id":"f35d7343-e0c6-4948-95a8-c6f392db8391","objektidentitet":"a1ff34cb-c50f-41f9-8d01-4413e23b57a1","versiongiltigfran":"2012-01-03T09:52:49.467Z","lagesosakerhetplan":0.06,"lagesosakerhethojd":null,"ursprunglig_organisation":"Kommunsamverkan","objektversion":2.0,"objekttypnr":2062.0,"objekttyp":"Industri","insamlingslage":"Takkant","byggnadsnamn1":"None","byggnadsnamn2":"None","byggnadsnamn3":"None","husnummer":1.0,"huvudbyggnad":"Nej","andamal1":"Industri;Ospecificerad","andamal2":"None","andamal3":"None","andamal4":"None","andamal5":"None","FormularId":1069815,"fastighetsbeteckning":"LINDHOLMEN 5:1","energy_class":"C","energy_performance":65,"specific_energy":57,"building_category":"Lokalbyggnader","construction_year":1950,"epc_detail":{"IdAdr":"Polstj\u00e4rnegatan 8","IdPostnr":41752,"IdPostort":"G\u00f6teborg","IdKommun":"G\u00f6teborg","EgenByggnadsKat":"Lokalbyggnader","EgenByggnadsTyp":"Gavel","EgenNybyggAr":1950,"EgenAtemp":5424,"EgenAntalPlan":1,"EgenAntalKallarplan":1,"EgenAntalTrapphus":1,"EgenAntalBolgh":0,"EgenProjVentFlode":"0,34999999999999998","EgenInstEleffektStorre":"Nej","EgenSkyddadEllerVardefull":5,"EgiEnergiklass":"C","EgiEnergiPrestanda":65,"EgiSpecifikEnergianvandning":57,"EgiEnergianvandning":308166,"EgiPrimarenergianvandning":354559,"EgiForstaArManad":1901,"EgiSistaArManad":1912,"EgiBeraknatVarde":"Nej","VentTypFTX":"Ja","VentTypF":"Nej","VentTypFT":"Nej","VentTypSjalvdrag":"Nej","VentTypFmed":"Nej","VentGruppKrav":"Ja","EgiSumma2":273122,"EgiFastighet":27323,"EgiStationEI":"G\u00f6teborg","EgiRefvarde1":80,"EgiRefvarde2Max":197,"EgiVersion":2019,"VentGruppGodkand":"Ja","RadGruppHaltMatt":"Nej","Godkand":"2020-04-24","Version":2.6,"ExpertBehorighet":"Kvalificerad","VentGruppUtanAnm":1}}},{"type":"Feature","geometry":{"type":"Polygon","coordinates":[[[11.935631853291524,57.71005710012295],[11.935771052462654,57.71013609668567],[11.93528494459251,57.71038144106835],[11.935103895661658,57.71031815675989],[11.935631853291524,57.71005710012295]]]},"properties":{"id":"a879b691-946b-42a0-a4ac-431a30f6203c","objektidentitet":"0f5ac46e-f7c2-4dc1-aa29-456f88107c14","versiongiltigfran":"2011-03-23T09:08:53.805Z","lagesosakerhetplan":0.06,"lagesosakerhethojd":null,"ursprunglig_organisation":"Lantm\u00e4teriet","objektversion":1.0,"objekttypnr":2062.0,"objekttyp":"Industri","insamlingslage":"Takkant","byggnadsnamn1":"None","byggnadsnamn2":"None","byggnadsnamn3":"None","husnummer":1.0,"huvudbyggnad":"Nej","andamal1":"Industri;Ospecificerad","andamal2":"None","andamal3":"None","andamal4":"None","andamal5":"None","FormularId":1069816,"fastighetsbeteckning":"LINDHOLMEN 1:21","energy_class":"C","energy_performance":66,"specific_energy":57,"building_category":"Lokalbyggnader","construction_year":1950,"epc_detail":{"IdAdr":"Polstj\u00e4rnegatan 6","IdPostnr":41752,"IdPostort":"G\u00f6teborg","IdKommun":"G\u00f6teborg","EgenByggnadsKat":"Lokalbyggnader","EgenByggnadsTyp":"Gavel","EgenNybyggAr":1950,"EgenAtemp":11000,"EgenAntalPlan":4,"EgenAntalKallarplan":0,"EgenAntalTrapphus":1,"EgenAntalBolgh":0,"EgenProjVentFlode":"0,34999999999999998","EgenInstEleffektStorre":"Nej","EgenSkyddadEllerVardefull":5,"EgiEnergiklass":"C","EgiEnergiPrestanda":66,"EgiSpecifikEnergianvandning":57,"EgiEnergianvandning":626391,"EgiPrimarenergianvandning":720635,"EgiForstaArManad":1901,"EgiSistaArManad":1912,"EgiBeraknatVarde":"Nej","VentTypFTX":"Ja","VentTypF":"Nej","VentTypFT":"Nej","VentTypSjalvdrag":"Nej","VentTypFmed":"Nej","VentGruppKrav":"Ja","EgiSumma2":555136,"EgiFastighet":55412,"EgiStationEI":"G\u00f6teborg","EgiRefvarde1":80,"EgiRefvarde2Max":196,"EgiVersion":2019,"VentGruppGodkand":"Ja","RadGruppHaltMatt":"Nej","Godkand":"2020-04-24","Version":2.6,"ExpertBehorighet":"Kvalificerad","VentGruppUtanAnm":1}}},{"type":"Feature","geometry":{"type":"Polygon","coordinates":[[[11.935370623855551,57.71033872047404],[11.935731303894231,57.71015794543638],[11.93575175864146,57.71016945116184],[11.935392050868614,57.71035104075294],[11.935370623855551,57.71033872047404]]]},"properties":{"id":"ebcabc29-5099-416f-bef7-83d0224752d2","objektidentitet":"0f5ac46e-f7c2-4dc1-aa29-456f88107c14","versiongiltigfran":"2011-03-23T09:08:53.805Z","lagesosakerhetplan":0.06,"lagesosakerhethojd":null,"ursprunglig_organisation":"Lantm\u00e4teriet","objektversion":1.0,"objekttypnr":2062.0,"objekttyp":"Industri","insamlingslage":"Takkant","byggnadsnamn1":"None","byggnadsnamn2":"None","byggnadsnamn3":"None","husnummer":1.0,"huvudbyggnad":"Nej","andamal1":"Industri;Ospecificerad","andamal2":"None","andamal3":"None","andamal4":"None","andamal5":"None","FormularId":1069816,"fastighetsbeteckning":"LINDHOLMEN 1:21","energy_class":"C","energy_performance":66,"specific_energy":57,"building_category":"Lokalbyggnader","construction_year":1950,"epc_detail":{"IdAdr":"Polstj\u00e4rnegatan 6","IdPostnr":41752,"IdPostort":"G\u00f6teborg","IdKommun":"G\u00f6teborg","EgenByggnadsKat":"Lokalbyggnader","EgenByggnadsTyp":"Gavel","EgenNybyggAr":1950,"EgenAtemp":11000,"EgenAntalPlan":4,"EgenAntalKallarplan":0,"EgenAntalTrapphus":1,"EgenAntalBolgh":0,"EgenProjVentFlode":"0,34999999999999998","EgenInstEleffektStorre":"Nej","EgenSkyddadEllerVardefull":5,"EgiEnergiklass":"C","EgiEnergiPrestanda":66,"EgiSpecifikEnergianvandning":57,"EgiEnergianvandning":626391,"EgiPrimarenergianvandning":720635,"EgiForstaArManad":1901,"EgiSistaArManad":1912,"EgiBeraknatVarde":"Nej","VentTypFTX":"Ja","VentTypF":"Nej","VentTypFT":"Nej","VentTypSjalvdrag":"Nej","VentTypFmed":"Nej","VentGruppKrav":"Ja","EgiSumma2":555136,"EgiFastighet":55412,"EgiStationEI":"G\u00f6teborg","EgiRefvarde1":80,"EgiRefvarde2Max":196,"EgiVersion":2019,"VentGruppGodkand":"Ja","RadGruppHaltMatt":"Nej","Godkand":"2020-04-24","Version":2.6,"ExpertBehorighet":"Kvalificerad","VentGruppUtanAnm":1}}},{"type":"Feature","geometry":{"type":"Polygon","coordinates":[[[11.931785474085737,57.709852655996706],[11.931803287902918,57.70984376747248],[11.93190890396817,57.70990438239795],[11.931890454144256,57.70991344426068],[11.931785474085737,57.709852655996706]]]},"properties":{"id":"ef7c7dc2-0e34-4870-b5a8-07a09845d607","objektidentitet":"bb291d2a-fcf9-4820-ac9f-4d6548a32397","versiongiltigfran":"2024-04-15T12:54:55.004Z","lagesosakerhetplan":0.05,"lagesosakerhethojd":null,"ursprunglig_organisation":"G\u00f6teborg","objektversion":1.0,"objekttypnr":2067.0,"objekttyp":"\u00d6vrig byggnad","insamlingslage":"Fasad","byggnadsnamn1":"None","byggnadsnamn2":"None","byggnadsnamn3":"None","husnummer":18.0,"huvudbyggnad":"Nej","andamal1":"\u00d6vrig byggnad;","andamal2":"None","andamal3":"None","andamal4":"None","andamal5":"None","FormularId":null,"energy_class":null,"energy_performance":null,"specific_energy":null,"building_category":null,"construction_year":null,"epc_detail":{}}},{"type":"Feature","geometry":{"type":"Polygon","coordinates":[[[11.933504301300031,57.70937375491259],[11.933436262697137,57.70940823742619],[11.933290683389759,57.70932594669924],[11.933358721971391,57.70929146426342],[11.933504301300031,57.70937375491259]]]},"properties":{"id":"a8fd74ac-aacf-40db-924f-aec69000466f","objektidentitet":"712f74d6-5481-48af-a0b5-99cfac5a115e","versiongiltigfran":"2016-10-11T07:04:26.071Z","lagesosakerhetplan":0.06,"lagesosakerhethojd":null,"ursprunglig_organisation":"G\u00f6teborg","objektversion":2.0,"objekttypnr":2066.0,"objekttyp":"Komplementbyggnad","insamlingslage":"Takkant","byggnadsnamn1":"None","byggnadsnamn2":"None","byggnadsnamn3":"None","husnummer":7.0,"huvudbyggnad":"Nej","andamal1":"Komplementbyggnad;","andamal2":"None","andamal3":"None","andamal4":"None","andamal5":"None","FormularId":null,"energy_class":null,"energy_performance":null,"specific_energy":null,"building_category":null,"construction_year":null,"epc_detail":{}}},{"type":"Feature","geometry":{"type":"Polygon","coordinates":[[[11.936145708557257,57.71034693301563],[11.936255204075762,57.71041002893623],[11.936253104960418,57.71041658427057],[11.936240655399336,57.71049829813989],[11.93618364110782,57.71049494902922],[11.936199268491045,57.710418354382604],[11.935822418613867,57.71020227003715],[11.93585897544969,57.71018639286804],[11.935899208441356,57.7102088665842],[11.936020179337184,57.71027744469912],[11.936145708557257,57.71034693301563]]]},"properties":{"id":"0dec87b3-f43c-41ec-87ca-7eed17769dfd","objektidentitet":"32641149-ab95-41df-8fd0-66cd067b4bd7","versiongiltigfran":"2011-03-23T08:58:11.941Z","lagesosakerhetplan":0.06,"lagesosakerhethojd":null,"ursprunglig_organisation":"Lantm\u00e4teriet","objektversion":1.0,"objekttypnr":2066.0,"objekttyp":"Komplementbyggnad","insamlingslage":"Takkant","byggnadsnamn1":"None","byggnadsnamn2":"None","byggnadsnamn3":"None","husnummer":2.0,"huvudbyggnad":"Nej","andamal1":"Komplementbyggnad;","andamal2":"None","andamal3":"None","andamal4":"None","andamal5":"None","FormularId":1069816,"fastighetsbeteckning":"LINDHOLMEN 1:21","energy_class":"C","energy_performance":66,"specific_energy":57,"building_category":"Lokalbyggnader","construction_year":1950,"epc_detail":{"IdAdr":"Polstj\u00e4rnegatan 6","IdPostnr":41752,"IdPostort":"G\u00f6teborg","IdKommun":"G\u00f6teborg","EgenByggnadsKat":"Lokalbyggnader","EgenByggnadsTyp":"Gavel","EgenNybyggAr":1950,"EgenAtemp":11000,"EgenAntalPlan":4,"EgenAntalKallarplan":0,"EgenAntalTrapphus":1,"EgenAntalBolgh":0,"EgenProjVentFlode":"0,34999999999999998","EgenInstEleffektStorre":"Nej","EgenSkyddadEllerVardefull":5,"EgiEnergiklass":"C","EgiEnergiPrestanda":66,"EgiSpecifikEnergianvandning":57,"EgiEnergianvandning":626391,"EgiPrimarenergianvandning":720635,"EgiForstaArManad":1901,"EgiSistaArManad":1912,"EgiBeraknatVarde":"Nej","VentTypFTX":"Ja","VentTypF":"Nej","VentTypFT":"Nej","VentTypSjalvdrag":"Nej","VentTypFmed":"Nej","VentGruppKrav":"Ja","EgiSumma2":555136,"EgiFastighet":55412,"EgiStationEI":"G\u00f6teborg","EgiRefvarde1":80,"EgiRefvarde2Max":196,"EgiVersion":2019,"VentGruppGodkand":"Ja","RadGruppHaltMatt":"Nej","Godkand":"2020-04-24","Version":2.6,"ExpertBehorighet":"Kvalificerad","VentGruppUtanAnm":1}}},{"type":"Feature","geometry":{"type":"Polygon","coordinates":[[[11.934415121707053,57.709502795436904],[11.934130890954842,57.70964534198774],[11.934038635577743,57.70968937640159],[11.93391936077203,57.709618680290625],[11.934288936061423,57.709433397253186],[11.934415121707053,57.709502795436904]]]},"properties":{"id":"60523e1b-4b6d-45fa-9d47-d68a84666938","objektidentitet":"f56016f2-9907-470e-80ce-ee14c458675a","versiongiltigfran":"2022-02-11T12:36:04.261Z","lagesosakerhetplan":0.1,"lagesosakerhethojd":null,"ursprunglig_organisation":"G\u00f6teborg","objektversion":3.0,"objekttypnr":2062.0,"objekttyp":"Industri","insamlingslage":"Takkant","byggnadsnamn1":"None","byggnadsnamn2":"None","byggnadsnamn3":"None","husnummer":5.0,"huvudbyggnad":"Nej","andamal1":"Industri;Ospecificerad","andamal2":"None","andamal3":"None","andamal4":"None","andamal5":"None","FormularId":null,"energy_class":null,"energy_performance":null,"specific_energy":null,"building_category":null,"construction_year":null,"epc_detail":{}}},{"type":"Feature","geometry":{"type":"Polygon","coordinates":[[[11.931827974517658,57.70983085721955],[11.931846207163867,57.70982158337514],[11.931951890325015,57.709882397627986],[11.931933730728627,57.709891403619196],[11.931827974517658,57.70983085721955]]]},"properties":{"id":"29b308cc-eb97-45ec-bf78-7bed4873373b","objektidentitet":"61b71cc5-d035-4e59-95c0-0faadfc8b13a","versiongiltigfran":"2024-04-15T12:54:56.806Z","lagesosakerhetplan":0.05,"lagesosakerhethojd":null,"ursprunglig_organisation":"G\u00f6teborg","objektversion":1.0,"objekttypnr":2067.0,"objekttyp":"\u00d6vrig byggnad","insamlingslage":"Fasad","byggnadsnamn1":"None","byggnadsnamn2":"None","byggnadsnamn3":"None","husnummer":19.0,"huvudbyggnad":"Nej","andamal1":"\u00d6vrig byggnad;","andamal2":"None","andamal3":"None","andamal4":"None","andamal5":"None","FormularId":null,"energy_class":null,"energy_performance":null,"specific_energy":null,"building_category":null,"construction_year":null,"epc_detail":{}}},{"type":"Feature","geometry":{"type":"Polygon","coordinates":[[[11.936253122477254,57.71041657570679],[11.936430303089653,57.710428308447966],[11.936414131020166,57.71051135228668],[11.936240692707916,57.71049825410349],[11.936253122477254,57.71041657570679]]]},"properties":{"id":"fd6df60e-2c8e-4158-be5e-2d11a7dfcbca","objektidentitet":"41c06872-8929-4226-bdc5-73f54a721a69","versiongiltigfran":"2011-03-23T09:01:30.066Z","lagesosakerhetplan":0.06,"lagesosakerhethojd":2.5,"ursprunglig_organisation":"Lantm\u00e4teriet","objektversion":1.0,"objekttypnr":2062.0,"objekttyp":"Industri","insamlingslage":"Takkant","byggnadsnamn1":"None","byggnadsnamn2":"None","byggnadsnamn3":"None","husnummer":3.0,"huvudbyggnad":"Nej","andamal1":"Industri;Ospecificerad","andamal2":"None","andamal3":"None","andamal4":"None","andamal5":"None","FormularId":1086402,"fastighetsbeteckning":"LINDHOLMEN 1:22","energy_class":"F","energy_performance":171,"specific_energy":126,"building_category":"Lokalbyggnader","construction_year":1968,"epc_detail":{"IdAdr":"Polstj\u00e4rnegatan 4","IdPostort":"G\u00f6teborg","IdKommun":"G\u00f6teborg","EgenByggnadsKat":"Lokalbyggnader","EgenByggnadsTyp":"Friliggande","EgenNybyggAr":1968,"EgenAtemp":229,"EgenAntalPlan":1,"EgenAntalKallarplan":1,"EgenAntalTrapphus":0,"EgenAntalBolgh":0,"EgenProjVentFlode":"0,34999999999999998","EgenInstEleffektStorre":"Nej","EgenSkyddadEllerVardefull":0,"EgiEnergiklass":"F","EgiEnergiPrestanda":171,"EgiSpecifikEnergianvandning":126,"EgiEnergianvandning":28872,"EgiPrimarenergianvandning":39078,"EgiForstaArManad":1901,"EgiSistaArManad":1912,"EgiBeraknatVarde":"Nej","VentTypFTX":"Nej","VentTypF":"Ja","VentTypFT":"Nej","VentTypSjalvdrag":"Ja","VentTypFmed":"Nej","VentGruppKrav":"Ja","EgiSumma2":25315,"EgiFastighet":1011,"EgiStationEI":"G\u00f6teborg","EgiRefvarde1":80,"EgiRefvarde2Max":182,"EgiVersion":2019,"VentGruppGodkand":"Nej","RadGruppHaltMatt":"Nej","Godkand":"2020-06-15","Version":2.7,"ExpertBehorighet":"Kvalificerad","InspUppvUndAvtalEgipres":"Nej","InspLuftUndAvtalEgipres":"Nej"}}},{"type":"Feature","geometry":{"type":"Polygon","coordinates":[[[11.936430139784493,57.710423684669436],[11.936594540940593,57.710432240547284],[11.936578308588619,57.710521763278074],[11.9364138407555,57.71051319678245],[11.936430139784493,57.710423684669436]]]},"properties":{"id":"83eeed78-850d-450f-a55d-f5c487821c14","objektidentitet":"41c06872-8929-4226-bdc5-73f54a721a69","versiongiltigfran":"2011-03-23T09:01:30.066Z","lagesosakerhetplan":0.06,"lagesosakerhethojd":null,"ursprunglig_organisation":"Lantm\u00e4teriet","objektversion":1.0,"objekttypnr":2062.0,"objekttyp":"Industri","insamlingslage":"Takkant","byggnadsnamn1":"None","byggnadsnamn2":"None","byggnadsnamn3":"None","husnummer":3.0,"huvudbyggnad":"Nej","andamal1":"Industri;Ospecificerad","andamal2":"None","andamal3":"None","andamal4":"None","andamal5":"None","FormularId":1086402,"fastighetsbeteckning":"LINDHOLMEN 1:22","energy_class":"F","energy_performance":171,"specific_energy":126,"building_category":"Lokalbyggnader","construction_year":1968,"epc_detail":{"IdAdr":"Polstj\u00e4rnegatan 4","IdPostort":"G\u00f6teborg","IdKommun":"G\u00f6teborg","EgenByggnadsKat":"Lokalbyggnader","EgenByggnadsTyp":"Friliggande","EgenNybyggAr":1968,"EgenAtemp":229,"EgenAntalPlan":1,"EgenAntalKallarplan":1,"EgenAntalTrapphus":0,"EgenAntalBolgh":0,"EgenProjVentFlode":"0,34999999999999998","EgenInstEleffektStorre":"Nej","EgenSkyddadEllerVardefull":0,"EgiEnergiklass":"F","EgiEnergiPrestanda":171,"EgiSpecifikEnergianvandning":126,"EgiEnergianvandning":28872,"EgiPrimarenergianvandning":39078,"EgiForstaArManad":1901,"EgiSistaArManad":1912,"EgiBeraknatVarde":"Nej","VentTypFTX":"Nej","VentTypF":"Ja","VentTypFT":"Nej","VentTypSjalvdrag":"Ja","VentTypFmed":"Nej","VentGruppKrav":"Ja","EgiSumma2":25315,"EgiFastighet":1011,"EgiStationEI":"G\u00f6teborg","EgiRefvarde1":80,"EgiRefvarde2Max":182,"EgiVersion":2019,"VentGruppGodkand":"Nej","RadGruppHaltMatt":"Nej","Godkand":"2020-06-15","Version":2.7,"ExpertBehorighet":"Kvalificerad","InspUppvUndAvtalEgipres":"Nej","InspLuftUndAvtalEgipres":"Nej"}}},{"type":"Feature","geometry":{"type":"Polygon","coordinates":[[[11.93303528182359,57.709349235862994],[11.9330062523146,57.709333108690245],[11.933079243700183,57.709295465854034],[11.93310827321263,57.709311593010156],[11.93303528182359,57.709349235862994]]]},"properties":{"id":"33541226-cc83-4efd-8259-8ade70e025f1","objektidentitet":"0bda71db-6565-4ff5-b473-c73ec8445fcb","versiongiltigfran":"2022-03-25T21:46:23.989Z","lagesosakerhetplan":0.1,"lagesosakerhethojd":null,"ursprunglig_organisation":"G\u00f6teborg","objektversion":2.0,"objekttypnr":2066.0,"objekttyp":"Komplementbyggnad","insamlingslage":"Takkant","byggnadsnamn1":"None","byggnadsnamn2":"None","byggnadsnamn3":"None","husnummer":17.0,"huvudbyggnad":"Nej","andamal1":"Komplementbyggnad;","andamal2":"None","andamal3":"None","andamal4":"None","andamal5":"None","FormularId":null,"energy_class":null,"energy_performance":null,"specific_energy":null,"building_category":null,"construction_year":null,"epc_detail":{}}},{"type":"Feature","geometry":{"type":"Polygon","coordinates":[[[11.933935599537444,57.709323710382094],[11.934033677735616,57.70927356152685],[11.934077206787999,57.70930051985416],[11.93397707353516,57.70935094250548],[11.933935599537444,57.709323710382094]]]},"properties":{"id":"f0dacd99-cbd1-4ac5-bb46-bbb3ce6fd745","objektidentitet":"cec3c7e4-ef63-478b-99d0-8616aea61337","versiongiltigfran":"2012-01-26T15:30:20.867Z","lagesosakerhetplan":0.06,"lagesosakerhethojd":null,"ursprunglig_organisation":"G\u00f6teborg","objektversion":2.0,"objekttypnr":2064.0,"objekttyp":"Verksamhet","insamlingslage":"Takkant","byggnadsnamn1":"None","byggnadsnamn2":"None","byggnadsnamn3":"None","husnummer":3.0,"huvudbyggnad":"Nej","andamal1":"Verksamhet;","andamal2":"None","andamal3":"None","andamal4":"None","andamal5":"None","FormularId":null,"energy_class":null,"energy_performance":null,"specific_energy":null,"building_category":null,"construction_year":null,"epc_detail":{}}},{"type":"Feature","geometry":{"type":"Polygon","coordinates":[[[11.932370173443008,57.709337469003685],[11.932414987454777,57.70930102177435],[11.932573364328709,57.70935568913823],[11.93251125096234,57.70938701623813],[11.932370173443008,57.709337469003685]]]},"properties":{"id":"a3c82b6d-aa0e-483c-95ee-7f5f5732ade5","objektidentitet":"51772d65-e836-4f41-b40d-d547b7150990","versiongiltigfran":"2011-03-23T09:08:54.254Z","lagesosakerhetplan":0.06,"lagesosakerhethojd":null,"ursprunglig_organisation":"Lantm\u00e4teriet","objektversion":1.0,"objekttypnr":2066.0,"objekttyp":"Komplementbyggnad","insamlingslage":"Takkant","byggnadsnamn1":"None","byggnadsnamn2":"None","byggnadsnamn3":"None","husnummer":13.0,"huvudbyggnad":"Nej","andamal1":"Komplementbyggnad;","andamal2":"None","andamal3":"None","andamal4":"None","andamal5":"None","FormularId":1054787,"fastighetsbeteckning":"LINDHOLMEN 735:491","energy_class":"D","energy_performance":105,"specific_energy":86,"building_category":"Lokalbyggnader","construction_year":1948,"epc_detail":{"IdAdr":"Polstj\u00e4rnegatan 10","IdPostnr":41752,"IdPostort":"G\u00f6teborg","IdKommun":"G\u00f6teborg","EgenByggnadsKat":"Lokalbyggnader","EgenByggnadsTyp":"Friliggande","EgenNybyggAr":1948,"EgenAtemp":1810,"EgenAntalPlan":4,"EgenAntalKallarplan":1,"EgenAntalTrapphus":1,"EgenAntalBolgh":0,"EgenProjVentFlode":"0,34999999999999998","EgenInstEleffektStorre":"Nej","EgenSkyddadEllerVardefull":0,"EgiEnergiklass":"D","EgiEnergiPrestanda":105,"EgiSpecifikEnergianvandning":86,"EgiEnergianvandning":155644,"EgiPrimarenergianvandning":190546,"EgiForstaArManad":1801,"EgiSistaArManad":1812,"EgiBeraknatVarde":"Nej","VentTypFTX":"Ja","VentTypF":"Nej","VentTypFT":"Ja","VentTypSjalvdrag":"Nej","VentTypFmed":"Nej","VentGruppKrav":"Ja","EgiSumma2":144223,"EgiFastighet":36838,"EgiStationEI":"G\u00f6teborg","EgiRefvarde1":80,"EgiRefvarde2Max":188,"EgiVersion":2019,"VentGruppGodkand":"Ja","RadGruppHaltMatt":"Nej","Godkand":"2020-06-15","Version":2.7,"ExpertBehorighet":"Kvalificerad","VentGruppUtanAnm":1,"InspUppvUndAvtalEgipres":"Nej","InspLuftUndAvtalEgipres":"Nej","AtgForslagEgiMinskad":10730,"AtgForslagKostnad":"0,40000000000000002"}}},{"type":"Feature","geometry":{"type":"Polygon","coordinates":[[[11.933757601414756,57.709763538066916],[11.93379809471425,57.7097434156937],[11.933860380859253,57.70977931336726],[11.933819887552888,57.70979943576027],[11.933757601414756,57.709763538066916]]]},"properties":{"id":"1fdcfbb2-b484-4e67-9f0d-3ef254262e03","objektidentitet":"a1ff34cb-c50f-41f9-8d01-4413e23b57a1","versiongiltigfran":"2012-01-03T09:52:49.467Z","lagesosakerhetplan":0.06,"lagesosakerhethojd":null,"ursprunglig_organisation":"Kommunsamverkan","objektversion":2.0,"objekttypnr":2062.0,"objekttyp":"Industri","insamlingslage":"Takkant","byggnadsnamn1":"None","byggnadsnamn2":"None","byggnadsnamn3":"None","husnummer":1.0,"huvudbyggnad":"Nej","andamal1":"Industri;Ospecificerad","andamal2":"None","andamal3":"None","andamal4":"None","andamal5":"None","FormularId":1069815,"fastighetsbeteckning":"LINDHOLMEN 5:1","energy_class":"C","energy_performance":65,"specific_energy":57,"building_category":"Lokalbyggnader","construction_year":1950,"epc_detail":{"IdAdr":"Polstj\u00e4rnegatan 8","IdPostnr":41752,"IdPostort":"G\u00f6teborg","IdKommun":"G\u00f6teborg","EgenByggnadsKat":"Lokalbyggnader","EgenByggnadsTyp":"Gavel","EgenNybyggAr":1950,"EgenAtemp":5424,"EgenAntalPlan":1,"EgenAntalKallarplan":1,"EgenAntalTrapphus":1,"EgenAntalBolgh":0,"EgenProjVentFlode":"0,34999999999999998","EgenInstEleffektStorre":"Nej","EgenSkyddadEllerVardefull":5,"EgiEnergiklass":"C","EgiEnergiPrestanda":65,"EgiSpecifikEnergianvandning":57,"EgiEnergianvandning":308166,"EgiPrimarenergianvandning":354559,"EgiForstaArManad":1901,"EgiSistaArManad":1912,"EgiBeraknatVarde":"Nej","VentTypFTX":"Ja","VentTypF":"Nej","VentTypFT":"Nej","VentTypSjalvdrag":"Nej","VentTypFmed":"Nej","VentGruppKrav":"Ja","EgiSumma2":273122,"EgiFastighet":27323,"EgiStationEI":"G\u00f6teborg","EgiRefvarde1":80,"EgiRefvarde2Max":197,"EgiVersion":2019,"VentGruppGodkand":"Ja","RadGruppHaltMatt":"Nej","Godkand":"2020-04-24","Version":2.6,"ExpertBehorighet":"Kvalificerad","VentGruppUtanAnm":1}}},{"type":"Feature","geometry":{"type":"Polygon","coordinates":[[[11.931496410573626,57.709433904652506],[11.931434284080622,57.70941202193994],[11.931461552674698,57.70938983585265],[11.931494409542257,57.709401409425396],[11.931513634459947,57.70938576922792],[11.931542920815893,57.7093960787562],[11.931496410573626,57.709433904652506]]]},"properties":{"id":"32ab4811-fc81-405a-a8ad-d18aaf52e510","objektidentitet":"0ded4b62-50a3-476e-a442-d95efaa826ff","versiongiltigfran":"2022-03-25T21:44:27.031Z","lagesosakerhetplan":0.1,"lagesosakerhethojd":null,"ursprunglig_organisation":"G\u00f6teborg","objektversion":2.0,"objekttypnr":2066.0,"objekttyp":"Komplementbyggnad","insamlingslage":"Takkant","byggnadsnamn1":"None","byggnadsnamn2":"None","byggnadsnamn3":"None","husnummer":21.0,"huvudbyggnad":"Nej","andamal1":"Komplementbyggnad;","andamal2":"None","andamal3":"None","andamal4":"None","andamal5":"None","FormularId":null,"energy_class":null,"energy_performance":null,"specific_energy":null,"building_category":null,"construction_year":null,"epc_detail":{}}},{"type":"Feature","geometry":{"type":"Polygon","coordinates":[[[11.933482250400628,57.7096063870019],[11.933516911945903,57.709588900650665],[11.933586849557832,57.70962863305865],[11.933552172007756,57.70964611005308],[11.933482250400628,57.7096063870019]]]},"properties":{"id":"46a2d8dd-0614-425e-ad76-36cee5720588","objektidentitet":"950a9322-531f-4ee1-8d9b-ed424b27ecbf","versiongiltigfran":"2022-03-25T21:47:15.445Z","lagesosakerhetplan":0.1,"lagesosakerhethojd":null,"ursprunglig_organisation":"G\u00f6teborg","objektversion":2.0,"objekttypnr":2066.0,"objekttyp":"Komplementbyggnad","insamlingslage":"Takkant","byggnadsnamn1":"None","byggnadsnamn2":"None","byggnadsnamn3":"None","husnummer":15.0,"huvudbyggnad":"Nej","andamal1":"Komplementbyggnad;","andamal2":"None","andamal3":"None","andamal4":"None","andamal5":"None","FormularId":null,"energy_class":null,"energy_performance":null,"specific_energy":null,"building_category":null,"construction_year":null,"epc_detail":{}}},{"type":"Feature","geometry":{"type":"Polygon","coordinates":[[[11.932660680282453,57.708915461851255],[11.932939299742172,57.70868722579304],[11.933097454070998,57.7087425162962],[11.932818835158596,57.70897075270648],[11.932660680282453,57.708915461851255]]]},"properties":{"id":"f65d3f77-049e-4288-8a94-173cc89741ea","objektidentitet":"6f58cfb7-5acb-43dc-8bbe-5b060ebed67f","versiongiltigfran":"2012-01-26T15:26:41.828Z","lagesosakerhetplan":0.06,"lagesosakerhethojd":null,"ursprunglig_organisation":"G\u00f6teborg","objektversion":2.0,"objekttypnr":2064.0,"objekttyp":"Verksamhet","insamlingslage":"Takkant","byggnadsnamn1":"None","byggnadsnamn2":"None","byggnadsnamn3":"None","husnummer":1.0,"huvudbyggnad":"Nej","andamal1":"Verksamhet;","andamal2":"None","andamal3":"None","andamal4":"None","andamal5":"None","FormularId":null,"energy_class":null,"energy_performance":null,"specific_energy":null,"building_category":null,"construction_year":null,"epc_detail":{}}},{"type":"Feature","geometry":{"type":"Polygon","coordinates":[[[11.931850395692727,57.70969792017488],[11.931828156368379,57.70960119122236],[11.931928975923999,57.709523067868275],[11.93226247812209,57.709712488355905],[11.932058245927157,57.709815454676],[11.931850395692727,57.70969792017488]]]},"properties":{"id":"4c27b059-73c2-45e1-adcd-b7e5856f772d","objektidentitet":"0e245151-059c-4bfd-9a93-799a2f4af2e1","versiongiltigfran":"2012-01-27T13:20:45.285Z","lagesosakerhetplan":0.06,"lagesosakerhethojd":2.5,"ursprunglig_organisation":"G\u00f6teborg","objektversion":2.0,"objekttypnr":2064.0,"objekttyp":"Verksamhet","insamlingslage":"Takkant","byggnadsnamn1":"None","byggnadsnamn2":"None","byggnadsnamn3":"None","husnummer":11.0,"huvudbyggnad":"Nej","andamal1":"Verksamhet;","andamal2":"None","andamal3":"None","andamal4":"None","andamal5":"None","FormularId":1054837,"fastighetsbeteckning":"LINDHOLMEN 735:491","energy_class":"D","energy_performance":89,"specific_energy":76,"building_category":"Lokalbyggnader","construction_year":1948,"epc_detail":{"IdAdr":"Polstj\u00e4rnegatan 10","IdPostnr":41752,"IdPostort":"G\u00f6teborg","IdKommun":"G\u00f6teborg","EgenByggnadsKat":"Lokalbyggnader","EgenByggnadsTyp":"Friliggande","EgenNybyggAr":1948,"EgenAtemp":7121,"EgenAntalPlan":3,"EgenAntalKallarplan":0,"EgenAntalTrapphus":2,"EgenAntalBolgh":0,"EgenProjVentFlode":"0,34999999999999998","EgenInstEleffektStorre":"Nej","EgenSkyddadEllerVardefull":0,"EgiEnergiklass":"D","EgiEnergiPrestanda":89,"EgiSpecifikEnergianvandning":76,"EgiEnergianvandning":539779,"EgiPrimarenergianvandning":633742,"EgiForstaArManad":1801,"EgiSistaArManad":1812,"EgiBeraknatVarde":"Nej","VentTypFTX":"Ja","VentTypF":"Nej","VentTypFT":"Ja","VentTypSjalvdrag":"Nej","VentTypFmed":"Nej","VentGruppKrav":"Ja","EgiSumma2":494883,"EgiFastighet":72758,"EgiStationEI":"G\u00f6teborg","EgiRefvarde1":80,"EgiRefvarde2Max":186,"EgiVersion":2019,"VentGruppGodkand":"Delvis","RadGruppHaltMatt":"Nej","Godkand":"2020-06-15","Version":2.7,"ExpertBehorighet":"Kvalificerad","VentDelvisProcent":90,"VentGruppUtanAnm":0,"InspUppvGruppInspSkyldighet":"Ja","InspUppvUndAvtalEgipres":"Nej","InspLuftUndAvtalEgipres":"Nej","AtgForslagEgiMinskad":2460,"AtgForslagKostnad":"0,23000000000000001"}}},{"type":"Feature","geometry":{"type":"Polygon","coordinates":[[[11.932787524177275,57.70954530637812],[11.933098581381728,57.709388421145704],[11.93367073595153,57.709713490695385],[11.932809446594552,57.71014781804031],[11.932427009534702,57.71002499106071],[11.932058245927157,57.709815454676],[11.932696533844686,57.70949362135351],[11.932787524177275,57.70954530637812]]]},"properties":{"id":"e51fa3fd-b220-4f08-8948-3999efcf39cd","objektidentitet":"0e245151-059c-4bfd-9a93-799a2f4af2e1","versiongiltigfran":"2012-01-27T13:20:45.285Z","lagesosakerhetplan":0.06,"lagesosakerhethojd":2.5,"ursprunglig_organisation":"G\u00f6teborg","objektversion":2.0,"objekttypnr":2064.0,"objekttyp":"Verksamhet","insamlingslage":"Takkant","byggnadsnamn1":"None","byggnadsnamn2":"None","byggnadsnamn3":"None","husnummer":11.0,"huvudbyggnad":"Nej","andamal1":"Verksamhet;","andamal2":"None","andamal3":"None","andamal4":"None","andamal5":"None","FormularId":1054837,"fastighetsbeteckning":"LINDHOLMEN 735:491","energy_class":"D","energy_performance":89,"specific_energy":76,"building_category":"Lokalbyggnader","construction_year":1948,"epc_detail":{"IdAdr":"Polstj\u00e4rnegatan 10","IdPostnr":41752,"IdPostort":"G\u00f6teborg","IdKommun":"G\u00f6teborg","EgenByggnadsKat":"Lokalbyggnader","EgenByggnadsTyp":"Friliggande","EgenNybyggAr":1948,"EgenAtemp":7121,"EgenAntalPlan":3,"EgenAntalKallarplan":0,"EgenAntalTrapphus":2,"EgenAntalBolgh":0,"EgenProjVentFlode":"0,34999999999999998","EgenInstEleffektStorre":"Nej","EgenSkyddadEllerVardefull":0,"EgiEnergiklass":"D","EgiEnergiPrestanda":89,"EgiSpecifikEnergianvandning":76,"EgiEnergianvandning":539779,"EgiPrimarenergianvandning":633742,"EgiForstaArManad":1801,"EgiSistaArManad":1812,"EgiBeraknatVarde":"Nej","VentTypFTX":"Ja","VentTypF":"Nej","VentTypFT":"Ja","VentTypSjalvdrag":"Nej","VentTypFmed":"Nej","VentGruppKrav":"Ja","EgiSumma2":494883,"EgiFastighet":72758,"EgiStationEI":"G\u00f6teborg","EgiRefvarde1":80,"EgiRefvarde2Max":186,"EgiVersion":2019,"VentGruppGodkand":"Delvis","RadGruppHaltMatt":"Nej","Godkand":"2020-06-15","Version":2.7,"ExpertBehorighet":"Kvalificerad","VentDelvisProcent":90,"VentGruppUtanAnm":0,"InspUppvGruppInspSkyldighet":"Ja","InspUppvUndAvtalEgipres":"Nej","InspLuftUndAvtalEgipres":"Nej","AtgForslagEgiMinskad":2460,"AtgForslagKostnad":"0,23000000000000001"}}},{"type":"Feature","geometry":{"type":"Polygon","coordinates":[[[11.932787458663034,57.70954528681372],[11.932718197093408,57.70950591188301],[11.932844100874101,57.70944248919037],[11.93291336246396,57.709481864052655],[11.932787458663034,57.70954528681372]]]},"properties":{"id":"b7e1910a-d302-4c47-8b82-086d7f45a003","objektidentitet":"0e245151-059c-4bfd-9a93-799a2f4af2e1","versiongiltigfran":"2012-01-27T13:20:45.285Z","lagesosakerhetplan":0.06,"lagesosakerhethojd":null,"ursprunglig_organisation":"G\u00f6teborg","objektversion":2.0,"objekttypnr":2064.0,"objekttyp":"Verksamhet","insamlingslage":"Takkant","byggnadsnamn1":"None","byggnadsnamn2":"None","byggnadsnamn3":"None","husnummer":11.0,"huvudbyggnad":"Nej","andamal1":"Verksamhet;","andamal2":"None","andamal3":"None","andamal4":"None","andamal5":"None","FormularId":1054837,"fastighetsbeteckning":"LINDHOLMEN 735:491","energy_class":"D","energy_performance":89,"specific_energy":76,"building_category":"Lokalbyggnader","construction_year":1948,"epc_detail":{"IdAdr":"Polstj\u00e4rnegatan 10","IdPostnr":41752,"IdPostort":"G\u00f6teborg","IdKommun":"G\u00f6teborg","EgenByggnadsKat":"Lokalbyggnader","EgenByggnadsTyp":"Friliggande","EgenNybyggAr":1948,"EgenAtemp":7121,"EgenAntalPlan":3,"EgenAntalKallarplan":0,"EgenAntalTrapphus":2,"EgenAntalBolgh":0,"EgenProjVentFlode":"0,34999999999999998","EgenInstEleffektStorre":"Nej","EgenSkyddadEllerVardefull":0,"EgiEnergiklass":"D","EgiEnergiPrestanda":89,"EgiSpecifikEnergianvandning":76,"EgiEnergianvandning":539779,"EgiPrimarenergianvandning":633742,"EgiForstaArManad":1801,"EgiSistaArManad":1812,"EgiBeraknatVarde":"Nej","VentTypFTX":"Ja","VentTypF":"Nej","VentTypFT":"Ja","VentTypSjalvdrag":"Nej","VentTypFmed":"Nej","VentGruppKrav":"Ja","EgiSumma2":494883,"EgiFastighet":72758,"EgiStationEI":"G\u00f6teborg","EgiRefvarde1":80,"EgiRefvarde2Max":186,"EgiVersion":2019,"VentGruppGodkand":"Delvis","RadGruppHaltMatt":"Nej","Godkand":"2020-06-15","Version":2.7,"ExpertBehorighet":"Kvalificerad","VentDelvisProcent":90,"VentGruppUtanAnm":0,"InspUppvGruppInspSkyldighet":"Ja","InspUppvUndAvtalEgipres":"Nej","InspLuftUndAvtalEgipres":"Nej","AtgForslagEgiMinskad":2460,"AtgForslagKostnad":"0,23000000000000001"}}},{"type":"Feature","geometry":{"type":"Polygon","coordinates":[[[11.933614983807834,57.708943216340046],[11.933771601381324,57.70903336910419],[11.933761347831492,57.70903785725805],[11.933578126576705,57.70896205161603],[11.933614983807834,57.708943216340046]]]},"properties":{"id":"06105e1d-a3d3-4b48-8f45-6681e7543acd","objektidentitet":"cec3c7e4-ef63-478b-99d0-8616aea61337","versiongiltigfran":"2012-01-26T15:30:20.867Z","lagesosakerhetplan":0.06,"lagesosakerhethojd":null,"ursprunglig_organisation":"G\u00f6teborg","objektversion":2.0,"objekttypnr":2064.0,"objekttyp":"Verksamhet","insamlingslage":"Takkant","byggnadsnamn1":"None","byggnadsnamn2":"None","byggnadsnamn3":"None","husnummer":3.0,"huvudbyggnad":"Nej","andamal1":"Verksamhet;","andamal2":"None","andamal3":"None","andamal4":"None","andamal5":"None","FormularId":null,"energy_class":null,"energy_performance":null,"specific_energy":null,"building_category":null,"construction_year":null,"epc_detail":{}}},{"type":"Feature","geometry":{"type":"Polygon","coordinates":[[[11.933082962491111,57.70912630302335],[11.933148518529277,57.70916243314317],[11.933066040756822,57.70920423218065],[11.932997290793033,57.709167943694354],[11.933082962491111,57.70912630302335]]]},"properties":{"id":"0a748365-9602-4578-bfd8-a9f5e99f6bfd","objektidentitet":"cec3c7e4-ef63-478b-99d0-8616aea61337","versiongiltigfran":"2012-01-26T15:30:20.867Z","lagesosakerhetplan":0.06,"lagesosakerhethojd":2.5,"ursprunglig_organisation":"G\u00f6teborg","objektversion":2.0,"objekttypnr":2064.0,"objekttyp":"Verksamhet","insamlingslage":"Takkant","byggnadsnamn1":"None","byggnadsnamn2":"None","byggnadsnamn3":"None","husnummer":3.0,"huvudbyggnad":"Nej","andamal1":"Verksamhet;","andamal2":"None","andamal3":"None","andamal4":"None","andamal5":"None","FormularId":null,"energy_class":null,"energy_performance":null,"specific_energy":null,"building_category":null,"construction_year":null,"epc_detail":{}}},{"type":"Feature","geometry":{"type":"Polygon","coordinates":[[[11.937228010856659,57.70470480433333],[11.937208193262947,57.70468280727096],[11.937371496876482,57.704640652688646],[11.937391314547957,57.704662649726345],[11.937228010856659,57.70470480433333]]]},"properties":{"id":"986de8ce-62e3-4284-b21c-27737fdc3809","objektidentitet":"07a5d5ed-e7c3-41e4-9f3a-c2232d50ac4a","versiongiltigfran":"2019-09-30T13:24:44.867Z","lagesosakerhetplan":0.06,"lagesosakerhethojd":null,"ursprunglig_organisation":"Lantm\u00e4teriet","objektversion":7.0,"objekttypnr":2063.0,"objekttyp":"Samh\u00e4llsfunktion","insamlingslage":"Takkant","byggnadsnamn1":"Lindholmens kunskapscentrum","byggnadsnamn2":"None","byggnadsnamn3":"None","husnummer":8.0,"huvudbyggnad":"Nej","andamal1":"Samh\u00e4llsfunktion;Skola","andamal2":"None","andamal3":"None","andamal4":"None","andamal5":"None","FormularId":1065931,"fastighetsbeteckning":"LINDHOLMEN 6:9","energy_class":"D","energy_performance":133,"specific_energy":109,"building_category":"Lokalbyggnader","construction_year":1945,"epc_detail":{"IdAdr":"Utvecklingsgatan 6","IdPostnr":41756,"IdPostort":"G\u00f6teborg","IdKommun":"G\u00f6teborg","EgenByggnadsKat":"Lokalbyggnader","EgenByggnadsTyp":"Friliggande","EgenNybyggAr":1945,"EgenAtemp":16554,"EgenAntalPlan":5,"EgenAntalKallarplan":0,"EgenAntalTrapphus":3,"EgenProjVentFlode":"1,3999999999999999","EgenInstEleffektStorre":"Nej","EgenSkyddadEllerVardefull":0,"EgiEnergiklass":"D","EgiEnergiPrestanda":133,"EgiSpecifikEnergianvandning":109,"EgiEnergianvandning":1803952,"EgiPrimarenergianvandning":2204859,"EgiForstaArManad":1901,"EgiSistaArManad":1912,"EgiBeraknatVarde":"Nej","VentTypFTX":"Ja","VentTypF":"Nej","VentTypFT":"Nej","VentTypSjalvdrag":"Nej","VentTypFmed":"Nej","VentGruppKrav":"Ja","EgiSumma2":1628304,"EgiFastighet":289751,"EgiStationEI":"G\u00f6teborg","EgiRefvarde1":126,"EgiRefvarde2Max":204,"EgiVersion":2019,"VentGruppGodkand":"Nej","RadGruppHaltMatt":"Nej","Godkand":"2020-06-15","Version":2.7,"ExpertBehorighet":"Kvalificerad","InspUppvGruppInspSkyldighet":"Ja","InspUppvUndAvtalEgipres":"Nej","InspLuftGruppInspSkyldighet":"Ja","InspLuftUndAvtalEgipres":"Nej","AtgForslagEgiMinskad":16000,"AtgForslagKostnad":"0"}}},{"type":"Feature","geometry":{"type":"Polygon","coordinates":[[[11.932300105635727,57.704980031091814],[11.932256971748496,57.70493260695217],[11.93250255824444,57.70486839309388],[11.932511580302963,57.70487824701109],[11.932802679550205,57.70480198676652],[11.932859075253239,57.70486393330799],[11.932919343507505,57.704848164574855],[11.932966157330972,57.70489973128866],[11.932608853920367,57.70499265022156],[11.932599962819703,57.704982835439765],[11.932427534208104,57.70502816913552],[11.932468721408043,57.70507459327726],[11.93240219392404,57.70509189976321],[11.932360033479897,57.70504566770964],[11.932300680057017,57.705061134801205],[11.932241248959585,57.70499577984096],[11.932300105635727,57.704980031091814]]]},"properties":{"id":"b7ed8a57-d62e-4423-8cc5-721ec4e29942","objektidentitet":"0de89507-ec48-435f-a70d-65538ec72dff","versiongiltigfran":"2019-04-24T11:25:29.699Z","lagesosakerhetplan":0.05,"lagesosakerhethojd":null,"ursprunglig_organisation":"G\u00f6teborg","objektversion":3.0,"objekttypnr":2061.0,"objekttyp":"Bostad","insamlingslage":"Fasad","byggnadsnamn1":"None","byggnadsnamn2":"None","byggnadsnamn3":"None","husnummer":2.0,"huvudbyggnad":"Nej","andamal1":"Bostad;Flerfamiljshus","andamal2":"None","andamal3":"None","andamal4":"None","andamal5":"None","FormularId":930548,"fastighetsbeteckning":"LINDHOLMEN 6:12","energy_class":"C","energy_performance":69,"specific_energy":59,"building_category":"Flerbostadshus","construction_year":2019,"epc_detail":{"IdAdr":"Plejadgatan 22","IdPostnr":41757,"IdPostort":"G\u00f6teborg","IdKommun":"G\u00f6teborg","EgenByggnadsKat":"Flerbostadshus","EgenByggnadsTyp":"Friliggande","EgenNybyggAr":2019,"EgenAtemp":2506,"EgenAntalPlan":5,"EgenAntalKallarplan":0,"EgenAntalTrapphus":1,"EgenAntalBolgh":50,"EgenInstEleffektStorre":"Nej","EgenSkyddadEllerVardefull":0,"EgiEnergiklass":"C","EgiEnergiPrestanda":69,"EgiSpecifikEnergianvandning":59,"EgiEnergianvandning":147877,"EgiPrimarenergianvandning":172059,"EgiBeraknatVarde":"Ja","VentTypFTX":"Ja","VentTypF":"Nej","VentTypFT":"Nej","VentTypSjalvdrag":"Nej","VentTypFmed":"Nej","VentGruppKrav":"Ja","EgiSumma2":147877,"EgiFastighet":28679,"EgiRefvarde1":85,"EgiRefvarde2Max":98,"EgiVersion":2019,"VentGruppGodkand":"Ja","RadGruppHaltMatt":"Nej","Godkand":"2019-03-26","Version":2.6,"ExpertBehorighet":"Kvalificerad","VentGruppUtanAnm":1}}},{"type":"Feature","geometry":{"type":"Polygon","coordinates":[[[11.936554567482162,57.70507717390278],[11.936648832632704,57.705052690450586],[11.936977343510026,57.70541504166682],[11.936883093620965,57.70543953473099],[11.936554567482162,57.70507717390278]]]},"properties":{"id":"bf3b982c-cda5-41d7-b041-de208b648660","objektidentitet":"9def5abe-bec4-4cd1-ab21-3ce0782dc1c0","versiongiltigfran":"2019-09-30T13:24:46.960Z","lagesosakerhetplan":0.06,"lagesosakerhethojd":null,"ursprunglig_organisation":"Lantm\u00e4teriet","objektversion":6.0,"objekttypnr":2063.0,"objekttyp":"Samh\u00e4llsfunktion","insamlingslage":"Takkant","byggnadsnamn1":"Lindholmens kunskapscentrum","byggnadsnamn2":"None","byggnadsnamn3":"None","husnummer":3.0,"huvudbyggnad":"Ja","andamal1":"Samh\u00e4llsfunktion;Skola","andamal2":"None","andamal3":"None","andamal4":"None","andamal5":"None","FormularId":1080621,"fastighetsbeteckning":"LINDHOLMEN 6:9","energy_class":"D","energy_performance":165,"specific_energy":134,"building_category":"Lokalbyggnader","construction_year":1952,"epc_detail":{"IdAdr":"Utvecklingsgatan 4","IdPostnr":41756,"IdPostort":"G\u00f6teborg","IdKommun":"G\u00f6teborg","EgenByggnadsKat":"Lokalbyggnader","EgenByggnadsTyp":"Friliggande","EgenNybyggAr":1952,"EgenAtemp":8825,"EgenAntalPlan":6,"EgenAntalKallarplan":1,"EgenAntalTrapphus":2,"EgenAntalBolgh":0,"EgenProjVentFlode":"1,6200000000000001","EgenInstEleffektStorre":"Nej","EgenSkyddadEllerVardefull":0,"EgiEnergiklass":"D","EgiEnergiPrestanda":165,"EgiSpecifikEnergianvandning":134,"EgiEnergianvandning":1183053,"EgiPrimarenergianvandning":1455961,"EgiForstaArManad":1901,"EgiSistaArManad":1912,"EgiBeraknatVarde":"Nej","VentTypFTX":"Ja","VentTypF":"Nej","VentTypFT":"Nej","VentTypSjalvdrag":"Nej","VentTypFmed":"Nej","VentGruppKrav":"Ja","EgiSumma2":1069866,"EgiFastighet":286452,"EgiStationEI":"G\u00f6teborg","EgiRefvarde1":126,"EgiRefvarde2Max":197,"EgiVersion":2019,"VentGruppGodkand":"Ja","RadGruppHaltMatt":"Nej","Godkand":"2020-06-15","Version":2.7,"ExpertBehorighet":"Kvalificerad","VentGruppUtanAnm":1,"InspUppvGruppInspSkyldighet":"Ja","InspUppvUndAvtalEgipres":"Nej","InspLuftUndAvtalEgipres":"Nej","AtgForslagEgiMinskad":50000,"AtgForslagKostnad":"0,81000000000000005"}}},{"type":"Feature","geometry":{"type":"Polygon","coordinates":[[[11.936551922698104,57.70507429661347],[11.936959305319242,57.70552359323508],[11.936567043558028,57.70562550967936],[11.936163785529116,57.70517513421572],[11.936551922698104,57.70507429661347]]]},"properties":{"id":"2ebd17d5-1371-4fb4-b588-052319c33021","objektidentitet":"9def5abe-bec4-4cd1-ab21-3ce0782dc1c0","versiongiltigfran":"2019-09-30T13:24:46.960Z","lagesosakerhetplan":0.06,"lagesosakerhethojd":null,"ursprunglig_organisation":"Lantm\u00e4teriet","objektversion":6.0,"objekttypnr":2063.0,"objekttyp":"Samh\u00e4llsfunktion","insamlingslage":"Takkant","byggnadsnamn1":"Lindholmens kunskapscentrum","byggnadsnamn2":"None","byggnadsnamn3":"None","husnummer":3.0,"huvudbyggnad":"Ja","andamal1":"Samh\u00e4llsfunktion;Skola","andamal2":"None","andamal3":"None","andamal4":"None","andamal5":"None","FormularId":1080621,"fastighetsbeteckning":"LINDHOLMEN 6:9","energy_class":"D","energy_performance":165,"specific_energy":134,"building_category":"Lokalbyggnader","construction_year":1952,"epc_detail":{"IdAdr":"Utvecklingsgatan 4","IdPostnr":41756,"IdPostort":"G\u00f6teborg","IdKommun":"G\u00f6teborg","EgenByggnadsKat":"Lokalbyggnader","EgenByggnadsTyp":"Friliggande","EgenNybyggAr":1952,"EgenAtemp":8825,"EgenAntalPlan":6,"EgenAntalKallarplan":1,"EgenAntalTrapphus":2,"EgenAntalBolgh":0,"EgenProjVentFlode":"1,6200000000000001","EgenInstEleffektStorre":"Nej","EgenSkyddadEllerVardefull":0,"EgiEnergiklass":"D","EgiEnergiPrestanda":165,"EgiSpecifikEnergianvandning":134,"EgiEnergianvandning":1183053,"EgiPrimarenergianvandning":1455961,"EgiForstaArManad":1901,"EgiSistaArManad":1912,"EgiBeraknatVarde":"Nej","VentTypFTX":"Ja","VentTypF":"Nej","VentTypFT":"Nej","VentTypSjalvdrag":"Nej","VentTypFmed":"Nej","VentGruppKrav":"Ja","EgiSumma2":1069866,"EgiFastighet":286452,"EgiStationEI":"G\u00f6teborg","EgiRefvarde1":126,"EgiRefvarde2Max":197,"EgiVersion":2019,"VentGruppGodkand":"Ja","RadGruppHaltMatt":"Nej","Godkand":"2020-06-15","Version":2.7,"ExpertBehorighet":"Kvalificerad","VentGruppUtanAnm":1,"InspUppvGruppInspSkyldighet":"Ja","InspUppvUndAvtalEgipres":"Nej","InspLuftUndAvtalEgipres":"Nej","AtgForslagEgiMinskad":50000,"AtgForslagKostnad":"0,81000000000000005"}}},{"type":"Feature","geometry":{"type":"Polygon","coordinates":[[[11.936565392291628,57.705946835224246],[11.936567254854857,57.70594764430804],[11.936440852463448,57.705981829447424],[11.936436346945031,57.70597712747268],[11.936275021900487,57.706019427730375],[11.936195042013276,57.70593307548965],[11.936014473834389,57.705981542493866],[11.936056591484835,57.706075624263214],[11.935979464550098,57.70609477010906],[11.93598676147325,57.706103395559275],[11.9356819202785,57.70618208062849],[11.935670359150553,57.70617007124911],[11.935218432963268,57.7062866268694],[11.934441885396529,57.70542496168139],[11.935781036291145,57.705079129322236],[11.936565392291628,57.705946835224246]]]},"properties":{"id":"a866fcaf-bda1-46f7-b4bb-0c7adaa6c598","objektidentitet":"258c5282-617e-4f5d-aa44-e72b0e369bfa","versiongiltigfran":"2019-09-30T13:25:25.742Z","lagesosakerhetplan":0.1,"lagesosakerhethojd":null,"ursprunglig_organisation":"Lantm\u00e4teriet","objektversion":6.0,"objekttypnr":2063.0,"objekttyp":"Samh\u00e4llsfunktion","insamlingslage":"Takkant","byggnadsnamn1":"Backa Teater","byggnadsnamn2":"None","byggnadsnamn3":"None","husnummer":4.0,"huvudbyggnad":"Ja","andamal1":"Samh\u00e4llsfunktion;Kulturbyggnad","andamal2":"None","andamal3":"None","andamal4":"None","andamal5":"None","FormularId":1068511,"fastighetsbeteckning":"LINDHOLMEN 6:9","energy_class":"E","energy_performance":144,"specific_energy":107,"building_category":"Lokalbyggnader","construction_year":1940,"epc_detail":{"IdAdr":"Utvecklingsgatan 2C","IdPostnr":41756,"IdPostort":"G\u00f6teborg","IdKommun":"G\u00f6teborg","EgenByggnadsKat":"Lokalbyggnader","EgenByggnadsTyp":"Friliggande","EgenNybyggAr":1940,"EgenAtemp":26399,"EgenAntalPlan":5,"EgenAntalKallarplan":1,"EgenAntalTrapphus":4,"EgenProjVentFlode":"0,40000000000000002","EgenInstEleffektStorre":"Nej","EgenSkyddadEllerVardefull":0,"EgiEnergiklass":"E","EgiEnergiPrestanda":144,"EgiSpecifikEnergianvandning":107,"EgiEnergianvandning":2819233,"EgiPrimarenergianvandning":3798909,"EgiForstaArManad":1901,"EgiSistaArManad":1912,"EgiBeraknatVarde":"Nej","VentTypFTX":"Ja","VentTypF":"Nej","VentTypFT":"Nej","VentTypSjalvdrag":"Nej","VentTypFmed":"Nej","VentGruppKrav":"Ja","EgiSumma2":2638651,"EgiFastighet":1180433,"EgiStationEI":"G\u00f6teborg","EgiRefvarde1":84,"EgiRefvarde2Max":199,"EgiVersion":2019,"VentGruppGodkand":"Ja","RadGruppHaltMatt":"Nej","Godkand":"2020-05-26","Version":2.7,"ExpertBehorighet":"Kvalificerad","VentGruppUtanAnm":1,"InspUppvGruppInspSkyldighet":"Nej","InspUppvUndAvtalEgipres":"Nej","InspLuftGruppInspSkyldighet":"Nej","InspLuftUndAvtalEgipres":"Nej","AtgForslagEgiMinskad":4200,"AtgForslagKostnad":"1"}}},{"type":"Feature","geometry":{"type":"Polygon","coordinates":[[[11.936564436037411,57.705622588353535],[11.9364761274371,57.70564451961884],[11.936073930869343,57.705202851961424],[11.936166697025516,57.70517843142077],[11.936564436037411,57.705622588353535]]]},"properties":{"id":"6d224311-a3e4-4bdb-bdfe-9051894975cf","objektidentitet":"9def5abe-bec4-4cd1-ab21-3ce0782dc1c0","versiongiltigfran":"2019-09-30T13:24:46.960Z","lagesosakerhetplan":0.06,"lagesosakerhethojd":null,"ursprunglig_organisation":"Lantm\u00e4teriet","objektversion":6.0,"objekttypnr":2063.0,"objekttyp":"Samh\u00e4llsfunktion","insamlingslage":"Takkant","byggnadsnamn1":"Lindholmens kunskapscentrum","byggnadsnamn2":"None","byggnadsnamn3":"None","husnummer":3.0,"huvudbyggnad":"Ja","andamal1":"Samh\u00e4llsfunktion;Skola","andamal2":"None","andamal3":"None","andamal4":"None","andamal5":"None","FormularId":1080621,"fastighetsbeteckning":"LINDHOLMEN 6:9","energy_class":"D","energy_performance":165,"specific_energy":134,"building_category":"Lokalbyggnader","construction_year":1952,"epc_detail":{"IdAdr":"Utvecklingsgatan 4","IdPostnr":41756,"IdPostort":"G\u00f6teborg","IdKommun":"G\u00f6teborg","EgenByggnadsKat":"Lokalbyggnader","EgenByggnadsTyp":"Friliggande","EgenNybyggAr":1952,"EgenAtemp":8825,"EgenAntalPlan":6,"EgenAntalKallarplan":1,"EgenAntalTrapphus":2,"EgenAntalBolgh":0,"EgenProjVentFlode":"1,6200000000000001","EgenInstEleffektStorre":"Nej","EgenSkyddadEllerVardefull":0,"EgiEnergiklass":"D","EgiEnergiPrestanda":165,"EgiSpecifikEnergianvandning":134,"EgiEnergianvandning":1183053,"EgiPrimarenergianvandning":1455961,"EgiForstaArManad":1901,"EgiSistaArManad":1912,"EgiBeraknatVarde":"Nej","VentTypFTX":"Ja","VentTypF":"Nej","VentTypFT":"Nej","VentTypSjalvdrag":"Nej","VentTypFmed":"Nej","VentGruppKrav":"Ja","EgiSumma2":1069866,"EgiFastighet":286452,"EgiStationEI":"G\u00f6teborg","EgiRefvarde1":126,"EgiRefvarde2Max":197,"EgiVersion":2019,"VentGruppGodkand":"Ja","RadGruppHaltMatt":"Nej","Godkand":"2020-06-15","Version":2.7,"ExpertBehorighet":"Kvalificerad","VentGruppUtanAnm":1,"InspUppvGruppInspSkyldighet":"Ja","InspUppvUndAvtalEgipres":"Nej","InspLuftUndAvtalEgipres":"Nej","AtgForslagEgiMinskad":50000,"AtgForslagKostnad":"0,81000000000000005"}}},{"type":"Feature","geometry":{"type":"Polygon","coordinates":[[[11.932016169843994,57.70519341419169],[11.932173529663944,57.70515215567174],[11.932300847913389,57.70529326307957],[11.932288501334984,57.70531594599525],[11.931930482877913,57.7054083154588],[11.931856431213376,57.70532506113063],[11.932080202830303,57.70526490282756],[11.932016169843994,57.70519341419169]]]},"properties":{"id":"b38191ad-09cb-4693-af0d-ad9304e79b9a","objektidentitet":"b5ac73e1-9a73-4304-9909-79cbed8133ed","versiongiltigfran":"2015-10-08T08:32:42.214Z","lagesosakerhetplan":0.06,"lagesosakerhethojd":null,"ursprunglig_organisation":"G\u00f6teborg","objektversion":2.0,"objekttypnr":2061.0,"objekttyp":"Bostad","insamlingslage":"Takkant","byggnadsnamn1":"None","byggnadsnamn2":"None","byggnadsnamn3":"None","husnummer":1.0,"huvudbyggnad":"Nej","andamal1":"Bostad;Flerfamiljshus","andamal2":"None","andamal3":"None","andamal4":"None","andamal5":"None","FormularId":1374996,"fastighetsbeteckning":"LINDHOLMEN 735:295","energy_class":"D","energy_performance":83,"specific_energy":78,"building_category":"Flerbostadshus","construction_year":1900,"epc_detail":{"IdAdr":"F\u00f6rmansgatan 2D","IdPostnr":41757,"IdPostort":"G\u00f6teborg","IdKommun":"G\u00f6teborg","EgenByggnadsKat":"Flerbostadshus","EgenByggnadsTyp":"Gavel","EgenNybyggAr":1900,"EgenAtemp":1182,"EgenAntalPlan":3,"EgenAntalKallarplan":1,"EgenAntalTrapphus":3,"EgenAntalBolgh":12,"EgenProjVentFlode":"0,34999999999999998","EgenInstEleffektStorre":"Nej","EgenSkyddadEllerVardefull":5,"EgiEnergiklass":"D","EgiEnergiPrestanda":83,"EgiSpecifikEnergianvandning":78,"EgiEnergianvandning":91693,"EgiPrimarenergianvandning":97860,"EgiPrimarenergital2020":83,"EgiForstaArManad":2201,"EgiSistaArManad":2212,"EgiBeraknatVarde":"Nej","VentTypFTX":"Nej","VentTypF":"Nej","VentTypFT":"Nej","VentTypSjalvdrag":"Nej","VentTypFmed":"Ja","VentGruppKrav":"Ja","EgiSumma2":86759,"EgiFastighet":6106,"EgiStationEI":"G\u00f6teborg","EgiRefvarde1":75,"EgiRefvarde2Max":129,"EgiVersion":2022,"VentGruppGodkand":"Ja","RadGruppHaltMatt":"Nej","Godkand":"2023-05-04","Version":2.8,"ExpertBehorighet":"Kvalificerad","VentGruppUtanAnm":1,"InspUppvUndAvtalEgipres":"Nej","InspLuftUndAvtalEgipres":"Nej","AtgForslagEgiMinskad":16000,"AtgForslagKostnad":"0,69999999999999996","AtgUtfordaUtfortAr":2021}}},{"type":"Feature","geometry":{"type":"Polygon","coordinates":[[[11.9369788877439,57.705417829382235],[11.937055005745364,57.70538377441774],[11.937069965603287,57.705394113303626],[11.93709438213821,57.70541394777285],[11.937115071720143,57.70543496829277],[11.937119435797623,57.70544015217],[11.937135205698604,57.70546236581523],[11.937146818869255,57.705485287733886],[11.93704904865014,57.70549520705271],[11.9369788877439,57.705417829382235]]]},"properties":{"id":"222fdb17-5017-4489-a1d1-0bff12947ddb","objektidentitet":"9def5abe-bec4-4cd1-ab21-3ce0782dc1c0","versiongiltigfran":"2019-09-30T13:24:46.960Z","lagesosakerhetplan":0.06,"lagesosakerhethojd":null,"ursprunglig_organisation":"Lantm\u00e4teriet","objektversion":6.0,"objekttypnr":2063.0,"objekttyp":"Samh\u00e4llsfunktion","insamlingslage":"Takkant","byggnadsnamn1":"Lindholmens kunskapscentrum","byggnadsnamn2":"None","byggnadsnamn3":"None","husnummer":3.0,"huvudbyggnad":"Ja","andamal1":"Samh\u00e4llsfunktion;Skola","andamal2":"None","andamal3":"None","andamal4":"None","andamal5":"None","FormularId":1080621,"fastighetsbeteckning":"LINDHOLMEN 6:9","energy_class":"D","energy_performance":165,"specific_energy":134,"building_category":"Lokalbyggnader","construction_year":1952,"epc_detail":{"IdAdr":"Utvecklingsgatan 4","IdPostnr":41756,"IdPostort":"G\u00f6teborg","IdKommun":"G\u00f6teborg","EgenByggnadsKat":"Lokalbyggnader","EgenByggnadsTyp":"Friliggande","EgenNybyggAr":1952,"EgenAtemp":8825,"EgenAntalPlan":6,"EgenAntalKallarplan":1,"EgenAntalTrapphus":2,"EgenAntalBolgh":0,"EgenProjVentFlode":"1,6200000000000001","EgenInstEleffektStorre":"Nej","EgenSkyddadEllerVardefull":0,"EgiEnergiklass":"D","EgiEnergiPrestanda":165,"EgiSpecifikEnergianvandning":134,"EgiEnergianvandning":1183053,"EgiPrimarenergianvandning":1455961,"EgiForstaArManad":1901,"EgiSistaArManad":1912,"EgiBeraknatVarde":"Nej","VentTypFTX":"Ja","VentTypF":"Nej","VentTypFT":"Nej","VentTypSjalvdrag":"Nej","VentTypFmed":"Nej","VentGruppKrav":"Ja","EgiSumma2":1069866,"EgiFastighet":286452,"EgiStationEI":"G\u00f6teborg","EgiRefvarde1":126,"EgiRefvarde2Max":197,"EgiVersion":2019,"VentGruppGodkand":"Ja","RadGruppHaltMatt":"Nej","Godkand":"2020-06-15","Version":2.7,"ExpertBehorighet":"Kvalificerad","VentGruppUtanAnm":1,"InspUppvGruppInspSkyldighet":"Ja","InspUppvUndAvtalEgipres":"Nej","InspLuftUndAvtalEgipres":"Nej","AtgForslagEgiMinskad":50000,"AtgForslagKostnad":"0,81000000000000005"}}},{"type":"Feature","geometry":{"type":"Polygon","coordinates":[[[11.936883093620965,57.70543953473099],[11.936976553015151,57.705415256213854],[11.937050568065791,57.70549689763174],[11.936957108507015,57.70552117620172],[11.936883093620965,57.70543953473099]]]},"properties":{"id":"ed39be73-bf9d-4717-9f5c-35c1c473d013","objektidentitet":"9def5abe-bec4-4cd1-ab21-3ce0782dc1c0","versiongiltigfran":"2019-09-30T13:24:46.960Z","lagesosakerhetplan":0.06,"lagesosakerhethojd":null,"ursprunglig_organisation":"Lantm\u00e4teriet","objektversion":6.0,"objekttypnr":2063.0,"objekttyp":"Samh\u00e4llsfunktion","insamlingslage":"Takkant","byggnadsnamn1":"Lindholmens kunskapscentrum","byggnadsnamn2":"None","byggnadsnamn3":"None","husnummer":3.0,"huvudbyggnad":"Ja","andamal1":"Samh\u00e4llsfunktion;Skola","andamal2":"None","andamal3":"None","andamal4":"None","andamal5":"None","FormularId":1080621,"fastighetsbeteckning":"LINDHOLMEN 6:9","energy_class":"D","energy_performance":165,"specific_energy":134,"building_category":"Lokalbyggnader","construction_year":1952,"epc_detail":{"IdAdr":"Utvecklingsgatan 4","IdPostnr":41756,"IdPostort":"G\u00f6teborg","IdKommun":"G\u00f6teborg","EgenByggnadsKat":"Lokalbyggnader","EgenByggnadsTyp":"Friliggande","EgenNybyggAr":1952,"EgenAtemp":8825,"EgenAntalPlan":6,"EgenAntalKallarplan":1,"EgenAntalTrapphus":2,"EgenAntalBolgh":0,"EgenProjVentFlode":"1,6200000000000001","EgenInstEleffektStorre":"Nej","EgenSkyddadEllerVardefull":0,"EgiEnergiklass":"D","EgiEnergiPrestanda":165,"EgiSpecifikEnergianvandning":134,"EgiEnergianvandning":1183053,"EgiPrimarenergianvandning":1455961,"EgiForstaArManad":1901,"EgiSistaArManad":1912,"EgiBeraknatVarde":"Nej","VentTypFTX":"Ja","VentTypF":"Nej","VentTypFT":"Nej","VentTypSjalvdrag":"Nej","VentTypFmed":"Nej","VentGruppKrav":"Ja","EgiSumma2":1069866,"EgiFastighet":286452,"EgiStationEI":"G\u00f6teborg","EgiRefvarde1":126,"EgiRefvarde2Max":197,"EgiVersion":2019,"VentGruppGodkand":"Ja","RadGruppHaltMatt":"Nej","Godkand":"2020-06-15","Version":2.7,"ExpertBehorighet":"Kvalificerad","VentGruppUtanAnm":1,"InspUppvGruppInspSkyldighet":"Ja","InspUppvUndAvtalEgipres":"Nej","InspLuftUndAvtalEgipres":"Nej","AtgForslagEgiMinskad":50000,"AtgForslagKostnad":"0,81000000000000005"}}},{"type":"Feature","geometry":{"type":"Polygon","coordinates":[[[11.933053536599802,57.705901270655154],[11.932930846919762,57.70576175933074],[11.93294193711364,57.70573844369962],[11.93331169704881,57.7056114915532],[11.933743960581443,57.70546018594269],[11.933794274342619,57.70546642978211],[11.933924894715286,57.705595382814295],[11.93378177177975,57.70564678551408],[11.93370892835762,57.70557916479515],[11.93368500253171,57.70558530787137],[11.933687758353509,57.705593023458334],[11.93340692914632,57.70569133066289],[11.933153072110843,57.70577942467704],[11.933145527119134,57.70578902070405],[11.933200039185675,57.70584646334099],[11.93323750876798,57.70583246062532],[11.933381469742766,57.70599385176063],[11.933183979670472,57.70604441221639],[11.933053536599802,57.705901270655154]]]},"properties":{"id":"e06a1e2d-3835-4380-a876-ffc5b73610fa","objektidentitet":"109a01a2-18f7-4af6-aabb-a274fc828d70","versiongiltigfran":"2015-06-30T14:15:59.655Z","lagesosakerhetplan":0.06,"lagesosakerhethojd":null,"ursprunglig_organisation":"Kommunsamverkan","objektversion":2.0,"objekttypnr":2061.0,"objekttyp":"Bostad","insamlingslage":"Takkant","byggnadsnamn1":"None","byggnadsnamn2":"None","byggnadsnamn3":"None","husnummer":1.0,"huvudbyggnad":"Nej","andamal1":"Bostad;Flerfamiljshus","andamal2":"None","andamal3":"None","andamal4":"None","andamal5":"None","FormularId":1403841,"fastighetsbeteckning":"LINDHOLMEN 735:339","energy_class":"E","energy_performance":106,"specific_energy":129,"building_category":"Flerbostadshus","construction_year":1998,"epc_detail":{"IdAdr":"Arbetaregatan 2","IdPostnr":41757,"IdPostort":"G\u00f6teborg","IdKommun":"G\u00f6teborg","EgenByggnadsKat":"Flerbostadshus","EgenByggnadsTyp":"Friliggande","EgenNybyggAr":1998,"EgenAtemp":1604,"EgenAntalPlan":4,"EgenAntalKallarplan":1,"EgenAntalTrapphus":1,"EgenAntalBolgh":16,"EgenInstEleffektStorre":"Nej","EgenSkyddadEllerVardefull":0,"EgiEnergiklass":"E","EgiEnergiPrestanda":106,"EgiSpecifikEnergianvandning":129,"EgiEnergianvandning":207370,"EgiPrimarenergianvandning":169970,"EgiPrimarenergital2020":106,"EgiForstaArManad":2207,"EgiSistaArManad":2306,"EgiBeraknatVarde":"Nej","VentTypFTX":"Nej","VentTypF":"Ja","VentTypFT":"Nej","VentTypSjalvdrag":"Nej","VentTypFmed":"Nej","VentGruppKrav":"Ja","EgiSumma2":192432,"EgiFastighet":11544,"EgiStationEI":"G\u00f6teborg","EgiRefvarde1":75,"EgiRefvarde2Max":124,"EgiVersion":2023,"VentGruppGodkand":"Ja","RadGruppHaltMatt":"Nej","Godkand":"2023-09-08","Version":2.8,"ExpertBehorighet":"Kvalificerad","VentGruppUtanAnm":0,"InspUppvUndAvtalEgipres":"Nej","InspLuftUndAvtalEgipres":"Nej","AtgForslagEgiMinskad":70000,"AtgForslagKostnad":"1,04"}}},{"type":"Feature","geometry":{"type":"Polygon","coordinates":[[[11.933814166002415,57.705674714459136],[11.933964700782056,57.705635535282305],[11.934115010885392,57.70580089933379],[11.933747151884573,57.7058966576074],[11.933673964933533,57.70581602291528],[11.933891119918275,57.70575944902113],[11.933814166002415,57.705674714459136]]]},"properties":{"id":"62b35b61-f866-481a-8ef7-5d754d445480","objektidentitet":"f06a5072-8132-43bd-97bb-a43d2109abfc","versiongiltigfran":"2011-03-23T09:10:26.877Z","lagesosakerhetplan":0.025,"lagesosakerhethojd":null,"ursprunglig_organisation":"Lantm\u00e4teriet","objektversion":1.0,"objekttypnr":2061.0,"objekttyp":"Bostad","insamlingslage":"Takkant","byggnadsnamn1":"None","byggnadsnamn2":"None","byggnadsnamn3":"None","husnummer":1.0,"huvudbyggnad":"Nej","andamal1":"Bostad;Flerfamiljshus","andamal2":"None","andamal3":"None","andamal4":"None","andamal5":"None","FormularId":1403841,"fastighetsbeteckning":"LINDHOLMEN 735:339","energy_class":"E","energy_performance":106,"specific_energy":129,"building_category":"Flerbostadshus","construction_year":1998,"epc_detail":{"IdAdr":"Arbetaregatan 2","IdPostnr":41757,"IdPostort":"G\u00f6teborg","IdKommun":"G\u00f6teborg","EgenByggnadsKat":"Flerbostadshus","EgenByggnadsTyp":"Friliggande","EgenNybyggAr":1998,"EgenAtemp":1604,"EgenAntalPlan":4,"EgenAntalKallarplan":1,"EgenAntalTrapphus":1,"EgenAntalBolgh":16,"EgenInstEleffektStorre":"Nej","EgenSkyddadEllerVardefull":0,"EgiEnergiklass":"E","EgiEnergiPrestanda":106,"EgiSpecifikEnergianvandning":129,"EgiEnergianvandning":207370,"EgiPrimarenergianvandning":169970,"EgiPrimarenergital2020":106,"EgiForstaArManad":2207,"EgiSistaArManad":2306,"EgiBeraknatVarde":"Nej","VentTypFTX":"Nej","VentTypF":"Ja","VentTypFT":"Nej","VentTypSjalvdrag":"Nej","VentTypFmed":"Nej","VentGruppKrav":"Ja","EgiSumma2":192432,"EgiFastighet":11544,"EgiStationEI":"G\u00f6teborg","EgiRefvarde1":75,"EgiRefvarde2Max":124,"EgiVersion":2023,"VentGruppGodkand":"Ja","RadGruppHaltMatt":"Nej","Godkand":"2023-09-08","Version":2.8,"ExpertBehorighet":"Kvalificerad","VentGruppUtanAnm":0,"InspUppvUndAvtalEgipres":"Nej","InspLuftUndAvtalEgipres":"Nej","AtgForslagEgiMinskad":70000,"AtgForslagKostnad":"1,04"}}},{"type":"Feature","geometry":{"type":"Polygon","coordinates":[[[11.932235337042945,57.70570962558693],[11.93231938013782,57.70580102241543],[11.932032253551483,57.70587665897653],[11.931948227774388,57.705785262369936],[11.932235337042945,57.70570962558693]]]},"properties":{"id":"f2b89402-8e4c-484a-bfa6-637734791f96","objektidentitet":"4ef9783c-3bb2-418c-b9a1-73379ca56628","versiongiltigfran":"2011-03-23T08:54:58.714Z","lagesosakerhetplan":0.06,"lagesosakerhethojd":2.5,"ursprunglig_organisation":"Lantm\u00e4teriet","objektversion":1.0,"objekttypnr":2064.0,"objekttyp":"Verksamhet","insamlingslage":"Takkant","byggnadsnamn1":"None","byggnadsnamn2":"None","byggnadsnamn3":"None","husnummer":1.0,"huvudbyggnad":"Nej","andamal1":"Verksamhet;","andamal2":"None","andamal3":"None","andamal4":"None","andamal5":"None","FormularId":1132313,"fastighetsbeteckning":"LINDHOLMEN 735:333","energy_class":"G","energy_performance":225,"specific_energy":113,"building_category":"Lokalbyggnader","construction_year":1991,"epc_detail":{"IdAdr":"Lindholmsv\u00e4gen 10","IdPostnr":41757,"IdPostort":"G\u00f6teborg","IdKommun":"G\u00f6teborg","EgenByggnadsKat":"Lokalbyggnader","EgenByggnadsTyp":"Gavel","EgenNybyggAr":1991,"EgenAtemp":303,"EgenAntalPlan":2,"EgenAntalKallarplan":0,"EgenAntalTrapphus":1,"EgenAntalBolgh":0,"EgenProjVentFlode":"0,34999999999999998","EgenInstEleffektStorre":"Ja","EgenSkyddadEllerVardefull":4,"EgiEnergiklass":"G","EgiEnergiPrestanda":225,"EgiSpecifikEnergianvandning":113,"EgiEnergianvandning":34198,"EgiPrimarenergianvandning":68090,"EgiPrimarenergital2020":225,"EgiBeraknatVarde":"Ja","VentTypFTX":"Nej","VentTypF":"Nej","VentTypFT":"Nej","VentTypSjalvdrag":"Ja","VentTypFmed":"Nej","VentGruppKrav":"Ja","EgiSumma2":34198,"EgiFastighet":926,"EgiRefvarde1":70,"EgiRefvarde2Max":190,"EgiVersion":2020,"VentGruppGodkand":"Ja","RadGruppHaltMatt":"Ja","RadHalt":50,"RadTypMatning":"Annan metod","RadMatDatum":"2017-04-25","Godkand":"2020-10-22","Version":2.8,"ExpertBehorighet":"Kvalificerad","VentGruppUtanAnm":1,"InspUppvUndAvtalEgipres":"Nej","InspLuftUndAvtalEgipres":"Nej"}}},{"type":"Feature","geometry":{"type":"Polygon","coordinates":[[[11.932240697241744,57.706041889293424],[11.932171722099486,57.70596608351815],[11.932724961628097,57.7058218495228],[11.932793937673154,57.70589765500648],[11.932240697241744,57.706041889293424]]]},"properties":{"id":"a5b32a7b-b56f-471e-9350-9dd06d70b519","objektidentitet":"c0adfbd6-e5d2-4340-ad8b-1b52d3f533a3","versiongiltigfran":"2011-03-23T08:57:54.344Z","lagesosakerhetplan":0.06,"lagesosakerhethojd":2.5,"ursprunglig_organisation":"Lantm\u00e4teriet","objektversion":1.0,"objekttypnr":2061.0,"objekttyp":"Bostad","insamlingslage":"Takkant","byggnadsnamn1":"None","byggnadsnamn2":"None","byggnadsnamn3":"None","husnummer":5.0,"huvudbyggnad":"Nej","andamal1":"Bostad;Flerfamiljshus","andamal2":"None","andamal3":"None","andamal4":"None","andamal5":"None","FormularId":1132200,"fastighetsbeteckning":"LINDHOLMEN 12:1","energy_class":"E","energy_performance":120,"specific_energy":138,"building_category":"Flerbostadshus","construction_year":1993,"epc_detail":{"IdAdr":"Lindholmsv\u00e4gen 7","IdPostnr":41757,"IdPostort":"G\u00f6teborg","IdKommun":"G\u00f6teborg","EgenByggnadsKat":"Flerbostadshus","EgenByggnadsTyp":"Friliggande","EgenNybyggAr":1993,"EgenAtemp":803,"EgenAntalPlan":3,"EgenAntalKallarplan":0,"EgenAntalTrapphus":2,"EgenAntalBolgh":8,"EgenProjVentFlode":"0,34999999999999998","EgenInstEleffektStorre":"Nej","EgenSkyddadEllerVardefull":4,"EgiEnergiklass":"E","EgiEnergiPrestanda":120,"EgiSpecifikEnergianvandning":138,"EgiEnergianvandning":111099,"EgiPrimarenergianvandning":96230,"EgiPrimarenergital2020":120,"EgiBeraknatVarde":"Ja","VentTypFTX":"Ja","VentTypF":"Ja","VentTypFT":"Nej","VentTypSjalvdrag":"Nej","VentTypFmed":"Nej","VentGruppKrav":"Ja","EgiSumma2":111099,"EgiFastighet":11134,"EgiRefvarde1":75,"EgiRefvarde2Max":148,"EgiVersion":2020,"VentGruppGodkand":"Ja","RadGruppHaltMatt":"Ja","RadHalt":30,"RadTypMatning":"Annan metod","RadMatDatum":"2010-02-10","Godkand":"2020-10-22","Version":2.8,"ExpertBehorighet":"Kvalificerad","VentGruppUtanAnm":1,"InspUppvUndAvtalEgipres":"Nej","InspLuftUndAvtalEgipres":"Nej","AtgForslagEgiMinskad":650,"AtgForslagKostnad":"0,97999999999999998"}}},{"type":"Feature","geometry":{"type":"Polygon","coordinates":[[[11.936355604061884,57.706108194293115],[11.936321215794726,57.706117140401844],[11.936179336340889,57.705959371459755],[11.936211675122031,57.70595103187729],[11.936275021900487,57.706019427730375],[11.936355604061884,57.706108194293115]]]},"properties":{"id":"f6a15f6f-328a-4a22-b956-28e49b1fb4f6","objektidentitet":"258c5282-617e-4f5d-aa44-e72b0e369bfa","versiongiltigfran":"2019-09-30T13:25:25.742Z","lagesosakerhetplan":0.06,"lagesosakerhethojd":null,"ursprunglig_organisation":"Lantm\u00e4teriet","objektversion":6.0,"objekttypnr":2063.0,"objekttyp":"Samh\u00e4llsfunktion","insamlingslage":"Takkant","byggnadsnamn1":"Backa Teater","byggnadsnamn2":"None","byggnadsnamn3":"None","husnummer":4.0,"huvudbyggnad":"Ja","andamal1":"Samh\u00e4llsfunktion;Kulturbyggnad","andamal2":"None","andamal3":"None","andamal4":"None","andamal5":"None","FormularId":1068511,"fastighetsbeteckning":"LINDHOLMEN 6:9","energy_class":"E","energy_performance":144,"specific_energy":107,"building_category":"Lokalbyggnader","construction_year":1940,"epc_detail":{"IdAdr":"Utvecklingsgatan 2C","IdPostnr":41756,"IdPostort":"G\u00f6teborg","IdKommun":"G\u00f6teborg","EgenByggnadsKat":"Lokalbyggnader","EgenByggnadsTyp":"Friliggande","EgenNybyggAr":1940,"EgenAtemp":26399,"EgenAntalPlan":5,"EgenAntalKallarplan":1,"EgenAntalTrapphus":4,"EgenProjVentFlode":"0,40000000000000002","EgenInstEleffektStorre":"Nej","EgenSkyddadEllerVardefull":0,"EgiEnergiklass":"E","EgiEnergiPrestanda":144,"EgiSpecifikEnergianvandning":107,"EgiEnergianvandning":2819233,"EgiPrimarenergianvandning":3798909,"EgiForstaArManad":1901,"EgiSistaArManad":1912,"EgiBeraknatVarde":"Nej","VentTypFTX":"Ja","VentTypF":"Nej","VentTypFT":"Nej","VentTypSjalvdrag":"Nej","VentTypFmed":"Nej","VentGruppKrav":"Ja","EgiSumma2":2638651,"EgiFastighet":1180433,"EgiStationEI":"G\u00f6teborg","EgiRefvarde1":84,"EgiRefvarde2Max":199,"EgiVersion":2019,"VentGruppGodkand":"Ja","RadGruppHaltMatt":"Nej","Godkand":"2020-05-26","Version":2.7,"ExpertBehorighet":"Kvalificerad","VentGruppUtanAnm":1,"InspUppvGruppInspSkyldighet":"Nej","InspUppvUndAvtalEgipres":"Nej","InspLuftGruppInspSkyldighet":"Nej","InspLuftUndAvtalEgipres":"Nej","AtgForslagEgiMinskad":4200,"AtgForslagKostnad":"1"}}},{"type":"Feature","geometry":{"type":"Polygon","coordinates":[[[11.93681670438261,57.70603202415426],[11.936831094612236,57.70604771509995],[11.936809183399916,57.70605346713514],[11.936707530551809,57.7060812951363],[11.936687307524894,57.706086144292144],[11.936673202683396,57.7060716466547],[11.93681670438261,57.70603202415426]]]},"properties":{"id":"9a4523fe-64b6-49cc-bbaa-d5d8707f5d51","objektidentitet":"fa22b604-2a8f-42dd-b65c-d19ca6858fe2","versiongiltigfran":"2023-08-21T16:16:42.929Z","lagesosakerhetplan":0.06,"lagesosakerhethojd":2.5,"ursprunglig_organisation":"G\u00f6teborg","objektversion":2.0,"objekttypnr":2063.0,"objekttyp":"Samh\u00e4llsfunktion","insamlingslage":"Takkant","byggnadsnamn1":"None","byggnadsnamn2":"None","byggnadsnamn3":"None","husnummer":1.0,"huvudbyggnad":"Nej","andamal1":"Samh\u00e4llsfunktion;Universitet","andamal2":"None","andamal3":"None","andamal4":"None","andamal5":"None","FormularId":null,"energy_class":null,"energy_performance":null,"specific_energy":null,"building_category":null,"construction_year":null,"epc_detail":{}}},{"type":"Feature","geometry":{"type":"Polygon","coordinates":[[[11.936327601959713,57.70655769753285],[11.936321054917437,57.706550528344245],[11.93631506100437,57.70655151566888],[11.93627378087093,57.70650631300004],[11.936244622436066,57.70650522932478],[11.936222492732503,57.706480983052025],[11.936239720374235,57.70647601648186],[11.936064157706904,57.70628248635119],[11.936043214239858,57.70628214986323],[11.936021802988206,57.70625775018023],[11.936044208046244,57.70625211809513],[11.936005168131308,57.70620763469769],[11.936007510644762,57.706206738708374],[11.936001579401058,57.70620023155153],[11.936635203665249,57.706035502554315],[11.93664136360468,57.70604228485798],[11.936644251636938,57.70604188741879],[11.936687307524894,57.706086144292144],[11.936707530551809,57.7060812951363],[11.936730416545565,57.706103348592755],[11.9367192006167,57.70611327836302],[11.936893096853092,57.70630589536345],[11.93690982083461,57.706302714106286],[11.936931323076541,57.70632644173383],[11.936917177278975,57.706338853167566],[11.936957168691437,57.706384410897606],[11.936952430141245,57.70638564435988],[11.936959664631262,57.706393621102684],[11.936327601959713,57.70655769753285]]]},"properties":{"id":"65b90e14-1d03-4dbe-8077-0c9242ba13a0","objektidentitet":"58a769ed-f591-4e2e-b815-71ddea3e92a2","versiongiltigfran":"2023-08-17T16:07:28.262Z","lagesosakerhetplan":0.06,"lagesosakerhethojd":2.5,"ursprunglig_organisation":"G\u00f6teborg","objektversion":2.0,"objekttypnr":2063.0,"objekttyp":"Samh\u00e4llsfunktion","insamlingslage":"Takkant","byggnadsnamn1":"None","byggnadsnamn2":"None","byggnadsnamn3":"None","husnummer":2.0,"huvudbyggnad":"Nej","andamal1":"Samh\u00e4llsfunktion;Universitet","andamal2":"None","andamal3":"None","andamal4":"None","andamal5":"None","FormularId":null,"energy_class":null,"energy_performance":null,"specific_energy":null,"building_category":null,"construction_year":null,"epc_detail":{}}},{"type":"Feature","geometry":{"type":"Polygon","coordinates":[[[11.932224957291316,57.70609752082813],[11.932336678397288,57.70606842156339],[11.93238284378308,57.70611932561432],[11.93227120937371,57.70614839107189],[11.932224957291316,57.70609752082813]]]},"properties":{"id":"3e2e6154-2f77-4fba-a6ec-219bc5efbc8d","objektidentitet":"004bbbed-628f-4344-ae56-0fa0579c0706","versiongiltigfran":"2011-03-23T08:44:32.078Z","lagesosakerhetplan":0.025,"lagesosakerhethojd":null,"ursprunglig_organisation":"Lantm\u00e4teriet","objektversion":1.0,"objekttypnr":2066.0,"objekttyp":"Komplementbyggnad","insamlingslage":"Takkant","byggnadsnamn1":"None","byggnadsnamn2":"None","byggnadsnamn3":"None","husnummer":13.0,"huvudbyggnad":"Nej","andamal1":"Komplementbyggnad;","andamal2":"None","andamal3":"None","andamal4":"None","andamal5":"None","FormularId":null,"energy_class":null,"energy_performance":null,"specific_energy":null,"building_category":null,"construction_year":null,"epc_detail":{}}},{"type":"Feature","geometry":{"type":"Polygon","coordinates":[[[11.93611628176092,57.70660264267283],[11.936163951916013,57.70659032422979],[11.935856864743963,57.70624683440108],[11.935775725817996,57.70626834566011],[11.935760212202032,57.706253831768585],[11.935865997694576,57.70622658996436],[11.936201153871497,57.706597957238365],[11.936127774942541,57.70661744562572],[11.93611628176092,57.70660264267283]]]},"properties":{"id":"55cfddc9-6e42-46ef-87b8-c2dff5b37095","objektidentitet":"0efb31a0-8ed4-4877-9eb3-9c59ce4596fe","versiongiltigfran":"2023-08-21T16:17:55.438Z","lagesosakerhetplan":0.06,"lagesosakerhethojd":null,"ursprunglig_organisation":"G\u00f6teborg","objektversion":3.0,"objekttypnr":2063.0,"objekttyp":"Samh\u00e4llsfunktion","insamlingslage":"Takkant","byggnadsnamn1":"None","byggnadsnamn2":"None","byggnadsnamn3":"None","husnummer":5.0,"huvudbyggnad":"Nej","andamal1":"Samh\u00e4llsfunktion;Universitet","andamal2":"None","andamal3":"None","andamal4":"None","andamal5":"None","FormularId":null,"energy_class":null,"energy_performance":null,"specific_energy":null,"building_category":null,"construction_year":null,"epc_detail":{}}},{"type":"Feature","geometry":{"type":"Polygon","coordinates":[[[11.935860181428646,57.706243948700866],[11.936172803812989,57.70658790513655],[11.935892261545687,57.7066609595744],[11.935579641998213,57.70631699349894],[11.935860181428646,57.706243948700866]]]},"properties":{"id":"5c2576d4-774b-4e1a-8f83-11b6c6553448","objektidentitet":"0efb31a0-8ed4-4877-9eb3-9c59ce4596fe","versiongiltigfran":"2023-08-21T16:17:55.438Z","lagesosakerhetplan":0.025,"lagesosakerhethojd":2.5,"ursprunglig_organisation":"G\u00f6teborg","objektversion":3.0,"objekttypnr":2063.0,"objekttyp":"Samh\u00e4llsfunktion","insamlingslage":"Takkant","byggnadsnamn1":"None","byggnadsnamn2":"None","byggnadsnamn3":"None","husnummer":5.0,"huvudbyggnad":"Nej","andamal1":"Samh\u00e4llsfunktion;Universitet","andamal2":"None","andamal3":"None","andamal4":"None","andamal5":"None","FormularId":null,"energy_class":null,"energy_performance":null,"specific_energy":null,"building_category":null,"construction_year":null,"epc_detail":{}}},{"type":"Feature","geometry":{"type":"Polygon","coordinates":[[[11.932011487173183,57.70636204687447],[11.93194257206746,57.70628612559076],[11.932224400865685,57.70621281443654],[11.93229333318924,57.70628873597822],[11.932011487173183,57.70636204687447]]]},"properties":{"id":"afbb458b-c2ff-45f9-81f0-55decf2d6e77","objektidentitet":"94904441-107f-4a0e-8203-8e1361bf5815","versiongiltigfran":"2015-10-08T08:34:18.501Z","lagesosakerhetplan":0.06,"lagesosakerhethojd":null,"ursprunglig_organisation":"G\u00f6teborg","objektversion":2.0,"objekttypnr":2061.0,"objekttyp":"Bostad","insamlingslage":"Takkant","byggnadsnamn1":"None","byggnadsnamn2":"None","byggnadsnamn3":"None","husnummer":3.0,"huvudbyggnad":"Nej","andamal1":"Bostad;Flerfamiljshus","andamal2":"None","andamal3":"None","andamal4":"None","andamal5":"None","FormularId":1132197,"fastighetsbeteckning":"LINDHOLMEN 12:1","energy_class":"D","energy_performance":99,"specific_energy":113,"building_category":"Flerbostadshus","construction_year":1993,"epc_detail":{"IdAdr":"Arbetaregatan 10","IdPostnr":41757,"IdPostort":"G\u00f6teborg","IdKommun":"G\u00f6teborg","EgenByggnadsKat":"Flerbostadshus","EgenByggnadsTyp":"Friliggande","EgenNybyggAr":1993,"EgenAtemp":385,"EgenAntalPlan":3,"EgenAntalKallarplan":0,"EgenAntalTrapphus":1,"EgenAntalBolgh":4,"EgenInstEleffektStorre":"Nej","EgenSkyddadEllerVardefull":4,"EgiEnergiklass":"D","EgiEnergiPrestanda":99,"EgiSpecifikEnergianvandning":113,"EgiEnergianvandning":43457,"EgiPrimarenergianvandning":38095,"EgiPrimarenergital2020":99,"EgiBeraknatVarde":"Ja","VentTypFTX":"Ja","VentTypF":"Ja","VentTypFT":"Nej","VentTypSjalvdrag":"Nej","VentTypFmed":"Nej","VentGruppKrav":"Ja","EgiSumma2":43457,"EgiFastighet":4934,"EgiRefvarde1":75,"EgiRefvarde2Max":148,"EgiVersion":2020,"VentGruppGodkand":"Ja","RadGruppHaltMatt":"Ja","RadHalt":30,"RadTypMatning":"Annan metod","RadMatDatum":"2006-02-10","Godkand":"2020-10-22","Version":2.8,"ExpertBehorighet":"Kvalificerad","VentGruppUtanAnm":1,"InspUppvUndAvtalEgipres":"Nej","InspLuftUndAvtalEgipres":"Nej"}}},{"type":"Feature","geometry":{"type":"Polygon","coordinates":[[[11.933939248306714,57.70633523621385],[11.934097221581787,57.70629310930907],[11.934113367661643,57.70631046097338],[11.933955395087079,57.70635257892806],[11.933939248306714,57.70633523621385]]]},"properties":{"id":"f964a619-67df-471c-870f-8db77708603d","objektidentitet":"8dafd1c1-a571-4e9c-913a-30604a3acfc5","versiongiltigfran":"2015-10-08T08:32:42.214Z","lagesosakerhetplan":0.06,"lagesosakerhethojd":null,"ursprunglig_organisation":"G\u00f6teborg","objektversion":1.0,"objekttypnr":2066.0,"objekttyp":"Komplementbyggnad","insamlingslage":"Takkant","byggnadsnamn1":"None","byggnadsnamn2":"None","byggnadsnamn3":"None","husnummer":3.0,"huvudbyggnad":"Nej","andamal1":"Komplementbyggnad;","andamal2":"None","andamal3":"None","andamal4":"None","andamal5":"None","FormularId":952319,"fastighetsbeteckning":"LINDHOLMEN 14:2","energy_class":"E","energy_performance":119,"specific_energy":107,"building_category":"Flerbostadshus","construction_year":2002,"epc_detail":{"IdAdr":"Verkm\u00e4staregatan 9","IdPostnr":41757,"IdPostort":"G\u00f6teborg","IdKommun":"G\u00f6teborg","EgenByggnadsKat":"Flerbostadshus","EgenByggnadsTyp":"Friliggande","EgenNybyggAr":2002,"EgenAtemp":1200,"EgenAntalPlan":4,"EgenAntalKallarplan":1,"EgenAntalTrapphus":1,"EgenAntalBolgh":13,"EgenProjVentFlode":"0,34999999999999998","EgenInstEleffektStorre":"Nej","EgenSkyddadEllerVardefull":0,"EgiEnergiklass":"E","EgiEnergiPrestanda":119,"EgiSpecifikEnergianvandning":107,"EgiEnergianvandning":128697,"EgiPrimarenergianvandning":143071,"EgiForstaArManad":1701,"EgiSistaArManad":1712,"EgiBeraknatVarde":"Nej","VentTypFTX":"Nej","VentTypF":"Ja","VentTypFT":"Nej","VentTypSjalvdrag":"Nej","VentTypFmed":"Nej","VentGruppKrav":"Ja","EgiSumma2":121571,"EgiFastighet":6971,"EgiStationEI":"G\u00f6teborg","EgiRefvarde1":84,"EgiRefvarde2Max":140,"EgiVersion":2019,"VentGruppGodkand":"Ja","RadGruppHaltMatt":"Nej","Godkand":"2019-06-07","Version":2.6,"ExpertBehorighet":"Kvalificerad","VentGruppUtanAnm":1,"AtgForslagEgiMinskad":0,"AtgForslagKostnad":"0","AtgUtfordaUtfortAr":2016}}},{"type":"Feature","geometry":{"type":"Polygon","coordinates":[[[11.935484345199258,57.70641718403699],[11.935431330934684,57.706358457503896],[11.935502468532924,57.70634005670168],[11.935555399104343,57.70639878117635],[11.935484345199258,57.70641718403699]]]},"properties":{"id":"90032ec7-2e4d-434d-a1f9-6bf556405f71","objektidentitet":"bb07014f-f045-47ee-8ea3-b27e67f09e43","versiongiltigfran":"2023-08-21T16:18:36.519Z","lagesosakerhetplan":0.06,"lagesosakerhethojd":2.5,"ursprunglig_organisation":"G\u00f6teborg","objektversion":3.0,"objekttypnr":2063.0,"objekttyp":"Samh\u00e4llsfunktion","insamlingslage":"Takkant","byggnadsnamn1":"None","byggnadsnamn2":"None","byggnadsnamn3":"None","husnummer":8.0,"huvudbyggnad":"Nej","andamal1":"Samh\u00e4llsfunktion;Universitet","andamal2":"None","andamal3":"None","andamal4":"None","andamal5":"None","FormularId":null,"energy_class":null,"energy_performance":null,"specific_energy":null,"building_category":null,"construction_year":null,"epc_detail":{}}},{"type":"Feature","geometry":{"type":"Polygon","coordinates":[[[11.934107371042563,57.70632398638382],[11.934125857164773,57.70634424395402],[11.93417749647947,57.70633145620623],[11.934227136108737,57.70638816909245],[11.934066015017905,57.70646373611282],[11.933763128475862,57.706513073276355],[11.933651782272811,57.706467276912306],[11.933729745542447,57.706446804529975],[11.933710967268768,57.70642702517007],[11.934107371042563,57.70632398638382]]]},"properties":{"id":"86c28566-c8cf-4618-9633-92b842a24a92","objektidentitet":"df937739-2804-4607-aaff-4c043a9c1678","versiongiltigfran":"2015-10-08T08:34:18.501Z","lagesosakerhetplan":0.06,"lagesosakerhethojd":null,"ursprunglig_organisation":"G\u00f6teborg","objektversion":2.0,"objekttypnr":2061.0,"objekttyp":"Bostad","insamlingslage":"Takkant","byggnadsnamn1":"None","byggnadsnamn2":"None","byggnadsnamn3":"None","husnummer":1.0,"huvudbyggnad":"Nej","andamal1":"Bostad;Sm\u00e5hus friliggande","andamal2":"None","andamal3":"None","andamal4":"None","andamal5":"None","FormularId":952319,"fastighetsbeteckning":"LINDHOLMEN 14:2","energy_class":"E","energy_performance":119,"specific_energy":107,"building_category":"Flerbostadshus","construction_year":2002,"epc_detail":{"IdAdr":"Verkm\u00e4staregatan 9","IdPostnr":41757,"IdPostort":"G\u00f6teborg","IdKommun":"G\u00f6teborg","EgenByggnadsKat":"Flerbostadshus","EgenByggnadsTyp":"Friliggande","EgenNybyggAr":2002,"EgenAtemp":1200,"EgenAntalPlan":4,"EgenAntalKallarplan":1,"EgenAntalTrapphus":1,"EgenAntalBolgh":13,"EgenProjVentFlode":"0,34999999999999998","EgenInstEleffektStorre":"Nej","EgenSkyddadEllerVardefull":0,"EgiEnergiklass":"E","EgiEnergiPrestanda":119,"EgiSpecifikEnergianvandning":107,"EgiEnergianvandning":128697,"EgiPrimarenergianvandning":143071,"EgiForstaArManad":1701,"EgiSistaArManad":1712,"EgiBeraknatVarde":"Nej","VentTypFTX":"Nej","VentTypF":"Ja","VentTypFT":"Nej","VentTypSjalvdrag":"Nej","VentTypFmed":"Nej","VentGruppKrav":"Ja","EgiSumma2":121571,"EgiFastighet":6971,"EgiStationEI":"G\u00f6teborg","EgiRefvarde1":84,"EgiRefvarde2Max":140,"EgiVersion":2019,"VentGruppGodkand":"Ja","RadGruppHaltMatt":"Nej","Godkand":"2019-06-07","Version":2.6,"ExpertBehorighet":"Kvalificerad","VentGruppUtanAnm":1,"AtgForslagEgiMinskad":0,"AtgForslagKostnad":"0","AtgUtfordaUtfortAr":2016}}},{"type":"Feature","geometry":{"type":"Polygon","coordinates":[[[11.936422317423856,57.706611968866945],[11.93636478720145,57.706548046186555],[11.936920934455319,57.706403675622624],[11.936978791323122,57.70646731833354],[11.936422317423856,57.706611968866945]]]},"properties":{"id":"fd6fbf6f-1903-4d44-83bb-c64cec08ff87","objektidentitet":"58a769ed-f591-4e2e-b815-71ddea3e92a2","versiongiltigfran":"2023-08-17T16:07:28.262Z","lagesosakerhetplan":0.06,"lagesosakerhethojd":null,"ursprunglig_organisation":"G\u00f6teborg","objektversion":2.0,"objekttypnr":2063.0,"objekttyp":"Samh\u00e4llsfunktion","insamlingslage":"Takkant","byggnadsnamn1":"None","byggnadsnamn2":"None","byggnadsnamn3":"None","husnummer":2.0,"huvudbyggnad":"Nej","andamal1":"Samh\u00e4llsfunktion;Universitet","andamal2":"None","andamal3":"None","andamal4":"None","andamal5":"None","FormularId":null,"energy_class":null,"energy_performance":null,"specific_energy":null,"building_category":null,"construction_year":null,"epc_detail":{}}},{"type":"Feature","geometry":{"type":"Polygon","coordinates":[[[11.93563462740804,57.706584783452804],[11.93548431320253,57.70641716528585],[11.935550248487283,57.70640012144864],[11.93560279035906,57.70643325666106],[11.935719888315251,57.70656278790083],[11.93563462740804,57.706584783452804]]]},"properties":{"id":"6d1f946c-f738-473e-8ede-5ac06bf7292e","objektidentitet":"6518ad2a-400a-4a38-8421-719bcb9f3318","versiongiltigfran":"2023-08-17T16:21:58.295Z","lagesosakerhetplan":0.06,"lagesosakerhethojd":null,"ursprunglig_organisation":"G\u00f6teborg","objektversion":4.0,"objekttypnr":2063.0,"objekttyp":"Samh\u00e4llsfunktion","insamlingslage":"Takkant","byggnadsnamn1":"None","byggnadsnamn2":"None","byggnadsnamn3":"None","husnummer":7.0,"huvudbyggnad":"Nej","andamal1":"Samh\u00e4llsfunktion;Universitet","andamal2":"None","andamal3":"None","andamal4":"None","andamal5":"None","FormularId":null,"energy_class":null,"energy_performance":null,"specific_energy":null,"building_category":null,"construction_year":null,"epc_detail":{}}},{"type":"Feature","geometry":{"type":"Polygon","coordinates":[[[11.937416377706441,57.70466886501889],[11.937479886458258,57.70465247153513],[11.93757522719889,57.70475833026629],[11.937511718301517,57.70477472379628],[11.937416377706441,57.70466886501889]]]},"properties":{"id":"d3ad071f-ebe5-4528-b761-5c8f2f9486ce","objektidentitet":"07a5d5ed-e7c3-41e4-9f3a-c2232d50ac4a","versiongiltigfran":"2019-09-30T13:24:44.867Z","lagesosakerhetplan":0.06,"lagesosakerhethojd":null,"ursprunglig_organisation":"Lantm\u00e4teriet","objektversion":7.0,"objekttypnr":2063.0,"objekttyp":"Samh\u00e4llsfunktion","insamlingslage":"Takkant","byggnadsnamn1":"Lindholmens kunskapscentrum","byggnadsnamn2":"None","byggnadsnamn3":"None","husnummer":8.0,"huvudbyggnad":"Nej","andamal1":"Samh\u00e4llsfunktion;Skola","andamal2":"None","andamal3":"None","andamal4":"None","andamal5":"None","FormularId":1065931,"fastighetsbeteckning":"LINDHOLMEN 6:9","energy_class":"D","energy_performance":133,"specific_energy":109,"building_category":"Lokalbyggnader","construction_year":1945,"epc_detail":{"IdAdr":"Utvecklingsgatan 6","IdPostnr":41756,"IdPostort":"G\u00f6teborg","IdKommun":"G\u00f6teborg","EgenByggnadsKat":"Lokalbyggnader","EgenByggnadsTyp":"Friliggande","EgenNybyggAr":1945,"EgenAtemp":16554,"EgenAntalPlan":5,"EgenAntalKallarplan":0,"EgenAntalTrapphus":3,"EgenProjVentFlode":"1,3999999999999999","EgenInstEleffektStorre":"Nej","EgenSkyddadEllerVardefull":0,"EgiEnergiklass":"D","EgiEnergiPrestanda":133,"EgiSpecifikEnergianvandning":109,"EgiEnergianvandning":1803952,"EgiPrimarenergianvandning":2204859,"EgiForstaArManad":1901,"EgiSistaArManad":1912,"EgiBeraknatVarde":"Nej","VentTypFTX":"Ja","VentTypF":"Nej","VentTypFT":"Nej","VentTypSjalvdrag":"Nej","VentTypFmed":"Nej","VentGruppKrav":"Ja","EgiSumma2":1628304,"EgiFastighet":289751,"EgiStationEI":"G\u00f6teborg","EgiRefvarde1":126,"EgiRefvarde2Max":204,"EgiVersion":2019,"VentGruppGodkand":"Nej","RadGruppHaltMatt":"Nej","Godkand":"2020-06-15","Version":2.7,"ExpertBehorighet":"Kvalificerad","InspUppvGruppInspSkyldighet":"Ja","InspUppvUndAvtalEgipres":"Nej","InspLuftGruppInspSkyldighet":"Ja","InspLuftUndAvtalEgipres":"Nej","AtgForslagEgiMinskad":16000,"AtgForslagKostnad":"0"}}},{"type":"Feature","geometry":{"type":"Polygon","coordinates":[[[11.930690595192697,57.706677436631395],[11.930793494959264,57.706690880614744],[11.93078091580782,57.70671847419828],[11.93067801520875,57.706705039173606],[11.930690595192697,57.706677436631395]]]},"properties":{"id":"65879f29-80a2-4a69-9055-0bb431c751c6","objektidentitet":"c9dd5701-3b40-4177-b584-6942ff1b7506","versiongiltigfran":"2015-06-30T14:17:40.260Z","lagesosakerhetplan":0.06,"lagesosakerhethojd":null,"ursprunglig_organisation":"G\u00f6teborg","objektversion":2.0,"objekttypnr":2066.0,"objekttyp":"Komplementbyggnad","insamlingslage":"Takkant","byggnadsnamn1":"None","byggnadsnamn2":"None","byggnadsnamn3":"None","husnummer":12.0,"huvudbyggnad":"Nej","andamal1":"Komplementbyggnad;","andamal2":"None","andamal3":"None","andamal4":"None","andamal5":"None","FormularId":null,"energy_class":null,"energy_performance":null,"specific_energy":null,"building_category":null,"construction_year":null,"epc_detail":{}}},{"type":"Feature","geometry":{"type":"Polygon","coordinates":[[[11.930812113343354,57.70700799783987],[11.930817802375344,57.70693882933415],[11.93087043923849,57.706800657434115],[11.931018329600784,57.706816801602315],[11.930968116155197,57.70694876770764],[11.93095616256033,57.70709232178144],[11.930654589395896,57.7070851848728],[11.930661259326547,57.70700443665039],[11.930812113343354,57.70700799783987]]]},"properties":{"id":"df3c6faa-df0d-448a-8ab2-e06ce1647bf8","objektidentitet":"19e740a8-cfa8-48c7-995b-3a36303c5606","versiongiltigfran":"2011-03-23T09:05:22.170Z","lagesosakerhetplan":0.025,"lagesosakerhethojd":null,"ursprunglig_organisation":"Lantm\u00e4teriet","objektversion":1.0,"objekttypnr":2061.0,"objekttyp":"Bostad","insamlingslage":"Takkant","byggnadsnamn1":"None","byggnadsnamn2":"None","byggnadsnamn3":"None","husnummer":7.0,"huvudbyggnad":"Nej","andamal1":"Bostad;Flerfamiljshus","andamal2":"None","andamal3":"None","andamal4":"None","andamal5":"None","FormularId":989861,"fastighetsbeteckning":"LINDHOLMEN 23:1","energy_class":"E","energy_performance":125,"specific_energy":109,"building_category":"Flerbostadshus","construction_year":1997,"epc_detail":{"IdAdr":"Arbetaregatan 18B","IdPostnr":41757,"IdPostort":"G\u00f6teborg","IdKommun":"G\u00f6teborg","EgenByggnadsKat":"Flerbostadshus","EgenByggnadsTyp":"Friliggande","EgenNybyggAr":1997,"EgenAtemp":1214,"EgenAntalPlan":1,"EgenAntalKallarplan":1,"EgenAntalTrapphus":1,"EgenAntalBolgh":4,"EgenInstEleffektStorre":"Nej","EgenSkyddadEllerVardefull":0,"EgiEnergiklass":"E","EgiEnergiPrestanda":125,"EgiSpecifikEnergianvandning":109,"EgiEnergianvandning":132894,"EgiPrimarenergianvandning":151376,"EgiForstaArManad":1801,"EgiSistaArManad":1812,"EgiBeraknatVarde":"Nej","VentTypFTX":"Nej","VentTypF":"Ja","VentTypFT":"Nej","VentTypSjalvdrag":"Nej","VentTypFmed":"Nej","VentGruppKrav":"Ja","EgiSumma2":123940,"EgiFastighet":14080,"EgiStationEI":"G\u00f6teborg","EgiRefvarde1":85,"EgiRefvarde2Max":148,"EgiVersion":2019,"VentGruppGodkand":"Ja","RadGruppHaltMatt":"Nej","Godkand":"2019-09-16","Version":2.6,"ExpertBehorighet":"Normal","VentGruppUtanAnm":0,"AtgForslagEgiMinskad":3800,"AtgForslagKostnad":"0,20000000000000001"}}},{"type":"Feature","geometry":{"type":"Polygon","coordinates":[[[11.930806564816924,57.70597256146593],[11.93088887198176,57.70595096486135],[11.93091998230379,57.70598491235623],[11.93083760192952,57.706006381373484],[11.930806564816924,57.70597256146593]]]},"properties":{"id":"37e105ba-d5a8-4f04-b25c-ba736ed96cb1","objektidentitet":"9b77aef7-d376-468f-9c84-b2b4f6505cff","versiongiltigfran":"2011-03-23T09:12:33.381Z","lagesosakerhetplan":0.06,"lagesosakerhethojd":2.5,"ursprunglig_organisation":"Lantm\u00e4teriet","objektversion":1.0,"objekttypnr":2066.0,"objekttyp":"Komplementbyggnad","insamlingslage":"Takkant","byggnadsnamn1":"None","byggnadsnamn2":"None","byggnadsnamn3":"None","husnummer":5.0,"huvudbyggnad":"Nej","andamal1":"Komplementbyggnad;","andamal2":"None","andamal3":"None","andamal4":"None","andamal5":"None","FormularId":null,"energy_class":null,"energy_performance":null,"specific_energy":null,"building_category":null,"construction_year":null,"epc_detail":{}}},{"type":"Feature","geometry":{"type":"Polygon","coordinates":[[[11.93083760192952,57.706006381373484],[11.93091998230379,57.70598491235623],[11.930948557982378,57.70601607498296],[11.930866300212557,57.70603768181427],[11.93083760192952,57.706006381373484]]]},"properties":{"id":"094d4549-4d24-429a-9e4d-b6b62e208359","objektidentitet":"9cdb1355-5e8b-48e1-abd8-c0a31b900454","versiongiltigfran":"2011-03-23T08:58:22.204Z","lagesosakerhetplan":0.06,"lagesosakerhethojd":2.5,"ursprunglig_organisation":"Lantm\u00e4teriet","objektversion":1.0,"objekttypnr":2066.0,"objekttyp":"Komplementbyggnad","insamlingslage":"Takkant","byggnadsnamn1":"None","byggnadsnamn2":"None","byggnadsnamn3":"None","husnummer":3.0,"huvudbyggnad":"Nej","andamal1":"Komplementbyggnad;","andamal2":"None","andamal3":"None","andamal4":"None","andamal5":"None","FormularId":1122238,"fastighetsbeteckning":"LINDHOLMEN 735:328","energy_class":"F","energy_performance":147,"specific_energy":75,"building_category":"Flerbostadshus","construction_year":1987,"epc_detail":{"IdAdr":"Lindholmsv\u00e4gen 16","IdPostnr":41757,"IdPostort":"G\u00f6teborg","IdKommun":"G\u00f6teborg","EgenByggnadsKat":"Flerbostadshus","EgenByggnadsTyp":"Friliggande","EgenNybyggAr":1987,"EgenAtemp":331,"EgenAntalPlan":2,"EgenAntalKallarplan":0,"EgenAntalTrapphus":1,"EgenAntalBolgh":4,"EgenInstEleffektStorre":"Ja","EgenSkyddadEllerVardefull":0,"EgiEnergiklass":"F","EgiEnergiPrestanda":147,"EgiSpecifikEnergianvandning":75,"EgiEnergianvandning":24842,"EgiPrimarenergianvandning":48625,"EgiPrimarenergital2020":147,"EgiForstaArManad":1901,"EgiSistaArManad":1912,"EgiBeraknatVarde":"Nej","VentTypFTX":"Nej","VentTypF":"Ja","VentTypFT":"Nej","VentTypSjalvdrag":"Nej","VentTypFmed":"Nej","VentGruppKrav":"Ja","EgiSumma2":22305,"EgiFastighet":1986,"EgiStationEI":"G\u00f6teborg","EgiRefvarde1":75,"EgiRefvarde2Max":157,"EgiVersion":2020,"VentGruppGodkand":"Ja","RadGruppHaltMatt":"Nej","Godkand":"2020-09-28","Version":2.8,"ExpertBehorighet":"Kvalificerad","VentGruppUtanAnm":1,"InspUppvUndAvtalEgipres":"Nej","InspLuftUndAvtalEgipres":"Nej","AtgForslagEgiMinskad":2000,"AtgForslagKostnad":"0,38"}}},{"type":"Feature","geometry":{"type":"Polygon","coordinates":[[[11.931060148087557,57.70590742079482],[11.931219704840505,57.705866045930286],[11.93124959958051,57.705899083027504],[11.931090170689766,57.70594053293724],[11.931060148087557,57.70590742079482]]]},"properties":{"id":"7764022f-da31-49d4-affd-fca359df2be9","objektidentitet":"58800163-6494-4ac8-8bb7-37ad7a810525","versiongiltigfran":"2011-03-23T08:54:35.058Z","lagesosakerhetplan":0.06,"lagesosakerhethojd":null,"ursprunglig_organisation":"Lantm\u00e4teriet","objektversion":1.0,"objekttypnr":2066.0,"objekttyp":"Komplementbyggnad","insamlingslage":"Takkant","byggnadsnamn1":"None","byggnadsnamn2":"None","byggnadsnamn3":"None","husnummer":8.0,"huvudbyggnad":"Nej","andamal1":"Komplementbyggnad;","andamal2":"None","andamal3":"None","andamal4":"None","andamal5":"None","FormularId":null,"energy_class":null,"energy_performance":null,"specific_energy":null,"building_category":null,"construction_year":null,"epc_detail":{}}},{"type":"Feature","geometry":{"type":"Polygon","coordinates":[[[11.931127141551165,57.7063284804246],[11.931062675407727,57.706257547050704],[11.931340703733357,57.70618511634892],[11.931405256362464,57.706256024709425],[11.931127141551165,57.7063284804246]]]},"properties":{"id":"17b2d0f3-75c3-4b31-9d08-06db1f9f2b58","objektidentitet":"6ca7b90b-6c04-4a0b-b559-d9b260367700","versiongiltigfran":"2011-03-23T08:59:26.614Z","lagesosakerhetplan":0.025,"lagesosakerhethojd":null,"ursprunglig_organisation":"Lantm\u00e4teriet","objektversion":1.0,"objekttypnr":2061.0,"objekttyp":"Bostad","insamlingslage":"Takkant","byggnadsnamn1":"None","byggnadsnamn2":"None","byggnadsnamn3":"None","husnummer":8.0,"huvudbyggnad":"Nej","andamal1":"Bostad;Flerfamiljshus","andamal2":"None","andamal3":"None","andamal4":"None","andamal5":"None","FormularId":1132203,"fastighetsbeteckning":"LINDHOLMEN 12:1","energy_class":"D","energy_performance":97,"specific_energy":111,"building_category":"Flerbostadshus","construction_year":1993,"epc_detail":{"IdAdr":"Lindholmsv\u00e4gen 13","IdPostnr":41757,"IdPostort":"G\u00f6teborg","IdKommun":"G\u00f6teborg","EgenByggnadsKat":"Flerbostadshus","EgenByggnadsTyp":"Friliggande","EgenNybyggAr":1993,"EgenAtemp":385,"EgenAntalPlan":3,"EgenAntalKallarplan":0,"EgenAntalTrapphus":1,"EgenAntalBolgh":4,"EgenInstEleffektStorre":"Nej","EgenSkyddadEllerVardefull":4,"EgiEnergiklass":"D","EgiEnergiPrestanda":97,"EgiSpecifikEnergianvandning":111,"EgiEnergianvandning":42712,"EgiPrimarenergianvandning":37481,"EgiPrimarenergital2020":97,"EgiBeraknatVarde":"Ja","VentTypFTX":"Ja","VentTypF":"Ja","VentTypFT":"Nej","VentTypSjalvdrag":"Nej","VentTypFmed":"Nej","VentGruppKrav":"Ja","EgiSumma2":42712,"EgiFastighet":4900,"EgiRefvarde1":75,"EgiRefvarde2Max":148,"EgiVersion":2020,"VentGruppGodkand":"Ja","RadGruppHaltMatt":"Ja","RadHalt":70,"RadTypMatning":"Annan metod","RadMatDatum":"2010-02-10","Godkand":"2020-10-22","Version":2.8,"ExpertBehorighet":"Kvalificerad","VentGruppUtanAnm":1,"InspUppvUndAvtalEgipres":"Nej","InspLuftUndAvtalEgipres":"Nej"}}},{"type":"Feature","geometry":{"type":"Polygon","coordinates":[[[11.931176911693354,57.70591792919994],[11.93124959958051,57.705899083027504],[11.931279309243928,57.70593192687892],[11.931206913758292,57.70595069028237],[11.931176911693354,57.70591792919994]]]},"properties":{"id":"7fc09e39-1592-40a8-9048-1392d136f801","objektidentitet":"880a874d-c01e-473a-9ba7-1753b41b00a9","versiongiltigfran":"2012-01-03T09:48:14.367Z","lagesosakerhetplan":0.06,"lagesosakerhethojd":null,"ursprunglig_organisation":"G\u00f6teborg","objektversion":2.0,"objekttypnr":2066.0,"objekttyp":"Komplementbyggnad","insamlingslage":"Takkant","byggnadsnamn1":"None","byggnadsnamn2":"None","byggnadsnamn3":"None","husnummer":3.0,"huvudbyggnad":"Nej","andamal1":"Komplementbyggnad;","andamal2":"None","andamal3":"None","andamal4":"None","andamal5":"None","FormularId":1114977,"fastighetsbeteckning":"LINDHOLMEN 735:329","energy_class":"F","energy_performance":147,"specific_energy":75,"building_category":"Flerbostadshus","construction_year":1987,"epc_detail":{"IdAdr":"Lindholmsv\u00e4gen 14","IdPostnr":41757,"IdPostort":"G\u00f6teborg","IdKommun":"G\u00f6teborg","EgenByggnadsKat":"Flerbostadshus","EgenByggnadsTyp":"Friliggande","EgenNybyggAr":1987,"EgenAtemp":331,"EgenAntalPlan":2,"EgenAntalKallarplan":0,"EgenAntalTrapphus":1,"EgenAntalBolgh":4,"EgenInstEleffektStorre":"Ja","EgenSkyddadEllerVardefull":0,"EgiEnergiklass":"F","EgiEnergiPrestanda":147,"EgiSpecifikEnergianvandning":75,"EgiEnergianvandning":24842,"EgiPrimarenergianvandning":48625,"EgiPrimarenergital2020":147,"EgiForstaArManad":1901,"EgiSistaArManad":1912,"EgiBeraknatVarde":"Nej","VentTypFTX":"Nej","VentTypF":"Ja","VentTypFT":"Nej","VentTypSjalvdrag":"Nej","VentTypFmed":"Nej","VentGruppKrav":"Ja","EgiSumma2":22305,"EgiFastighet":1986,"EgiStationEI":"G\u00f6teborg","EgiRefvarde1":75,"EgiRefvarde2Max":157,"EgiVersion":2020,"VentGruppGodkand":"Ja","RadGruppHaltMatt":"Nej","Godkand":"2020-09-28","Version":2.8,"ExpertBehorighet":"Kvalificerad","VentGruppUtanAnm":1,"InspUppvUndAvtalEgipres":"Nej","InspLuftUndAvtalEgipres":"Nej","AtgForslagEgiMinskad":2000,"AtgForslagKostnad":"0,38"}}},{"type":"Feature","geometry":{"type":"Polygon","coordinates":[[[11.931167494721528,57.70637285346342],[11.931227864476563,57.706357114918475],[11.931274028645653,57.70640801936049],[11.931213661861987,57.70642372204838],[11.931167494721528,57.70637285346342]]]},"properties":{"id":"b5284033-ff39-49b4-9276-df4d89814583","objektidentitet":"0186a4e2-5a63-41fc-a223-0c8b9d14da52","versiongiltigfran":"2011-03-23T08:38:54.324Z","lagesosakerhetplan":0.025,"lagesosakerhethojd":2.5,"ursprunglig_organisation":"Lantm\u00e4teriet","objektversion":1.0,"objekttypnr":2066.0,"objekttyp":"Komplementbyggnad","insamlingslage":"Takkant","byggnadsnamn1":"None","byggnadsnamn2":"None","byggnadsnamn3":"None","husnummer":12.0,"huvudbyggnad":"Nej","andamal1":"Komplementbyggnad;","andamal2":"None","andamal3":"None","andamal4":"None","andamal5":"None","FormularId":null,"energy_class":null,"energy_performance":null,"specific_energy":null,"building_category":null,"construction_year":null,"epc_detail":{}}},{"type":"Feature","geometry":{"type":"Polygon","coordinates":[[[11.931132454306063,57.707155595856726],[11.931429457716089,57.7071847851905],[11.931402713151202,57.707262682635694],[11.931105709128735,57.70723349323346],[11.931132454306063,57.707155595856726]]]},"properties":{"id":"4e52fab2-ab9f-42c2-b9b1-33fd8d2ab1d2","objektidentitet":"64e36651-1bee-4f77-b8db-b3b0b3e09764","versiongiltigfran":"2011-03-23T08:56:22.410Z","lagesosakerhetplan":0.025,"lagesosakerhethojd":2.5,"ursprunglig_organisation":"Lantm\u00e4teriet","objektversion":1.0,"objekttypnr":2061.0,"objekttyp":"Bostad","insamlingslage":"Takkant","byggnadsnamn1":"None","byggnadsnamn2":"None","byggnadsnamn3":"None","husnummer":4.0,"huvudbyggnad":"Nej","andamal1":"Bostad;Flerfamiljshus","andamal2":"None","andamal3":"None","andamal4":"None","andamal5":"None","FormularId":989831,"fastighetsbeteckning":"LINDHOLMEN 20:1","energy_class":"E","energy_performance":125,"specific_energy":109,"building_category":"Flerbostadshus","construction_year":1997,"epc_detail":{"IdAdr":"Arbetaregatan 21","IdPostnr":41757,"IdPostort":"G\u00f6teborg","IdKommun":"G\u00f6teborg","EgenByggnadsKat":"Flerbostadshus","EgenByggnadsTyp":"Friliggande","EgenNybyggAr":1997,"EgenAtemp":433,"EgenAntalPlan":1,"EgenAntalKallarplan":0,"EgenAntalTrapphus":1,"EgenAntalBolgh":4,"EgenInstEleffektStorre":"Nej","EgenSkyddadEllerVardefull":0,"EgiEnergiklass":"E","EgiEnergiPrestanda":125,"EgiSpecifikEnergianvandning":109,"EgiEnergianvandning":47393,"EgiPrimarenergianvandning":53983,"EgiForstaArManad":1801,"EgiSistaArManad":1812,"EgiBeraknatVarde":"Nej","VentTypFTX":"Nej","VentTypF":"Ja","VentTypFT":"Nej","VentTypSjalvdrag":"Nej","VentTypFmed":"Nej","VentGruppKrav":"Ja","EgiSumma2":44200,"EgiFastighet":5020,"EgiStationEI":"G\u00f6teborg","EgiRefvarde1":85,"EgiRefvarde2Max":148,"EgiVersion":2019,"VentGruppGodkand":"Ja","RadGruppHaltMatt":"Nej","Godkand":"2019-09-16","Version":2.6,"ExpertBehorighet":"Normal","VentGruppUtanAnm":0,"AtgForslagEgiMinskad":1200,"AtgForslagKostnad":"0,20000000000000001"}}},{"type":"Feature","geometry":{"type":"Polygon","coordinates":[[[11.931341117218484,57.70605984254764],[11.931260014529165,57.705971617236806],[11.931376950576253,57.705940820755416],[11.931364926843653,57.70592774814155],[11.93142745638147,57.70591127994731],[11.931439126625728,57.70592396648409],[11.931555460711078,57.705893335000134],[11.931636901468439,57.70598193682255],[11.931341117218484,57.70605984254764]]]},"properties":{"id":"0af1853c-e90b-4c33-acd0-e541a8558c4d","objektidentitet":"884a0af1-7495-422f-8c9b-e93c38f9046f","versiongiltigfran":"2013-06-17T12:32:12.138Z","lagesosakerhetplan":0.06,"lagesosakerhethojd":null,"ursprunglig_organisation":"G\u00f6teborg","objektversion":2.0,"objekttypnr":2061.0,"objekttyp":"Bostad","insamlingslage":"Takkant","byggnadsnamn1":"None","byggnadsnamn2":"None","byggnadsnamn3":"None","husnummer":1.0,"huvudbyggnad":"Nej","andamal1":"Bostad;Flerfamiljshus","andamal2":"None","andamal3":"None","andamal4":"None","andamal5":"None","FormularId":1114977,"fastighetsbeteckning":"LINDHOLMEN 735:329","energy_class":"F","energy_performance":147,"specific_energy":75,"building_category":"Flerbostadshus","construction_year":1987,"epc_detail":{"IdAdr":"Lindholmsv\u00e4gen 14","IdPostnr":41757,"IdPostort":"G\u00f6teborg","IdKommun":"G\u00f6teborg","EgenByggnadsKat":"Flerbostadshus","EgenByggnadsTyp":"Friliggande","EgenNybyggAr":1987,"EgenAtemp":331,"EgenAntalPlan":2,"EgenAntalKallarplan":0,"EgenAntalTrapphus":1,"EgenAntalBolgh":4,"EgenInstEleffektStorre":"Ja","EgenSkyddadEllerVardefull":0,"EgiEnergiklass":"F","EgiEnergiPrestanda":147,"EgiSpecifikEnergianvandning":75,"EgiEnergianvandning":24842,"EgiPrimarenergianvandning":48625,"EgiPrimarenergital2020":147,"EgiForstaArManad":1901,"EgiSistaArManad":1912,"EgiBeraknatVarde":"Nej","VentTypFTX":"Nej","VentTypF":"Ja","VentTypFT":"Nej","VentTypSjalvdrag":"Nej","VentTypFmed":"Nej","VentGruppKrav":"Ja","EgiSumma2":22305,"EgiFastighet":1986,"EgiStationEI":"G\u00f6teborg","EgiRefvarde1":75,"EgiRefvarde2Max":157,"EgiVersion":2020,"VentGruppGodkand":"Ja","RadGruppHaltMatt":"Nej","Godkand":"2020-09-28","Version":2.8,"ExpertBehorighet":"Kvalificerad","VentGruppUtanAnm":1,"InspUppvUndAvtalEgipres":"Nej","InspLuftUndAvtalEgipres":"Nej","AtgForslagEgiMinskad":2000,"AtgForslagKostnad":"0,38"}}},{"type":"Feature","geometry":{"type":"Polygon","coordinates":[[[11.931317365647553,57.706542497594064],[11.931248304564846,57.7064661319638],[11.931530266434638,57.70639306822199],[11.931599327982518,57.70646943370348],[11.931317365647553,57.706542497594064]]]},"properties":{"id":"5374daf4-2c31-4f4e-ae22-f90c98d15a4a","objektidentitet":"1cb1e6ff-c39a-4cd2-a0a7-0998816034ed","versiongiltigfran":"2015-10-08T08:32:42.214Z","lagesosakerhetplan":0.06,"lagesosakerhethojd":null,"ursprunglig_organisation":"G\u00f6teborg","objektversion":2.0,"objekttypnr":2061.0,"objekttyp":"Bostad","insamlingslage":"Takkant","byggnadsnamn1":"None","byggnadsnamn2":"None","byggnadsnamn3":"None","husnummer":1.0,"huvudbyggnad":"Nej","andamal1":"Bostad;Flerfamiljshus","andamal2":"None","andamal3":"None","andamal4":"None","andamal5":"None","FormularId":1132199,"fastighetsbeteckning":"LINDHOLMEN 12:1","energy_class":"D","energy_performance":94,"specific_energy":107,"building_category":"Flerbostadshus","construction_year":1993,"epc_detail":{"IdAdr":"Arbetaregatan 14","IdPostnr":41757,"IdPostort":"G\u00f6teborg","IdKommun":"G\u00f6teborg","EgenByggnadsKat":"Flerbostadshus","EgenByggnadsTyp":"Friliggande","EgenNybyggAr":1993,"EgenAtemp":385,"EgenAntalPlan":3,"EgenAntalKallarplan":0,"EgenAntalTrapphus":1,"EgenAntalBolgh":4,"EgenInstEleffektStorre":"Nej","EgenSkyddadEllerVardefull":4,"EgiEnergiklass":"D","EgiEnergiPrestanda":94,"EgiSpecifikEnergianvandning":107,"EgiEnergianvandning":41034,"EgiPrimarenergianvandning":36148,"EgiPrimarenergital2020":94,"EgiBeraknatVarde":"Ja","VentTypFTX":"Ja","VentTypF":"Ja","VentTypFT":"Nej","VentTypSjalvdrag":"Nej","VentTypFmed":"Nej","VentGruppKrav":"Ja","EgiSumma2":41034,"EgiFastighet":4873,"EgiRefvarde1":75,"EgiRefvarde2Max":148,"EgiVersion":2020,"VentGruppGodkand":"Ja","RadGruppHaltMatt":"Ja","RadHalt":30,"RadTypMatning":"Annan metod","RadMatDatum":"2010-02-10","Godkand":"2020-10-22","Version":2.8,"ExpertBehorighet":"Kvalificerad","VentGruppUtanAnm":1,"InspUppvUndAvtalEgipres":"Nej","InspLuftUndAvtalEgipres":"Nej"}}},{"type":"Feature","geometry":{"type":"Polygon","coordinates":[[[11.931472152990859,57.70624232286924],[11.931402397671548,57.70616662356556],[11.9316862810867,57.70609165572601],[11.931756036865123,57.706167354878296],[11.931472152990859,57.70624232286924]]]},"properties":{"id":"f5f678d2-15e6-427e-86f0-d7db2802681e","objektidentitet":"a30f45be-203e-472b-89c1-3ad3edd4b9cd","versiongiltigfran":"2011-03-23T08:54:17.326Z","lagesosakerhetplan":0.06,"lagesosakerhethojd":null,"ursprunglig_organisation":"Lantm\u00e4teriet","objektversion":1.0,"objekttypnr":2061.0,"objekttyp":"Bostad","insamlingslage":"Takkant","byggnadsnamn1":"None","byggnadsnamn2":"None","byggnadsnamn3":"None","husnummer":7.0,"huvudbyggnad":"Nej","andamal1":"Bostad;Flerfamiljshus","andamal2":"None","andamal3":"None","andamal4":"None","andamal5":"None","FormularId":1132202,"fastighetsbeteckning":"LINDHOLMEN 12:1","energy_class":"D","energy_performance":99,"specific_energy":113,"building_category":"Flerbostadshus","construction_year":1993,"epc_detail":{"IdAdr":"Lindholmsv\u00e4gen 11","IdPostnr":41757,"IdPostort":"G\u00f6teborg","IdKommun":"G\u00f6teborg","EgenByggnadsKat":"Flerbostadshus","EgenByggnadsTyp":"Friliggande","EgenNybyggAr":1993,"EgenAtemp":380,"EgenAntalPlan":3,"EgenAntalKallarplan":0,"EgenAntalTrapphus":1,"EgenAntalBolgh":4,"EgenInstEleffektStorre":"Nej","EgenSkyddadEllerVardefull":4,"EgiEnergiklass":"D","EgiEnergiPrestanda":99,"EgiSpecifikEnergianvandning":113,"EgiEnergianvandning":43046,"EgiPrimarenergianvandning":37774,"EgiPrimarenergital2020":99,"EgiBeraknatVarde":"Ja","VentTypFTX":"Ja","VentTypF":"Ja","VentTypFT":"Nej","VentTypSjalvdrag":"Nej","VentTypFmed":"Nej","VentGruppKrav":"Ja","EgiSumma2":43046,"EgiFastighet":4923,"EgiRefvarde1":75,"EgiRefvarde2Max":148,"EgiVersion":2020,"VentGruppGodkand":"Ja","RadGruppHaltMatt":"Ja","RadHalt":30,"RadTypMatning":"Annan metod","RadMatDatum":"2010-02-10","Godkand":"2020-10-22","Version":2.8,"ExpertBehorighet":"Kvalificerad","VentGruppUtanAnm":1,"InspUppvUndAvtalEgipres":"Nej","InspLuftUndAvtalEgipres":"Nej"}}},{"type":"Feature","geometry":{"type":"Polygon","coordinates":[[[11.931407885873623,57.706310250222685],[11.931453042327362,57.70629848374699],[11.93149929356391,57.70634935426353],[11.931454134023353,57.70636115663355],[11.931407885873623,57.706310250222685]]]},"properties":{"id":"c324595f-08b2-4cc6-a08e-058a899c2434","objektidentitet":"35a23f53-024d-431c-895a-ebe2d195644c","versiongiltigfran":"2011-03-23T08:55:36.172Z","lagesosakerhetplan":0.025,"lagesosakerhethojd":2.5,"ursprunglig_organisation":"Lantm\u00e4teriet","objektversion":1.0,"objekttypnr":2066.0,"objekttyp":"Komplementbyggnad","insamlingslage":"Takkant","byggnadsnamn1":"None","byggnadsnamn2":"None","byggnadsnamn3":"None","husnummer":11.0,"huvudbyggnad":"Nej","andamal1":"Komplementbyggnad;","andamal2":"None","andamal3":"None","andamal4":"None","andamal5":"None","FormularId":null,"energy_class":null,"energy_performance":null,"specific_energy":null,"building_category":null,"construction_year":null,"epc_detail":{}}},{"type":"Feature","geometry":{"type":"Polygon","coordinates":[[[11.931455214655024,57.706996374229306],[11.931546791446795,57.70688870817822],[11.931692080392597,57.70692408569564],[11.931600588479839,57.70703174491733],[11.931455214655024,57.706996374229306]]]},"properties":{"id":"39ea788a-6301-4538-9d03-1751c32e7346","objektidentitet":"e67125b4-10eb-4097-bed7-309b519218df","versiongiltigfran":"2017-06-21T10:36:41.866Z","lagesosakerhetplan":0.06,"lagesosakerhethojd":2.5,"ursprunglig_organisation":"G\u00f6teborg","objektversion":2.0,"objekttypnr":2061.0,"objekttyp":"Bostad","insamlingslage":"Takkant","byggnadsnamn1":"None","byggnadsnamn2":"None","byggnadsnamn3":"None","husnummer":5.0,"huvudbyggnad":"Nej","andamal1":"Bostad;Flerfamiljshus","andamal2":"None","andamal3":"None","andamal4":"None","andamal5":"None","FormularId":1099809,"fastighetsbeteckning":"LINDHOLMEN 19:3","energy_class":"G","energy_performance":284,"specific_energy":164,"building_category":"En- och tv\u00e5bostadshus","construction_year":1995,"epc_detail":{"IdAdr":"Pl\u00e5tslagaregatan 7","IdPostnr":41757,"IdPostort":"G\u00f6teborg","IdKommun":"G\u00f6teborg","EgenByggnadsKat":"En- och tv\u00e5bostadshus","EgenByggnadsTyp":"Friliggande","EgenNybyggAr":1995,"EgenAtemp":211,"EgenAntalPlan":2,"EgenAntalKallarplan":1,"EgenAntalTrapphus":2,"EgenAntalBolgh":2,"EgenInstEleffektStorre":"Ja","EgenSkyddadEllerVardefull":4,"EgiEnergiklass":"G","EgiEnergiPrestanda":284,"EgiSpecifikEnergianvandning":164,"EgiEnergianvandning":34513,"EgiPrimarenergianvandning":60014,"EgiBeraknatVarde":"Ja","VentTypFTX":"Nej","VentTypF":"Ja","VentTypFT":"Nej","VentTypSjalvdrag":"Nej","VentTypFmed":"Nej","VentGruppKrav":"Ja","EgiSumma2":34513,"EgiFastighet":2278,"EgiRefvarde1":90,"EgiRefvarde2Max":145,"EgiVersion":2019,"VentGruppGodkand":"Ja","RadGruppHaltMatt":"Ja","RadHalt":30,"RadTypMatning":"Annan metod","RadMatDatum":"2012-04-30","Godkand":"2020-07-03","Version":2.7,"ExpertBehorighet":"Kvalificerad","VentGruppUtanAnm":1,"InspUppvUndAvtalEgipres":"Nej","InspLuftUndAvtalEgipres":"Nej","AtgForslagEgiMinskad":2960,"AtgForslagKostnad":"0,68999999999999995"}}},{"type":"Feature","geometry":{"type":"Polygon","coordinates":[[[11.931562526021104,57.70706343916314],[11.931458664638916,57.70705082636104],[11.93147894538149,57.70701417087189],[11.931579695072882,57.707040729471395],[11.931562526021104,57.70706343916314]]]},"properties":{"id":"29fff033-b984-464a-ab91-34286f8a6b57","objektidentitet":"edd66510-47ae-430c-956f-eea81f962490","versiongiltigfran":"2017-06-21T10:36:41.866Z","lagesosakerhetplan":0.06,"lagesosakerhethojd":null,"ursprunglig_organisation":"G\u00f6teborg","objektversion":2.0,"objekttypnr":2066.0,"objekttyp":"Komplementbyggnad","insamlingslage":"Takkant","byggnadsnamn1":"None","byggnadsnamn2":"None","byggnadsnamn3":"None","husnummer":6.0,"huvudbyggnad":"Nej","andamal1":"Komplementbyggnad;","andamal2":"None","andamal3":"None","andamal4":"None","andamal5":"None","FormularId":null,"energy_class":null,"energy_performance":null,"specific_energy":null,"building_category":null,"construction_year":null,"epc_detail":{}}},{"type":"Feature","geometry":{"type":"Polygon","coordinates":[[[11.931663619276407,57.70645279240174],[11.931593844732427,57.70637651751858],[11.931877629045513,57.70630214003749],[11.931947387297363,57.70637841436293],[11.931663619276407,57.70645279240174]]]},"properties":{"id":"aa0ec7e6-c2a6-41b6-820f-8484bcc0252d","objektidentitet":"ea9133f5-e53a-4728-a91a-d2b623b98200","versiongiltigfran":"2015-10-08T08:34:18.501Z","lagesosakerhetplan":0.06,"lagesosakerhethojd":null,"ursprunglig_organisation":"G\u00f6teborg","objektversion":2.0,"objekttypnr":2061.0,"objekttyp":"Bostad","insamlingslage":"Takkant","byggnadsnamn1":"None","byggnadsnamn2":"None","byggnadsnamn3":"None","husnummer":2.0,"huvudbyggnad":"Nej","andamal1":"Bostad;Flerfamiljshus","andamal2":"None","andamal3":"None","andamal4":"None","andamal5":"None","FormularId":1132198,"fastighetsbeteckning":"LINDHOLMEN 12:1","energy_class":"D","energy_performance":99,"specific_energy":113,"building_category":"Flerbostadshus","construction_year":1993,"epc_detail":{"IdAdr":"Arbetaregatan 12","IdPostnr":41757,"IdPostort":"G\u00f6teborg","IdKommun":"G\u00f6teborg","EgenByggnadsKat":"Flerbostadshus","EgenByggnadsTyp":"Friliggande","EgenNybyggAr":1993,"EgenAtemp":380,"EgenAntalPlan":3,"EgenAntalKallarplan":0,"EgenAntalTrapphus":1,"EgenAntalBolgh":4,"EgenInstEleffektStorre":"Nej","EgenSkyddadEllerVardefull":4,"EgiEnergiklass":"D","EgiEnergiPrestanda":99,"EgiSpecifikEnergianvandning":113,"EgiEnergianvandning":43058,"EgiPrimarenergianvandning":37784,"EgiPrimarenergital2020":99,"EgiBeraknatVarde":"Ja","VentTypFTX":"Ja","VentTypF":"Ja","VentTypFT":"Nej","VentTypSjalvdrag":"Nej","VentTypFmed":"Nej","VentGruppKrav":"Ja","EgiSumma2":43058,"EgiFastighet":4924,"EgiRefvarde1":75,"EgiRefvarde2Max":148,"EgiVersion":2020,"VentGruppGodkand":"Ja","RadGruppHaltMatt":"Ja","RadHalt":30,"RadTypMatning":"Annan metod","RadMatDatum":"2006-02-10","Godkand":"2020-10-22","Version":2.8,"ExpertBehorighet":"Kvalificerad","VentGruppUtanAnm":1,"InspUppvUndAvtalEgipres":"Nej","InspLuftUndAvtalEgipres":"Nej"}}},{"type":"Feature","geometry":{"type":"Polygon","coordinates":[[[11.931588943896026,57.70680473104787],[11.931619868452932,57.70677880473698],[11.931702475091672,57.70680704434947],[11.931671564288042,57.70683300696559],[11.931588943896026,57.70680473104787]]]},"properties":{"id":"8b4f8d5c-7be9-4912-8439-707a5b20a24d","objektidentitet":"86fa9a1d-1b31-448d-befb-da21f60cb0f9","versiongiltigfran":"2011-03-23T08:38:54.324Z","lagesosakerhetplan":0.025,"lagesosakerhethojd":null,"ursprunglig_organisation":"Lantm\u00e4teriet","objektversion":1.0,"objekttypnr":2066.0,"objekttyp":"Komplementbyggnad","insamlingslage":"Takkant","byggnadsnamn1":"None","byggnadsnamn2":"None","byggnadsnamn3":"None","husnummer":2.0,"huvudbyggnad":"Nej","andamal1":"Komplementbyggnad;","andamal2":"None","andamal3":"None","andamal4":"None","andamal5":"None","FormularId":1110027,"fastighetsbeteckning":"LINDHOLMEN 735:368","energy_class":"E","energy_performance":139,"specific_energy":123,"building_category":"Flerbostadshus","construction_year":1925,"epc_detail":{"IdAdr":"Pl\u00e5tslagaregatan 5","IdPostnr":41757,"IdPostort":"G\u00f6teborg","IdKommun":"G\u00f6teborg","EgenByggnadsKat":"Flerbostadshus","EgenByggnadsTyp":"Friliggande","EgenNybyggAr":1925,"EgenAtemp":1357,"EgenAntalPlan":2,"EgenAntalKallarplan":1,"EgenAntalTrapphus":2,"EgenAntalBolgh":26,"EgenInstEleffektStorre":"Nej","EgenSkyddadEllerVardefull":0,"EgiEnergiklass":"E","EgiEnergiPrestanda":139,"EgiSpecifikEnergianvandning":123,"EgiEnergianvandning":167330,"EgiPrimarenergianvandning":188368,"EgiForstaArManad":1901,"EgiSistaArManad":1912,"EgiBeraknatVarde":"Nej","VentTypFTX":"Ja","VentTypF":"Ja","VentTypFT":"Nej","VentTypSjalvdrag":"Nej","VentTypFmed":"Nej","VentGruppKrav":"Ja","EgiSumma2":151665,"EgiFastighet":12712,"EgiVerksamhet":6310,"EgiStationEI":"G\u00f6teborg","EgiRefvarde1":85,"EgiRefvarde2Max":162,"EgiVersion":2019,"VentGruppGodkand":"Ja","RadGruppHaltMatt":"Nej","Godkand":"2020-08-25","Version":2.7,"ExpertBehorighet":"Kvalificerad","VentGruppUtanAnm":0,"InspUppvUndAvtalEgipres":"Nej","InspLuftUndAvtalEgipres":"Nej","AtgForslagEgiMinskad":5115,"AtgForslagKostnad":"0,91000000000000003"}}},{"type":"Feature","geometry":{"type":"Polygon","coordinates":[[[11.931919207234216,57.70649273243165],[11.931988038885113,57.70656865169731],[11.931704534302959,57.70664228124346],[11.931635719873121,57.70656636223516],[11.931919207234216,57.70649273243165]]]},"properties":{"id":"b60bf2f1-43d2-48d0-a164-1ac8561beb91","objektidentitet":"2721ddbf-5f91-44fc-bbba-3c11dcd029e5","versiongiltigfran":"2017-06-21T10:39:29.361Z","lagesosakerhetplan":0.06,"lagesosakerhethojd":2.5,"ursprunglig_organisation":"G\u00f6teborg","objektversion":2.0,"objekttypnr":2061.0,"objekttyp":"Bostad","insamlingslage":"Takkant","byggnadsnamn1":"None","byggnadsnamn2":"None","byggnadsnamn3":"None","husnummer":9.0,"huvudbyggnad":"Nej","andamal1":"Bostad;Flerfamiljshus","andamal2":"None","andamal3":"None","andamal4":"None","andamal5":"None","FormularId":1132214,"fastighetsbeteckning":"LINDHOLMEN 15:3","energy_class":"D","energy_performance":99,"specific_energy":113,"building_category":"Flerbostadshus","construction_year":1994,"epc_detail":{"IdAdr":"Arbetaregatan 13","IdPostnr":41757,"IdPostort":"G\u00f6teborg","IdKommun":"G\u00f6teborg","EgenByggnadsKat":"Flerbostadshus","EgenByggnadsTyp":"Friliggande","EgenNybyggAr":1994,"EgenAtemp":385,"EgenAntalPlan":3,"EgenAntalKallarplan":0,"EgenAntalTrapphus":1,"EgenAntalBolgh":4,"EgenInstEleffektStorre":"Nej","EgenSkyddadEllerVardefull":4,"EgiEnergiklass":"D","EgiEnergiPrestanda":99,"EgiSpecifikEnergianvandning":113,"EgiEnergianvandning":43498,"EgiPrimarenergianvandning":38128,"EgiPrimarenergital2020":99,"EgiBeraknatVarde":"Ja","VentTypFTX":"Ja","VentTypF":"Ja","VentTypFT":"Nej","VentTypSjalvdrag":"Nej","VentTypFmed":"Nej","VentGruppKrav":"Ja","EgiSumma2":43498,"EgiFastighet":4935,"EgiRefvarde1":75,"EgiRefvarde2Max":148,"EgiVersion":2020,"VentGruppGodkand":"Ja","RadGruppHaltMatt":"Ja","RadHalt":30,"RadTypMatning":"Annan metod","RadMatDatum":"2010-02-10","Godkand":"2020-10-22","Version":2.8,"ExpertBehorighet":"Kvalificerad","VentGruppUtanAnm":1,"InspUppvUndAvtalEgipres":"Nej","InspLuftUndAvtalEgipres":"Nej"}}},{"type":"Feature","geometry":{"type":"Polygon","coordinates":[[[11.931819869315444,57.70615176296098],[11.931749879335415,57.70607506049621],[11.932031893343327,57.706001331843595],[11.93210188302907,57.7060780431271],[11.931819869315444,57.70615176296098]]]},"properties":{"id":"3adeedd7-bb64-49d4-91c2-67738c2f89a9","objektidentitet":"ce0e07ab-ecef-4487-a377-cfb0c88f0132","versiongiltigfran":"2011-03-23T09:02:33.423Z","lagesosakerhetplan":0.06,"lagesosakerhethojd":2.5,"ursprunglig_organisation":"Lantm\u00e4teriet","objektversion":1.0,"objekttypnr":2061.0,"objekttyp":"Bostad","insamlingslage":"Takkant","byggnadsnamn1":"None","byggnadsnamn2":"None","byggnadsnamn3":"None","husnummer":6.0,"huvudbyggnad":"Nej","andamal1":"Bostad;Flerfamiljshus","andamal2":"None","andamal3":"None","andamal4":"None","andamal5":"None","FormularId":1132201,"fastighetsbeteckning":"LINDHOLMEN 12:1","energy_class":"D","energy_performance":99,"specific_energy":113,"building_category":"Flerbostadshus","construction_year":1993,"epc_detail":{"IdAdr":"Lindholmsv\u00e4gen 9","IdPostnr":41757,"IdPostort":"G\u00f6teborg","IdKommun":"G\u00f6teborg","EgenByggnadsKat":"Flerbostadshus","EgenByggnadsTyp":"Friliggande","EgenNybyggAr":1993,"EgenAtemp":385,"EgenAntalPlan":3,"EgenAntalKallarplan":0,"EgenAntalTrapphus":1,"EgenAntalBolgh":4,"EgenInstEleffektStorre":"Nej","EgenSkyddadEllerVardefull":4,"EgiEnergiklass":"D","EgiEnergiPrestanda":99,"EgiSpecifikEnergianvandning":113,"EgiEnergianvandning":43429,"EgiPrimarenergianvandning":38073,"EgiPrimarenergital2020":99,"EgiBeraknatVarde":"Ja","VentTypFTX":"Ja","VentTypF":"Ja","VentTypFT":"Nej","VentTypSjalvdrag":"Nej","VentTypFmed":"Nej","VentGruppKrav":"Ja","EgiSumma2":43429,"EgiFastighet":4934,"EgiRefvarde1":75,"EgiRefvarde2Max":148,"EgiVersion":2020,"VentGruppGodkand":"Ja","RadGruppHaltMatt":"Ja","RadHalt":40,"RadTypMatning":"Annan metod","RadMatDatum":"2010-02-10","Godkand":"2020-10-22","Version":2.8,"ExpertBehorighet":"Kvalificerad","VentGruppUtanAnm":1,"InspUppvUndAvtalEgipres":"Nej","InspLuftUndAvtalEgipres":"Nej"}}},{"type":"Feature","geometry":{"type":"Polygon","coordinates":[[[11.931753881798748,57.70622018803298],[11.931799122573205,57.706208414493965],[11.93184531095889,57.70625923841461],[11.931800134124233,57.7062710494736],[11.931753881798748,57.70622018803298]]]},"properties":{"id":"92028202-7c7f-4356-adef-588b843e499a","objektidentitet":"b1ec8163-9861-4f85-9352-f1b5459b9ad8","versiongiltigfran":"2011-03-23T08:47:51.391Z","lagesosakerhetplan":0.025,"lagesosakerhethojd":null,"ursprunglig_organisation":"Lantm\u00e4teriet","objektversion":1.0,"objekttypnr":2066.0,"objekttyp":"Komplementbyggnad","insamlingslage":"Takkant","byggnadsnamn1":"None","byggnadsnamn2":"None","byggnadsnamn3":"None","husnummer":10.0,"huvudbyggnad":"Nej","andamal1":"Komplementbyggnad;","andamal2":"None","andamal3":"None","andamal4":"None","andamal5":"None","FormularId":null,"energy_class":null,"energy_performance":null,"specific_energy":null,"building_category":null,"construction_year":null,"epc_detail":{}}},{"type":"Feature","geometry":{"type":"Polygon","coordinates":[[[11.9318937973458,57.70666398478616],[11.93191471991858,57.706687780143895],[11.931815371810176,57.706715687150734],[11.93177331081469,57.70669782348248],[11.9318937973458,57.70666398478616]]]},"properties":{"id":"561d4ab1-f060-4940-aaa6-35d02ed0a595","objektidentitet":"53cb80aa-f913-42e6-bb5b-a5ab3629dc83","versiongiltigfran":"2011-03-23T08:43:43.828Z","lagesosakerhetplan":0.06,"lagesosakerhethojd":null,"ursprunglig_organisation":"Lantm\u00e4teriet","objektversion":1.0,"objekttypnr":2066.0,"objekttyp":"Komplementbyggnad","insamlingslage":"Takkant","byggnadsnamn1":"None","byggnadsnamn2":"None","byggnadsnamn3":"None","husnummer":4.0,"huvudbyggnad":"Nej","andamal1":"Komplementbyggnad;","andamal2":"None","andamal3":"None","andamal4":"None","andamal5":"None","FormularId":null,"energy_class":null,"energy_performance":null,"specific_energy":null,"building_category":null,"construction_year":null,"epc_detail":{}}},{"type":"Feature","geometry":{"type":"Polygon","coordinates":[[[11.9320639419796,57.706621930862475],[11.932085156503108,57.706646245587415],[11.932070911201775,57.706649495315226],[11.932034356191771,57.706648114443965],[11.931988658213266,57.70666925147358],[11.931940759208626,57.706680088781255],[11.93192007680067,57.70665722501717],[11.9320639419796,57.706621930862475]]]},"properties":{"id":"03940093-38b9-4aee-8da8-15ae9af68e70","objektidentitet":"ad3804cf-26e8-4cea-95b4-63db4bdcf6cf","versiongiltigfran":"2011-03-23T08:43:50.225Z","lagesosakerhetplan":0.06,"lagesosakerhethojd":2.5,"ursprunglig_organisation":"Lantm\u00e4teriet","objektversion":1.0,"objekttypnr":2066.0,"objekttyp":"Komplementbyggnad","insamlingslage":"Takkant","byggnadsnamn1":"None","byggnadsnamn2":"None","byggnadsnamn3":"None","husnummer":3.0,"huvudbyggnad":"Nej","andamal1":"Komplementbyggnad;","andamal2":"None","andamal3":"None","andamal4":"None","andamal5":"None","FormularId":null,"energy_class":null,"energy_performance":null,"specific_energy":null,"building_category":null,"construction_year":null,"epc_detail":{}}},{"type":"Feature","geometry":{"type":"Polygon","coordinates":[[[11.932143571848322,57.70681409310907],[11.932007653892208,57.70680726457899],[11.932032841957925,57.706653506475085],[11.932169827926437,57.70666020809088],[11.932143571848322,57.70681409310907]]]},"properties":{"id":"1a7a9c13-6766-46b8-9067-b404911f077f","objektidentitet":"a91aa77b-11b7-40ad-8be8-66b8761f9079","versiongiltigfran":"2015-10-08T08:32:42.214Z","lagesosakerhetplan":0.06,"lagesosakerhethojd":null,"ursprunglig_organisation":"G\u00f6teborg","objektversion":2.0,"objekttypnr":2061.0,"objekttyp":"Bostad","insamlingslage":"Takkant","byggnadsnamn1":"None","byggnadsnamn2":"None","byggnadsnamn3":"None","husnummer":2.0,"huvudbyggnad":"Nej","andamal1":"Bostad;Flerfamiljshus","andamal2":"None","andamal3":"None","andamal4":"None","andamal5":"None","FormularId":1132215,"fastighetsbeteckning":"LINDHOLMEN 15:3","energy_class":"E","energy_performance":123,"specific_energy":142,"building_category":"Flerbostadshus","construction_year":1994,"epc_detail":{"IdAdr":"Pl\u00e5tslagaregatan 6B","IdPostnr":41757,"IdPostort":"G\u00f6teborg","IdKommun":"G\u00f6teborg","EgenByggnadsKat":"Flerbostadshus","EgenByggnadsTyp":"Friliggande","EgenNybyggAr":1994,"EgenAtemp":250,"EgenAntalPlan":2,"EgenAntalKallarplan":1,"EgenAntalTrapphus":2,"EgenAntalBolgh":2,"EgenInstEleffektStorre":"Nej","EgenSkyddadEllerVardefull":4,"EgiEnergiklass":"E","EgiEnergiPrestanda":123,"EgiSpecifikEnergianvandning":142,"EgiEnergianvandning":35381,"EgiPrimarenergianvandning":30643,"EgiPrimarenergital2020":123,"EgiBeraknatVarde":"Ja","VentTypFTX":"Nej","VentTypF":"Ja","VentTypFT":"Nej","VentTypSjalvdrag":"Nej","VentTypFmed":"Nej","VentGruppKrav":"Ja","EgiSumma2":35381,"EgiFastighet":3532,"EgiRefvarde1":75,"EgiRefvarde2Max":148,"EgiVersion":2020,"VentGruppGodkand":"Ja","RadGruppHaltMatt":"Ja","RadHalt":30,"RadTypMatning":"Annan metod","RadMatDatum":"2017-04-25","Godkand":"2020-10-22","Version":2.8,"ExpertBehorighet":"Kvalificerad","VentGruppUtanAnm":1,"InspUppvUndAvtalEgipres":"Nej","InspLuftUndAvtalEgipres":"Nej"}}},{"type":"Feature","geometry":{"type":"Polygon","coordinates":[[[11.932026579156167,57.70725756415672],[11.932124980355633,57.7072793466481],[11.932088359699957,57.70732674210341],[11.931989958395764,57.70730495958266],[11.932026579156167,57.70725756415672]]]},"properties":{"id":"498e7cf3-4460-4c5f-9bf9-0f118ecd518a","objektidentitet":"8f6ab11d-9151-44c9-9f4f-f274dcd4fca6","versiongiltigfran":"2011-03-23T08:35:40.620Z","lagesosakerhetplan":0.06,"lagesosakerhethojd":null,"ursprunglig_organisation":"Lantm\u00e4teriet","objektversion":1.0,"objekttypnr":2066.0,"objekttyp":"Komplementbyggnad","insamlingslage":"Takkant","byggnadsnamn1":"None","byggnadsnamn2":"None","byggnadsnamn3":"None","husnummer":7.0,"huvudbyggnad":"Nej","andamal1":"Komplementbyggnad;","andamal2":"None","andamal3":"None","andamal4":"None","andamal5":"None","FormularId":null,"energy_class":null,"energy_performance":null,"specific_energy":null,"building_category":null,"construction_year":null,"epc_detail":{}}},{"type":"Feature","geometry":{"type":"Polygon","coordinates":[[[11.931090153173933,57.7059405415003],[11.931176911693354,57.70591792919994],[11.931206913758292,57.70595069028237],[11.931119735507531,57.70597330140961],[11.931090153173933,57.7059405415003]]]},"properties":{"id":"cf106bd5-1f9f-49ad-8916-7dd484ea9c47","objektidentitet":"451a1aad-b28d-48c9-8f62-ecafe5d6ad4c","versiongiltigfran":"2012-01-03T09:46:37.780Z","lagesosakerhetplan":0.06,"lagesosakerhethojd":null,"ursprunglig_organisation":"G\u00f6teborg","objektversion":2.0,"objekttypnr":2066.0,"objekttyp":"Komplementbyggnad","insamlingslage":"Takkant","byggnadsnamn1":"None","byggnadsnamn2":"None","byggnadsnamn3":"None","husnummer":2.0,"huvudbyggnad":"Nej","andamal1":"Komplementbyggnad;","andamal2":"None","andamal3":"None","andamal4":"None","andamal5":"None","FormularId":1122238,"fastighetsbeteckning":"LINDHOLMEN 735:328","energy_class":"F","energy_performance":147,"specific_energy":75,"building_category":"Flerbostadshus","construction_year":1987,"epc_detail":{"IdAdr":"Lindholmsv\u00e4gen 16","IdPostnr":41757,"IdPostort":"G\u00f6teborg","IdKommun":"G\u00f6teborg","EgenByggnadsKat":"Flerbostadshus","EgenByggnadsTyp":"Friliggande","EgenNybyggAr":1987,"EgenAtemp":331,"EgenAntalPlan":2,"EgenAntalKallarplan":0,"EgenAntalTrapphus":1,"EgenAntalBolgh":4,"EgenInstEleffektStorre":"Ja","EgenSkyddadEllerVardefull":0,"EgiEnergiklass":"F","EgiEnergiPrestanda":147,"EgiSpecifikEnergianvandning":75,"EgiEnergianvandning":24842,"EgiPrimarenergianvandning":48625,"EgiPrimarenergital2020":147,"EgiForstaArManad":1901,"EgiSistaArManad":1912,"EgiBeraknatVarde":"Nej","VentTypFTX":"Nej","VentTypF":"Ja","VentTypFT":"Nej","VentTypSjalvdrag":"Nej","VentTypFmed":"Nej","VentGruppKrav":"Ja","EgiSumma2":22305,"EgiFastighet":1986,"EgiStationEI":"G\u00f6teborg","EgiRefvarde1":75,"EgiRefvarde2Max":157,"EgiVersion":2020,"VentGruppGodkand":"Ja","RadGruppHaltMatt":"Nej","Godkand":"2020-09-28","Version":2.8,"ExpertBehorighet":"Kvalificerad","VentGruppUtanAnm":1,"InspUppvUndAvtalEgipres":"Nej","InspLuftUndAvtalEgipres":"Nej","AtgForslagEgiMinskad":2000,"AtgForslagKostnad":"0,38"}}},{"type":"Feature","geometry":{"type":"Polygon","coordinates":[[[11.93098991228785,57.7061505501972],[11.930908643218652,57.7060613229469],[11.931026809142177,57.70603048471544],[11.93101499498842,57.706017516019564],[11.931075606394709,57.70600169353682],[11.931087773308862,57.706015057269084],[11.931205149152575,57.70598442440815],[11.931286065286411,57.70607326540259],[11.93098991228785,57.7061505501972]]]},"properties":{"id":"6e9c902f-755c-4719-99ff-c6fba16dcfd5","objektidentitet":"bc9efc56-922f-4198-b999-4a44fd916e47","versiongiltigfran":"2015-10-08T08:34:18.501Z","lagesosakerhetplan":0.06,"lagesosakerhethojd":null,"ursprunglig_organisation":"G\u00f6teborg","objektversion":5.0,"objekttypnr":2061.0,"objekttyp":"Bostad","insamlingslage":"Takkant","byggnadsnamn1":"None","byggnadsnamn2":"None","byggnadsnamn3":"None","husnummer":4.0,"huvudbyggnad":"Nej","andamal1":"Bostad;Flerfamiljshus","andamal2":"None","andamal3":"None","andamal4":"None","andamal5":"None","FormularId":1122238,"fastighetsbeteckning":"LINDHOLMEN 735:328","energy_class":"F","energy_performance":147,"specific_energy":75,"building_category":"Flerbostadshus","construction_year":1987,"epc_detail":{"IdAdr":"Lindholmsv\u00e4gen 16","IdPostnr":41757,"IdPostort":"G\u00f6teborg","IdKommun":"G\u00f6teborg","EgenByggnadsKat":"Flerbostadshus","EgenByggnadsTyp":"Friliggande","EgenNybyggAr":1987,"EgenAtemp":331,"EgenAntalPlan":2,"EgenAntalKallarplan":0,"EgenAntalTrapphus":1,"EgenAntalBolgh":4,"EgenInstEleffektStorre":"Ja","EgenSkyddadEllerVardefull":0,"EgiEnergiklass":"F","EgiEnergiPrestanda":147,"EgiSpecifikEnergianvandning":75,"EgiEnergianvandning":24842,"EgiPrimarenergianvandning":48625,"EgiPrimarenergital2020":147,"EgiForstaArManad":1901,"EgiSistaArManad":1912,"EgiBeraknatVarde":"Nej","VentTypFTX":"Nej","VentTypF":"Ja","VentTypFT":"Nej","VentTypSjalvdrag":"Nej","VentTypFmed":"Nej","VentGruppKrav":"Ja","EgiSumma2":22305,"EgiFastighet":1986,"EgiStationEI":"G\u00f6teborg","EgiRefvarde1":75,"EgiRefvarde2Max":157,"EgiVersion":2020,"VentGruppGodkand":"Ja","RadGruppHaltMatt":"Nej","Godkand":"2020-09-28","Version":2.8,"ExpertBehorighet":"Kvalificerad","VentGruppUtanAnm":1,"InspUppvUndAvtalEgipres":"Nej","InspLuftUndAvtalEgipres":"Nej","AtgForslagEgiMinskad":2000,"AtgForslagKostnad":"0,38"}}},{"type":"Feature","geometry":{"type":"Polygon","coordinates":[[[11.931541150388524,57.70578112315361],[11.931571820913119,57.70581491600594],[11.93147839202647,57.70583917335791],[11.93144778859542,57.705805382109524],[11.931541150388524,57.70578112315361]]]},"properties":{"id":"a557151c-5fe0-4dca-aa59-0424130a5b38","objektidentitet":"8484f8c1-a886-412d-ac0c-d31f6902efcc","versiongiltigfran":"2011-03-23T08:35:46.030Z","lagesosakerhetplan":0.06,"lagesosakerhethojd":2.5,"ursprunglig_organisation":"Lantm\u00e4teriet","objektversion":1.0,"objekttypnr":2066.0,"objekttyp":"Komplementbyggnad","insamlingslage":"Takkant","byggnadsnamn1":"None","byggnadsnamn2":"None","byggnadsnamn3":"None","husnummer":9.0,"huvudbyggnad":"Nej","andamal1":"Komplementbyggnad;","andamal2":"None","andamal3":"None","andamal4":"None","andamal5":"None","FormularId":null,"energy_class":null,"energy_performance":null,"specific_energy":null,"building_category":null,"construction_year":null,"epc_detail":{}}},{"type":"Feature","geometry":{"type":"Polygon","coordinates":[[[11.931528918655284,57.70582604511766],[11.931558156903963,57.705858311221746],[11.931507650033607,57.70587140400141],[11.93147839202647,57.70583917335791],[11.931528918655284,57.70582604511766]]]},"properties":{"id":"35f7f47b-cc4e-4eee-afbb-10804a25b14a","objektidentitet":"9b9b9d89-4d77-4bdf-8a80-ebf1d47bfba7","versiongiltigfran":"2011-03-23T08:58:37.572Z","lagesosakerhetplan":0.06,"lagesosakerhethojd":null,"ursprunglig_organisation":"Lantm\u00e4teriet","objektversion":1.0,"objekttypnr":2066.0,"objekttyp":"Komplementbyggnad","insamlingslage":"Takkant","byggnadsnamn1":"None","byggnadsnamn2":"None","byggnadsnamn3":"None","husnummer":2.0,"huvudbyggnad":"Nej","andamal1":"Komplementbyggnad;","andamal2":"None","andamal3":"None","andamal4":"None","andamal5":"None","FormularId":1114977,"fastighetsbeteckning":"LINDHOLMEN 735:329","energy_class":"F","energy_performance":147,"specific_energy":75,"building_category":"Flerbostadshus","construction_year":1987,"epc_detail":{"IdAdr":"Lindholmsv\u00e4gen 14","IdPostnr":41757,"IdPostort":"G\u00f6teborg","IdKommun":"G\u00f6teborg","EgenByggnadsKat":"Flerbostadshus","EgenByggnadsTyp":"Friliggande","EgenNybyggAr":1987,"EgenAtemp":331,"EgenAntalPlan":2,"EgenAntalKallarplan":0,"EgenAntalTrapphus":1,"EgenAntalBolgh":4,"EgenInstEleffektStorre":"Ja","EgenSkyddadEllerVardefull":0,"EgiEnergiklass":"F","EgiEnergiPrestanda":147,"EgiSpecifikEnergianvandning":75,"EgiEnergianvandning":24842,"EgiPrimarenergianvandning":48625,"EgiPrimarenergital2020":147,"EgiForstaArManad":1901,"EgiSistaArManad":1912,"EgiBeraknatVarde":"Nej","VentTypFTX":"Nej","VentTypF":"Ja","VentTypFT":"Nej","VentTypSjalvdrag":"Nej","VentTypFmed":"Nej","VentGruppKrav":"Ja","EgiSumma2":22305,"EgiFastighet":1986,"EgiStationEI":"G\u00f6teborg","EgiRefvarde1":75,"EgiRefvarde2Max":157,"EgiVersion":2020,"VentGruppGodkand":"Ja","RadGruppHaltMatt":"Nej","Godkand":"2020-09-28","Version":2.8,"ExpertBehorighet":"Kvalificerad","VentGruppUtanAnm":1,"InspUppvUndAvtalEgipres":"Nej","InspLuftUndAvtalEgipres":"Nej","AtgForslagEgiMinskad":2000,"AtgForslagKostnad":"0,38"}}},{"type":"Feature","geometry":{"type":"Polygon","coordinates":[[[11.931558124150483,57.70585830143928],[11.931528883623933,57.70582606224394],[11.931579255612954,57.70581297517313],[11.93160847941815,57.705845213950745],[11.931558124150483,57.70585830143928]]]},"properties":{"id":"be4f813c-b027-4941-ad30-dfdadd029a33","objektidentitet":"263fff4b-69e4-4154-939a-302705585c30","versiongiltigfran":"2024-04-15T13:52:13.646Z","lagesosakerhetplan":0.1,"lagesosakerhethojd":null,"ursprunglig_organisation":"G\u00f6teborg","objektversion":1.0,"objekttypnr":2066.0,"objekttyp":"Komplementbyggnad","insamlingslage":"Takkant","byggnadsnamn1":"None","byggnadsnamn2":"None","byggnadsnamn3":"None","husnummer":6.0,"huvudbyggnad":"Nej","andamal1":"Komplementbyggnad;","andamal2":"None","andamal3":"None","andamal4":"None","andamal5":"None","FormularId":1552177,"fastighetsbeteckning":"LINDHOLMEN 735:332","energy_class":"D","energy_performance":87,"specific_energy":107,"building_category":"Flerbostadshus","construction_year":2010,"epc_detail":{"IdAdr":"Lindholmsv\u00e4gen 12","IdPostnr":41757,"IdPostort":"G\u00f6teborg","IdKommun":"G\u00f6teborg","EgenByggnadsKat":"Flerbostadshus","EgenByggnadsTyp":"Friliggande","EgenNybyggAr":2010,"EgenAtemp":608,"EgenAntalPlan":3,"EgenAntalKallarplan":1,"EgenAntalTrapphus":1,"EgenAntalBolgh":6,"EgenProjVentFlode":"0,34999999999999998","EgenInstEleffektStorre":"Nej","EgenSkyddadEllerVardefull":0,"EgiEnergiklass":"D","EgiEnergiPrestanda":87,"EgiSpecifikEnergianvandning":107,"EgiEnergianvandning":65115,"EgiPrimarenergianvandning":52933,"EgiPrimarenergital2020":87,"EgiForstaArManad":2301,"EgiSistaArManad":2312,"EgiBeraknatVarde":"Nej","VentTypFTX":"Nej","VentTypF":"Ja","VentTypFT":"Nej","VentTypSjalvdrag":"Nej","VentTypFmed":"Nej","VentGruppKrav":"Ja","EgiSumma2":63000,"EgiFastighet":3332,"EgiStationEI":"G\u00f6teborg","EgiRefvarde1":75,"EgiRefvarde2Max":78,"EgiVersion":2023,"VentGruppGodkand":"Ja","RadGruppHaltMatt":"Nej","Godkand":"2024-12-12","Version":3.0,"ExpertBehorighet":"Kvalificerad","VentGruppUtanAnm":0,"InspUppvUndAvtalEgipres":"Nej","InspLuftUndAvtalEgipres":"Nej","AtgForslagEgiMinskad":2700,"AtgForslagKostnad":"0,69999999999999996"}}},{"type":"Feature","geometry":{"type":"Polygon","coordinates":[[[11.931706175413575,57.70595978088816],[11.931629152983566,57.70587452196361],[11.931863688800295,57.70581379818842],[11.931940728418933,57.70589905738141],[11.931706175413575,57.70595978088816]]]},"properties":{"id":"a2ec7233-cb44-40ec-9741-daa20e65ba47","objektidentitet":"11a64a59-3ff1-40ef-b045-96ebd3d8ef39","versiongiltigfran":"2018-01-09T11:59:24.499Z","lagesosakerhetplan":0.06,"lagesosakerhethojd":null,"ursprunglig_organisation":"G\u00f6teborg","objektversion":4.0,"objekttypnr":2061.0,"objekttyp":"Bostad","insamlingslage":"Takkant","byggnadsnamn1":"None","byggnadsnamn2":"None","byggnadsnamn3":"None","husnummer":2.0,"huvudbyggnad":"Nej","andamal1":"Bostad;Flerfamiljshus","andamal2":"None","andamal3":"None","andamal4":"None","andamal5":"None","FormularId":1552177,"fastighetsbeteckning":"LINDHOLMEN 735:332","energy_class":"D","energy_performance":87,"specific_energy":107,"building_category":"Flerbostadshus","construction_year":2010,"epc_detail":{"IdAdr":"Lindholmsv\u00e4gen 12","IdPostnr":41757,"IdPostort":"G\u00f6teborg","IdKommun":"G\u00f6teborg","EgenByggnadsKat":"Flerbostadshus","EgenByggnadsTyp":"Friliggande","EgenNybyggAr":2010,"EgenAtemp":608,"EgenAntalPlan":3,"EgenAntalKallarplan":1,"EgenAntalTrapphus":1,"EgenAntalBolgh":6,"EgenProjVentFlode":"0,34999999999999998","EgenInstEleffektStorre":"Nej","EgenSkyddadEllerVardefull":0,"EgiEnergiklass":"D","EgiEnergiPrestanda":87,"EgiSpecifikEnergianvandning":107,"EgiEnergianvandning":65115,"EgiPrimarenergianvandning":52933,"EgiPrimarenergital2020":87,"EgiForstaArManad":2301,"EgiSistaArManad":2312,"EgiBeraknatVarde":"Nej","VentTypFTX":"Nej","VentTypF":"Ja","VentTypFT":"Nej","VentTypSjalvdrag":"Nej","VentTypFmed":"Nej","VentGruppKrav":"Ja","EgiSumma2":63000,"EgiFastighet":3332,"EgiStationEI":"G\u00f6teborg","EgiRefvarde1":75,"EgiRefvarde2Max":78,"EgiVersion":2023,"VentGruppGodkand":"Ja","RadGruppHaltMatt":"Nej","Godkand":"2024-12-12","Version":3.0,"ExpertBehorighet":"Kvalificerad","VentGruppUtanAnm":0,"InspUppvUndAvtalEgipres":"Nej","InspLuftUndAvtalEgipres":"Nej","AtgForslagEgiMinskad":2700,"AtgForslagKostnad":"0,69999999999999996"}}},{"type":"Feature","geometry":{"type":"Polygon","coordinates":[[[11.930724651434225,57.706731130392335],[11.930827145075735,57.7067463980459],[11.930812405252054,57.7067747211676],[11.930709929053801,57.70675944493841],[11.930724651434225,57.706731130392335]]]},"properties":{"id":"7300777d-afc1-44f6-b50b-7a54bed1529b","objektidentitet":"c397832e-f045-4965-8f89-1d0304b55048","versiongiltigfran":"2015-06-30T14:14:09.316Z","lagesosakerhetplan":0.06,"lagesosakerhethojd":null,"ursprunglig_organisation":"G\u00f6teborg","objektversion":2.0,"objekttypnr":2066.0,"objekttyp":"Komplementbyggnad","insamlingslage":"Takkant","byggnadsnamn1":"None","byggnadsnamn2":"None","byggnadsnamn3":"None","husnummer":10.0,"huvudbyggnad":"Nej","andamal1":"Komplementbyggnad;","andamal2":"None","andamal3":"None","andamal4":"None","andamal5":"None","FormularId":null,"energy_class":null,"energy_performance":null,"specific_energy":null,"building_category":null,"construction_year":null,"epc_detail":{}}},{"type":"Feature","geometry":{"type":"Polygon","coordinates":[[[11.931436036170183,57.7057752208935],[11.931155914522952,57.70584822114961],[11.931078959280882,57.70576357468094],[11.931358996635966,57.705690572557174],[11.931436036170183,57.7057752208935]]]},"properties":{"id":"5d5670cb-f093-4626-8610-bee0a9336bf7","objektidentitet":"0eb4c547-84cd-4e6b-9a13-fefb9217a642","versiongiltigfran":"2011-03-23T08:56:39.042Z","lagesosakerhetplan":0.06,"lagesosakerhethojd":null,"ursprunglig_organisation":"Lantm\u00e4teriet","objektversion":1.0,"objekttypnr":2061.0,"objekttyp":"Bostad","insamlingslage":"Takkant","byggnadsnamn1":"None","byggnadsnamn2":"None","byggnadsnamn3":"None","husnummer":3.0,"huvudbyggnad":"Nej","andamal1":"Bostad;Flerfamiljshus","andamal2":"None","andamal3":"None","andamal4":"None","andamal5":"None","FormularId":1444965,"fastighetsbeteckning":"LINDHOLMEN 735:486","energy_class":"F","energy_performance":137,"specific_energy":71,"building_category":"Flerbostadshus","construction_year":1890,"epc_detail":{"IdAdr":"F\u00f6rmansgatan 7B","IdPostnr":41757,"IdPostort":"G\u00f6teborg","IdKommun":"G\u00f6teborg","EgenByggnadsKat":"Flerbostadshus","EgenByggnadsTyp":"Friliggande","EgenNybyggAr":1890,"EgenAtemp":394,"EgenAntalPlan":3,"EgenAntalKallarplan":0,"EgenAntalTrapphus":2,"EgenAntalBolgh":4,"EgenProjVentFlode":"0,34999999999999998","EgenInstEleffektStorre":"Ja","EgenSkyddadEllerVardefull":0,"EgiEnergiklass":"F","EgiEnergiPrestanda":137,"EgiSpecifikEnergianvandning":71,"EgiEnergianvandning":28090,"EgiPrimarenergianvandning":53880,"EgiPrimarenergital2020":137,"EgiForstaArManad":2301,"EgiSistaArManad":2312,"EgiBeraknatVarde":"Nej","VentTypFTX":"Nej","VentTypF":"Nej","VentTypFT":"Nej","VentTypSjalvdrag":"Ja","VentTypFmed":"Nej","VentGruppKrav":"Ja","EgiSumma2":27350,"EgiFastighet":3620,"EgiStationEI":"G\u00f6teborg","EgiRefvarde1":75,"EgiRefvarde2Max":129,"EgiVersion":2023,"VentGruppGodkand":"Ja","RadGruppHaltMatt":"Ja","RadHalt":40,"RadTypMatning":"L\u00e5ngtidsm\u00e4tning enligt SSI","RadMatDatum":"2021-02-24","Godkand":"2024-03-18","Version":2.8,"ExpertBehorighet":"Normal","VentGruppUtanAnm":1,"InspUppvUndAvtalEgipres":"Nej","InspLuftUndAvtalEgipres":"Nej","AtgForslagEgiMinskad":12200,"AtgForslagKostnad":"0,80000000000000004"}}},{"type":"Feature","geometry":{"type":"Polygon","coordinates":[[[11.93164283507965,57.70587098000009],[11.931636970186217,57.705864492211404],[11.931671860445125,57.70585537977915],[11.93165070634075,57.70583214499813],[11.931798574614396,57.7057935598048],[11.931820191244693,57.705817282142604],[11.93184618675381,57.70581049753419],[11.931851963285919,57.70581683936162],[11.93164283507965,57.70587098000009]]]},"properties":{"id":"a0b1d6e2-e364-48a4-9d8b-33be37e05c12","objektidentitet":"4909abb4-eb66-44ff-8966-023f2e3dab23","versiongiltigfran":"2018-01-09T11:59:39.385Z","lagesosakerhetplan":0.06,"lagesosakerhethojd":null,"ursprunglig_organisation":"G\u00f6teborg","objektversion":4.0,"objekttypnr":2061.0,"objekttyp":"Bostad","insamlingslage":"Takkant","byggnadsnamn1":"None","byggnadsnamn2":"None","byggnadsnamn3":"None","husnummer":4.0,"huvudbyggnad":"Nej","andamal1":"Bostad;Flerfamiljshus","andamal2":"None","andamal3":"None","andamal4":"None","andamal5":"None","FormularId":1552177,"fastighetsbeteckning":"LINDHOLMEN 735:332","energy_class":"D","energy_performance":87,"specific_energy":107,"building_category":"Flerbostadshus","construction_year":2010,"epc_detail":{"IdAdr":"Lindholmsv\u00e4gen 12","IdPostnr":41757,"IdPostort":"G\u00f6teborg","IdKommun":"G\u00f6teborg","EgenByggnadsKat":"Flerbostadshus","EgenByggnadsTyp":"Friliggande","EgenNybyggAr":2010,"EgenAtemp":608,"EgenAntalPlan":3,"EgenAntalKallarplan":1,"EgenAntalTrapphus":1,"EgenAntalBolgh":6,"EgenProjVentFlode":"0,34999999999999998","EgenInstEleffektStorre":"Nej","EgenSkyddadEllerVardefull":0,"EgiEnergiklass":"D","EgiEnergiPrestanda":87,"EgiSpecifikEnergianvandning":107,"EgiEnergianvandning":65115,"EgiPrimarenergianvandning":52933,"EgiPrimarenergital2020":87,"EgiForstaArManad":2301,"EgiSistaArManad":2312,"EgiBeraknatVarde":"Nej","VentTypFTX":"Nej","VentTypF":"Ja","VentTypFT":"Nej","VentTypSjalvdrag":"Nej","VentTypFmed":"Nej","VentGruppKrav":"Ja","EgiSumma2":63000,"EgiFastighet":3332,"EgiStationEI":"G\u00f6teborg","EgiRefvarde1":75,"EgiRefvarde2Max":78,"EgiVersion":2023,"VentGruppGodkand":"Ja","RadGruppHaltMatt":"Nej","Godkand":"2024-12-12","Version":3.0,"ExpertBehorighet":"Kvalificerad","VentGruppUtanAnm":0,"InspUppvUndAvtalEgipres":"Nej","InspLuftUndAvtalEgipres":"Nej","AtgForslagEgiMinskad":2700,"AtgForslagKostnad":"0,69999999999999996"}}},{"type":"Feature","geometry":{"type":"Polygon","coordinates":[[[11.937301330933073,57.70675843786043],[11.937343154495158,57.7068043813528],[11.936700587900283,57.70697168377019],[11.936658790069554,57.7069256418123],[11.936631246016072,57.70692452542029],[11.936609702536048,57.70690088662691],[11.936631146696593,57.70689530306872],[11.936456960041019,57.706703523579556],[11.936429432920626,57.706702407551056],[11.936407890458597,57.70667875975549],[11.936429250732315,57.706673174201384],[11.936387958035668,57.70662771960661],[11.937030502354732,57.706460427288064],[11.937071799470392,57.70650583683193],[11.937093273050474,57.706500298851815],[11.937114732077493,57.70652394450597],[11.937099522923598,57.70653622235831],[11.937273792229142,57.706728047868936],[11.937295252944937,57.70672246460179],[11.93731670844199,57.70674615507169],[11.937301330933073,57.70675843786043]]]},"properties":{"id":"af4499be-1bb7-4cdd-9cc3-0e4ac7da5bf4","objektidentitet":"2c120f98-87a0-40ad-9d26-ee8bad0f7fe6","versiongiltigfran":"2023-08-21T16:17:38.272Z","lagesosakerhetplan":0.025,"lagesosakerhethojd":null,"ursprunglig_organisation":"G\u00f6teborg","objektversion":2.0,"objekttypnr":2063.0,"objekttyp":"Samh\u00e4llsfunktion","insamlingslage":"Takkant","byggnadsnamn1":"None","byggnadsnamn2":"None","byggnadsnamn3":"None","husnummer":4.0,"huvudbyggnad":"Nej","andamal1":"Samh\u00e4llsfunktion;Universitet","andamal2":"None","andamal3":"None","andamal4":"None","andamal5":"None","FormularId":null,"energy_class":null,"energy_performance":null,"specific_energy":null,"building_category":null,"construction_year":null,"epc_detail":{}}},{"type":"Feature","geometry":{"type":"Polygon","coordinates":[[[11.93205215567594,57.70655169138591],[11.931982557722648,57.70647589737977],[11.932265112743954,57.706401561120444],[11.932334711155788,57.706477354976265],[11.93205215567594,57.70655169138591]]]},"properties":{"id":"24e3f46d-162e-459a-857d-cb3c1b6334ba","objektidentitet":"22a01355-6442-4072-85ba-e2cc853369cc","versiongiltigfran":"2017-06-21T10:39:29.361Z","lagesosakerhetplan":0.06,"lagesosakerhethojd":null,"ursprunglig_organisation":"G\u00f6teborg","objektversion":2.0,"objekttypnr":2061.0,"objekttyp":"Bostad","insamlingslage":"Takkant","byggnadsnamn1":"None","byggnadsnamn2":"None","byggnadsnamn3":"None","husnummer":8.0,"huvudbyggnad":"Nej","andamal1":"Bostad;Flerfamiljshus","andamal2":"None","andamal3":"None","andamal4":"None","andamal5":"None","FormularId":1132213,"fastighetsbeteckning":"LINDHOLMEN 15:3","energy_class":"D","energy_performance":99,"specific_energy":113,"building_category":"Flerbostadshus","construction_year":1994,"epc_detail":{"IdAdr":"Arbetaregatan 11","IdPostnr":41757,"IdPostort":"G\u00f6teborg","IdKommun":"G\u00f6teborg","EgenByggnadsKat":"Flerbostadshus","EgenByggnadsTyp":"Friliggande","EgenNybyggAr":1994,"EgenAtemp":380,"EgenAntalPlan":3,"EgenAntalKallarplan":0,"EgenAntalTrapphus":1,"EgenAntalBolgh":4,"EgenInstEleffektStorre":"Nej","EgenSkyddadEllerVardefull":4,"EgiEnergiklass":"D","EgiEnergiPrestanda":99,"EgiSpecifikEnergianvandning":113,"EgiEnergianvandning":43071,"EgiPrimarenergianvandning":37794,"EgiPrimarenergital2020":99,"EgiBeraknatVarde":"Ja","VentTypFTX":"Ja","VentTypF":"Ja","VentTypFT":"Nej","VentTypSjalvdrag":"Nej","VentTypFmed":"Nej","VentGruppKrav":"Ja","EgiSumma2":43071,"EgiFastighet":4924,"EgiRefvarde1":75,"EgiRefvarde2Max":148,"EgiVersion":2020,"VentGruppGodkand":"Ja","RadGruppHaltMatt":"Ja","RadHalt":30,"RadTypMatning":"Annan metod","RadMatDatum":"2010-02-10","Godkand":"2020-10-22","Version":2.8,"ExpertBehorighet":"Kvalificerad","VentGruppUtanAnm":1,"InspUppvUndAvtalEgipres":"Nej","InspLuftUndAvtalEgipres":"Nej"}}},{"type":"Feature","geometry":{"type":"Polygon","coordinates":[[[11.935738114023431,57.7066997479714],[11.935634626649732,57.70658479242242],[11.935719872316762,57.70656277852529],[11.935823440653746,57.70667777191483],[11.935738114023431,57.7066997479714]]]},"properties":{"id":"9f5ad941-2e93-4743-aca5-514e0afffbbc","objektidentitet":"6518ad2a-400a-4a38-8421-719bcb9f3318","versiongiltigfran":"2023-08-17T16:21:58.295Z","lagesosakerhetplan":0.06,"lagesosakerhethojd":2.5,"ursprunglig_organisation":"G\u00f6teborg","objektversion":4.0,"objekttypnr":2063.0,"objekttyp":"Samh\u00e4llsfunktion","insamlingslage":"Takkant","byggnadsnamn1":"None","byggnadsnamn2":"None","byggnadsnamn3":"None","husnummer":7.0,"huvudbyggnad":"Nej","andamal1":"Samh\u00e4llsfunktion;Universitet","andamal2":"None","andamal3":"None","andamal4":"None","andamal5":"None","FormularId":null,"energy_class":null,"energy_performance":null,"specific_energy":null,"building_category":null,"construction_year":null,"epc_detail":{}}},{"type":"Feature","geometry":{"type":"Polygon","coordinates":[[[11.936465740348677,57.707035114337216],[11.93655581566299,57.70700940592165],[11.936243253898178,57.70666544303556],[11.936182558617308,57.70668028625591],[11.936172280698186,57.70666858663386],[11.936245830386738,57.70664926413903],[11.93658232523928,57.707019584133505],[11.936478559098836,57.70704794503327],[11.936465740348677,57.707035114337216]]]},"properties":{"id":"fd7be898-3472-4e1d-ab85-ddba0940d008","objektidentitet":"42b09b97-2e26-4d46-aff4-72d83ff9017a","versiongiltigfran":"2023-08-17T08:41:42.255Z","lagesosakerhetplan":0.06,"lagesosakerhethojd":null,"ursprunglig_organisation":"G\u00f6teborg","objektversion":2.0,"objekttypnr":2063.0,"objekttyp":"Samh\u00e4llsfunktion","insamlingslage":"Takkant","byggnadsnamn1":"None","byggnadsnamn2":"None","byggnadsnamn3":"None","husnummer":6.0,"huvudbyggnad":"Nej","andamal1":"Samh\u00e4llsfunktion;Universitet","andamal2":"None","andamal3":"None","andamal4":"None","andamal5":"None","FormularId":null,"energy_class":null,"energy_performance":null,"specific_energy":null,"building_category":null,"construction_year":null,"epc_detail":{}}},{"type":"Feature","geometry":{"type":"Polygon","coordinates":[[[11.93641206092264,57.70665842206817],[11.93642590278802,57.70667404584991],[11.936404070211026,57.70667945818171],[11.936298676315957,57.70670741998307],[11.936283682510092,57.70669092341773],[11.93641206092264,57.70665842206817]]]},"properties":{"id":"96d3ba81-94de-435f-a17d-d96d2cc09435","objektidentitet":"2c120f98-87a0-40ad-9d26-ee8bad0f7fe6","versiongiltigfran":"2023-08-21T16:17:38.272Z","lagesosakerhetplan":0.06,"lagesosakerhethojd":null,"ursprunglig_organisation":"G\u00f6teborg","objektversion":2.0,"objekttypnr":2063.0,"objekttyp":"Samh\u00e4llsfunktion","insamlingslage":"Takkant","byggnadsnamn1":"None","byggnadsnamn2":"None","byggnadsnamn3":"None","husnummer":4.0,"huvudbyggnad":"Nej","andamal1":"Samh\u00e4llsfunktion;Universitet","andamal2":"None","andamal3":"None","andamal4":"None","andamal5":"None","FormularId":null,"energy_class":null,"energy_performance":null,"specific_energy":null,"building_category":null,"construction_year":null,"epc_detail":{}}},{"type":"Feature","geometry":{"type":"Polygon","coordinates":[[[11.935962644134806,57.70673849600092],[11.936243253898178,57.70666544303556],[11.93655581566299,57.70700940592165],[11.936275187821336,57.70708245018174],[11.935962644134806,57.70673849600092]]]},"properties":{"id":"895ce8d0-0300-4d01-a1f4-d7150eaba347","objektidentitet":"42b09b97-2e26-4d46-aff4-72d83ff9017a","versiongiltigfran":"2023-08-17T08:41:42.255Z","lagesosakerhetplan":0.025,"lagesosakerhethojd":null,"ursprunglig_organisation":"G\u00f6teborg","objektversion":2.0,"objekttypnr":2063.0,"objekttyp":"Samh\u00e4llsfunktion","insamlingslage":"Takkant","byggnadsnamn1":"None","byggnadsnamn2":"None","byggnadsnamn3":"None","husnummer":6.0,"huvudbyggnad":"Nej","andamal1":"Samh\u00e4llsfunktion;Universitet","andamal2":"None","andamal3":"None","andamal4":"None","andamal5":"None","FormularId":null,"energy_class":null,"energy_performance":null,"specific_energy":null,"building_category":null,"construction_year":null,"epc_detail":{}}},{"type":"Feature","geometry":{"type":"Polygon","coordinates":[[[11.935276432811216,57.70666370314602],[11.935297742704467,57.70668870269787],[11.935201746829964,57.70671214561583],[11.935180436231802,57.70668715501801],[11.935276432811216,57.70666370314602]]]},"properties":{"id":"c08568b0-d906-4bd7-9d30-e0f3606eb8f6","objektidentitet":"0c4e50de-7630-42f9-aab2-1b982ddec3f3","versiongiltigfran":"2011-03-23T09:03:02.726Z","lagesosakerhetplan":0.025,"lagesosakerhethojd":2.5,"ursprunglig_organisation":"Lantm\u00e4teriet","objektversion":1.0,"objekttypnr":2066.0,"objekttyp":"Komplementbyggnad","insamlingslage":"Takkant","byggnadsnamn1":"None","byggnadsnamn2":"None","byggnadsnamn3":"None","husnummer":2.0,"huvudbyggnad":"Nej","andamal1":"Komplementbyggnad;","andamal2":"None","andamal3":"None","andamal4":"None","andamal5":"None","FormularId":null,"energy_class":null,"energy_performance":null,"specific_energy":null,"building_category":null,"construction_year":null,"epc_detail":{}}},{"type":"Feature","geometry":{"type":"Polygon","coordinates":[[[11.932096091719522,57.706643418911334],[11.932074369173446,57.70661915478388],[11.9321697304696,57.706594701156995],[11.932191452306794,57.70661897423826],[11.932096091719522,57.706643418911334]]]},"properties":{"id":"e1e7ed50-bbe0-4872-bcfe-829080556647","objektidentitet":"5c6ff5d7-5e25-406e-b8db-8ed17ae03ab0","versiongiltigfran":"2017-06-21T10:39:29.361Z","lagesosakerhetplan":0.025,"lagesosakerhethojd":null,"ursprunglig_organisation":"G\u00f6teborg","objektversion":2.0,"objekttypnr":2066.0,"objekttyp":"Komplementbyggnad","insamlingslage":"Takkant","byggnadsnamn1":"None","byggnadsnamn2":"None","byggnadsnamn3":"None","husnummer":13.0,"huvudbyggnad":"Nej","andamal1":"Komplementbyggnad;","andamal2":"None","andamal3":"None","andamal4":"None","andamal5":"None","FormularId":null,"energy_class":null,"energy_performance":null,"specific_energy":null,"building_category":null,"construction_year":null,"epc_detail":{}}},{"type":"Feature","geometry":{"type":"Polygon","coordinates":[[[11.935064387708364,57.70676545108535],[11.935311674995098,57.70670503885044],[11.935345115894421,57.706744245691816],[11.935418343741569,57.706726353951744],[11.935518650301832,57.706843973964006],[11.935594930763767,57.706825329172844],[11.935898601977774,57.707181445858396],[11.935822304153241,57.70720009042011],[11.935869678795402,57.707255633228016],[11.93594597595615,57.707236997608376],[11.936099203784728,57.70741669364986],[11.935652937273668,57.70752572133225],[11.935557056760073,57.70752473798303],[11.935058565590616,57.70694014446566],[11.935064387708364,57.70676545108535]]]},"properties":{"id":"30f764ce-4d8c-4894-a60e-0e7180bbc3d1","objektidentitet":"6b2b1b6f-96c8-4a89-82b4-560a55f5294f","versiongiltigfran":"2011-03-23T09:10:55.606Z","lagesosakerhetplan":0.025,"lagesosakerhethojd":null,"ursprunglig_organisation":"Lantm\u00e4teriet","objektversion":1.0,"objekttypnr":2066.0,"objekttyp":"Komplementbyggnad","insamlingslage":"Takkant","byggnadsnamn1":"None","byggnadsnamn2":"None","byggnadsnamn3":"None","husnummer":1.0,"huvudbyggnad":"Nej","andamal1":"Komplementbyggnad;","andamal2":"None","andamal3":"None","andamal4":"None","andamal5":"None","FormularId":1032367,"fastighetsbeteckning":"LINDHOLMEN 735:484","energy_class":"G","energy_performance":328,"specific_energy":192,"building_category":"Lokalbyggnader","construction_year":2003,"epc_detail":{"IdAdr":"Lindholmsall\u00e9n 30","IdPostnr":41755,"IdPostort":"G\u00f6teborg","IdKommun":"G\u00f6teborg","EgenByggnadsKat":"Lokalbyggnader","EgenByggnadsTyp":"Friliggande","EgenNybyggAr":2003,"EgenAtemp":54,"EgenAntalPlan":1,"EgenAntalKallarplan":0,"EgenAntalTrapphus":0,"EgenAntalBolgh":0,"EgenProjVentFlode":"1","EgenInstEleffektStorre":"Ja","EgenSkyddadEllerVardefull":0,"EgiEnergiklass":"G","EgiEnergiPrestanda":328,"EgiSpecifikEnergianvandning":192,"EgiEnergianvandning":10343,"EgiPrimarenergianvandning":17736,"EgiForstaArManad":1801,"EgiSistaArManad":1812,"EgiBeraknatVarde":"Nej","VentTypFTX":"Ja","VentTypF":"Nej","VentTypFT":"Nej","VentTypSjalvdrag":"Nej","VentTypFmed":"Nej","VentGruppKrav":"Ja","EgiSumma2":9680,"EgiFastighet":3169,"EgiStationEI":"G\u00f6teborg","EgiRefvarde1":126,"EgiRefvarde2Max":150,"EgiVersion":2019,"VentGruppGodkand":"Nej","RadGruppHaltMatt":"Nej","Godkand":"2020-06-15","Version":2.7,"ExpertBehorighet":"Kvalificerad","InspUppvUndAvtalEgipres":"Nej","InspLuftUndAvtalEgipres":"Nej"}}},{"type":"Feature","geometry":{"type":"Polygon","coordinates":[[[11.937203218754135,57.70685145197919],[11.937340875752113,57.70681565104519],[11.937334224048627,57.70680832658327],[11.937365968509202,57.70680007117843],[11.93738406430503,57.70682000421185],[11.937214412116688,57.70686384777428],[11.937203218754135,57.70685145197919]]]},"properties":{"id":"86431bbc-2a42-41be-afbf-d30065ed930b","objektidentitet":"301bd70e-d57c-4ad3-8ef3-b6be8e89cde0","versiongiltigfran":"2017-01-04T13:29:15.699Z","lagesosakerhetplan":0.1,"lagesosakerhethojd":null,"ursprunglig_organisation":"G\u00f6teborg","objektversion":2.0,"objekttypnr":2063.0,"objekttyp":"Samh\u00e4llsfunktion","insamlingslage":"Takkant","byggnadsnamn1":"None","byggnadsnamn2":"None","byggnadsnamn3":"None","husnummer":14.0,"huvudbyggnad":"Nej","andamal1":"Samh\u00e4llsfunktion;Ospecificerad","andamal2":"None","andamal3":"None","andamal4":"None","andamal5":"None","FormularId":null,"energy_class":null,"energy_performance":null,"specific_energy":null,"building_category":null,"construction_year":null,"epc_detail":{}}},{"type":"Feature","geometry":{"type":"Polygon","coordinates":[[[11.936030860870883,57.70702400693974],[11.935866950072258,57.70683980968791],[11.93595302874573,57.706817878720294],[11.936116940648297,57.70700206689477],[11.936030860870883,57.70702400693974]]]},"properties":{"id":"9325f382-8fa4-48ea-9f30-af38483133a1","objektidentitet":"8ef9d471-6aa1-43c7-afaa-acd02f249dff","versiongiltigfran":"2023-08-21T16:18:53.892Z","lagesosakerhetplan":0.06,"lagesosakerhethojd":2.5,"ursprunglig_organisation":"G\u00f6teborg","objektversion":3.0,"objekttypnr":2063.0,"objekttyp":"Samh\u00e4llsfunktion","insamlingslage":"Takkant","byggnadsnamn1":"None","byggnadsnamn2":"None","byggnadsnamn3":"None","husnummer":9.0,"huvudbyggnad":"Nej","andamal1":"Samh\u00e4llsfunktion;Universitet","andamal2":"None","andamal3":"None","andamal4":"None","andamal5":"None","FormularId":null,"energy_class":null,"energy_performance":null,"specific_energy":null,"building_category":null,"construction_year":null,"epc_detail":{}}},{"type":"Feature","geometry":{"type":"Polygon","coordinates":[[[11.932140601640867,57.707048563027264],[11.932095599762793,57.70708487974403],[11.931848092665506,57.70699703232646],[11.931892736761117,57.706960976658216],[11.931810062065171,57.70693075816618],[11.931845263563229,57.70689992921467],[11.931724623697948,57.70685582916587],[11.931818179746637,57.70678249118933],[11.93195453734071,57.706832329199585],[11.931931893918115,57.70685008859873],[11.932001653172073,57.706873001117266],[11.93202435964427,57.70685469496682],[11.93227187001594,57.706942497187974],[11.93224904864529,57.706960971367444],[11.932305491969693,57.7069811160595],[11.932196945200404,57.70706849862302],[11.932140601640867,57.707048563027264]]]},"properties":{"id":"3508ef7e-156a-4f58-b4ba-199f74cd12a5","objektidentitet":"51a08d1f-189f-4b2c-83dc-7ff4982de6dc","versiongiltigfran":"2015-06-30T14:14:09.316Z","lagesosakerhetplan":0.06,"lagesosakerhethojd":null,"ursprunglig_organisation":"G\u00f6teborg","objektversion":2.0,"objekttypnr":2061.0,"objekttyp":"Bostad","insamlingslage":"Takkant","byggnadsnamn1":"None","byggnadsnamn2":"None","byggnadsnamn3":"None","husnummer":1.0,"huvudbyggnad":"Nej","andamal1":"Bostad;Flerfamiljshus","andamal2":"None","andamal3":"None","andamal4":"None","andamal5":"None","FormularId":1110027,"fastighetsbeteckning":"LINDHOLMEN 735:368","energy_class":"E","energy_performance":139,"specific_energy":123,"building_category":"Flerbostadshus","construction_year":1925,"epc_detail":{"IdAdr":"Pl\u00e5tslagaregatan 5","IdPostnr":41757,"IdPostort":"G\u00f6teborg","IdKommun":"G\u00f6teborg","EgenByggnadsKat":"Flerbostadshus","EgenByggnadsTyp":"Friliggande","EgenNybyggAr":1925,"EgenAtemp":1357,"EgenAntalPlan":2,"EgenAntalKallarplan":1,"EgenAntalTrapphus":2,"EgenAntalBolgh":26,"EgenInstEleffektStorre":"Nej","EgenSkyddadEllerVardefull":0,"EgiEnergiklass":"E","EgiEnergiPrestanda":139,"EgiSpecifikEnergianvandning":123,"EgiEnergianvandning":167330,"EgiPrimarenergianvandning":188368,"EgiForstaArManad":1901,"EgiSistaArManad":1912,"EgiBeraknatVarde":"Nej","VentTypFTX":"Ja","VentTypF":"Ja","VentTypFT":"Nej","VentTypSjalvdrag":"Nej","VentTypFmed":"Nej","VentGruppKrav":"Ja","EgiSumma2":151665,"EgiFastighet":12712,"EgiVerksamhet":6310,"EgiStationEI":"G\u00f6teborg","EgiRefvarde1":85,"EgiRefvarde2Max":162,"EgiVersion":2019,"VentGruppGodkand":"Ja","RadGruppHaltMatt":"Nej","Godkand":"2020-08-25","Version":2.7,"ExpertBehorighet":"Kvalificerad","VentGruppUtanAnm":0,"InspUppvUndAvtalEgipres":"Nej","InspLuftUndAvtalEgipres":"Nej","AtgForslagEgiMinskad":5115,"AtgForslagKostnad":"0,91000000000000003"}}},{"type":"Feature","geometry":{"type":"Polygon","coordinates":[[[11.93195274657132,57.70715104533188],[11.932062444855388,57.7071708818228],[11.932082539006336,57.707139003337886],[11.932138141105622,57.70714905214899],[11.932099293573613,57.707210657563074],[11.931933976272086,57.70718077181989],[11.93195274657132,57.70715104533188]]]},"properties":{"id":"8ca7d046-6a2a-49cb-865a-148fd0fe788f","objektidentitet":"5aac9f11-7898-4b7f-b566-f04a16de51e2","versiongiltigfran":"2011-03-23T09:04:58.343Z","lagesosakerhetplan":0.025,"lagesosakerhethojd":2.5,"ursprunglig_organisation":"Lantm\u00e4teriet","objektversion":1.0,"objekttypnr":2066.0,"objekttyp":"Komplementbyggnad","insamlingslage":"Takkant","byggnadsnamn1":"None","byggnadsnamn2":"None","byggnadsnamn3":"None","husnummer":3.0,"huvudbyggnad":"Nej","andamal1":"Komplementbyggnad;","andamal2":"None","andamal3":"None","andamal4":"None","andamal5":"None","FormularId":1110027,"fastighetsbeteckning":"LINDHOLMEN 735:368","energy_class":"E","energy_performance":139,"specific_energy":123,"building_category":"Flerbostadshus","construction_year":1925,"epc_detail":{"IdAdr":"Pl\u00e5tslagaregatan 5","IdPostnr":41757,"IdPostort":"G\u00f6teborg","IdKommun":"G\u00f6teborg","EgenByggnadsKat":"Flerbostadshus","EgenByggnadsTyp":"Friliggande","EgenNybyggAr":1925,"EgenAtemp":1357,"EgenAntalPlan":2,"EgenAntalKallarplan":1,"EgenAntalTrapphus":2,"EgenAntalBolgh":26,"EgenInstEleffektStorre":"Nej","EgenSkyddadEllerVardefull":0,"EgiEnergiklass":"E","EgiEnergiPrestanda":139,"EgiSpecifikEnergianvandning":123,"EgiEnergianvandning":167330,"EgiPrimarenergianvandning":188368,"EgiForstaArManad":1901,"EgiSistaArManad":1912,"EgiBeraknatVarde":"Nej","VentTypFTX":"Ja","VentTypF":"Ja","VentTypFT":"Nej","VentTypSjalvdrag":"Nej","VentTypFmed":"Nej","VentGruppKrav":"Ja","EgiSumma2":151665,"EgiFastighet":12712,"EgiVerksamhet":6310,"EgiStationEI":"G\u00f6teborg","EgiRefvarde1":85,"EgiRefvarde2Max":162,"EgiVersion":2019,"VentGruppGodkand":"Ja","RadGruppHaltMatt":"Nej","Godkand":"2020-08-25","Version":2.7,"ExpertBehorighet":"Kvalificerad","VentGruppUtanAnm":0,"InspUppvUndAvtalEgipres":"Nej","InspLuftUndAvtalEgipres":"Nej","AtgForslagEgiMinskad":5115,"AtgForslagKostnad":"0,91000000000000003"}}},{"type":"Feature","geometry":{"type":"Polygon","coordinates":[[[11.932148388064622,57.70724561608995],[11.932167221741471,57.707219702022634],[11.932286750479358,57.707244612255636],[11.932267916873812,57.70727052634135],[11.932148388064622,57.70724561608995]]]},"properties":{"id":"5e6965ed-8982-4b5f-9c4e-c78afd072260","objektidentitet":"4298606b-3172-48fc-a4b2-aabd85da4ef1","versiongiltigfran":"2011-03-23T08:58:56.587Z","lagesosakerhetplan":0.06,"lagesosakerhethojd":null,"ursprunglig_organisation":"Lantm\u00e4teriet","objektversion":1.0,"objekttypnr":2066.0,"objekttyp":"Komplementbyggnad","insamlingslage":"Takkant","byggnadsnamn1":"None","byggnadsnamn2":"None","byggnadsnamn3":"None","husnummer":2.0,"huvudbyggnad":"Nej","andamal1":"Komplementbyggnad;","andamal2":"None","andamal3":"None","andamal4":"None","andamal5":"None","FormularId":null,"energy_class":null,"energy_performance":null,"specific_energy":null,"building_category":null,"construction_year":null,"epc_detail":{}}},{"type":"Feature","geometry":{"type":"Polygon","coordinates":[[[11.932123867940238,57.70728078471527],[11.932219794421371,57.707302048728124],[11.932200417898418,57.70732882147508],[11.932104521344842,57.70730581450162],[11.932123867940238,57.70728078471527]]]},"properties":{"id":"9216cf59-9705-45dd-ac1c-d6f814007cda","objektidentitet":"8f6ab11d-9151-44c9-9f4f-f274dcd4fca6","versiongiltigfran":"2011-03-23T08:35:40.620Z","lagesosakerhetplan":0.06,"lagesosakerhethojd":null,"ursprunglig_organisation":"Lantm\u00e4teriet","objektversion":1.0,"objekttypnr":2066.0,"objekttyp":"Komplementbyggnad","insamlingslage":"Takkant","byggnadsnamn1":"None","byggnadsnamn2":"None","byggnadsnamn3":"None","husnummer":7.0,"huvudbyggnad":"Nej","andamal1":"Komplementbyggnad;","andamal2":"None","andamal3":"None","andamal4":"None","andamal5":"None","FormularId":null,"energy_class":null,"energy_performance":null,"specific_energy":null,"building_category":null,"construction_year":null,"epc_detail":{}}},{"type":"Feature","geometry":{"type":"Polygon","coordinates":[[[11.933144653169007,57.70751892887926],[11.93360259409792,57.70746452536945],[11.933635157433987,57.70754306984565],[11.933177232310966,57.707597473869825],[11.933144653169007,57.70751892887926]]]},"properties":{"id":"fdf7eb20-e754-49cc-9825-0f62acd8d914","objektidentitet":"7af8518f-6cc7-4db4-8b21-613314b2187b","versiongiltigfran":"2011-03-23T08:53:29.734Z","lagesosakerhetplan":0.025,"lagesosakerhethojd":2.5,"ursprunglig_organisation":"Lantm\u00e4teriet","objektversion":1.0,"objekttypnr":2061.0,"objekttyp":"Bostad","insamlingslage":"Takkant","byggnadsnamn1":"None","byggnadsnamn2":"None","byggnadsnamn3":"None","husnummer":2.0,"huvudbyggnad":"Nej","andamal1":"Bostad;Flerfamiljshus","andamal2":"None","andamal3":"None","andamal4":"None","andamal5":"None","FormularId":1054920,"fastighetsbeteckning":"LINDHOLMEN 18:2","energy_class":"E","energy_performance":116,"specific_energy":101,"building_category":"Flerbostadshus","construction_year":1998,"epc_detail":{"IdAdr":"Gamla Ceresgatan 9","IdPostnr":41757,"IdPostort":"G\u00f6teborg","IdKommun":"G\u00f6teborg","EgenByggnadsKat":"Flerbostadshus","EgenByggnadsTyp":"Friliggande","EgenNybyggAr":1998,"EgenAtemp":1848,"EgenAntalPlan":5,"EgenAntalKallarplan":0,"EgenAntalTrapphus":1,"EgenAntalBolgh":35,"EgenInstEleffektStorre":"Nej","EgenSkyddadEllerVardefull":0,"EgiEnergiklass":"E","EgiEnergiPrestanda":116,"EgiSpecifikEnergianvandning":101,"EgiEnergianvandning":186588,"EgiPrimarenergianvandning":214991,"EgiForstaArManad":1801,"EgiSistaArManad":1812,"EgiBeraknatVarde":"Nej","VentTypFTX":"Nej","VentTypF":"Ja","VentTypFT":"Nej","VentTypSjalvdrag":"Nej","VentTypFmed":"Nej","VentGruppKrav":"Ja","EgiSumma2":175265,"EgiFastighet":26190,"EgiStationEI":"G\u00f6teborg","EgiRefvarde1":85,"EgiRefvarde2Max":148,"EgiVersion":2019,"VentGruppGodkand":"Ja","RadGruppHaltMatt":"Ja","RadHalt":20,"RadTypMatning":"L\u00e5ngtidsm\u00e4tning enligt SSI","RadMatDatum":"2006-02-27","Godkand":"2020-03-12","Version":2.6,"ExpertBehorighet":"Kvalificerad","VentGruppUtanAnm":1,"AtgForslagEgiMinskad":13200,"AtgForslagKostnad":"0,55000000000000004"}}},{"type":"Feature","geometry":{"type":"Polygon","coordinates":[[[11.933716319490925,57.70751200622327],[11.933773723080472,57.70750493987882],[11.933794531900714,57.70755332330028],[11.93373719602561,57.70756038230848],[11.933716319490925,57.70751200622327]]]},"properties":{"id":"cde8645b-d7f0-47c2-b23a-560bc401a83d","objektidentitet":"5d300127-adf7-4f4a-a316-09eb66b05f27","versiongiltigfran":"2011-03-23T08:59:53.410Z","lagesosakerhetplan":0.025,"lagesosakerhethojd":null,"ursprunglig_organisation":"Lantm\u00e4teriet","objektversion":1.0,"objekttypnr":2066.0,"objekttyp":"Komplementbyggnad","insamlingslage":"Takkant","byggnadsnamn1":"None","byggnadsnamn2":"None","byggnadsnamn3":"None","husnummer":5.0,"huvudbyggnad":"Nej","andamal1":"Komplementbyggnad;","andamal2":"None","andamal3":"None","andamal4":"None","andamal5":"None","FormularId":null,"energy_class":null,"energy_performance":null,"specific_energy":null,"building_category":null,"construction_year":null,"epc_detail":{}}},{"type":"Feature","geometry":{"type":"Polygon","coordinates":[[[11.936678352492853,57.708008233143474],[11.936560254285652,57.708007260842635],[11.936557374619547,57.70810748804878],[11.936381216288957,57.70810604435584],[11.93638406339367,57.70800700277237],[11.936291303081926,57.70800623936894],[11.936294163830524,57.707906443122376],[11.936401136367564,57.707907326006314],[11.936401484880504,57.707894859120266],[11.936550122890349,57.7078960767864],[11.936549798373479,57.70790746569484],[11.93668120307946,57.70790854451345],[11.936678352492853,57.708008233143474]]]},"properties":{"id":"a144d2fa-58a8-4bfb-8d2d-52e419c1f4ce","objektidentitet":"4fca95b3-f3bc-441f-ad83-5b6b6d0b0c79","versiongiltigfran":"2012-10-23T09:06:57.157Z","lagesosakerhetplan":0.06,"lagesosakerhethojd":null,"ursprunglig_organisation":"G\u00f6teborg","objektversion":5.0,"objekttypnr":2061.0,"objekttyp":"Bostad","insamlingslage":"Takkant","byggnadsnamn1":"None","byggnadsnamn2":"None","byggnadsnamn3":"None","husnummer":2.0,"huvudbyggnad":"Nej","andamal1":"Bostad;Flerfamiljshus","andamal2":"None","andamal3":"None","andamal4":"None","andamal5":"None","FormularId":1349010,"fastighetsbeteckning":"LINDHOLMEN 31:3","energy_class":"D","energy_performance":79,"specific_energy":67,"building_category":"Flerbostadshus","construction_year":2011,"epc_detail":{"IdAdr":"Lindholmsall\u00e9n 53","IdPostnr":41753,"IdPostort":"G\u00f6teborg","IdKommun":"G\u00f6teborg","EgenByggnadsKat":"Flerbostadshus","EgenByggnadsTyp":"Friliggande","EgenNybyggAr":2011,"EgenAtemp":1892,"EgenAntalPlan":6,"EgenAntalKallarplan":1,"EgenAntalTrapphus":1,"EgenAntalBolgh":23,"EgenInstEleffektStorre":"Ja","EgenSkyddadEllerVardefull":0,"EgiEnergiklass":"D","EgiEnergiPrestanda":79,"EgiSpecifikEnergianvandning":67,"EgiEnergianvandning":127134,"EgiPrimarenergianvandning":149592,"EgiPrimarenergital2020":79,"EgiForstaArManad":2112,"EgiSistaArManad":2211,"EgiBeraknatVarde":"Nej","VentTypFTX":"Nej","VentTypF":"Nej","VentTypFT":"Nej","VentTypSjalvdrag":"Nej","VentTypFmed":"Ja","VentGruppKrav":"Ja","EgiSumma2":120337,"EgiFastighet":11152,"EgiStationEI":"G\u00f6teborg","EgiRefvarde1":75,"EgiRefvarde2Max":78,"EgiVersion":2022,"VentGruppGodkand":"Ja","RadGruppHaltMatt":"Nej","Godkand":"2023-01-12","Version":2.8,"ExpertBehorighet":"Normal","VentGruppUtanAnm":1,"InspUppvGruppInspSkyldighet":"Nej","InspUppvUndAvtalEgipres":"Nej","InspLuftUndAvtalEgipres":"Nej","AtgForslagEgiMinskad":23000,"AtgForslagKostnad":"0,59999999999999998"}}},{"type":"Feature","geometry":{"type":"Polygon","coordinates":[[[11.9369746796786,57.70814827767353],[11.936922600714059,57.70811439032174],[11.936885841781683,57.70813268962754],[11.93688262380745,57.708129438951666],[11.936854332090196,57.70814450985579],[11.936757823896258,57.708089143918876],[11.936786108428175,57.70807515142055],[11.936780886711293,57.70807256227427],[11.93682086482737,57.70805491617824],[11.936760935904223,57.708020533087506],[11.936790902771762,57.707991005146155],[11.936759098915628,57.70798147176071],[11.936821837769632,57.707922205167776],[11.936860132607976,57.70792765337765],[11.936870644426525,57.70791751779283],[11.937110321221969,57.70805571394101],[11.937120428409251,57.70805076359428],[11.937148976165135,57.708067633139905],[11.93698729490507,57.70814822359819],[11.9369746796786,57.70814827767353]]]},"properties":{"id":"7fd8a23e-1072-4ce3-aba6-ec1e1ba2b737","objektidentitet":"cdb54e56-c395-4659-8830-8c25b9ef0042","versiongiltigfran":"2012-12-14T13:53:46.063Z","lagesosakerhetplan":0.55,"lagesosakerhethojd":null,"ursprunglig_organisation":"G\u00f6teborg","objektversion":6.0,"objekttypnr":2061.0,"objekttyp":"Bostad","insamlingslage":"Takkant","byggnadsnamn1":"None","byggnadsnamn2":"None","byggnadsnamn3":"None","husnummer":1.0,"huvudbyggnad":"Nej","andamal1":"Bostad;Flerfamiljshus","andamal2":"None","andamal3":"None","andamal4":"None","andamal5":"None","FormularId":1591659,"fastighetsbeteckning":"LINDHOLMEN 31:4","energy_class":"C","energy_performance":73,"specific_energy":60,"building_category":"Flerbostadshus","construction_year":2011,"epc_detail":{"IdAdr":"Lindholmsall\u00e9n 51","IdPostnr":41753,"IdPostort":"G\u00f6teborg","IdKommun":"G\u00f6teborg","EgenByggnadsKat":"Flerbostadshus","EgenByggnadsTyp":"Gavel","EgenNybyggAr":2011,"EgenAtemp":2138,"EgenAntalPlan":8,"EgenAntalKallarplan":1,"EgenAntalTrapphus":1,"EgenAntalBolgh":37,"EgenInstEleffektStorre":"Ja","EgenSkyddadEllerVardefull":0,"EgiEnergiklass":"C","EgiEnergiPrestanda":73,"EgiSpecifikEnergianvandning":60,"EgiEnergianvandning":127659,"EgiPrimarenergianvandning":156688,"EgiPrimarenergital2020":73,"EgiForstaArManad":2401,"EgiSistaArManad":2412,"EgiBeraknatVarde":"Nej","VentTypFTX":"Nej","VentTypF":"Nej","VentTypFT":"Nej","VentTypSjalvdrag":"Nej","VentTypFmed":"Ja","VentGruppKrav":"Ja","EgiSumma2":121895,"EgiFastighet":12142,"EgiStationEI":"G\u00f6teborg","EgiRefvarde1":75,"EgiRefvarde2Max":78,"EgiVersion":2023,"VentGruppGodkand":"Ja","RadGruppHaltMatt":"Nej","Godkand":"2025-02-28","Version":3.0,"ExpertBehorighet":"Kvalificerad","VentGruppUtanAnm":1,"InspUppvUndAvtalEgipres":"Nej","InspLuftUndAvtalEgipres":"Nej"}}},{"type":"Feature","geometry":{"type":"Polygon","coordinates":[[[11.935897583840665,57.708383861327874],[11.935815381541634,57.70833526757292],[11.935794756502265,57.708346245663805],[11.935682978653455,57.70828222210832],[11.935703991314007,57.708271028725036],[11.935593788452616,57.708207447693994],[11.935572386727538,57.70821907204602],[11.935521708447608,57.70818988279602],[11.935541912337587,57.70817911924753],[11.935311887618012,57.70804697809833],[11.935315542371386,57.708045260050675],[11.935297032805256,57.708033801355825],[11.93536612778633,57.7079984896306],[11.935386638859596,57.70800931371461],[11.935587057949453,57.70790771495809],[11.935591874615714,57.70791310758445],[11.935637859208507,57.70790605139784],[11.935723704253155,57.70800131827332],[11.935683352146357,57.70801206118244],[11.935685764201713,57.70801550808085],[11.935611811713127,57.70805167301517],[11.935683408555878,57.70809361956534],[11.935719351995973,57.708076631070085],[11.935773648072573,57.70810712124976],[11.935740100413696,57.70812476998675],[11.935841833248249,57.70818446066031],[11.93588589556217,57.70816121539159],[11.935891112901949,57.70816445160474],[11.935925852584338,57.708146804735954],[11.936062181110868,57.70822551585214],[11.935981775366999,57.708267501719746],[11.936050853205192,57.708307077124694],[11.935897583840665,57.708383861327874]]]},"properties":{"id":"a4dd06c9-7a1b-4b8f-88ad-8f846b5d7afd","objektidentitet":"22f2f09c-adf3-4369-ad24-4474d82c5741","versiongiltigfran":"2012-12-14T13:54:52.654Z","lagesosakerhetplan":0.55,"lagesosakerhethojd":null,"ursprunglig_organisation":"G\u00f6teborg","objektversion":6.0,"objekttypnr":2061.0,"objekttyp":"Bostad","insamlingslage":"Takkant","byggnadsnamn1":"None","byggnadsnamn2":"None","byggnadsnamn3":"None","husnummer":1.0,"huvudbyggnad":"Nej","andamal1":"Bostad;Flerfamiljshus","andamal2":"None","andamal3":"None","andamal4":"None","andamal5":"None","FormularId":1172738,"fastighetsbeteckning":"LINDHOLMEN 31:2","energy_class":"C","energy_performance":73,"specific_energy":85,"building_category":"Flerbostadshus","construction_year":2011,"epc_detail":{"IdAdr":"Lindholmsall\u00e9n 61","IdPostnr":41753,"IdPostort":"G\u00f6teborg","IdKommun":"G\u00f6teborg","EgenByggnadsKat":"Flerbostadshus","EgenByggnadsTyp":"Gavel","EgenNybyggAr":2011,"EgenAtemp":5814,"EgenAntalPlan":8,"EgenAntalKallarplan":1,"EgenAntalTrapphus":2,"EgenAntalBolgh":62,"EgenProjVentFlode":"0,34999999999999998","EgenInstEleffektStorre":"Nej","EgenSkyddadEllerVardefull":0,"EgiEnergiklass":"C","EgiEnergiPrestanda":73,"EgiSpecifikEnergianvandning":85,"EgiEnergianvandning":492994,"EgiPrimarenergianvandning":426928,"EgiPrimarenergital2020":73,"EgiForstaArManad":2001,"EgiSistaArManad":2012,"EgiBeraknatVarde":"Nej","VentTypFTX":"Nej","VentTypF":"Nej","VentTypFT":"Nej","VentTypSjalvdrag":"Nej","VentTypFmed":"Ja","VentGruppKrav":"Ja","EgiSumma2":442514,"EgiFastighet":53197,"EgiStationEI":"G\u00f6teborg","EgiRefvarde1":75,"EgiRefvarde2Max":91,"EgiVersion":2021,"VentGruppGodkand":"Ja","RadGruppHaltMatt":"Nej","Godkand":"2021-03-09","Version":2.8,"ExpertBehorighet":"Normal","VentGruppUtanAnm":1,"InspUppvUndAvtalEgipres":"Nej","InspLuftUndAvtalEgipres":"Nej"}}},{"type":"Feature","geometry":{"type":"Polygon","coordinates":[[[11.9344111581179,57.708141890243404],[11.934302423869825,57.70808182198931],[11.934094952297562,57.70808430800534],[11.934091754848751,57.708114762734056],[11.9340235235065,57.70811463707272],[11.934025378829872,57.70809091777801],[11.933991993680976,57.70809095353064],[11.933980878123187,57.70808360159267],[11.933937267205502,57.70808363217327],[11.933813073195468,57.708182303289],[11.933633102962755,57.70812012136548],[11.93384409112217,57.70794923236058],[11.934202178336017,57.70795098115946],[11.934514334526725,57.70795438425589],[11.934641846003839,57.70802750848639],[11.9344111581179,57.708141890243404]]]},"properties":{"id":"b6b6436c-12af-4721-9ca8-12438692c777","objektidentitet":"277c23dc-4ca4-436e-8389-73c337d4334f","versiongiltigfran":"2016-10-10T12:29:04.205Z","lagesosakerhetplan":0.06,"lagesosakerhethojd":null,"ursprunglig_organisation":"G\u00f6teborg","objektversion":2.0,"objekttypnr":2062.0,"objekttyp":"Industri","insamlingslage":"Takkant","byggnadsnamn1":"None","byggnadsnamn2":"None","byggnadsnamn3":"None","husnummer":9.0,"huvudbyggnad":"Nej","andamal1":"Industri;Ospecificerad","andamal2":"None","andamal3":"None","andamal4":"None","andamal5":"None","FormularId":1030887,"fastighetsbeteckning":"LINDHOLMEN 735:491","energy_class":"D","energy_performance":150,"specific_energy":121,"building_category":"Lokalbyggnader","construction_year":1963,"epc_detail":{"IdAdr":"Karlavagnsgatan 21","IdPostnr":41756,"IdPostort":"G\u00f6teborg","IdKommun":"G\u00f6teborg","EgenByggnadsKat":"Lokalbyggnader","EgenByggnadsTyp":"Friliggande","EgenNybyggAr":1963,"EgenAtemp":3373,"EgenAntalPlan":4,"EgenAntalKallarplan":1,"EgenAntalTrapphus":1,"EgenAntalBolgh":0,"EgenProjVentFlode":"1","EgenInstEleffektStorre":"Nej","EgenSkyddadEllerVardefull":0,"EgiEnergiklass":"D","EgiEnergiPrestanda":150,"EgiSpecifikEnergianvandning":121,"EgiEnergianvandning":407582,"EgiPrimarenergianvandning":505725,"EgiForstaArManad":1801,"EgiSistaArManad":1812,"EgiBeraknatVarde":"Nej","VentTypFTX":"Ja","VentTypF":"Nej","VentTypFT":"Nej","VentTypSjalvdrag":"Nej","VentTypFmed":"Nej","VentGruppKrav":"Ja","EgiSumma2":374346,"EgiFastighet":45566,"EgiStationEI":"G\u00f6teborg","EgiRefvarde1":126,"EgiRefvarde2Max":191,"EgiVersion":2019,"VentGruppGodkand":"Nej","RadGruppHaltMatt":"Nej","Godkand":"2020-06-15","Version":2.7,"ExpertBehorighet":"Kvalificerad","InspUppvGruppInspSkyldighet":"Ja","InspUppvUndAvtalEgipres":"Nej","InspLuftUndAvtalEgipres":"Nej","AtgForslagEgiMinskad":500,"AtgForslagKostnad":"0,10000000000000001"}}},{"type":"Feature","geometry":{"type":"Polygon","coordinates":[[[11.933640391203793,57.70831780026309],[11.93377455179658,57.70824860882392],[11.933851257715498,57.70823589843315],[11.934022383418837,57.70833336825945],[11.934021548809051,57.70833866892527],[11.933836495951926,57.70842924993701],[11.933640391203793,57.70831780026309]]]},"properties":{"id":"9594a03f-db0a-4288-b0dd-88c80a45e274","objektidentitet":"916ff469-00c7-4fdf-b6a8-48cd163b6ab2","versiongiltigfran":"2017-01-02T13:00:25.454Z","lagesosakerhetplan":0.1,"lagesosakerhethojd":null,"ursprunglig_organisation":"G\u00f6teborg","objektversion":2.0,"objekttypnr":2062.0,"objekttyp":"Industri","insamlingslage":"Takkant","byggnadsnamn1":"None","byggnadsnamn2":"None","byggnadsnamn3":"None","husnummer":10.0,"huvudbyggnad":"Nej","andamal1":"Industri;Ospecificerad","andamal2":"None","andamal3":"None","andamal4":"None","andamal5":"None","FormularId":null,"energy_class":null,"energy_performance":null,"specific_energy":null,"building_category":null,"construction_year":null,"epc_detail":{}}},{"type":"Feature","geometry":{"type":"Polygon","coordinates":[[[11.931220280765883,57.708148914727595],[11.931228222544858,57.70818660533743],[11.9311715964828,57.708190022303654],[11.93116365476219,57.70815233169087],[11.931220280765883,57.708148914727595]]]},"properties":{"id":"f1316d31-37c8-4579-aa8e-4e78eef66099","objektidentitet":"0bcd1bec-e42a-4428-b351-0efaa492f8ea","versiongiltigfran":"2016-03-29T13:39:26.375Z","lagesosakerhetplan":0.06,"lagesosakerhethojd":null,"ursprunglig_organisation":"G\u00f6teborg","objektversion":2.0,"objekttypnr":2066.0,"objekttyp":"Komplementbyggnad","insamlingslage":"Takkant","byggnadsnamn1":"None","byggnadsnamn2":"None","byggnadsnamn3":"None","husnummer":11.0,"huvudbyggnad":"Nej","andamal1":"Komplementbyggnad;","andamal2":"None","andamal3":"None","andamal4":"None","andamal5":"None","FormularId":null,"energy_class":null,"energy_performance":null,"specific_energy":null,"building_category":null,"construction_year":null,"epc_detail":{}}},{"type":"Feature","geometry":{"type":"Polygon","coordinates":[[[11.934030352869526,57.70608892617018],[11.93433059323819,57.70601007961679],[11.934493787433269,57.70618812287996],[11.934193646458553,57.70626697224445],[11.934030352869526,57.70608892617018]]]},"properties":{"id":"8076aa41-b500-4521-bc81-ef6365d6f31b","objektidentitet":"af8816d1-7f45-4403-9134-d979b4ba88c9","versiongiltigfran":"2017-04-24T16:27:32.118Z","lagesosakerhetplan":0.1,"lagesosakerhethojd":null,"ursprunglig_organisation":"Kommunsamverkan","objektversion":4.0,"objekttypnr":2063.0,"objekttyp":"Samh\u00e4llsfunktion","insamlingslage":"Takkant","byggnadsnamn1":"Lindholmsskolan","byggnadsnamn2":"None","byggnadsnamn3":"None","husnummer":1.0,"huvudbyggnad":"Nej","andamal1":"Samh\u00e4llsfunktion;Skola","andamal2":"None","andamal3":"None","andamal4":"None","andamal5":"None","FormularId":922442,"fastighetsbeteckning":"LINDHOLMEN 14:1","energy_class":"D","energy_performance":146,"specific_energy":125,"building_category":"Lokalbyggnader","construction_year":1886,"epc_detail":{"IdAdr":"Verkm\u00e4staregatan 7","IdPostnr":41757,"IdPostort":"G\u00f6teborg","IdKommun":"G\u00f6teborg","EgenByggnadsKat":"Lokalbyggnader","EgenByggnadsTyp":"Friliggande","EgenNybyggAr":1886,"EgenAtemp":1807,"EgenAntalKallarplan":1,"EgenProjVentFlode":"1","EgenInstEleffektStorre":"Nej","EgenSkyddadEllerVardefull":0,"EgiEnergiklass":"D","EgiEnergiPrestanda":146,"EgiSpecifikEnergianvandning":125,"EgiEnergianvandning":224992,"EgiPrimarenergianvandning":263236,"EgiForstaArManad":1701,"EgiSistaArManad":1712,"EgiBeraknatVarde":"Nej","VentTypFTX":"Ja","VentTypF":"Ja","VentTypFT":"Nej","VentTypSjalvdrag":"Nej","VentTypFmed":"Nej","VentGruppKrav":"Ja","EgiSumma2":210000,"EgiFastighet":28000,"EgiStationEI":"G\u00f6teborg","EgiRefvarde1":126,"EgiRefvarde2Max":199,"EgiVersion":2019,"VentGruppGodkand":"Ja","RadGruppHaltMatt":"Nej","Godkand":"2019-03-15","Version":2.6,"ExpertBehorighet":"Kvalificerad","VentGruppUtanAnm":1,"AtgForslagEgiMinskad":20000,"AtgForslagKostnad":"0,57999999999999996"}}},{"type":"Feature","geometry":{"type":"Polygon","coordinates":[[[11.936174618595498,57.70800522904098],[11.936058096385976,57.708004285451445],[11.93605527576436,57.70810320185014],[11.935876718143652,57.708101735295514],[11.93587950914567,57.708003770903076],[11.93578755398097,57.708003017643314],[11.935790436291477,57.70790218829144],[11.93589660367582,57.707903061088366],[11.935896954712161,57.707890765034044],[11.93604681823305,57.707891986011596],[11.936046473161507,57.707903814834665],[11.936177492401313,57.70790488484135],[11.936174618595498,57.70800522904098]]]},"properties":{"id":"d3cc5e6a-bd56-4ebb-bccb-a2cbaae0e6bc","objektidentitet":"6b3aef67-f92c-4cff-87a2-f41edad60997","versiongiltigfran":"2012-10-23T09:06:57.157Z","lagesosakerhetplan":0.06,"lagesosakerhethojd":null,"ursprunglig_organisation":"G\u00f6teborg","objektversion":5.0,"objekttypnr":2061.0,"objekttyp":"Bostad","insamlingslage":"Takkant","byggnadsnamn1":"None","byggnadsnamn2":"None","byggnadsnamn3":"None","husnummer":1.0,"huvudbyggnad":"Nej","andamal1":"Bostad;Flerfamiljshus","andamal2":"None","andamal3":"None","andamal4":"None","andamal5":"None","FormularId":1349011,"fastighetsbeteckning":"LINDHOLMEN 31:3","energy_class":"D","energy_performance":77,"specific_energy":66,"building_category":"Flerbostadshus","construction_year":2011,"epc_detail":{"IdAdr":"Lindholmsall\u00e9n 55","IdPostnr":41753,"IdPostort":"G\u00f6teborg","IdKommun":"G\u00f6teborg","EgenByggnadsKat":"Flerbostadshus","EgenByggnadsTyp":"Friliggande","EgenNybyggAr":2011,"EgenAtemp":1892,"EgenAntalPlan":6,"EgenAntalKallarplan":1,"EgenAntalTrapphus":1,"EgenAntalBolgh":23,"EgenInstEleffektStorre":"Ja","EgenSkyddadEllerVardefull":0,"EgiEnergiklass":"D","EgiEnergiPrestanda":77,"EgiSpecifikEnergianvandning":66,"EgiEnergianvandning":124934,"EgiPrimarenergianvandning":145632,"EgiPrimarenergital2020":77,"EgiForstaArManad":2112,"EgiSistaArManad":2211,"EgiBeraknatVarde":"Nej","VentTypFTX":"Nej","VentTypF":"Nej","VentTypFT":"Nej","VentTypSjalvdrag":"Nej","VentTypFmed":"Ja","VentGruppKrav":"Ja","EgiSumma2":118137,"EgiFastighet":8952,"EgiStationEI":"G\u00f6teborg","EgiRefvarde1":75,"EgiRefvarde2Max":78,"EgiVersion":2022,"VentGruppGodkand":"Ja","RadGruppHaltMatt":"Nej","Godkand":"2023-01-12","Version":2.8,"ExpertBehorighet":"Normal","VentGruppUtanAnm":1,"InspUppvGruppInspSkyldighet":"Nej","InspUppvUndAvtalEgipres":"Nej","InspLuftUndAvtalEgipres":"Nej","AtgForslagEgiMinskad":23000,"AtgForslagKostnad":"0,59999999999999998"}}},{"type":"Feature","geometry":{"type":"Polygon","coordinates":[[[11.93651793817872,57.70826017369986],[11.936482864876632,57.70827739920213],[11.936430984901579,57.70824712064573],[11.936466058198054,57.70822989515772],[11.93651793817872,57.70826017369986]]]},"properties":{"id":"c474d05c-d16f-4306-8e42-e4f336fee48e","objektidentitet":"433dd2ee-7729-4f4c-b801-ccb39ccaa683","versiongiltigfran":"2024-04-15T12:40:21.838Z","lagesosakerhetplan":0.1,"lagesosakerhethojd":null,"ursprunglig_organisation":"G\u00f6teborg","objektversion":1.0,"objekttypnr":2066.0,"objekttyp":"Komplementbyggnad","insamlingslage":"Takkant","byggnadsnamn1":"None","byggnadsnamn2":"None","byggnadsnamn3":"None","husnummer":2.0,"huvudbyggnad":"Nej","andamal1":"Komplementbyggnad;","andamal2":"None","andamal3":"None","andamal4":"None","andamal5":"None","FormularId":1534053,"fastighetsbeteckning":"LINDHOLMEN 31:1","energy_class":"C","energy_performance":68,"specific_energy":71,"building_category":"Flerbostadshus","construction_year":2011,"epc_detail":{"IdAdr":"Lindholmsall\u00e9n 49","IdPostnr":41753,"IdPostort":"G\u00f6teborg","IdKommun":"G\u00f6teborg","EgenByggnadsKat":"Flerbostadshus","EgenByggnadsTyp":"Gavel","EgenNybyggAr":2011,"EgenAtemp":12020,"EgenAntalPlan":8,"EgenAntalKallarplan":1,"EgenAntalTrapphus":4,"EgenAntalBolgh":139,"EgenProjVentFlode":"0,46999999999999997","EgenInstEleffektStorre":"Nej","EgenSkyddadEllerVardefull":0,"EgiEnergiklass":"C","EgiEnergiPrestanda":68,"EgiSpecifikEnergianvandning":71,"EgiEnergianvandning":851590,"EgiPrimarenergianvandning":811816,"EgiPrimarenergital2020":68,"EgiForstaArManad":2308,"EgiSistaArManad":2407,"EgiBeraknatVarde":"Nej","VentTypFTX":"Ja","VentTypF":"Nej","VentTypFT":"Nej","VentTypSjalvdrag":"Nej","VentTypFmed":"Nej","VentGruppKrav":"Ja","EgiSumma2":838455,"EgiFastighet":169083,"EgiStationEI":"G\u00f6teborg","EgiRefvarde1":75,"EgiRefvarde2Max":79,"EgiVersion":2023,"VentGruppGodkand":"Ja","RadGruppHaltMatt":"Ja","RadHalt":40,"RadTypMatning":"L\u00e5ngtidsm\u00e4tning enligt SSI","RadMatDatum":"2024-01-11","Godkand":"2024-10-24","Version":3.0,"ExpertBehorighet":"Kvalificerad","VentGruppUtanAnm":1,"InspUppvGruppInspSkyldighet":"Ja","InspUppvUndAvtalEgipres":"Nej","InspLuftUndAvtalEgipres":"Nej","AtgForslagEgiMinskad":27000,"AtgForslagKostnad":"0,80000000000000004"}}},{"type":"Feature","geometry":{"type":"Polygon","coordinates":[[[11.936517012357491,57.70953542959387],[11.936523077765155,57.70946367259052],[11.936724175371662,57.70946854209442],[11.936718110360635,57.709540299111204],[11.936517012357491,57.70953542959387]]]},"properties":{"id":"7626b7d6-51d5-472e-9d65-535800a7c835","objektidentitet":"8ef65606-9f6c-42ab-8cf1-d98b3e5d80e1","versiongiltigfran":"2023-02-01T10:35:34.585Z","lagesosakerhetplan":null,"lagesosakerhethojd":null,"ursprunglig_organisation":"G\u00f6teborg","objektversion":2.0,"objekttypnr":2061.0,"objekttyp":"Bostad","insamlingslage":"Illustrativt l\u00e4ge","byggnadsnamn1":"None","byggnadsnamn2":"None","byggnadsnamn3":"None","husnummer":1.0,"huvudbyggnad":"Nej","andamal1":"Bostad;Flerfamiljshus","andamal2":"Verksamhet;","andamal3":"None","andamal4":"None","andamal5":"None","FormularId":null,"energy_class":null,"energy_performance":null,"specific_energy":null,"building_category":null,"construction_year":null,"epc_detail":{}}},{"type":"Feature","geometry":{"type":"Polygon","coordinates":[[[11.936516727176228,57.70994487033308],[11.936564652093656,57.7099206487715],[11.936874609402992,57.71009610343322],[11.936826683694672,57.710120334081026],[11.936516727176228,57.70994487033308]]]},"properties":{"id":"31264077-e49c-4a8f-b1ae-21531ddd2e3a","objektidentitet":"d8e68345-2bb1-4e41-837e-d7652327bb9f","versiongiltigfran":"2011-03-23T08:44:47.245Z","lagesosakerhetplan":0.06,"lagesosakerhethojd":null,"ursprunglig_organisation":"Lantm\u00e4teriet","objektversion":1.0,"objekttypnr":2066.0,"objekttyp":"Komplementbyggnad","insamlingslage":"Takkant","byggnadsnamn1":"None","byggnadsnamn2":"None","byggnadsnamn3":"None","husnummer":9.0,"huvudbyggnad":"Nej","andamal1":"Komplementbyggnad;","andamal2":"None","andamal3":"None","andamal4":"None","andamal5":"None","FormularId":1032367,"fastighetsbeteckning":"LINDHOLMEN 735:484","energy_class":"G","energy_performance":328,"specific_energy":192,"building_category":"Lokalbyggnader","construction_year":2003,"epc_detail":{"IdAdr":"Lindholmsall\u00e9n 30","IdPostnr":41755,"IdPostort":"G\u00f6teborg","IdKommun":"G\u00f6teborg","EgenByggnadsKat":"Lokalbyggnader","EgenByggnadsTyp":"Friliggande","EgenNybyggAr":2003,"EgenAtemp":54,"EgenAntalPlan":1,"EgenAntalKallarplan":0,"EgenAntalTrapphus":0,"EgenAntalBolgh":0,"EgenProjVentFlode":"1","EgenInstEleffektStorre":"Ja","EgenSkyddadEllerVardefull":0,"EgiEnergiklass":"G","EgiEnergiPrestanda":328,"EgiSpecifikEnergianvandning":192,"EgiEnergianvandning":10343,"EgiPrimarenergianvandning":17736,"EgiForstaArManad":1801,"EgiSistaArManad":1812,"EgiBeraknatVarde":"Nej","VentTypFTX":"Ja","VentTypF":"Nej","VentTypFT":"Nej","VentTypSjalvdrag":"Nej","VentTypFmed":"Nej","VentGruppKrav":"Ja","EgiSumma2":9680,"EgiFastighet":3169,"EgiStationEI":"G\u00f6teborg","EgiRefvarde1":126,"EgiRefvarde2Max":150,"EgiVersion":2019,"VentGruppGodkand":"Nej","RadGruppHaltMatt":"Nej","Godkand":"2020-06-15","Version":2.7,"ExpertBehorighet":"Kvalificerad","InspUppvUndAvtalEgipres":"Nej","InspLuftUndAvtalEgipres":"Nej"}}},{"type":"Feature","geometry":{"type":"Polygon","coordinates":[[[11.93745070599168,57.708418207012954],[11.937469964222249,57.70842916220014],[11.937622087291027,57.70835259106368],[11.937810499731064,57.708459830555135],[11.937552534214245,57.70858969108721],[11.937576406588404,57.708603274588555],[11.937256126068174,57.70876450408438],[11.937234480720988,57.708752187816856],[11.937011201493348,57.70886458751649],[11.937038855107051,57.70888032091806],[11.937097818557351,57.70885064109136],[11.937133931494563,57.70887119011665],[11.937179584407097,57.708848198620075],[11.937330075378766,57.70893384834223],[11.937308538611942,57.70894468776157],[11.937352614353724,57.70896977069115],[11.937490938363284,57.708900136894734],[11.937470687125552,57.708888609409264],[11.937791931943488,57.70872689938461],[11.93781349746857,57.70873916868214],[11.93807393587054,57.70860806421324],[11.938264754774703,57.70871666448754],[11.937319888919497,57.709192302836726],[11.937130208709045,57.709084339888925],[11.937153271775767,57.70907272853229],[11.937109756807088,57.70904796470162],[11.937088587742178,57.709058624240065],[11.936934572326722,57.708970965467245],[11.936979137228258,57.70894853191529],[11.93694331305981,57.70892814263332],[11.937003416716596,57.708897888260665],[11.936975315868356,57.708881883371355],[11.936868069441491,57.70893586602806],[11.936678727151785,57.708828108278304],[11.936831818452308,57.70875104917767],[11.936811969018587,57.70873973803488],[11.93745070599168,57.708418207012954]]]},"properties":{"id":"94803eee-4510-4f24-b46e-0b98fc22de13","objektidentitet":"fb62ccb0-db68-4bd2-b1c1-43933578a6ae","versiongiltigfran":"2012-01-03T09:52:49.467Z","lagesosakerhetplan":0.06,"lagesosakerhethojd":null,"ursprunglig_organisation":"G\u00f6teborg","objektversion":2.0,"objekttypnr":2061.0,"objekttyp":"Bostad","insamlingslage":"Takkant","byggnadsnamn1":"None","byggnadsnamn2":"None","byggnadsnamn3":"None","husnummer":1.0,"huvudbyggnad":"Nej","andamal1":"Bostad;Flerfamiljshus","andamal2":"Verksamhet;","andamal3":"None","andamal4":"None","andamal5":"None","FormularId":1269381,"fastighetsbeteckning":"LINDHOLMEN 2:14","energy_class":"D","energy_performance":82,"specific_energy":88,"building_category":"Flerbostadshus","construction_year":2008,"epc_detail":{"IdAdr":"Lindholmsall\u00e9n 39","IdPostnr":41753,"IdPostort":"G\u00f6teborg","IdKommun":"G\u00f6teborg","EgenByggnadsKat":"Flerbostadshus","EgenByggnadsTyp":"Friliggande","EgenNybyggAr":2008,"EgenAtemp":23712,"EgenAntalPlan":8,"EgenAntalKallarplan":1,"EgenAntalTrapphus":4,"EgenAntalBolgh":385,"EgenProjVentFlode":"0,40000000000000002","EgenInstEleffektStorre":"Nej","EgenSkyddadEllerVardefull":0,"EgiEnergiklass":"D","EgiEnergiPrestanda":82,"EgiSpecifikEnergianvandning":88,"EgiEnergianvandning":2078190,"EgiPrimarenergianvandning":1953469,"EgiPrimarenergital2020":82,"EgiForstaArManad":2101,"EgiSistaArManad":2112,"EgiBeraknatVarde":"Nej","VentTypFTX":"Ja","VentTypF":"Ja","VentTypFT":"Nej","VentTypSjalvdrag":"Nej","VentTypFmed":"Ja","VentGruppKrav":"Ja","EgiSumma2":2021032,"EgiFastighet":318300,"EgiStationEI":"G\u00f6teborg","EgiRefvarde1":75,"EgiRefvarde2Max":125,"EgiVersion":2021,"VentGruppGodkand":"Ja","RadGruppHaltMatt":"Ja","RadHalt":20,"RadTypMatning":"L\u00e5ngtidsm\u00e4tning enligt SSI","RadMatDatum":"2011-10-24","Godkand":"2022-03-02","ExpertBehorighet":"Kvalificerad","VentGruppUtanAnm":0,"InspUppvGruppInspSkyldighet":"Nej","InspUppvUndAvtalEgipres":"Nej","InspLuftUndAvtalEgipres":"Nej","AtgForslagEgiMinskad":7600,"AtgForslagKostnad":"0"}}},{"type":"Feature","geometry":{"type":"Polygon","coordinates":[[[11.936700653283078,57.709426771611945],[11.936706718302059,57.70935501459505],[11.936907815340748,57.709359883801575],[11.936901750718398,57.709431640831895],[11.936700653283078,57.709426771611945]]]},"properties":{"id":"d142b2f0-feb0-43f5-b43f-af0744c58940","objektidentitet":"87417ece-dd08-4d1f-b1e9-de49b262beaa","versiongiltigfran":"2023-02-01T10:40:59.209Z","lagesosakerhetplan":null,"lagesosakerhethojd":null,"ursprunglig_organisation":"G\u00f6teborg","objektversion":2.0,"objekttypnr":2061.0,"objekttyp":"Bostad","insamlingslage":"Illustrativt l\u00e4ge","byggnadsnamn1":"None","byggnadsnamn2":"None","byggnadsnamn3":"None","husnummer":1.0,"huvudbyggnad":"Nej","andamal1":"Bostad;Flerfamiljshus","andamal2":"Verksamhet;","andamal3":"None","andamal4":"None","andamal5":"None","FormularId":1418003,"fastighetsbeteckning":"LINDHOLMEN 1:45","energy_class":"B","energy_performance":49,"specific_energy":54,"building_category":"Flerbostadshus","construction_year":2023,"epc_detail":{"IdAdr":"Karlavagnsgatan 1","IdPostnr":41752,"IdPostort":"G\u00f6teborg","IdKommun":"G\u00f6teborg","EgenByggnadsKat":"Flerbostadshus","EgenByggnadsTyp":"Gavel","EgenNybyggAr":2023,"EgenAtemp":8340,"EgenAntalPlan":17,"EgenAntalKallarplan":0,"EgenAntalTrapphus":1,"EgenAntalBolgh":125,"EgenProjVentFlode":"0,51000000000000001","EgenInstEleffektStorre":"Nej","EgenSkyddadEllerVardefull":0,"EgiEnergiklass":"B","EgiEnergiPrestanda":49,"EgiSpecifikEnergianvandning":54,"EgiEnergianvandning":448100,"EgiPrimarenergianvandning":410738,"EgiPrimarenergital2020":49,"EgiBeraknatVarde":"Ja","VentTypFTX":"Ja","VentTypF":"Nej","VentTypFT":"Nej","VentTypSjalvdrag":"Nej","VentTypFmed":"Nej","VentGruppKrav":"Ja","EgiSumma2":448100,"EgiFastighet":79900,"EgiRefvarde1":75,"EgiRefvarde2Max":78,"EgiVersion":2023,"VentGruppGodkand":"Ja","RadGruppHaltMatt":"Nej","Godkand":"2023-10-31","Version":2.8,"ExpertBehorighet":"Normal","VentGruppUtanAnm":1,"InspUppvGruppInspSkyldighet":"Ja","InspUppvUndAvtalEgipres":"Nej","InspLuftUndAvtalEgipres":"Nej"}}},{"type":"Feature","geometry":{"type":"Polygon","coordinates":[[[11.93717360843538,57.706874391454825],[11.937425536542989,57.70680929689071],[11.937483463723353,57.706873516278655],[11.937231534507765,57.70693861992386],[11.93717360843538,57.706874391454825]]]},"properties":{"id":"78cfb277-e194-4d27-93f9-316979c9fb45","objektidentitet":"cdc48a42-e2ec-4093-b85d-1209a0b0b1c9","versiongiltigfran":"2019-11-18T10:42:28.694Z","lagesosakerhetplan":0.1,"lagesosakerhethojd":null,"ursprunglig_organisation":"G\u00f6teborg","objektversion":4.0,"objekttypnr":2063.0,"objekttyp":"Samh\u00e4llsfunktion","insamlingslage":"Takkant","byggnadsnamn1":"None","byggnadsnamn2":"None","byggnadsnamn3":"None","husnummer":15.0,"huvudbyggnad":"Nej","andamal1":"Samh\u00e4llsfunktion;Busstation","andamal2":"None","andamal3":"None","andamal4":"None","andamal5":"None","FormularId":null,"energy_class":null,"energy_performance":null,"specific_energy":null,"building_category":null,"construction_year":null,"epc_detail":{}}},{"type":"Feature","geometry":{"type":"Polygon","coordinates":[[[11.936962087285716,57.710076776124275],[11.937152817754223,57.709979425231715],[11.93741505951661,57.71012658859369],[11.937224275643825,57.71022397454029],[11.936962087285716,57.710076776124275]]]},"properties":{"id":"84ac01c7-d345-4370-aa1a-d86c8032100b","objektidentitet":"0185e53d-b96c-4710-b411-0c1bbf0390a9","versiongiltigfran":"2022-05-17T08:16:07.425Z","lagesosakerhetplan":0.06,"lagesosakerhethojd":2.5,"ursprunglig_organisation":"G\u00f6teborg","objektversion":3.0,"objekttypnr":2066.0,"objekttyp":"Komplementbyggnad","insamlingslage":"Takkant","byggnadsnamn1":"None","byggnadsnamn2":"None","byggnadsnamn3":"None","husnummer":1.0,"huvudbyggnad":"Nej","andamal1":"Komplementbyggnad;","andamal2":"None","andamal3":"None","andamal4":"None","andamal5":"None","FormularId":null,"energy_class":null,"energy_performance":null,"specific_energy":null,"building_category":null,"construction_year":null,"epc_detail":{}}},{"type":"Feature","geometry":{"type":"Polygon","coordinates":[[[11.937207270953257,57.71000989157005],[11.937156450509294,57.709981346729876],[11.937241720265035,57.70993588265065],[11.937295170758105,57.70996569551739],[11.937207270953257,57.71000989157005]]]},"properties":{"id":"04e5e8c2-3ea0-42fa-b06a-4aa1e3da81e7","objektidentitet":"0185e53d-b96c-4710-b411-0c1bbf0390a9","versiongiltigfran":"2022-05-17T08:16:07.425Z","lagesosakerhetplan":0.06,"lagesosakerhethojd":null,"ursprunglig_organisation":"G\u00f6teborg","objektversion":3.0,"objekttypnr":2066.0,"objekttyp":"Komplementbyggnad","insamlingslage":"Takkant","byggnadsnamn1":"None","byggnadsnamn2":"None","byggnadsnamn3":"None","husnummer":1.0,"huvudbyggnad":"Nej","andamal1":"Komplementbyggnad;","andamal2":"None","andamal3":"None","andamal4":"None","andamal5":"None","FormularId":null,"energy_class":null,"energy_performance":null,"specific_energy":null,"building_category":null,"construction_year":null,"epc_detail":{}}},{"type":"Feature","geometry":{"type":"Polygon","coordinates":[[[11.93739006778618,57.71011252858118],[11.93725996276592,57.710039542275055],[11.937301656281829,57.71001890858166],[11.937427323185137,57.71009314459215],[11.93739006778618,57.71011252858118]]]},"properties":{"id":"55d09fef-d43a-4bf4-81ce-3e6fb15cfec1","objektidentitet":"0185e53d-b96c-4710-b411-0c1bbf0390a9","versiongiltigfran":"2022-05-17T08:16:07.425Z","lagesosakerhetplan":0.06,"lagesosakerhethojd":null,"ursprunglig_organisation":"G\u00f6teborg","objektversion":3.0,"objekttypnr":2066.0,"objekttyp":"Komplementbyggnad","insamlingslage":"Takkant","byggnadsnamn1":"None","byggnadsnamn2":"None","byggnadsnamn3":"None","husnummer":1.0,"huvudbyggnad":"Nej","andamal1":"Komplementbyggnad;","andamal2":"None","andamal3":"None","andamal4":"None","andamal5":"None","FormularId":null,"energy_class":null,"energy_performance":null,"specific_energy":null,"building_category":null,"construction_year":null,"epc_detail":{}}},{"type":"Feature","geometry":{"type":"Polygon","coordinates":[[[11.937985510159725,57.70686748656632],[11.938028260296074,57.706870471713714],[11.938078618820457,57.70688217958429],[11.938119758482253,57.70690164563089],[11.938147643100917,57.706926956599965],[11.938159559248456,57.70695564703502],[11.938159748998446,57.7069575750557],[11.938153387491028,57.70698676684512],[11.93813047749076,57.70701348187707],[11.938093289123598,57.70703509667051],[11.938045425702192,57.70704950536133],[11.937991372889993,57.70705528855476],[11.937936982957645,57.70705134755634],[11.937887518001695,57.70703860067974],[11.937847842651285,57.707018298169],[11.937821819462265,57.706992421007236],[11.937812020930037,57.706963512156754],[11.937811978565728,57.70696242358535],[11.937819975706843,57.7069333522934],[11.937844364455637,57.70690702364082],[11.937882760352348,57.70688602236799],[11.937931396299577,57.706872405406436],[11.937985510159725,57.70686748656632]]]},"properties":{"id":"ae55edaf-dd70-4ee2-b23a-2399d1fe7389","objektidentitet":"b20acad5-8c62-42e4-8e17-4a9fc00b4b12","versiongiltigfran":"2019-04-24T11:31:00.867Z","lagesosakerhetplan":0.1,"lagesosakerhethojd":null,"ursprunglig_organisation":"G\u00f6teborg","objektversion":1.0,"objekttypnr":2063.0,"objekttyp":"Samh\u00e4llsfunktion","insamlingslage":"Takkant","byggnadsnamn1":"None","byggnadsnamn2":"None","byggnadsnamn3":"None","husnummer":16.0,"huvudbyggnad":"Nej","andamal1":"Samh\u00e4llsfunktion;Ospecificerad","andamal2":"None","andamal3":"None","andamal4":"None","andamal5":"None","FormularId":null,"energy_class":null,"energy_performance":null,"specific_energy":null,"building_category":null,"construction_year":null,"epc_detail":{}}},{"type":"Feature","geometry":{"type":"Polygon","coordinates":[[[11.93772003940616,57.708505367055785],[11.937793803738623,57.70846823463874],[11.937907476790459,57.708532931295665],[11.93783371243832,57.708570063778524],[11.93772003940616,57.708505367055785]]]},"properties":{"id":"e988428b-1d17-47c3-89cf-44a53e13a56a","objektidentitet":"fb62ccb0-db68-4bd2-b1c1-43933578a6ae","versiongiltigfran":"2012-01-03T09:52:49.467Z","lagesosakerhetplan":0.06,"lagesosakerhethojd":null,"ursprunglig_organisation":"G\u00f6teborg","objektversion":2.0,"objekttypnr":2061.0,"objekttyp":"Bostad","insamlingslage":"Takkant","byggnadsnamn1":"None","byggnadsnamn2":"None","byggnadsnamn3":"None","husnummer":1.0,"huvudbyggnad":"Nej","andamal1":"Bostad;Flerfamiljshus","andamal2":"Verksamhet;","andamal3":"None","andamal4":"None","andamal5":"None","FormularId":1269381,"fastighetsbeteckning":"LINDHOLMEN 2:14","energy_class":"D","energy_performance":82,"specific_energy":88,"building_category":"Flerbostadshus","construction_year":2008,"epc_detail":{"IdAdr":"Lindholmsall\u00e9n 39","IdPostnr":41753,"IdPostort":"G\u00f6teborg","IdKommun":"G\u00f6teborg","EgenByggnadsKat":"Flerbostadshus","EgenByggnadsTyp":"Friliggande","EgenNybyggAr":2008,"EgenAtemp":23712,"EgenAntalPlan":8,"EgenAntalKallarplan":1,"EgenAntalTrapphus":4,"EgenAntalBolgh":385,"EgenProjVentFlode":"0,40000000000000002","EgenInstEleffektStorre":"Nej","EgenSkyddadEllerVardefull":0,"EgiEnergiklass":"D","EgiEnergiPrestanda":82,"EgiSpecifikEnergianvandning":88,"EgiEnergianvandning":2078190,"EgiPrimarenergianvandning":1953469,"EgiPrimarenergital2020":82,"EgiForstaArManad":2101,"EgiSistaArManad":2112,"EgiBeraknatVarde":"Nej","VentTypFTX":"Ja","VentTypF":"Ja","VentTypFT":"Nej","VentTypSjalvdrag":"Nej","VentTypFmed":"Ja","VentGruppKrav":"Ja","EgiSumma2":2021032,"EgiFastighet":318300,"EgiStationEI":"G\u00f6teborg","EgiRefvarde1":75,"EgiRefvarde2Max":125,"EgiVersion":2021,"VentGruppGodkand":"Ja","RadGruppHaltMatt":"Ja","RadHalt":20,"RadTypMatning":"L\u00e5ngtidsm\u00e4tning enligt SSI","RadMatDatum":"2011-10-24","Godkand":"2022-03-02","ExpertBehorighet":"Kvalificerad","VentGruppUtanAnm":0,"InspUppvGruppInspSkyldighet":"Nej","InspUppvUndAvtalEgipres":"Nej","InspLuftUndAvtalEgipres":"Nej","AtgForslagEgiMinskad":7600,"AtgForslagKostnad":"0"}}},{"type":"Feature","geometry":{"type":"Polygon","coordinates":[[[11.93877520419385,57.70713962814933],[11.938873410286336,57.70716256904978],[11.93886202743538,57.70717666538826],[11.938706150820396,57.707140311991004],[11.939678846933472,57.706933592614796],[11.939293931712122,57.70641450922701],[11.939448015233372,57.70644780758569],[11.939439975957653,57.70645750885067],[11.93934163808997,57.70643455618978],[11.939714542170734,57.70694178132999],[11.93877520419385,57.70713962814933]]]},"properties":{"id":"3436f2f2-e68e-4925-960b-6b8502ae5f28","objektidentitet":"e815cd79-1756-4f00-a8f9-5754f5c9d494","versiongiltigfran":"2011-03-23T08:56:48.334Z","lagesosakerhetplan":0.06,"lagesosakerhethojd":null,"ursprunglig_organisation":"Lantm\u00e4teriet","objektversion":1.0,"objekttypnr":2066.0,"objekttyp":"Komplementbyggnad","insamlingslage":"Takkant","byggnadsnamn1":"None","byggnadsnamn2":"None","byggnadsnamn3":"None","husnummer":2.0,"huvudbyggnad":"Nej","andamal1":"Komplementbyggnad;","andamal2":"None","andamal3":"None","andamal4":"None","andamal5":"None","FormularId":1080608,"fastighetsbeteckning":"LINDHOLMEN 30:3","energy_class":"D","energy_performance":155,"specific_energy":133,"building_category":"Lokalbyggnader","construction_year":2003,"epc_detail":{"IdAdr":"Lindholmspiren 5B","IdPostnr":41756,"IdPostort":"G\u00f6teborg","IdKommun":"G\u00f6teborg","EgenByggnadsKat":"Lokalbyggnader","EgenByggnadsTyp":"Friliggande","EgenNybyggAr":2003,"EgenAtemp":43615,"EgenAntalPlan":6,"EgenAntalKallarplan":2,"EgenAntalTrapphus":4,"EgenAntalBolgh":0,"EgenProjVentFlode":"1","EgenInstEleffektStorre":"Nej","EgenSkyddadEllerVardefull":0,"EgiEnergiklass":"D","EgiEnergiPrestanda":155,"EgiSpecifikEnergianvandning":133,"EgiEnergianvandning":5796447,"EgiPrimarenergianvandning":6755490,"EgiForstaArManad":1901,"EgiSistaArManad":1912,"EgiBeraknatVarde":"Nej","EgiSolcell":134,"VentTypFTX":"Ja","VentTypF":"Ja","VentTypFT":"Nej","VentTypSjalvdrag":"Nej","VentTypFmed":"Nej","VentGruppKrav":"Ja","EgiSumma2":5423209,"EgiFjarrkyla":1767734,"EgiBerElProduktion":19880,"EgiFastighet":1065888,"EgiStationEI":"G\u00f6teborg","EgiRefvarde1":126,"EgiRefvarde2Max":178,"EgiVersion":2019,"VentGruppGodkand":"Nej","RadGruppHaltMatt":"Nej","Godkand":"2020-06-15","Version":2.7,"ExpertBehorighet":"Kvalificerad","InspUppvGruppInspSkyldighet":"Ja","InspUppvUndAvtalEgipres":"Nej","InspLuftGruppInspSkyldighet":"Ja","InspLuftUndAvtalEgipres":"Nej","AtgForslagEgiMinskad":3000,"AtgForslagKostnad":"1,5"}}},{"type":"Feature","geometry":{"type":"Polygon","coordinates":[[[11.939684523180555,57.70624587109833],[11.940080908208225,57.70633814008417],[11.940052614546028,57.70637295820248],[11.939656246729655,57.70628068056118],[11.939684523180555,57.70624587109833]]]},"properties":{"id":"2b2451c9-dbab-4092-9e1f-f66c29151883","objektidentitet":"bd4d035f-727f-463c-b962-2b574a9ea3bd","versiongiltigfran":"2011-03-23T08:36:11.065Z","lagesosakerhetplan":0.06,"lagesosakerhethojd":null,"ursprunglig_organisation":"Lantm\u00e4teriet","objektversion":1.0,"objekttypnr":2064.0,"objekttyp":"Verksamhet","insamlingslage":"Takkant","byggnadsnamn1":"None","byggnadsnamn2":"None","byggnadsnamn3":"None","husnummer":1.0,"huvudbyggnad":"Nej","andamal1":"Verksamhet;","andamal2":"None","andamal3":"None","andamal4":"None","andamal5":"None","FormularId":928598,"fastighetsbeteckning":"LINDHOLMEN 30:2","energy_class":"E","energy_performance":111,"specific_energy":88,"building_category":"Lokalbyggnader","construction_year":2003,"epc_detail":{"IdAdr":"Lindholmspiren 9","IdPostnr":41756,"IdPostort":"G\u00f6teborg","IdKommun":"G\u00f6teborg","EgenByggnadsKat":"Lokalbyggnader","EgenByggnadsTyp":"Friliggande","EgenNybyggAr":2003,"EgenAtemp":12600,"EgenAntalPlan":6,"EgenAntalKallarplan":2,"EgenAntalTrapphus":2,"EgenAntalBolgh":0,"EgenProjVentFlode":"0,34999999999999998","EgenInstEleffektStorre":"Nej","EgenSkyddadEllerVardefull":0,"EgiEnergiklass":"E","EgiEnergiPrestanda":111,"EgiSpecifikEnergianvandning":88,"EgiEnergianvandning":1114108,"EgiPrimarenergianvandning":1399032,"EgiForstaArManad":1801,"EgiSistaArManad":1812,"EgiBeraknatVarde":"Nej","VentTypFTX":"Ja","VentTypF":"Nej","VentTypFT":"Nej","VentTypSjalvdrag":"Nej","VentTypFmed":"Nej","VentGruppKrav":"Ja","EgiSumma2":1069200,"EgiFjarrkyla":245000,"EgiFastighet":391000,"EgiVerksamhet":489000,"EgiStationEI":"G\u00f6teborg","EgiRefvarde1":80,"EgiRefvarde2Max":174,"EgiVersion":2019,"VentGruppGodkand":"Ja","RadGruppHaltMatt":"Nej","Godkand":"2019-03-21","Version":2.6,"ExpertBehorighet":"Kvalificerad","VentGruppUtanAnm":1}}},{"type":"Feature","geometry":{"type":"Polygon","coordinates":[[[11.940136439224608,57.70635003516741],[11.940385722962208,57.70640806004365],[11.940358105463508,57.706442031734824],[11.9401088558109,57.70638399864357],[11.940136439224608,57.70635003516741]]]},"properties":{"id":"d357053a-472a-4cbd-a08e-e91ecb161a3f","objektidentitet":"bd4d035f-727f-463c-b962-2b574a9ea3bd","versiongiltigfran":"2011-03-23T08:36:11.065Z","lagesosakerhetplan":0.06,"lagesosakerhethojd":2.5,"ursprunglig_organisation":"Lantm\u00e4teriet","objektversion":1.0,"objekttypnr":2064.0,"objekttyp":"Verksamhet","insamlingslage":"Takkant","byggnadsnamn1":"None","byggnadsnamn2":"None","byggnadsnamn3":"None","husnummer":1.0,"huvudbyggnad":"Nej","andamal1":"Verksamhet;","andamal2":"None","andamal3":"None","andamal4":"None","andamal5":"None","FormularId":928598,"fastighetsbeteckning":"LINDHOLMEN 30:2","energy_class":"E","energy_performance":111,"specific_energy":88,"building_category":"Lokalbyggnader","construction_year":2003,"epc_detail":{"IdAdr":"Lindholmspiren 9","IdPostnr":41756,"IdPostort":"G\u00f6teborg","IdKommun":"G\u00f6teborg","EgenByggnadsKat":"Lokalbyggnader","EgenByggnadsTyp":"Friliggande","EgenNybyggAr":2003,"EgenAtemp":12600,"EgenAntalPlan":6,"EgenAntalKallarplan":2,"EgenAntalTrapphus":2,"EgenAntalBolgh":0,"EgenProjVentFlode":"0,34999999999999998","EgenInstEleffektStorre":"Nej","EgenSkyddadEllerVardefull":0,"EgiEnergiklass":"E","EgiEnergiPrestanda":111,"EgiSpecifikEnergianvandning":88,"EgiEnergianvandning":1114108,"EgiPrimarenergianvandning":1399032,"EgiForstaArManad":1801,"EgiSistaArManad":1812,"EgiBeraknatVarde":"Nej","VentTypFTX":"Ja","VentTypF":"Nej","VentTypFT":"Nej","VentTypSjalvdrag":"Nej","VentTypFmed":"Nej","VentGruppKrav":"Ja","EgiSumma2":1069200,"EgiFjarrkyla":245000,"EgiFastighet":391000,"EgiVerksamhet":489000,"EgiStationEI":"G\u00f6teborg","EgiRefvarde1":80,"EgiRefvarde2Max":174,"EgiVersion":2019,"VentGruppGodkand":"Ja","RadGruppHaltMatt":"Nej","Godkand":"2019-03-21","Version":2.6,"ExpertBehorighet":"Kvalificerad","VentGruppUtanAnm":1}}},{"type":"Feature","geometry":{"type":"Polygon","coordinates":[[[11.93343496962048,57.70713798175376],[11.93349617370662,57.70712210955164],[11.93354660967597,57.7071777454675],[11.933485416961355,57.707193680886625],[11.93343496962048,57.70713798175376]]]},"properties":{"id":"778a94a2-f482-4ed0-a9c1-eb6809ad41f6","objektidentitet":"96be4758-3897-4b67-9031-971cb0d3667c","versiongiltigfran":"2011-03-23T08:59:55.849Z","lagesosakerhetplan":0.06,"lagesosakerhethojd":2.5,"ursprunglig_organisation":"Lantm\u00e4teriet","objektversion":1.0,"objekttypnr":2066.0,"objekttyp":"Komplementbyggnad","insamlingslage":"Takkant","byggnadsnamn1":"None","byggnadsnamn2":"None","byggnadsnamn3":"None","husnummer":2.0,"huvudbyggnad":"Nej","andamal1":"Komplementbyggnad;","andamal2":"None","andamal3":"None","andamal4":"None","andamal5":"None","FormularId":null,"energy_class":null,"energy_performance":null,"specific_energy":null,"building_category":null,"construction_year":null,"epc_detail":{}}},{"type":"Feature","geometry":{"type":"Polygon","coordinates":[[[11.931828219761787,57.70724905933279],[11.93187216514144,57.70725597634525],[11.931846423857134,57.70730279072106],[11.9318024951833,57.70729587410565],[11.931828219761787,57.70724905933279]]]},"properties":{"id":"ecee945a-344a-4338-8d89-bc7456bc17af","objektidentitet":"ddfc2746-10a7-4b29-a34e-acfc0865fd0c","versiongiltigfran":"2011-03-23T08:52:21.007Z","lagesosakerhetplan":0.06,"lagesosakerhethojd":2.5,"ursprunglig_organisation":"Lantm\u00e4teriet","objektversion":1.0,"objekttypnr":2061.0,"objekttyp":"Bostad","insamlingslage":"Takkant","byggnadsnamn1":"None","byggnadsnamn2":"None","byggnadsnamn3":"None","husnummer":3.0,"huvudbyggnad":"Nej","andamal1":"Bostad;Flerfamiljshus","andamal2":"None","andamal3":"None","andamal4":"None","andamal5":"None","FormularId":989837,"fastighetsbeteckning":"LINDHOLMEN 20:1","energy_class":"E","energy_performance":125,"specific_energy":109,"building_category":"Flerbostadshus","construction_year":1997,"epc_detail":{"IdAdr":"Arbetaregatan 23","IdPostnr":41757,"IdPostort":"G\u00f6teborg","IdKommun":"G\u00f6teborg","EgenByggnadsKat":"Flerbostadshus","EgenByggnadsTyp":"Friliggande","EgenNybyggAr":1997,"EgenAtemp":687,"EgenAntalPlan":1,"EgenAntalKallarplan":0,"EgenAntalTrapphus":1,"EgenAntalBolgh":8,"EgenInstEleffektStorre":"Nej","EgenSkyddadEllerVardefull":0,"EgiEnergiklass":"E","EgiEnergiPrestanda":125,"EgiSpecifikEnergianvandning":109,"EgiEnergianvandning":75208,"EgiPrimarenergianvandning":85668,"EgiForstaArManad":1801,"EgiSistaArManad":1812,"EgiBeraknatVarde":"Nej","VentTypFTX":"Nej","VentTypF":"Ja","VentTypFT":"Nej","VentTypSjalvdrag":"Nej","VentTypFmed":"Nej","VentGruppKrav":"Ja","EgiSumma2":70140,"EgiFastighet":7970,"EgiStationEI":"G\u00f6teborg","EgiRefvarde1":85,"EgiRefvarde2Max":148,"EgiVersion":2019,"VentGruppGodkand":"Ja","RadGruppHaltMatt":"Nej","Godkand":"2019-09-16","Version":2.6,"ExpertBehorighet":"Normal","VentGruppUtanAnm":0,"AtgForslagEgiMinskad":2700,"AtgForslagKostnad":"0,20000000000000001"}}},{"type":"Feature","geometry":{"type":"Polygon","coordinates":[[[11.931525610591967,57.70718591311151],[11.931836058934307,57.70723480573719],[11.931786836571835,57.70732434581941],[11.931780423718246,57.70732333642276],[11.93173987321822,57.707397115131215],[11.931574332448982,57.70737105239655],[11.931614883253188,57.70729727374385],[11.931476386777868,57.70727546203638],[11.931525610591967,57.70718591311151]]]},"properties":{"id":"d9338310-075c-4c09-9235-0a2ec261f5d3","objektidentitet":"ddfc2746-10a7-4b29-a34e-acfc0865fd0c","versiongiltigfran":"2011-03-23T08:52:21.007Z","lagesosakerhetplan":0.06,"lagesosakerhethojd":null,"ursprunglig_organisation":"Lantm\u00e4teriet","objektversion":1.0,"objekttypnr":2061.0,"objekttyp":"Bostad","insamlingslage":"Takkant","byggnadsnamn1":"None","byggnadsnamn2":"None","byggnadsnamn3":"None","husnummer":3.0,"huvudbyggnad":"Nej","andamal1":"Bostad;Flerfamiljshus","andamal2":"None","andamal3":"None","andamal4":"None","andamal5":"None","FormularId":989837,"fastighetsbeteckning":"LINDHOLMEN 20:1","energy_class":"E","energy_performance":125,"specific_energy":109,"building_category":"Flerbostadshus","construction_year":1997,"epc_detail":{"IdAdr":"Arbetaregatan 23","IdPostnr":41757,"IdPostort":"G\u00f6teborg","IdKommun":"G\u00f6teborg","EgenByggnadsKat":"Flerbostadshus","EgenByggnadsTyp":"Friliggande","EgenNybyggAr":1997,"EgenAtemp":687,"EgenAntalPlan":1,"EgenAntalKallarplan":0,"EgenAntalTrapphus":1,"EgenAntalBolgh":8,"EgenInstEleffektStorre":"Nej","EgenSkyddadEllerVardefull":0,"EgiEnergiklass":"E","EgiEnergiPrestanda":125,"EgiSpecifikEnergianvandning":109,"EgiEnergianvandning":75208,"EgiPrimarenergianvandning":85668,"EgiForstaArManad":1801,"EgiSistaArManad":1812,"EgiBeraknatVarde":"Nej","VentTypFTX":"Nej","VentTypF":"Ja","VentTypFT":"Nej","VentTypSjalvdrag":"Nej","VentTypFmed":"Nej","VentGruppKrav":"Ja","EgiSumma2":70140,"EgiFastighet":7970,"EgiStationEI":"G\u00f6teborg","EgiRefvarde1":85,"EgiRefvarde2Max":148,"EgiVersion":2019,"VentGruppGodkand":"Ja","RadGruppHaltMatt":"Nej","Godkand":"2019-09-16","Version":2.6,"ExpertBehorighet":"Normal","VentGruppUtanAnm":0,"AtgForslagEgiMinskad":2700,"AtgForslagKostnad":"0,20000000000000001"}}},{"type":"Feature","geometry":{"type":"Polygon","coordinates":[[[11.932906255409394,57.706379411771636],[11.932951499059818,57.706367601940705],[11.932995539147825,57.70641605442409],[11.932952509561488,57.70643027280749],[11.932906255409394,57.706379411771636]]]},"properties":{"id":"e778f056-2414-476b-8974-35d6c5f46457","objektidentitet":"8fb23d24-c79a-4c9e-b229-7f85142d56ff","versiongiltigfran":"2017-06-21T10:39:29.361Z","lagesosakerhetplan":0.025,"lagesosakerhethojd":null,"ursprunglig_organisation":"G\u00f6teborg","objektversion":2.0,"objekttypnr":2066.0,"objekttyp":"Komplementbyggnad","insamlingslage":"Takkant","byggnadsnamn1":"None","byggnadsnamn2":"None","byggnadsnamn3":"None","husnummer":10.0,"huvudbyggnad":"Nej","andamal1":"Komplementbyggnad;","andamal2":"None","andamal3":"None","andamal4":"None","andamal5":"None","FormularId":null,"energy_class":null,"energy_performance":null,"specific_energy":null,"building_category":null,"construction_year":null,"epc_detail":{}}},{"type":"Feature","geometry":{"type":"Polygon","coordinates":[[[11.93425538199565,57.71035494093274],[11.934250239836732,57.71038356890988],[11.934162827375522,57.71037906879065],[11.9341679696026,57.7103504408177],[11.93425538199565,57.71035494093274]]]},"properties":{"id":"ebf8ec5c-05ab-4320-aa44-79d61295c354","objektidentitet":"2a1ffd36-abc8-4855-9f2c-c9cdd6b267bc","versiongiltigfran":"2021-09-20T12:14:20.361Z","lagesosakerhetplan":0.06,"lagesosakerhethojd":null,"ursprunglig_organisation":"Lantm\u00e4teriet","objektversion":6.0,"objekttypnr":2063.0,"objekttyp":"Samh\u00e4llsfunktion","insamlingslage":"Takkant","byggnadsnamn1":"None","byggnadsnamn2":"None","byggnadsnamn3":"None","husnummer":3.0,"huvudbyggnad":"Nej","andamal1":"Samh\u00e4llsfunktion;Ospecificerad","andamal2":"None","andamal3":"None","andamal4":"None","andamal5":"None","FormularId":null,"energy_class":null,"energy_performance":null,"specific_energy":null,"building_category":null,"construction_year":null,"epc_detail":{}}},{"type":"Feature","geometry":{"type":"Polygon","coordinates":[[[11.93256529967328,57.70678989575491],[11.932634874088944,57.706867576320604],[11.932420889098701,57.70692190613934],[11.932351858152778,57.70684435547413],[11.93256529967328,57.70678989575491]]]},"properties":{"id":"70d3de5e-aba0-4de4-b376-9ed44f2f5def","objektidentitet":"03d9e70d-be18-4270-b63e-e1f5e245add3","versiongiltigfran":"2011-03-23T08:36:40.605Z","lagesosakerhetplan":0.06,"lagesosakerhethojd":null,"ursprunglig_organisation":"Lantm\u00e4teriet","objektversion":1.0,"objekttypnr":2061.0,"objekttyp":"Bostad","insamlingslage":"Takkant","byggnadsnamn1":"None","byggnadsnamn2":"None","byggnadsnamn3":"None","husnummer":4.0,"huvudbyggnad":"Nej","andamal1":"Bostad;Flerfamiljshus","andamal2":"None","andamal3":"None","andamal4":"None","andamal5":"None","FormularId":1127129,"fastighetsbeteckning":"LINDHOLMEN 16:1","energy_class":"E","energy_performance":133,"specific_energy":163,"building_category":"Flerbostadshus","construction_year":1992,"epc_detail":{"IdAdr":"Sl\u00e4ggaregatan 5","IdPostnr":41757,"IdPostort":"G\u00f6teborg","IdKommun":"G\u00f6teborg","EgenByggnadsKat":"Flerbostadshus","EgenByggnadsTyp":"Friliggande","EgenNybyggAr":1992,"EgenAtemp":504,"EgenAntalPlan":2,"EgenAntalKallarplan":1,"EgenAntalTrapphus":3,"EgenAntalBolgh":5,"EgenInstEleffektStorre":"Nej","EgenSkyddadEllerVardefull":4,"EgiEnergiklass":"E","EgiEnergiPrestanda":133,"EgiSpecifikEnergianvandning":163,"EgiEnergianvandning":82117,"EgiPrimarenergianvandning":67025,"EgiPrimarenergital2020":133,"EgiForstaArManad":1901,"EgiSistaArManad":1912,"EgiBeraknatVarde":"Nej","VentTypFTX":"Nej","VentTypF":"Ja","VentTypFT":"Nej","VentTypSjalvdrag":"Nej","VentTypFmed":"Nej","VentGruppKrav":"Ja","EgiSumma2":73619,"EgiFastighet":4047,"EgiStationEI":"G\u00f6teborg","EgiRefvarde1":75,"EgiRefvarde2Max":148,"EgiVersion":2020,"VentGruppGodkand":"Ja","RadGruppHaltMatt":"Ja","RadHalt":30,"RadTypMatning":"Annan metod","RadMatDatum":"2013-04-30","Godkand":"2020-10-22","Version":2.8,"ExpertBehorighet":"Kvalificerad","VentGruppUtanAnm":1,"InspUppvUndAvtalEgipres":"Nej","InspLuftUndAvtalEgipres":"Nej"}}},{"type":"Feature","geometry":{"type":"Polygon","coordinates":[[[11.935361951277924,57.71034258194619],[11.935498733571984,57.710418590167755],[11.935548002891768,57.710429922066325],[11.935533253060445,57.7104502461433],[11.935473629920645,57.710436443402656],[11.935334747500972,57.710356276769176],[11.935361951277924,57.71034258194619]]]},"properties":{"id":"92a4c6f1-4b53-4d3e-af1d-fce2ba5b0674","objektidentitet":"0f5ac46e-f7c2-4dc1-aa29-456f88107c14","versiongiltigfran":"2011-03-23T09:08:53.805Z","lagesosakerhetplan":0.06,"lagesosakerhethojd":2.5,"ursprunglig_organisation":"Lantm\u00e4teriet","objektversion":1.0,"objekttypnr":2062.0,"objekttyp":"Industri","insamlingslage":"Takkant","byggnadsnamn1":"None","byggnadsnamn2":"None","byggnadsnamn3":"None","husnummer":1.0,"huvudbyggnad":"Nej","andamal1":"Industri;Ospecificerad","andamal2":"None","andamal3":"None","andamal4":"None","andamal5":"None","FormularId":1069816,"fastighetsbeteckning":"LINDHOLMEN 1:21","energy_class":"C","energy_performance":66,"specific_energy":57,"building_category":"Lokalbyggnader","construction_year":1950,"epc_detail":{"IdAdr":"Polstj\u00e4rnegatan 6","IdPostnr":41752,"IdPostort":"G\u00f6teborg","IdKommun":"G\u00f6teborg","EgenByggnadsKat":"Lokalbyggnader","EgenByggnadsTyp":"Gavel","EgenNybyggAr":1950,"EgenAtemp":11000,"EgenAntalPlan":4,"EgenAntalKallarplan":0,"EgenAntalTrapphus":1,"EgenAntalBolgh":0,"EgenProjVentFlode":"0,34999999999999998","EgenInstEleffektStorre":"Nej","EgenSkyddadEllerVardefull":5,"EgiEnergiklass":"C","EgiEnergiPrestanda":66,"EgiSpecifikEnergianvandning":57,"EgiEnergianvandning":626391,"EgiPrimarenergianvandning":720635,"EgiForstaArManad":1901,"EgiSistaArManad":1912,"EgiBeraknatVarde":"Nej","VentTypFTX":"Ja","VentTypF":"Nej","VentTypFT":"Nej","VentTypSjalvdrag":"Nej","VentTypFmed":"Nej","VentGruppKrav":"Ja","EgiSumma2":555136,"EgiFastighet":55412,"EgiStationEI":"G\u00f6teborg","EgiRefvarde1":80,"EgiRefvarde2Max":196,"EgiVersion":2019,"VentGruppGodkand":"Ja","RadGruppHaltMatt":"Nej","Godkand":"2020-04-24","Version":2.6,"ExpertBehorighet":"Kvalificerad","VentGruppUtanAnm":1}}},{"type":"Feature","geometry":{"type":"Polygon","coordinates":[[[11.93425003540874,57.708082592693664],[11.9342486770584,57.70811373912874],[11.934116871498947,57.708159871002756],[11.934093475779676,57.70813630372556],[11.934021681932641,57.708157051730986],[11.933989620296126,57.70812139227806],[11.933890409062839,57.70812085725543],[11.933937232173049,57.7080836493002],[11.933980846125804,57.70808358284118],[11.933992010438436,57.70809095393676],[11.934025345314957,57.70809091696576],[11.934023557780192,57.70811462891538],[11.934091754848751,57.708114762734056],[11.934094952297562,57.70808430800534],[11.93425003540874,57.708082592693664]]]},"properties":{"id":"6ac50050-abe2-43c1-98c5-2aec4352c08a","objektidentitet":"277c23dc-4ca4-436e-8389-73c337d4334f","versiongiltigfran":"2016-10-10T12:29:04.205Z","lagesosakerhetplan":0.06,"lagesosakerhethojd":null,"ursprunglig_organisation":"G\u00f6teborg","objektversion":2.0,"objekttypnr":2062.0,"objekttyp":"Industri","insamlingslage":"Takkant","byggnadsnamn1":"None","byggnadsnamn2":"None","byggnadsnamn3":"None","husnummer":9.0,"huvudbyggnad":"Nej","andamal1":"Industri;Ospecificerad","andamal2":"None","andamal3":"None","andamal4":"None","andamal5":"None","FormularId":1030887,"fastighetsbeteckning":"LINDHOLMEN 735:491","energy_class":"D","energy_performance":150,"specific_energy":121,"building_category":"Lokalbyggnader","construction_year":1963,"epc_detail":{"IdAdr":"Karlavagnsgatan 21","IdPostnr":41756,"IdPostort":"G\u00f6teborg","IdKommun":"G\u00f6teborg","EgenByggnadsKat":"Lokalbyggnader","EgenByggnadsTyp":"Friliggande","EgenNybyggAr":1963,"EgenAtemp":3373,"EgenAntalPlan":4,"EgenAntalKallarplan":1,"EgenAntalTrapphus":1,"EgenAntalBolgh":0,"EgenProjVentFlode":"1","EgenInstEleffektStorre":"Nej","EgenSkyddadEllerVardefull":0,"EgiEnergiklass":"D","EgiEnergiPrestanda":150,"EgiSpecifikEnergianvandning":121,"EgiEnergianvandning":407582,"EgiPrimarenergianvandning":505725,"EgiForstaArManad":1801,"EgiSistaArManad":1812,"EgiBeraknatVarde":"Nej","VentTypFTX":"Ja","VentTypF":"Nej","VentTypFT":"Nej","VentTypSjalvdrag":"Nej","VentTypFmed":"Nej","VentGruppKrav":"Ja","EgiSumma2":374346,"EgiFastighet":45566,"EgiStationEI":"G\u00f6teborg","EgiRefvarde1":126,"EgiRefvarde2Max":191,"EgiVersion":2019,"VentGruppGodkand":"Nej","RadGruppHaltMatt":"Nej","Godkand":"2020-06-15","Version":2.7,"ExpertBehorighet":"Kvalificerad","InspUppvGruppInspSkyldighet":"Ja","InspUppvUndAvtalEgipres":"Nej","InspLuftUndAvtalEgipres":"Nej","AtgForslagEgiMinskad":500,"AtgForslagKostnad":"0,10000000000000001"}}},{"type":"Feature","geometry":{"type":"Polygon","coordinates":[[[11.93782749829728,57.707060354823994],[11.937781425959036,57.707072442932386],[11.937715721804047,57.7070006922557],[11.93776177731439,57.70698860376482],[11.93782749829728,57.707060354823994]]]},"properties":{"id":"1496cbbd-86a3-4d5a-8814-7121f129c0db","objektidentitet":"68d6017f-784f-4ac9-a945-cd363cafb039","versiongiltigfran":"2019-04-24T11:31:01.994Z","lagesosakerhetplan":0.1,"lagesosakerhethojd":null,"ursprunglig_organisation":"G\u00f6teborg","objektversion":1.0,"objekttypnr":2067.0,"objekttyp":"\u00d6vrig byggnad","insamlingslage":"Takkant","byggnadsnamn1":"None","byggnadsnamn2":"None","byggnadsnamn3":"None","husnummer":17.0,"huvudbyggnad":"Nej","andamal1":"\u00d6vrig byggnad;","andamal2":"None","andamal3":"None","andamal4":"None","andamal5":"None","FormularId":null,"energy_class":null,"energy_performance":null,"specific_energy":null,"building_category":null,"construction_year":null,"epc_detail":{}}},{"type":"Feature","geometry":{"type":"Polygon","coordinates":[[[11.938530507088842,57.70651058789206],[11.938541555209921,57.70652271939864],[11.938438009197133,57.706549703043514],[11.938426970283722,57.70653766163017],[11.938530507088842,57.70651058789206]]]},"properties":{"id":"4eb554cb-d2ff-4128-830f-5fea91a4cb5c","objektidentitet":"4124a25d-cf33-48d1-97d7-a371b86b65df","versiongiltigfran":"2011-03-23T08:37:33.160Z","lagesosakerhetplan":0.06,"lagesosakerhethojd":null,"ursprunglig_organisation":"Lantm\u00e4teriet","objektversion":1.0,"objekttypnr":2066.0,"objekttyp":"Komplementbyggnad","insamlingslage":"Takkant","byggnadsnamn1":"None","byggnadsnamn2":"None","byggnadsnamn3":"None","husnummer":11.0,"huvudbyggnad":"Nej","andamal1":"Komplementbyggnad;","andamal2":"None","andamal3":"None","andamal4":"None","andamal5":"None","FormularId":null,"energy_class":null,"energy_performance":null,"specific_energy":null,"building_category":null,"construction_year":null,"epc_detail":{}}},{"type":"Feature","geometry":{"type":"Polygon","coordinates":[[[11.934410855392152,57.70792073331284],[11.934467732456275,57.70792049375038],[11.934468351641721,57.70795605627089],[11.934411491279189,57.70795629623913],[11.934410855392152,57.70792073331284]]]},"properties":{"id":"b0d04295-66ad-4c87-a046-91a7273eabb6","objektidentitet":"9b036d5b-fc84-42a9-930f-e9ff6f284aa7","versiongiltigfran":"2011-03-23T08:42:36.175Z","lagesosakerhetplan":0.06,"lagesosakerhethojd":null,"ursprunglig_organisation":"Lantm\u00e4teriet","objektversion":1.0,"objekttypnr":2066.0,"objekttyp":"Komplementbyggnad","insamlingslage":"Takkant","byggnadsnamn1":"None","byggnadsnamn2":"None","byggnadsnamn3":"None","husnummer":13.0,"huvudbyggnad":"Nej","andamal1":"Komplementbyggnad;","andamal2":"None","andamal3":"None","andamal4":"None","andamal5":"None","FormularId":1054787,"fastighetsbeteckning":"LINDHOLMEN 735:491","energy_class":"D","energy_performance":105,"specific_energy":86,"building_category":"Lokalbyggnader","construction_year":1948,"epc_detail":{"IdAdr":"Polstj\u00e4rnegatan 10","IdPostnr":41752,"IdPostort":"G\u00f6teborg","IdKommun":"G\u00f6teborg","EgenByggnadsKat":"Lokalbyggnader","EgenByggnadsTyp":"Friliggande","EgenNybyggAr":1948,"EgenAtemp":1810,"EgenAntalPlan":4,"EgenAntalKallarplan":1,"EgenAntalTrapphus":1,"EgenAntalBolgh":0,"EgenProjVentFlode":"0,34999999999999998","EgenInstEleffektStorre":"Nej","EgenSkyddadEllerVardefull":0,"EgiEnergiklass":"D","EgiEnergiPrestanda":105,"EgiSpecifikEnergianvandning":86,"EgiEnergianvandning":155644,"EgiPrimarenergianvandning":190546,"EgiForstaArManad":1801,"EgiSistaArManad":1812,"EgiBeraknatVarde":"Nej","VentTypFTX":"Ja","VentTypF":"Nej","VentTypFT":"Ja","VentTypSjalvdrag":"Nej","VentTypFmed":"Nej","VentGruppKrav":"Ja","EgiSumma2":144223,"EgiFastighet":36838,"EgiStationEI":"G\u00f6teborg","EgiRefvarde1":80,"EgiRefvarde2Max":188,"EgiVersion":2019,"VentGruppGodkand":"Ja","RadGruppHaltMatt":"Nej","Godkand":"2020-06-15","Version":2.7,"ExpertBehorighet":"Kvalificerad","VentGruppUtanAnm":1,"InspUppvUndAvtalEgipres":"Nej","InspLuftUndAvtalEgipres":"Nej","AtgForslagEgiMinskad":10730,"AtgForslagKostnad":"0,40000000000000002"}}},{"type":"Feature","geometry":{"type":"Polygon","coordinates":[[[11.936125948786568,57.710223714539524],[11.936020109269897,57.71027747895412],[11.935631853291524,57.71005710012295],[11.93507544004491,57.70974201134444],[11.934544919410122,57.70943896212425],[11.934742889496764,57.70933368307035],[11.936075383527504,57.710090258677866],[11.935978903814087,57.71014196678757],[11.936125948786568,57.710223714539524]]]},"properties":{"id":"63de3345-78b8-4572-8831-f00e91d17548","objektidentitet":"a49f0881-1f22-42bd-95f9-98dc0e9c756f","versiongiltigfran":"2011-03-23T09:00:13.548Z","lagesosakerhetplan":0.06,"lagesosakerhethojd":null,"ursprunglig_organisation":"Lantm\u00e4teriet","objektversion":1.0,"objekttypnr":2062.0,"objekttyp":"Industri","insamlingslage":"Takkant","byggnadsnamn1":"None","byggnadsnamn2":"None","byggnadsnamn3":"None","husnummer":1.0,"huvudbyggnad":"Nej","andamal1":"Industri;Ospecificerad","andamal2":"None","andamal3":"None","andamal4":"None","andamal5":"None","FormularId":1086401,"fastighetsbeteckning":"LINDHOLMEN 1:22","energy_class":"F","energy_performance":172,"specific_energy":98,"building_category":"Lokalbyggnader","construction_year":1968,"epc_detail":{"IdAdr":"Polstj\u00e4rnegatan 4","IdPostort":"G\u00f6teborg","IdKommun":"G\u00f6teborg","EgenByggnadsKat":"Lokalbyggnader","EgenByggnadsTyp":"Friliggande","EgenNybyggAr":1968,"EgenAtemp":2167,"EgenAntalPlan":2,"EgenAntalKallarplan":0,"EgenAntalTrapphus":0,"EgenAntalBolgh":0,"EgenProjVentFlode":"0,34999999999999998","EgenInstEleffektStorre":"Ja","EgenSkyddadEllerVardefull":0,"EgiEnergiklass":"F","EgiEnergiPrestanda":172,"EgiSpecifikEnergianvandning":98,"EgiEnergianvandning":212602,"EgiPrimarenergianvandning":372789,"EgiForstaArManad":1901,"EgiSistaArManad":1912,"EgiBeraknatVarde":"Nej","VentTypFTX":"Ja","VentTypF":"Ja","VentTypFT":"Nej","VentTypSjalvdrag":"Nej","VentTypFmed":"Nej","VentGruppKrav":"Ja","EgiSumma2":188782,"EgiFastighet":24748,"EgiStationEI":"G\u00f6teborg","EgiRefvarde1":80,"EgiRefvarde2Max":177,"EgiVersion":2019,"VentGruppGodkand":"Nej","RadGruppHaltMatt":"Nej","Godkand":"2020-06-15","Version":2.7,"ExpertBehorighet":"Kvalificerad","InspUppvUndAvtalEgipres":"Nej","InspLuftUndAvtalEgipres":"Nej","AtgForslagEgiMinskad":46000,"AtgForslagKostnad":"0,27000000000000002"}}},{"type":"Feature","geometry":{"type":"Polygon","coordinates":[[[11.936125948786568,57.710223714539524],[11.936249102964712,57.7102972617314],[11.936149617924109,57.710349157845386],[11.936020109269897,57.71027747895412],[11.936125948786568,57.710223714539524]]]},"properties":{"id":"f0e91521-ad13-4d42-9db2-92c9afe031d7","objektidentitet":"a49f0881-1f22-42bd-95f9-98dc0e9c756f","versiongiltigfran":"2011-03-23T09:00:13.548Z","lagesosakerhetplan":0.06,"lagesosakerhethojd":2.5,"ursprunglig_organisation":"Lantm\u00e4teriet","objektversion":1.0,"objekttypnr":2062.0,"objekttyp":"Industri","insamlingslage":"Takkant","byggnadsnamn1":"None","byggnadsnamn2":"None","byggnadsnamn3":"None","husnummer":1.0,"huvudbyggnad":"Nej","andamal1":"Industri;Ospecificerad","andamal2":"None","andamal3":"None","andamal4":"None","andamal5":"None","FormularId":1086401,"fastighetsbeteckning":"LINDHOLMEN 1:22","energy_class":"F","energy_performance":172,"specific_energy":98,"building_category":"Lokalbyggnader","construction_year":1968,"epc_detail":{"IdAdr":"Polstj\u00e4rnegatan 4","IdPostort":"G\u00f6teborg","IdKommun":"G\u00f6teborg","EgenByggnadsKat":"Lokalbyggnader","EgenByggnadsTyp":"Friliggande","EgenNybyggAr":1968,"EgenAtemp":2167,"EgenAntalPlan":2,"EgenAntalKallarplan":0,"EgenAntalTrapphus":0,"EgenAntalBolgh":0,"EgenProjVentFlode":"0,34999999999999998","EgenInstEleffektStorre":"Ja","EgenSkyddadEllerVardefull":0,"EgiEnergiklass":"F","EgiEnergiPrestanda":172,"EgiSpecifikEnergianvandning":98,"EgiEnergianvandning":212602,"EgiPrimarenergianvandning":372789,"EgiForstaArManad":1901,"EgiSistaArManad":1912,"EgiBeraknatVarde":"Nej","VentTypFTX":"Ja","VentTypF":"Ja","VentTypFT":"Nej","VentTypSjalvdrag":"Nej","VentTypFmed":"Nej","VentGruppKrav":"Ja","EgiSumma2":188782,"EgiFastighet":24748,"EgiStationEI":"G\u00f6teborg","EgiRefvarde1":80,"EgiRefvarde2Max":177,"EgiVersion":2019,"VentGruppGodkand":"Nej","RadGruppHaltMatt":"Nej","Godkand":"2020-06-15","Version":2.7,"ExpertBehorighet":"Kvalificerad","InspUppvUndAvtalEgipres":"Nej","InspLuftUndAvtalEgipres":"Nej","AtgForslagEgiMinskad":46000,"AtgForslagKostnad":"0,27000000000000002"}}},{"type":"Feature","geometry":{"type":"Polygon","coordinates":[[[11.9332763799301,57.7067324726078],[11.933320345630454,57.706781417499855],[11.93320276542426,57.706811678871226],[11.933158800607641,57.70676272497007],[11.9332763799301,57.7067324726078]]]},"properties":{"id":"05f3dedb-9f67-41d8-b2ba-5e223e3e7c15","objektidentitet":"fa65411d-46d8-4dcb-b834-1de7a72a3f3e","versiongiltigfran":"2011-03-23T08:41:29.971Z","lagesosakerhetplan":0.06,"lagesosakerhethojd":null,"ursprunglig_organisation":"Lantm\u00e4teriet","objektversion":1.0,"objekttypnr":2066.0,"objekttyp":"Komplementbyggnad","insamlingslage":"Takkant","byggnadsnamn1":"None","byggnadsnamn2":"None","byggnadsnamn3":"None","husnummer":7.0,"huvudbyggnad":"Nej","andamal1":"Komplementbyggnad;","andamal2":"None","andamal3":"None","andamal4":"None","andamal5":"None","FormularId":null,"energy_class":null,"energy_performance":null,"specific_energy":null,"building_category":null,"construction_year":null,"epc_detail":{}}},{"type":"Feature","geometry":{"type":"Polygon","coordinates":[[[11.940902893179937,57.708934664581236],[11.940754278848052,57.7089098412716],[11.940827631099669,57.70878684406364],[11.940784995028785,57.70877949450449],[11.940996981764943,57.70842929018285],[11.941192067811786,57.708461950889216],[11.940980613457798,57.70881322896569],[11.940976091442064,57.708812292728325],[11.940902893179937,57.708934664581236]]]},"properties":{"id":"048df5ff-f6c4-41be-a7e0-850334b99448","objektidentitet":"1b59d272-ec6e-440a-b040-db70aaa131fc","versiongiltigfran":"2021-02-04T10:42:17.089Z","lagesosakerhetplan":0.05,"lagesosakerhethojd":null,"ursprunglig_organisation":"G\u00f6teborg","objektversion":5.0,"objekttypnr":2061.0,"objekttyp":"Bostad","insamlingslage":"Fasad","byggnadsnamn1":"None","byggnadsnamn2":"None","byggnadsnamn3":"None","husnummer":4.0,"huvudbyggnad":"Nej","andamal1":"Bostad;Flerfamiljshus","andamal2":"None","andamal3":"None","andamal4":"None","andamal5":"None","FormularId":1164083,"fastighetsbeteckning":"LINDHOLMEN 42:1","energy_class":"B","energy_performance":52,"specific_energy":56,"building_category":"Flerbostadshus","construction_year":2020,"epc_detail":{"IdAdr":"Lindholmshamnen 25","IdPostnr":41756,"IdPostort":"G\u00f6teborg","IdKommun":"G\u00f6teborg","EgenByggnadsKat":"Flerbostadshus","EgenByggnadsTyp":"Friliggande","EgenNybyggAr":2020,"EgenAtemp":4440,"EgenAntalPlan":6,"EgenAntalKallarplan":1,"EgenAntalTrapphus":2,"EgenAntalBolgh":34,"EgenProjVentFlode":"0,34999999999999998","EgenInstEleffektStorre":"Nej","EgenSkyddadEllerVardefull":0,"EgiEnergiklass":"B","EgiEnergiPrestanda":52,"EgiSpecifikEnergianvandning":56,"EgiEnergianvandning":250403,"EgiPrimarenergianvandning":230493,"EgiPrimarenergital2020":52,"EgiForstaArManad":2001,"EgiSistaArManad":2012,"EgiBeraknatVarde":"Nej","EgiSolcell":60,"VentTypFTX":"Ja","VentTypF":"Nej","VentTypFT":"Nej","VentTypSjalvdrag":"Nej","VentTypFmed":"Nej","VentGruppKrav":"Ja","EgiSumma2":234255,"EgiBerElProduktion":12,"EgiFastighet":43412,"EgiStationEI":"G\u00f6teborg","EgiRefvarde1":75,"EgiRefvarde2Max":86,"EgiVersion":2021,"VentGruppGodkand":"Ja","RadGruppHaltMatt":"Nej","Godkand":"2021-02-11","Version":2.8,"ExpertBehorighet":"Kvalificerad","VentGruppUtanAnm":1,"InspUppvUndAvtalEgipres":"Nej","InspLuftUndAvtalEgipres":"Nej"}}},{"type":"Feature","geometry":{"type":"Polygon","coordinates":[[[11.941662318749433,57.71087010515184],[11.9415504301814,57.710926774789804],[11.940671613127364,57.710740992553156],[11.94126300482,57.71044182790502],[11.941567302731642,57.710613619531344],[11.941477191779482,57.710658789670255],[11.941572209735638,57.71071307315363],[11.941473821242147,57.71076240234736],[11.941662318749433,57.71087010515184]]]},"properties":{"id":"81234254-6396-4c14-b136-02015542305a","objektidentitet":"0d8d228b-453f-4749-a3fa-b009e60dbe01","versiongiltigfran":"2022-04-28T13:50:38.963Z","lagesosakerhetplan":0.1,"lagesosakerhethojd":null,"ursprunglig_organisation":"G\u00f6teborg","objektversion":2.0,"objekttypnr":2062.0,"objekttyp":"Industri","insamlingslage":"Takkant","byggnadsnamn1":"None","byggnadsnamn2":"None","byggnadsnamn3":"None","husnummer":3.0,"huvudbyggnad":"Nej","andamal1":"Industri;Ospecificerad","andamal2":"None","andamal3":"None","andamal4":"None","andamal5":"None","FormularId":1230772,"fastighetsbeteckning":"LUNDBYVASSEN 3:1","energy_class":"C","energy_performance":81,"specific_energy":98,"building_category":"Lokalbyggnader","construction_year":1949,"epc_detail":{"IdAdr":"Regnb\u00e5gsgatan 1A","IdPostnr":41755,"IdPostort":"G\u00f6teborg","IdKommun":"G\u00f6teborg","EgenByggnadsKat":"Lokalbyggnader","EgenByggnadsTyp":"Friliggande","EgenNybyggAr":1949,"EgenAtemp":10803,"EgenAntalPlan":6,"EgenAntalKallarplan":1,"EgenAntalTrapphus":3,"EgenAntalBolgh":0,"EgenProjVentFlode":"0,82999999999999996","EgenInstEleffektStorre":"Nej","EgenSkyddadEllerVardefull":0,"EgiEnergiklass":"C","EgiEnergiPrestanda":81,"EgiSpecifikEnergianvandning":98,"EgiEnergianvandning":1063684,"EgiPrimarenergianvandning":876567,"EgiPrimarenergital2020":81,"EgiForstaArManad":2001,"EgiSistaArManad":2012,"EgiBeraknatVarde":"Nej","VentTypFTX":"Ja","VentTypF":"Nej","VentTypFT":"Nej","VentTypSjalvdrag":"Nej","VentTypFmed":"Nej","VentGruppKrav":"Ja","EgiSumma2":939208,"EgiFjarrkyla":215570,"EgiFastighet":87321,"EgiStationEI":"G\u00f6teborg","EgiRefvarde1":89,"EgiRefvarde2Max":155,"EgiVersion":2021,"VentGruppGodkand":"Ja","RadGruppHaltMatt":"Nej","Godkand":"2021-12-07","Version":2.8,"ExpertBehorighet":"Kvalificerad","VentGruppUtanAnm":0,"InspUppvGruppInspSkyldighet":"Ja","InspUppvUndAvtalEgipres":"Nej","InspLuftGruppInspSkyldighet":"Ja","InspLuftUndAvtalEgipres":"Nej"}}},{"type":"Feature","geometry":{"type":"Polygon","coordinates":[[[11.941569640438239,57.70805215040702],[11.94125274211487,57.708377924348454],[11.941076131299916,57.70832870521998],[11.941393030750412,57.708002931729894],[11.941569640438239,57.70805215040702]]]},"properties":{"id":"53fdb273-b4ac-4e9c-a4a1-587e4dfb98d6","objektidentitet":"4880e073-e20d-4a1c-9a33-4f55c85ddb1f","versiongiltigfran":"2021-02-04T10:42:14.565Z","lagesosakerhetplan":0.05,"lagesosakerhethojd":null,"ursprunglig_organisation":"G\u00f6teborg","objektversion":4.0,"objekttypnr":2061.0,"objekttyp":"Bostad","insamlingslage":"Fasad","byggnadsnamn1":"None","byggnadsnamn2":"None","byggnadsnamn3":"None","husnummer":2.0,"huvudbyggnad":"Nej","andamal1":"Bostad;Flerfamiljshus","andamal2":"None","andamal3":"None","andamal4":"None","andamal5":"None","FormularId":863024,"fastighetsbeteckning":"LINDHOLMEN 41:1","energy_class":"B","energy_performance":54,"specific_energy":54,"building_category":"Flerbostadshus","construction_year":2018,"epc_detail":{"IdAdr":"Lindholmshamnen 42","IdPostnr":41756,"IdPostort":"G\u00f6teborg","IdKommun":"G\u00f6teborg","EgenByggnadsKat":"Flerbostadshus","EgenByggnadsTyp":"Friliggande","EgenNybyggAr":2018,"EgenAtemp":6034,"EgenAntalPlan":6,"EgenAntalKallarplan":1,"EgenAntalTrapphus":5,"EgenAntalBolgh":67,"EgenProjVentFlode":"0,34999999999999998","EgenInstEleffektStorre":"Nej","EgiEnergiklass":"B","EgiEnergiPrestanda":54,"EgiSpecifikEnergianvandning":54,"EgiVaravEl":21,"EgiForstaArManad":1701,"EgiSistaArManad":1712,"EgiBeraknatVarde":"Nej","EgiFjarrvarme":191900,"EgiSolcell":20,"VentTypFTX":"Ja","VentTypF":"Nej","VentTypFT":"Nej","VentTypSjalvdrag":"Nej","VentTypFmed":"Nej","VentGruppKrav":"Ja","EgiSumma1":191900,"EgiSumma2":327520,"EgiSumma3":318400,"EgiSumma4":126500,"EgiVVBered":94900,"EgiBerElProduktion":11,"EgiFastighet":126500,"EgiVerksamhet":20000,"EgiKomfortTillagg":0,"EgiStationEI":"G\u00f6teborg","EgiNormKorrEI":326570,"EgiRefvarde1":75,"EgiRefvarde2Min":102,"EgiRefvarde2Max":125,"EgiVersion":2015,"VentGruppGodkand":"Ja","RadGruppHaltMatt":"Nej","Godkand":"2018-08-08","Version":2.4,"ExpertBehorighet":"Normal"}}},{"type":"Feature","geometry":{"type":"Polygon","coordinates":[[[11.941810773939045,57.709502480885405],[11.942219749323442,57.709002551270224],[11.942440747208558,57.709054351491744],[11.942031774239625,57.7095542818415],[11.941810773939045,57.709502480885405]]]},"properties":{"id":"7e07c492-d091-48ea-aad3-a6396f675320","objektidentitet":"b76c2012-4990-4f41-ae10-ba277d7bb020","versiongiltigfran":"2023-05-03T14:54:50.026Z","lagesosakerhetplan":null,"lagesosakerhethojd":null,"ursprunglig_organisation":"G\u00f6teborg","objektversion":5.0,"objekttypnr":2061.0,"objekttyp":"Bostad","insamlingslage":"Illustrativt l\u00e4ge","byggnadsnamn1":"None","byggnadsnamn2":"None","byggnadsnamn3":"None","husnummer":1.0,"huvudbyggnad":"Nej","andamal1":"Bostad;Flerfamiljshus","andamal2":"Verksamhet;","andamal3":"None","andamal4":"None","andamal5":"None","FormularId":1477897,"fastighetsbeteckning":"LINDHOLMEN 43:2","energy_class":"B","energy_performance":54,"specific_energy":58,"building_category":"Flerbostadshus","construction_year":2024,"epc_detail":{"IdAdr":"G\u00f6taverksgatan 9","IdPostnr":41756,"IdPostort":"G\u00f6teborg","IdKommun":"G\u00f6teborg","EgenByggnadsKat":"Flerbostadshus","EgenByggnadsTyp":"Gavel","EgenNybyggAr":2024,"EgenAtemp":5003,"EgenAntalPlan":7,"EgenAntalKallarplan":1,"EgenAntalTrapphus":3,"EgenAntalBolgh":67,"EgenProjVentFlode":"0,53000000000000003","EgenInstEleffektStorre":"Nej","EgenSkyddadEllerVardefull":0,"EgiEnergiklass":"B","EgiEnergiPrestanda":54,"EgiSpecifikEnergianvandning":58,"EgiEnergianvandning":289400,"EgiPrimarenergianvandning":268567,"EgiPrimarenergital2020":54,"EgiBeraknatVarde":"Ja","EgiSolcell":62,"VentTypFTX":"Ja","VentTypF":"Nej","VentTypFT":"Nej","VentTypSjalvdrag":"Nej","VentTypFmed":"Nej","VentGruppKrav":"Ja","EgiSumma2":289400,"EgiBerElProduktion":11300,"EgiFastighet":51100,"EgiRefvarde1":75,"EgiRefvarde2Max":78,"EgiVersion":2023,"VentGruppGodkand":"Ja","RadGruppHaltMatt":"Nej","Godkand":"2024-06-12","Version":3.0,"ExpertBehorighet":"Kvalificerad","VentGruppUtanAnm":1,"InspUppvGruppInspSkyldighet":"Nej","InspUppvUndAvtalEgipres":"Nej","InspLuftUndAvtalEgipres":"Nej"}}},{"type":"Feature","geometry":{"type":"Polygon","coordinates":[[[11.942039902031745,57.7084992551956],[11.942315588009759,57.7085852915294],[11.942235374973516,57.708658510127954],[11.942006655413362,57.70861248187654],[11.942039902031745,57.7084992551956]]]},"properties":{"id":"c3636a12-49f7-4f6a-a2f6-6e5a87b1d21f","objektidentitet":"9550926e-83f0-4949-be73-e2a396022973","versiongiltigfran":"2022-02-11T12:36:37.996Z","lagesosakerhetplan":0.1,"lagesosakerhethojd":null,"ursprunglig_organisation":"G\u00f6teborg","objektversion":5.0,"objekttypnr":2061.0,"objekttyp":"Bostad","insamlingslage":"Takkant","byggnadsnamn1":"None","byggnadsnamn2":"None","byggnadsnamn3":"None","husnummer":4.0,"huvudbyggnad":"Nej","andamal1":"Bostad;Flerfamiljshus","andamal2":"None","andamal3":"None","andamal4":"None","andamal5":"None","FormularId":1149277,"fastighetsbeteckning":"LINDHOLMEN 44:1","energy_class":"C","energy_performance":65,"specific_energy":64,"building_category":"Flerbostadshus","construction_year":2021,"epc_detail":{"IdAdr":"Lindholmshamnen 8","IdPostnr":41756,"IdPostort":"G\u00f6teborg","IdKommun":"G\u00f6teborg","EgenByggnadsKat":"Flerbostadshus","EgenByggnadsTyp":"Friliggande","EgenNybyggAr":2021,"EgenAtemp":11244,"EgenAntalPlan":7,"EgenAntalKallarplan":1,"EgenAntalTrapphus":7,"EgenAntalBolgh":122,"EgenProjVentFlode":"0,5","EgenInstEleffektStorre":"Nej","EgenSkyddadEllerVardefull":0,"EgiEnergiklass":"C","EgiEnergiPrestanda":65,"EgiSpecifikEnergianvandning":64,"EgiEnergianvandning":723800,"EgiPrimarenergianvandning":725297,"EgiPrimarenergital2020":65,"EgiBeraknatVarde":"Ja","EgiSolcell":102,"VentTypFTX":"Ja","VentTypF":"Nej","VentTypFT":"Nej","VentTypSjalvdrag":"Nej","VentTypFmed":"Nej","VentGruppKrav":"Ja","EgiSumma2":723800,"EgiBerElProduktion":16300,"EgiFastighet":180200,"EgiRefvarde1":75,"EgiRefvarde2Max":86,"EgiVersion":2021,"VentGruppGodkand":"Ja","RadGruppHaltMatt":"Nej","Godkand":"2021-04-01","Version":2.8,"ExpertBehorighet":"Kvalificerad","VentGruppUtanAnm":1,"InspUppvGruppInspSkyldighet":"Nej","InspUppvUndAvtalEgipres":"Nej","InspLuftUndAvtalEgipres":"Nej"}}},{"type":"Feature","geometry":{"type":"Polygon","coordinates":[[[11.942568138350207,57.708575351878615],[11.942743808538339,57.70835765755243],[11.942433672533294,57.708283094042415],[11.942254254608951,57.70846338833283],[11.94208783262545,57.708415189877414],[11.942380302947562,57.70812331934661],[11.942543551429255,57.70817269904949],[11.942526765426868,57.708189550251966],[11.942822567481224,57.708258059792676],[11.942840717796303,57.70823757443334],[11.94301082974814,57.70827925490961],[11.942739006460178,57.70861445345387],[11.942568138350207,57.708575351878615]]]},"properties":{"id":"8629b675-bc03-4675-8312-fa4350fdd376","objektidentitet":"44791d5d-27de-42bc-abf0-0ec90da25156","versiongiltigfran":"2021-02-04T10:42:15.083Z","lagesosakerhetplan":0.05,"lagesosakerhethojd":null,"ursprunglig_organisation":"G\u00f6teborg","objektversion":4.0,"objekttypnr":2061.0,"objekttyp":"Bostad","insamlingslage":"Fasad","byggnadsnamn1":"None","byggnadsnamn2":"None","byggnadsnamn3":"None","husnummer":1.0,"huvudbyggnad":"Nej","andamal1":"Bostad;Flerfamiljshus","andamal2":"None","andamal3":"None","andamal4":"None","andamal5":"None","FormularId":1149277,"fastighetsbeteckning":"LINDHOLMEN 44:1","energy_class":"C","energy_performance":65,"specific_energy":64,"building_category":"Flerbostadshus","construction_year":2021,"epc_detail":{"IdAdr":"Lindholmshamnen 8","IdPostnr":41756,"IdPostort":"G\u00f6teborg","IdKommun":"G\u00f6teborg","EgenByggnadsKat":"Flerbostadshus","EgenByggnadsTyp":"Friliggande","EgenNybyggAr":2021,"EgenAtemp":11244,"EgenAntalPlan":7,"EgenAntalKallarplan":1,"EgenAntalTrapphus":7,"EgenAntalBolgh":122,"EgenProjVentFlode":"0,5","EgenInstEleffektStorre":"Nej","EgenSkyddadEllerVardefull":0,"EgiEnergiklass":"C","EgiEnergiPrestanda":65,"EgiSpecifikEnergianvandning":64,"EgiEnergianvandning":723800,"EgiPrimarenergianvandning":725297,"EgiPrimarenergital2020":65,"EgiBeraknatVarde":"Ja","EgiSolcell":102,"VentTypFTX":"Ja","VentTypF":"Nej","VentTypFT":"Nej","VentTypSjalvdrag":"Nej","VentTypFmed":"Nej","VentGruppKrav":"Ja","EgiSumma2":723800,"EgiBerElProduktion":16300,"EgiFastighet":180200,"EgiRefvarde1":75,"EgiRefvarde2Max":86,"EgiVersion":2021,"VentGruppGodkand":"Ja","RadGruppHaltMatt":"Nej","Godkand":"2021-04-01","Version":2.8,"ExpertBehorighet":"Kvalificerad","VentGruppUtanAnm":1,"InspUppvGruppInspSkyldighet":"Nej","InspUppvUndAvtalEgipres":"Nej","InspLuftUndAvtalEgipres":"Nej"}}},{"type":"Feature","geometry":{"type":"Polygon","coordinates":[[[11.94371995641209,57.70810273402992],[11.944142067593905,57.70770619898365],[11.944450031289739,57.70780013782523],[11.944028006858328,57.70819666697013],[11.94371995641209,57.70810273402992]]]},"properties":{"id":"11165a33-fabe-4d8f-b875-c2c0aabfcefe","objektidentitet":"af77304b-7295-41d4-a7b9-bb6cd1d13141","versiongiltigfran":"2017-12-04T14:39:23.410Z","lagesosakerhetplan":0.1,"lagesosakerhethojd":null,"ursprunglig_organisation":"G\u00f6teborg","objektversion":4.0,"objekttypnr":2061.0,"objekttyp":"Bostad","insamlingslage":"Takkant","byggnadsnamn1":"None","byggnadsnamn2":"None","byggnadsnamn3":"None","husnummer":1.0,"huvudbyggnad":"Nej","andamal1":"Bostad;Flerfamiljshus","andamal2":"None","andamal3":"None","andamal4":"None","andamal5":"None","FormularId":1340387,"fastighetsbeteckning":"LUNDBYVASSEN 4:15","energy_class":"D","energy_performance":84,"specific_energy":90,"building_category":"Flerbostadshus","construction_year":2018,"epc_detail":{"IdAdr":"Theres Svenssons Gata 4","IdPostnr":41755,"IdPostort":"G\u00f6teborg","IdKommun":"G\u00f6teborg","EgenByggnadsKat":"Flerbostadshus","EgenByggnadsTyp":"Friliggande","EgenNybyggAr":2018,"EgenAtemp":4976,"EgenAntalPlan":4,"EgenAntalKallarplan":1,"EgenAntalTrapphus":2,"EgenAntalBolgh":86,"EgenInstEleffektStorre":"Nej","EgenSkyddadEllerVardefull":0,"EgiEnergiklass":"D","EgiEnergiPrestanda":84,"EgiSpecifikEnergianvandning":90,"EgiEnergianvandning":448870,"EgiPrimarenergianvandning":415723,"EgiPrimarenergital2020":84,"EgiForstaArManad":2101,"EgiSistaArManad":2112,"EgiBeraknatVarde":"Nej","VentTypFTX":"Ja","VentTypF":"Nej","VentTypFT":"Nej","VentTypSjalvdrag":"Nej","VentTypFmed":"Nej","VentGruppKrav":"Ja","EgiSumma2":451189,"EgiFastighet":74620,"EgiStationEI":"G\u00f6teborg","EgiRefvarde1":75,"EgiRefvarde2Max":78,"EgiVersion":2022,"VentGruppGodkand":"Ja","RadGruppHaltMatt":"Ja","RadHalt":20,"RadTypMatning":"L\u00e5ngtidsm\u00e4tning enligt SSI","RadMatDatum":"2019-02-22","Godkand":"2022-11-25","Version":2.8,"ExpertBehorighet":"Kvalificerad","VentGruppUtanAnm":1,"InspUppvGruppInspSkyldighet":"Nej","InspUppvUndAvtalEgipres":"Nej","InspLuftUndAvtalEgipres":"Nej","AtgForslagEgiMinskad":500,"AtgForslagKostnad":"0"}}},{"type":"Feature","geometry":{"type":"Polygon","coordinates":[[[11.943852445673304,57.71084208506675],[11.944079441280941,57.71072811841483],[11.944848937813688,57.71116724965476],[11.944623614056598,57.71128030534037],[11.944312362635165,57.71110271797863],[11.944251003921911,57.71113354766184],[11.944043227318986,57.71101499308465],[11.944102935025546,57.71098502241815],[11.943852445673304,57.71084208506675]]]},"properties":{"id":"7f44878d-60ee-4d33-9d2d-cab14dd30ab3","objektidentitet":"8f68befb-6beb-4b1b-82f0-de760639e7a9","versiongiltigfran":"2011-03-23T08:39:06.594Z","lagesosakerhetplan":0.06,"lagesosakerhethojd":2.5,"ursprunglig_organisation":"Lantm\u00e4teriet","objektversion":1.0,"objekttypnr":2064.0,"objekttyp":"Verksamhet","insamlingslage":"Takkant","byggnadsnamn1":"None","byggnadsnamn2":"None","byggnadsnamn3":"None","husnummer":1.0,"huvudbyggnad":"Nej","andamal1":"Verksamhet;","andamal2":"None","andamal3":"None","andamal4":"None","andamal5":"None","FormularId":1384731,"fastighetsbeteckning":"LUNDBYVASSEN 4:7","energy_class":"C","energy_performance":55,"specific_energy":40,"building_category":"Lokalbyggnader","construction_year":1988,"epc_detail":{"IdAdr":"Regnb\u00e5gsgatan 6","IdPostnr":41755,"IdPostort":"G\u00f6teborg","IdKommun":"G\u00f6teborg","EgenByggnadsKat":"Lokalbyggnader","EgenByggnadsTyp":"Friliggande","EgenNybyggAr":1988,"EgenAtemp":20255,"EgenAntalPlan":8,"EgenAntalKallarplan":1,"EgenAntalTrapphus":6,"EgenProjVentFlode":"0,34999999999999998","EgenInstEleffektStorre":"Nej","EgenSkyddadEllerVardefull":0,"EgiEnergiklass":"C","EgiEnergiPrestanda":55,"EgiSpecifikEnergianvandning":40,"EgiEnergianvandning":804391,"EgiPrimarenergianvandning":1109431,"EgiPrimarenergital2020":55,"EgiForstaArManad":2201,"EgiSistaArManad":2212,"EgiBeraknatVarde":"Nej","VentTypFTX":"Ja","VentTypF":"Nej","VentTypFT":"Nej","VentTypSjalvdrag":"Nej","VentTypFmed":"Nej","VentGruppKrav":"Ja","EgiSumma2":772780,"EgiFjarrkyla":8091,"EgiFastighet":334121,"EgiStationEI":"G\u00f6teborg","EgiRefvarde1":70,"EgiRefvarde2Max":150,"EgiVersion":2022,"VentGruppGodkand":"Ja","RadGruppHaltMatt":"Nej","Godkand":"2023-06-12","Version":2.8,"ExpertBehorighet":"Kvalificerad","VentGruppUtanAnm":1,"InspUppvGruppInspSkyldighet":"Ja","InspUppvUndAvtalEgipres":"Nej","InspLuftGruppInspSkyldighet":"Ja","InspLuftUndAvtalEgipres":"Nej","AtgForslagEgiMinskad":18000,"AtgForslagKostnad":"0,20000000000000001"}}},{"type":"Feature","geometry":{"type":"Polygon","coordinates":[[[11.944342129320818,57.70756071685384],[11.944424766622332,57.70758593775511],[11.944377668889333,57.707630126441515],[11.9442951115279,57.70760495238129],[11.944342129320818,57.70756071685384]]]},"properties":{"id":"a92d22c0-7794-489d-a089-ad0ad6e25625","objektidentitet":"ffe06a66-2c2a-4a7b-baaa-7af6080b4e2b","versiongiltigfran":"2016-11-07T14:45:31.400Z","lagesosakerhetplan":0.025,"lagesosakerhethojd":2.5,"ursprunglig_organisation":"G\u00f6teborg","objektversion":3.0,"objekttypnr":2066.0,"objekttyp":"Komplementbyggnad","insamlingslage":"Takkant","byggnadsnamn1":"None","byggnadsnamn2":"None","byggnadsnamn3":"None","husnummer":1.0,"huvudbyggnad":"Nej","andamal1":"Komplementbyggnad;","andamal2":"None","andamal3":"None","andamal4":"None","andamal5":"None","FormularId":null,"energy_class":null,"energy_performance":null,"specific_energy":null,"building_category":null,"construction_year":null,"epc_detail":{}}},{"type":"Feature","geometry":{"type":"Polygon","coordinates":[[[11.944075097360567,57.71103315460446],[11.94421871536509,57.71111516935743],[11.944184124826053,57.7111282741785],[11.944138841282074,57.711132366438456],[11.944103610915798,57.71112796522117],[11.944086569187782,57.71112234955532],[11.94406312986914,57.71111115062764],[11.944043374213205,57.71109450409405],[11.944037429822092,57.711076177870375],[11.944048327831473,57.71105129281265],[11.944075097360567,57.71103315460446]]]},"properties":{"id":"53876c1d-c29e-4bfe-8da2-d650568153c2","objektidentitet":"8f68befb-6beb-4b1b-82f0-de760639e7a9","versiongiltigfran":"2011-03-23T08:39:06.594Z","lagesosakerhetplan":0.06,"lagesosakerhethojd":null,"ursprunglig_organisation":"Lantm\u00e4teriet","objektversion":1.0,"objekttypnr":2064.0,"objekttyp":"Verksamhet","insamlingslage":"Takkant","byggnadsnamn1":"None","byggnadsnamn2":"None","byggnadsnamn3":"None","husnummer":1.0,"huvudbyggnad":"Nej","andamal1":"Verksamhet;","andamal2":"None","andamal3":"None","andamal4":"None","andamal5":"None","FormularId":1384731,"fastighetsbeteckning":"LUNDBYVASSEN 4:7","energy_class":"C","energy_performance":55,"specific_energy":40,"building_category":"Lokalbyggnader","construction_year":1988,"epc_detail":{"IdAdr":"Regnb\u00e5gsgatan 6","IdPostnr":41755,"IdPostort":"G\u00f6teborg","IdKommun":"G\u00f6teborg","EgenByggnadsKat":"Lokalbyggnader","EgenByggnadsTyp":"Friliggande","EgenNybyggAr":1988,"EgenAtemp":20255,"EgenAntalPlan":8,"EgenAntalKallarplan":1,"EgenAntalTrapphus":6,"EgenProjVentFlode":"0,34999999999999998","EgenInstEleffektStorre":"Nej","EgenSkyddadEllerVardefull":0,"EgiEnergiklass":"C","EgiEnergiPrestanda":55,"EgiSpecifikEnergianvandning":40,"EgiEnergianvandning":804391,"EgiPrimarenergianvandning":1109431,"EgiPrimarenergital2020":55,"EgiForstaArManad":2201,"EgiSistaArManad":2212,"EgiBeraknatVarde":"Nej","VentTypFTX":"Ja","VentTypF":"Nej","VentTypFT":"Nej","VentTypSjalvdrag":"Nej","VentTypFmed":"Nej","VentGruppKrav":"Ja","EgiSumma2":772780,"EgiFjarrkyla":8091,"EgiFastighet":334121,"EgiStationEI":"G\u00f6teborg","EgiRefvarde1":70,"EgiRefvarde2Max":150,"EgiVersion":2022,"VentGruppGodkand":"Ja","RadGruppHaltMatt":"Nej","Godkand":"2023-06-12","Version":2.8,"ExpertBehorighet":"Kvalificerad","VentGruppUtanAnm":1,"InspUppvGruppInspSkyldighet":"Ja","InspUppvUndAvtalEgipres":"Nej","InspLuftGruppInspSkyldighet":"Ja","InspLuftUndAvtalEgipres":"Nej","AtgForslagEgiMinskad":18000,"AtgForslagKostnad":"0,20000000000000001"}}},{"type":"Feature","geometry":{"type":"Polygon","coordinates":[[[11.944404494774028,57.71091364358517],[11.944512085704552,57.710864471501665],[11.94451659647671,57.710853992633204],[11.944524605873989,57.7108470316604],[11.94453439558797,57.71084146187756],[11.94454256056459,57.7108360416014],[11.944553397226702,57.71083219582583],[11.94462691960829,57.71087399482463],[11.944568531809534,57.71089767907529],[11.944556581993886,57.71089500866518],[11.944452529007219,57.7109410575355],[11.944404494774028,57.71091364358517]]]},"properties":{"id":"ee627a0f-eb7c-49fd-9f6b-f7e1ab1e8ee7","objektidentitet":"8f68befb-6beb-4b1b-82f0-de760639e7a9","versiongiltigfran":"2011-03-23T08:39:06.594Z","lagesosakerhetplan":0.06,"lagesosakerhethojd":2.5,"ursprunglig_organisation":"Lantm\u00e4teriet","objektversion":1.0,"objekttypnr":2064.0,"objekttyp":"Verksamhet","insamlingslage":"Takkant","byggnadsnamn1":"None","byggnadsnamn2":"None","byggnadsnamn3":"None","husnummer":1.0,"huvudbyggnad":"Nej","andamal1":"Verksamhet;","andamal2":"None","andamal3":"None","andamal4":"None","andamal5":"None","FormularId":1384731,"fastighetsbeteckning":"LUNDBYVASSEN 4:7","energy_class":"C","energy_performance":55,"specific_energy":40,"building_category":"Lokalbyggnader","construction_year":1988,"epc_detail":{"IdAdr":"Regnb\u00e5gsgatan 6","IdPostnr":41755,"IdPostort":"G\u00f6teborg","IdKommun":"G\u00f6teborg","EgenByggnadsKat":"Lokalbyggnader","EgenByggnadsTyp":"Friliggande","EgenNybyggAr":1988,"EgenAtemp":20255,"EgenAntalPlan":8,"EgenAntalKallarplan":1,"EgenAntalTrapphus":6,"EgenProjVentFlode":"0,34999999999999998","EgenInstEleffektStorre":"Nej","EgenSkyddadEllerVardefull":0,"EgiEnergiklass":"C","EgiEnergiPrestanda":55,"EgiSpecifikEnergianvandning":40,"EgiEnergianvandning":804391,"EgiPrimarenergianvandning":1109431,"EgiPrimarenergital2020":55,"EgiForstaArManad":2201,"EgiSistaArManad":2212,"EgiBeraknatVarde":"Nej","VentTypFTX":"Ja","VentTypF":"Nej","VentTypFT":"Nej","VentTypSjalvdrag":"Nej","VentTypFmed":"Nej","VentGruppKrav":"Ja","EgiSumma2":772780,"EgiFjarrkyla":8091,"EgiFastighet":334121,"EgiStationEI":"G\u00f6teborg","EgiRefvarde1":70,"EgiRefvarde2Max":150,"EgiVersion":2022,"VentGruppGodkand":"Ja","RadGruppHaltMatt":"Nej","Godkand":"2023-06-12","Version":2.8,"ExpertBehorighet":"Kvalificerad","VentGruppUtanAnm":1,"InspUppvGruppInspSkyldighet":"Ja","InspUppvUndAvtalEgipres":"Nej","InspLuftGruppInspSkyldighet":"Ja","InspLuftUndAvtalEgipres":"Nej","AtgForslagEgiMinskad":18000,"AtgForslagKostnad":"0,20000000000000001"}}},{"type":"Feature","geometry":{"type":"Polygon","coordinates":[[[11.94457603997744,57.71129343825073],[11.944499710900855,57.71133292142497],[11.944454033561913,57.71130762266686],[11.944530362633124,57.71126813952],[11.94457603997744,57.71129343825073]]]},"properties":{"id":"41dd3e30-debd-4a97-b50c-84632edc5d59","objektidentitet":"498735f8-2f1a-4ee5-b678-4e2f99bde311","versiongiltigfran":"2011-03-23T09:05:36.455Z","lagesosakerhetplan":0.06,"lagesosakerhethojd":null,"ursprunglig_organisation":"Lantm\u00e4teriet","objektversion":1.0,"objekttypnr":2066.0,"objekttyp":"Komplementbyggnad","insamlingslage":"Takkant","byggnadsnamn1":"None","byggnadsnamn2":"None","byggnadsnamn3":"None","husnummer":2.0,"huvudbyggnad":"Nej","andamal1":"Komplementbyggnad;","andamal2":"None","andamal3":"None","andamal4":"None","andamal5":"None","FormularId":null,"energy_class":null,"energy_performance":null,"specific_energy":null,"building_category":null,"construction_year":null,"epc_detail":{}}},{"type":"Feature","geometry":{"type":"Polygon","coordinates":[[[11.945585354190195,57.70836751484008],[11.945523946767953,57.70842369890899],[11.94535906986097,57.70837206378702],[11.945420494203649,57.708315880203955],[11.945585354190195,57.70836751484008]]]},"properties":{"id":"063379e6-3e0d-4d48-8ae8-c57dd462557f","objektidentitet":"42a025f2-bdfc-48dc-9c3b-ecf9ee9e6207","versiongiltigfran":"2018-01-04T14:20:43.167Z","lagesosakerhetplan":0.1,"lagesosakerhethojd":null,"ursprunglig_organisation":"G\u00f6teborg","objektversion":1.0,"objekttypnr":2067.0,"objekttyp":"\u00d6vrig byggnad","insamlingslage":"Takkant","byggnadsnamn1":"None","byggnadsnamn2":"None","byggnadsnamn3":"None","husnummer":72.0,"huvudbyggnad":"Nej","andamal1":"\u00d6vrig byggnad;","andamal2":"None","andamal3":"None","andamal4":"None","andamal5":"None","FormularId":null,"energy_class":null,"energy_performance":null,"specific_energy":null,"building_category":null,"construction_year":null,"epc_detail":{}}},{"type":"Feature","geometry":{"type":"Polygon","coordinates":[[[11.945562646415173,57.711039740884154],[11.9456121511543,57.71101405311693],[11.945681278951419,57.711052222104456],[11.945631774963301,57.71107790092886],[11.945562646415173,57.711039740884154]]]},"properties":{"id":"45ad7271-1e21-444e-8056-f8a823d4ff5e","objektidentitet":"1cd9f29f-dd8c-4437-b8e3-e9fe60dbabf9","versiongiltigfran":"2019-08-22T12:32:18.044Z","lagesosakerhetplan":null,"lagesosakerhethojd":null,"ursprunglig_organisation":"G\u00f6teborg","objektversion":3.0,"objekttypnr":2066.0,"objekttyp":"Komplementbyggnad","insamlingslage":"Illustrativt l\u00e4ge","byggnadsnamn1":"None","byggnadsnamn2":"None","byggnadsnamn3":"None","husnummer":11.0,"huvudbyggnad":"Nej","andamal1":"Komplementbyggnad;","andamal2":"None","andamal3":"None","andamal4":"None","andamal5":"None","FormularId":null,"energy_class":null,"energy_performance":null,"specific_energy":null,"building_category":null,"construction_year":null,"epc_detail":{}}},{"type":"Feature","geometry":{"type":"Polygon","coordinates":[[[11.945972811062141,57.71089993063153],[11.9461894035601,57.710790967101524],[11.946334900995755,57.71071738945108],[11.946630106692151,57.710811239252045],[11.946386057910438,57.71103122505826],[11.945972811062141,57.71089993063153]]]},"properties":{"id":"d51b4224-2b79-42d0-bb00-589e3a13baa3","objektidentitet":"909638fd-caab-46bf-94ee-14e95f15db6c","versiongiltigfran":"2021-02-04T10:42:19.230Z","lagesosakerhetplan":0.05,"lagesosakerhethojd":null,"ursprunglig_organisation":"G\u00f6teborg","objektversion":3.0,"objekttypnr":2064.0,"objekttyp":"Verksamhet","insamlingslage":"Fasad","byggnadsnamn1":"None","byggnadsnamn2":"None","byggnadsnamn3":"None","husnummer":1.0,"huvudbyggnad":"Nej","andamal1":"Verksamhet;","andamal2":"None","andamal3":"None","andamal4":"None","andamal5":"None","FormularId":1457854,"fastighetsbeteckning":"LUNDBYVASSEN 4:22","energy_class":"B","energy_performance":45,"specific_energy":46,"building_category":"Lokalbyggnader","construction_year":2022,"epc_detail":{"IdAdr":"Planetgatan 6","IdPostnr":41755,"IdPostort":"G\u00f6teborg","IdKommun":"G\u00f6teborg","EgenByggnadsKat":"Lokalbyggnader","EgenByggnadsTyp":"Friliggande","EgenNybyggAr":2022,"EgenAtemp":3212,"EgenAntalKallarplan":0,"EgenProjVentFlode":"0,47999999999999998","EgenInstEleffektStorre":"Nej","EgenSkyddadEllerVardefull":0,"EgiEnergiklass":"B","EgiEnergiPrestanda":45,"EgiSpecifikEnergianvandning":46,"EgiEnergianvandning":148466,"EgiPrimarenergianvandning":144873,"EgiPrimarenergital2020":45,"EgiForstaArManad":2301,"EgiSistaArManad":2312,"EgiBeraknatVarde":"Nej","VentTypFTX":"Ja","VentTypF":"Nej","VentTypFT":"Nej","VentTypSjalvdrag":"Nej","VentTypFmed":"Nej","VentGruppKrav":"Ja","EgiSumma2":145969,"EgiFjarrkyla":48400,"EgiFastighet":37666,"EgiStationEI":"G\u00f6teborg","EgiRefvarde1":75,"EgiRefvarde2Max":98,"EgiVersion":2023,"VentGruppGodkand":"Ja","RadGruppHaltMatt":"Nej","Godkand":"2024-05-17","Version":3.0,"ExpertBehorighet":"Kvalificerad","VentGruppUtanAnm":1,"InspUppvGruppInspSkyldighet":"Nej","InspUppvUndAvtalEgipres":"Nej","InspLuftGruppInspSkyldighet":"Nej","InspLuftUndAvtalEgipres":"Nej","AtgForslagEgiMinskad":7200,"AtgForslagKostnad":"0,90000000000000002"}}},{"type":"Feature","geometry":{"type":"Polygon","coordinates":[[[11.946612248558317,57.70904295973235],[11.94677740924468,57.70889294638116],[11.94746561886179,57.709107648392255],[11.947441186105031,57.70912758732284],[11.947262709113579,57.709285396300814],[11.947205687835325,57.70926759037253],[11.946920281540756,57.70952898418631],[11.946980723619573,57.70954844568238],[11.946976997878554,57.70955160940753],[11.946934901553664,57.709539223753254],[11.946292007646237,57.709336299453454],[11.946612248558317,57.70904295973235]]]},"properties":{"id":"ba01eb4b-d625-4fa8-88cd-ef3147e133e0","objektidentitet":"b52cbaf9-80da-42c0-bcea-ba44101d3bf0","versiongiltigfran":"2020-01-23T15:51:01.529Z","lagesosakerhetplan":0.06,"lagesosakerhethojd":null,"ursprunglig_organisation":"G\u00f6teborg","objektversion":2.0,"objekttypnr":2062.0,"objekttyp":"Industri","insamlingslage":"Takkant","byggnadsnamn1":"None","byggnadsnamn2":"None","byggnadsnamn3":"None","husnummer":27.0,"huvudbyggnad":"Nej","andamal1":"Industri;Tillverkning","andamal2":"None","andamal3":"None","andamal4":"None","andamal5":"None","FormularId":1020512,"fastighetsbeteckning":"LUNDBYVASSEN 4:6","energy_class":"G","energy_performance":216,"specific_energy":191,"building_category":"Lokalbyggnader","construction_year":1970,"epc_detail":{"IdAdr":"Valdemar Nor\u00e9ns Gata 8","IdPostnr":41755,"IdPostort":"G\u00f6teborg","IdKommun":"G\u00f6teborg","EgenByggnadsKat":"Lokalbyggnader","EgenByggnadsTyp":"Friliggande","EgenNybyggAr":1970,"EgenAtemp":17814,"EgenAntalPlan":3,"EgenAntalKallarplan":0,"EgenAntalTrapphus":2,"EgenAntalBolgh":0,"EgenProjVentFlode":"0,5","EgenInstEleffektStorre":"Nej","EgenSkyddadEllerVardefull":0,"EgiEnergiklass":"G","EgiEnergiPrestanda":216,"EgiSpecifikEnergianvandning":191,"EgiEnergianvandning":3406769,"EgiPrimarenergianvandning":3848424,"EgiForstaArManad":1701,"EgiSistaArManad":1712,"EgiBeraknatVarde":"Nej","VentTypFTX":"Ja","VentTypF":"Ja","VentTypFT":"Nej","VentTypSjalvdrag":"Nej","VentTypFmed":"Nej","VentGruppKrav":"Ja","EgiSumma2":3155545,"EgiFastighet":137217,"EgiStationEI":"G\u00f6teborg","EgiRefvarde1":91,"EgiRefvarde2Max":195,"EgiVersion":2019,"VentGruppGodkand":"Nej","RadGruppHaltMatt":"Nej","Godkand":"2019-12-23","Version":2.6,"ExpertBehorighet":"Kvalificerad","AtgForslagEgiMinskad":69400,"AtgForslagKostnad":"0,10000000000000001"}}},{"type":"Feature","geometry":{"type":"Polygon","coordinates":[[[11.9499514645256,57.709080538491776],[11.949963598552284,57.70909718009063],[11.949183272082637,57.709256901118295],[11.949038834833447,57.709054712512796],[11.948851635338618,57.70909301633353],[11.948707724429266,57.70889158600309],[11.94776910500464,57.709083710744416],[11.94764301673217,57.708907201263976],[11.947553668034598,57.708925520004605],[11.947535612120944,57.70890025065056],[11.947341800381444,57.70893989369164],[11.947198157697056,57.70873877357135],[11.94710664543079,57.708757462217726],[11.94695474989156,57.70854489870592],[11.949235340790315,57.70807813909725],[11.9499514645256,57.709080538491776]]]},"properties":{"id":"79715e5f-b76a-4b80-84c4-fe14e5302256","objektidentitet":"cb40af3f-13d3-4850-8afa-0157f89b5012","versiongiltigfran":"2018-08-28T09:00:46.409Z","lagesosakerhetplan":0.1,"lagesosakerhethojd":null,"ursprunglig_organisation":"G\u00f6teborg","objektversion":4.0,"objekttypnr":2062.0,"objekttyp":"Industri","insamlingslage":"Takkant","byggnadsnamn1":"None","byggnadsnamn2":"None","byggnadsnamn3":"None","husnummer":7.0,"huvudbyggnad":"Nej","andamal1":"Industri;Tillverkning","andamal2":"None","andamal3":"None","andamal4":"None","andamal5":"None","FormularId":1036855,"fastighetsbeteckning":"LUNDBYVASSEN 4:6","energy_class":"D","energy_performance":149,"specific_energy":123,"building_category":"Lokalbyggnader","construction_year":1943,"epc_detail":{"IdAdr":"Valdemar Nor\u00e9ns Gata 9","IdPostnr":41755,"IdPostort":"G\u00f6teborg","IdKommun":"G\u00f6teborg","EgenByggnadsKat":"Lokalbyggnader","EgenByggnadsTyp":"Friliggande","EgenNybyggAr":1943,"EgenAtemp":16959,"EgenAntalPlan":4,"EgenAntalKallarplan":0,"EgenAntalTrapphus":5,"EgenProjVentFlode":"1","EgenInstEleffektStorre":"Nej","EgenSkyddadEllerVardefull":0,"EgiEnergiklass":"D","EgiEnergiPrestanda":149,"EgiSpecifikEnergianvandning":123,"EgiEnergianvandning":2083766,"EgiPrimarenergianvandning":2518989,"EgiForstaArManad":1801,"EgiSistaArManad":1812,"EgiBeraknatVarde":"Nej","VentTypFTX":"Ja","VentTypF":"Ja","VentTypFT":"Ja","VentTypSjalvdrag":"Nej","VentTypFmed":"Nej","VentGruppKrav":"Ja","EgiSumma2":1957268,"EgiFjarrkyla":284992,"EgiFastighet":489120,"EgiStationEI":"G\u00f6teborg","EgiRefvarde1":126,"EgiRefvarde2Max":194,"EgiVersion":2019,"VentGruppGodkand":"Delvis","RadGruppHaltMatt":"Nej","Godkand":"2020-06-15","Version":2.7,"ExpertBehorighet":"Kvalificerad","VentDelvisProcent":20,"VentGruppUtanAnm":1,"InspUppvGruppInspSkyldighet":"Ja","InspUppvUndAvtalEgipres":"Nej","InspLuftUndAvtalEgipres":"Nej","AtgForslagEgiMinskad":10000,"AtgForslagKostnad":"0,10000000000000001"}}},{"type":"Feature","geometry":{"type":"Polygon","coordinates":[[[11.947205687835325,57.70926759037253],[11.949856990968861,57.71009537165852],[11.949572132839595,57.71035838432024],[11.946920281540756,57.70952898418631],[11.947205687835325,57.70926759037253]]]},"properties":{"id":"4e135508-951a-4e83-8b1b-65798fb87602","objektidentitet":"b52cbaf9-80da-42c0-bcea-ba44101d3bf0","versiongiltigfran":"2020-01-23T15:51:01.529Z","lagesosakerhetplan":0.06,"lagesosakerhethojd":2.5,"ursprunglig_organisation":"G\u00f6teborg","objektversion":2.0,"objekttypnr":2062.0,"objekttyp":"Industri","insamlingslage":"Takkant","byggnadsnamn1":"None","byggnadsnamn2":"None","byggnadsnamn3":"None","husnummer":27.0,"huvudbyggnad":"Nej","andamal1":"Industri;Tillverkning","andamal2":"None","andamal3":"None","andamal4":"None","andamal5":"None","FormularId":1020512,"fastighetsbeteckning":"LUNDBYVASSEN 4:6","energy_class":"G","energy_performance":216,"specific_energy":191,"building_category":"Lokalbyggnader","construction_year":1970,"epc_detail":{"IdAdr":"Valdemar Nor\u00e9ns Gata 8","IdPostnr":41755,"IdPostort":"G\u00f6teborg","IdKommun":"G\u00f6teborg","EgenByggnadsKat":"Lokalbyggnader","EgenByggnadsTyp":"Friliggande","EgenNybyggAr":1970,"EgenAtemp":17814,"EgenAntalPlan":3,"EgenAntalKallarplan":0,"EgenAntalTrapphus":2,"EgenAntalBolgh":0,"EgenProjVentFlode":"0,5","EgenInstEleffektStorre":"Nej","EgenSkyddadEllerVardefull":0,"EgiEnergiklass":"G","EgiEnergiPrestanda":216,"EgiSpecifikEnergianvandning":191,"EgiEnergianvandning":3406769,"EgiPrimarenergianvandning":3848424,"EgiForstaArManad":1701,"EgiSistaArManad":1712,"EgiBeraknatVarde":"Nej","VentTypFTX":"Ja","VentTypF":"Ja","VentTypFT":"Nej","VentTypSjalvdrag":"Nej","VentTypFmed":"Nej","VentGruppKrav":"Ja","EgiSumma2":3155545,"EgiFastighet":137217,"EgiStationEI":"G\u00f6teborg","EgiRefvarde1":91,"EgiRefvarde2Max":195,"EgiVersion":2019,"VentGruppGodkand":"Nej","RadGruppHaltMatt":"Nej","Godkand":"2019-12-23","Version":2.6,"ExpertBehorighet":"Kvalificerad","AtgForslagEgiMinskad":69400,"AtgForslagKostnad":"0,10000000000000001"}}},{"type":"Feature","geometry":{"type":"Polygon","coordinates":[[[11.947441169346884,57.709127586918484],[11.948072335022069,57.70932962920402],[11.94824212108537,57.70917468335969],[11.950194306787425,57.70978643635484],[11.949967763124803,57.709994510244556],[11.949856990968861,57.71009537165852],[11.947262709113579,57.709285396300814],[11.947441169346884,57.709127586918484]]]},"properties":{"id":"19a0cf3a-4e6c-419a-95df-70d653374ef7","objektidentitet":"b52cbaf9-80da-42c0-bcea-ba44101d3bf0","versiongiltigfran":"2020-01-23T15:51:01.529Z","lagesosakerhetplan":0.06,"lagesosakerhethojd":2.5,"ursprunglig_organisation":"G\u00f6teborg","objektversion":2.0,"objekttypnr":2062.0,"objekttyp":"Industri","insamlingslage":"Takkant","byggnadsnamn1":"None","byggnadsnamn2":"None","byggnadsnamn3":"None","husnummer":27.0,"huvudbyggnad":"Nej","andamal1":"Industri;Tillverkning","andamal2":"None","andamal3":"None","andamal4":"None","andamal5":"None","FormularId":1020512,"fastighetsbeteckning":"LUNDBYVASSEN 4:6","energy_class":"G","energy_performance":216,"specific_energy":191,"building_category":"Lokalbyggnader","construction_year":1970,"epc_detail":{"IdAdr":"Valdemar Nor\u00e9ns Gata 8","IdPostnr":41755,"IdPostort":"G\u00f6teborg","IdKommun":"G\u00f6teborg","EgenByggnadsKat":"Lokalbyggnader","EgenByggnadsTyp":"Friliggande","EgenNybyggAr":1970,"EgenAtemp":17814,"EgenAntalPlan":3,"EgenAntalKallarplan":0,"EgenAntalTrapphus":2,"EgenAntalBolgh":0,"EgenProjVentFlode":"0,5","EgenInstEleffektStorre":"Nej","EgenSkyddadEllerVardefull":0,"EgiEnergiklass":"G","EgiEnergiPrestanda":216,"EgiSpecifikEnergianvandning":191,"EgiEnergianvandning":3406769,"EgiPrimarenergianvandning":3848424,"EgiForstaArManad":1701,"EgiSistaArManad":1712,"EgiBeraknatVarde":"Nej","VentTypFTX":"Ja","VentTypF":"Ja","VentTypFT":"Nej","VentTypSjalvdrag":"Nej","VentTypFmed":"Nej","VentGruppKrav":"Ja","EgiSumma2":3155545,"EgiFastighet":137217,"EgiStationEI":"G\u00f6teborg","EgiRefvarde1":91,"EgiRefvarde2Max":195,"EgiVersion":2019,"VentGruppGodkand":"Nej","RadGruppHaltMatt":"Nej","Godkand":"2019-12-23","Version":2.6,"ExpertBehorighet":"Kvalificerad","AtgForslagEgiMinskad":69400,"AtgForslagKostnad":"0,10000000000000001"}}},{"type":"Feature","geometry":{"type":"Polygon","coordinates":[[[11.947728683241346,57.70902711809763],[11.947636466801065,57.70904598787881],[11.947603584578882,57.70899996716408],[11.947571274068528,57.70900657566783],[11.947529858470617,57.70894862875585],[11.94756504019244,57.708941424432474],[11.947553668790027,57.70892551103489],[11.947643048737449,57.70890722001206],[11.947728683241346,57.70902711809763]]]},"properties":{"id":"e1ea65d2-0351-4257-a35f-9c209b8ab83e","objektidentitet":"cb40af3f-13d3-4850-8afa-0157f89b5012","versiongiltigfran":"2018-08-28T09:00:46.409Z","lagesosakerhetplan":0.1,"lagesosakerhethojd":null,"ursprunglig_organisation":"G\u00f6teborg","objektversion":4.0,"objekttypnr":2062.0,"objekttyp":"Industri","insamlingslage":"Takkant","byggnadsnamn1":"None","byggnadsnamn2":"None","byggnadsnamn3":"None","husnummer":7.0,"huvudbyggnad":"Nej","andamal1":"Industri;Tillverkning","andamal2":"None","andamal3":"None","andamal4":"None","andamal5":"None","FormularId":1036855,"fastighetsbeteckning":"LUNDBYVASSEN 4:6","energy_class":"D","energy_performance":149,"specific_energy":123,"building_category":"Lokalbyggnader","construction_year":1943,"epc_detail":{"IdAdr":"Valdemar Nor\u00e9ns Gata 9","IdPostnr":41755,"IdPostort":"G\u00f6teborg","IdKommun":"G\u00f6teborg","EgenByggnadsKat":"Lokalbyggnader","EgenByggnadsTyp":"Friliggande","EgenNybyggAr":1943,"EgenAtemp":16959,"EgenAntalPlan":4,"EgenAntalKallarplan":0,"EgenAntalTrapphus":5,"EgenProjVentFlode":"1","EgenInstEleffektStorre":"Nej","EgenSkyddadEllerVardefull":0,"EgiEnergiklass":"D","EgiEnergiPrestanda":149,"EgiSpecifikEnergianvandning":123,"EgiEnergianvandning":2083766,"EgiPrimarenergianvandning":2518989,"EgiForstaArManad":1801,"EgiSistaArManad":1812,"EgiBeraknatVarde":"Nej","VentTypFTX":"Ja","VentTypF":"Ja","VentTypFT":"Ja","VentTypSjalvdrag":"Nej","VentTypFmed":"Nej","VentGruppKrav":"Ja","EgiSumma2":1957268,"EgiFjarrkyla":284992,"EgiFastighet":489120,"EgiStationEI":"G\u00f6teborg","EgiRefvarde1":126,"EgiRefvarde2Max":194,"EgiVersion":2019,"VentGruppGodkand":"Delvis","RadGruppHaltMatt":"Nej","Godkand":"2020-06-15","Version":2.7,"ExpertBehorighet":"Kvalificerad","VentDelvisProcent":20,"VentGruppUtanAnm":1,"InspUppvGruppInspSkyldighet":"Ja","InspUppvUndAvtalEgipres":"Nej","InspLuftUndAvtalEgipres":"Nej","AtgForslagEgiMinskad":10000,"AtgForslagKostnad":"0,10000000000000001"}}},{"type":"Feature","geometry":{"type":"Polygon","coordinates":[[[11.947787402137777,57.70980022172351],[11.947933739640778,57.709845995523786],[11.947914758111544,57.70986341461453],[11.947768420563666,57.709817640791975],[11.947787402137777,57.70980022172351]]]},"properties":{"id":"eaf3bcd6-d4cc-4b95-b98e-7a765e6aa02e","objektidentitet":"b52cbaf9-80da-42c0-bcea-ba44101d3bf0","versiongiltigfran":"2020-01-23T15:51:01.529Z","lagesosakerhetplan":0.06,"lagesosakerhethojd":null,"ursprunglig_organisation":"G\u00f6teborg","objektversion":2.0,"objekttypnr":2062.0,"objekttyp":"Industri","insamlingslage":"Takkant","byggnadsnamn1":"None","byggnadsnamn2":"None","byggnadsnamn3":"None","husnummer":27.0,"huvudbyggnad":"Nej","andamal1":"Industri;Tillverkning","andamal2":"None","andamal3":"None","andamal4":"None","andamal5":"None","FormularId":1020512,"fastighetsbeteckning":"LUNDBYVASSEN 4:6","energy_class":"G","energy_performance":216,"specific_energy":191,"building_category":"Lokalbyggnader","construction_year":1970,"epc_detail":{"IdAdr":"Valdemar Nor\u00e9ns Gata 8","IdPostnr":41755,"IdPostort":"G\u00f6teborg","IdKommun":"G\u00f6teborg","EgenByggnadsKat":"Lokalbyggnader","EgenByggnadsTyp":"Friliggande","EgenNybyggAr":1970,"EgenAtemp":17814,"EgenAntalPlan":3,"EgenAntalKallarplan":0,"EgenAntalTrapphus":2,"EgenAntalBolgh":0,"EgenProjVentFlode":"0,5","EgenInstEleffektStorre":"Nej","EgenSkyddadEllerVardefull":0,"EgiEnergiklass":"G","EgiEnergiPrestanda":216,"EgiSpecifikEnergianvandning":191,"EgiEnergianvandning":3406769,"EgiPrimarenergianvandning":3848424,"EgiForstaArManad":1701,"EgiSistaArManad":1712,"EgiBeraknatVarde":"Nej","VentTypFTX":"Ja","VentTypF":"Ja","VentTypFT":"Nej","VentTypSjalvdrag":"Nej","VentTypFmed":"Nej","VentGruppKrav":"Ja","EgiSumma2":3155545,"EgiFastighet":137217,"EgiStationEI":"G\u00f6teborg","EgiRefvarde1":91,"EgiRefvarde2Max":195,"EgiVersion":2019,"VentGruppGodkand":"Nej","RadGruppHaltMatt":"Nej","Godkand":"2019-12-23","Version":2.6,"ExpertBehorighet":"Kvalificerad","AtgForslagEgiMinskad":69400,"AtgForslagKostnad":"0,10000000000000001"}}},{"type":"Feature","geometry":{"type":"Polygon","coordinates":[[[11.94793838631401,57.709286715979296],[11.948065914880784,57.709170360757874],[11.948200572024138,57.709212634821895],[11.948072335022069,57.70932962920402],[11.94793838631401,57.709286715979296]]]},"properties":{"id":"cbee4224-4d8a-4eeb-af4d-a77e43806d9f","objektidentitet":"b52cbaf9-80da-42c0-bcea-ba44101d3bf0","versiongiltigfran":"2020-01-23T15:51:01.529Z","lagesosakerhetplan":0.1,"lagesosakerhethojd":null,"ursprunglig_organisation":"G\u00f6teborg","objektversion":2.0,"objekttypnr":2062.0,"objekttyp":"Industri","insamlingslage":"Takkant","byggnadsnamn1":"None","byggnadsnamn2":"None","byggnadsnamn3":"None","husnummer":27.0,"huvudbyggnad":"Nej","andamal1":"Industri;Tillverkning","andamal2":"None","andamal3":"None","andamal4":"None","andamal5":"None","FormularId":1020512,"fastighetsbeteckning":"LUNDBYVASSEN 4:6","energy_class":"G","energy_performance":216,"specific_energy":191,"building_category":"Lokalbyggnader","construction_year":1970,"epc_detail":{"IdAdr":"Valdemar Nor\u00e9ns Gata 8","IdPostnr":41755,"IdPostort":"G\u00f6teborg","IdKommun":"G\u00f6teborg","EgenByggnadsKat":"Lokalbyggnader","EgenByggnadsTyp":"Friliggande","EgenNybyggAr":1970,"EgenAtemp":17814,"EgenAntalPlan":3,"EgenAntalKallarplan":0,"EgenAntalTrapphus":2,"EgenAntalBolgh":0,"EgenProjVentFlode":"0,5","EgenInstEleffektStorre":"Nej","EgenSkyddadEllerVardefull":0,"EgiEnergiklass":"G","EgiEnergiPrestanda":216,"EgiSpecifikEnergianvandning":191,"EgiEnergianvandning":3406769,"EgiPrimarenergianvandning":3848424,"EgiForstaArManad":1701,"EgiSistaArManad":1712,"EgiBeraknatVarde":"Nej","VentTypFTX":"Ja","VentTypF":"Ja","VentTypFT":"Nej","VentTypSjalvdrag":"Nej","VentTypFmed":"Nej","VentGruppKrav":"Ja","EgiSumma2":3155545,"EgiFastighet":137217,"EgiStationEI":"G\u00f6teborg","EgiRefvarde1":91,"EgiRefvarde2Max":195,"EgiVersion":2019,"VentGruppGodkand":"Nej","RadGruppHaltMatt":"Nej","Godkand":"2019-12-23","Version":2.6,"ExpertBehorighet":"Kvalificerad","AtgForslagEgiMinskad":69400,"AtgForslagKostnad":"0,10000000000000001"}}},{"type":"Feature","geometry":{"type":"Polygon","coordinates":[[[11.94808135206348,57.710673894712095],[11.94836514313278,57.71041593767414],[11.949039820984295,57.71063344091081],[11.948617623587365,57.71084733689991],[11.94808135206348,57.710673894712095]]]},"properties":{"id":"442ce519-f134-471c-b4d2-4c013f9f4c19","objektidentitet":"e66d2ffd-5bbf-48c8-9ce9-0844eef7a52e","versiongiltigfran":"2022-02-09T12:59:23.480Z","lagesosakerhetplan":0.1,"lagesosakerhethojd":null,"ursprunglig_organisation":"G\u00f6teborg","objektversion":3.0,"objekttypnr":2064.0,"objekttyp":"Verksamhet","insamlingslage":"Takkant","byggnadsnamn1":"None","byggnadsnamn2":"None","byggnadsnamn3":"None","husnummer":1.0,"huvudbyggnad":"Nej","andamal1":"Verksamhet;","andamal2":"None","andamal3":"None","andamal4":"None","andamal5":"None","FormularId":null,"energy_class":null,"energy_performance":null,"specific_energy":null,"building_category":null,"construction_year":null,"epc_detail":{}}},{"type":"Feature","geometry":{"type":"Polygon","coordinates":[[[11.94885161631512,57.709093042838546],[11.948607602787735,57.70914298160594],[11.948463693809943,57.70894154204073],[11.948707706916062,57.708891594568634],[11.94885161631512,57.709093042838546]]]},"properties":{"id":"e0544dba-b645-4afd-8dd6-c1c52fefb4c8","objektidentitet":"cb40af3f-13d3-4850-8afa-0157f89b5012","versiongiltigfran":"2018-08-28T09:00:46.409Z","lagesosakerhetplan":0.1,"lagesosakerhethojd":null,"ursprunglig_organisation":"G\u00f6teborg","objektversion":4.0,"objekttypnr":2062.0,"objekttyp":"Industri","insamlingslage":"Takkant","byggnadsnamn1":"None","byggnadsnamn2":"None","byggnadsnamn3":"None","husnummer":7.0,"huvudbyggnad":"Nej","andamal1":"Industri;Tillverkning","andamal2":"None","andamal3":"None","andamal4":"None","andamal5":"None","FormularId":1036855,"fastighetsbeteckning":"LUNDBYVASSEN 4:6","energy_class":"D","energy_performance":149,"specific_energy":123,"building_category":"Lokalbyggnader","construction_year":1943,"epc_detail":{"IdAdr":"Valdemar Nor\u00e9ns Gata 9","IdPostnr":41755,"IdPostort":"G\u00f6teborg","IdKommun":"G\u00f6teborg","EgenByggnadsKat":"Lokalbyggnader","EgenByggnadsTyp":"Friliggande","EgenNybyggAr":1943,"EgenAtemp":16959,"EgenAntalPlan":4,"EgenAntalKallarplan":0,"EgenAntalTrapphus":5,"EgenProjVentFlode":"1","EgenInstEleffektStorre":"Nej","EgenSkyddadEllerVardefull":0,"EgiEnergiklass":"D","EgiEnergiPrestanda":149,"EgiSpecifikEnergianvandning":123,"EgiEnergianvandning":2083766,"EgiPrimarenergianvandning":2518989,"EgiForstaArManad":1801,"EgiSistaArManad":1812,"EgiBeraknatVarde":"Nej","VentTypFTX":"Ja","VentTypF":"Ja","VentTypFT":"Ja","VentTypSjalvdrag":"Nej","VentTypFmed":"Nej","VentGruppKrav":"Ja","EgiSumma2":1957268,"EgiFjarrkyla":284992,"EgiFastighet":489120,"EgiStationEI":"G\u00f6teborg","EgiRefvarde1":126,"EgiRefvarde2Max":194,"EgiVersion":2019,"VentGruppGodkand":"Delvis","RadGruppHaltMatt":"Nej","Godkand":"2020-06-15","Version":2.7,"ExpertBehorighet":"Kvalificerad","VentDelvisProcent":20,"VentGruppUtanAnm":1,"InspUppvGruppInspSkyldighet":"Ja","InspUppvUndAvtalEgipres":"Nej","InspLuftUndAvtalEgipres":"Nej","AtgForslagEgiMinskad":10000,"AtgForslagKostnad":"0,10000000000000001"}}},{"type":"Feature","geometry":{"type":"Polygon","coordinates":[[[11.949044676048674,57.708117177469184],[11.948650686987378,57.70819781517439],[11.948639765954526,57.70818253290759],[11.94903375562677,57.70810188626515],[11.949044676048674,57.708117177469184]]]},"properties":{"id":"59b39899-38c6-4c56-97f3-c15e7ab1ac3e","objektidentitet":"cb40af3f-13d3-4850-8afa-0157f89b5012","versiongiltigfran":"2018-08-28T09:00:46.409Z","lagesosakerhetplan":0.1,"lagesosakerhethojd":null,"ursprunglig_organisation":"G\u00f6teborg","objektversion":4.0,"objekttypnr":2062.0,"objekttyp":"Industri","insamlingslage":"Takkant","byggnadsnamn1":"None","byggnadsnamn2":"None","byggnadsnamn3":"None","husnummer":7.0,"huvudbyggnad":"Nej","andamal1":"Industri;Tillverkning","andamal2":"None","andamal3":"None","andamal4":"None","andamal5":"None","FormularId":1036855,"fastighetsbeteckning":"LUNDBYVASSEN 4:6","energy_class":"D","energy_performance":149,"specific_energy":123,"building_category":"Lokalbyggnader","construction_year":1943,"epc_detail":{"IdAdr":"Valdemar Nor\u00e9ns Gata 9","IdPostnr":41755,"IdPostort":"G\u00f6teborg","IdKommun":"G\u00f6teborg","EgenByggnadsKat":"Lokalbyggnader","EgenByggnadsTyp":"Friliggande","EgenNybyggAr":1943,"EgenAtemp":16959,"EgenAntalPlan":4,"EgenAntalKallarplan":0,"EgenAntalTrapphus":5,"EgenProjVentFlode":"1","EgenInstEleffektStorre":"Nej","EgenSkyddadEllerVardefull":0,"EgiEnergiklass":"D","EgiEnergiPrestanda":149,"EgiSpecifikEnergianvandning":123,"EgiEnergianvandning":2083766,"EgiPrimarenergianvandning":2518989,"EgiForstaArManad":1801,"EgiSistaArManad":1812,"EgiBeraknatVarde":"Nej","VentTypFTX":"Ja","VentTypF":"Ja","VentTypFT":"Ja","VentTypSjalvdrag":"Nej","VentTypFmed":"Nej","VentGruppKrav":"Ja","EgiSumma2":1957268,"EgiFjarrkyla":284992,"EgiFastighet":489120,"EgiStationEI":"G\u00f6teborg","EgiRefvarde1":126,"EgiRefvarde2Max":194,"EgiVersion":2019,"VentGruppGodkand":"Delvis","RadGruppHaltMatt":"Nej","Godkand":"2020-06-15","Version":2.7,"ExpertBehorighet":"Kvalificerad","VentDelvisProcent":20,"VentGruppUtanAnm":1,"InspUppvGruppInspSkyldighet":"Ja","InspUppvUndAvtalEgipres":"Nej","InspLuftUndAvtalEgipres":"Nej","AtgForslagEgiMinskad":10000,"AtgForslagKostnad":"0,10000000000000001"}}},{"type":"Feature","geometry":{"type":"Polygon","coordinates":[[[11.949098110339426,57.70913770757123],[11.94903201968284,57.70915123142928],[11.948972742797979,57.70906825428071],[11.949038816565176,57.70905473004808],[11.949098110339426,57.70913770757123]]]},"properties":{"id":"c809e651-c5b8-4d0c-a476-8699cf4cc7a6","objektidentitet":"cb40af3f-13d3-4850-8afa-0157f89b5012","versiongiltigfran":"2018-08-28T09:00:46.409Z","lagesosakerhetplan":0.1,"lagesosakerhethojd":null,"ursprunglig_organisation":"G\u00f6teborg","objektversion":4.0,"objekttypnr":2062.0,"objekttyp":"Industri","insamlingslage":"Takkant","byggnadsnamn1":"None","byggnadsnamn2":"None","byggnadsnamn3":"None","husnummer":7.0,"huvudbyggnad":"Nej","andamal1":"Industri;Tillverkning","andamal2":"None","andamal3":"None","andamal4":"None","andamal5":"None","FormularId":1036855,"fastighetsbeteckning":"LUNDBYVASSEN 4:6","energy_class":"D","energy_performance":149,"specific_energy":123,"building_category":"Lokalbyggnader","construction_year":1943,"epc_detail":{"IdAdr":"Valdemar Nor\u00e9ns Gata 9","IdPostnr":41755,"IdPostort":"G\u00f6teborg","IdKommun":"G\u00f6teborg","EgenByggnadsKat":"Lokalbyggnader","EgenByggnadsTyp":"Friliggande","EgenNybyggAr":1943,"EgenAtemp":16959,"EgenAntalPlan":4,"EgenAntalKallarplan":0,"EgenAntalTrapphus":5,"EgenProjVentFlode":"1","EgenInstEleffektStorre":"Nej","EgenSkyddadEllerVardefull":0,"EgiEnergiklass":"D","EgiEnergiPrestanda":149,"EgiSpecifikEnergianvandning":123,"EgiEnergianvandning":2083766,"EgiPrimarenergianvandning":2518989,"EgiForstaArManad":1801,"EgiSistaArManad":1812,"EgiBeraknatVarde":"Nej","VentTypFTX":"Ja","VentTypF":"Ja","VentTypFT":"Ja","VentTypSjalvdrag":"Nej","VentTypFmed":"Nej","VentGruppKrav":"Ja","EgiSumma2":1957268,"EgiFjarrkyla":284992,"EgiFastighet":489120,"EgiStationEI":"G\u00f6teborg","EgiRefvarde1":126,"EgiRefvarde2Max":194,"EgiVersion":2019,"VentGruppGodkand":"Delvis","RadGruppHaltMatt":"Nej","Godkand":"2020-06-15","Version":2.7,"ExpertBehorighet":"Kvalificerad","VentDelvisProcent":20,"VentGruppUtanAnm":1,"InspUppvGruppInspSkyldighet":"Ja","InspUppvUndAvtalEgipres":"Nej","InspLuftUndAvtalEgipres":"Nej","AtgForslagEgiMinskad":10000,"AtgForslagKostnad":"0,10000000000000001"}}},{"type":"Feature","geometry":{"type":"Polygon","coordinates":[[[11.947399940936622,57.70813354983093],[11.947466873080613,57.70815428223702],[11.94735875682891,57.708254297804864],[11.947291824565927,57.70823356534071],[11.947399940936622,57.70813354983093]]]},"properties":{"id":"ba49ddba-dc44-4bcf-a875-00dd7c5cbfbf","objektidentitet":"eab8888b-12a0-4119-8518-0be7867fafe7","versiongiltigfran":"2011-03-23T08:44:42.087Z","lagesosakerhetplan":0.06,"lagesosakerhethojd":2.5,"ursprunglig_organisation":"Lantm\u00e4teriet","objektversion":1.0,"objekttypnr":2066.0,"objekttyp":"Komplementbyggnad","insamlingslage":"Takkant","byggnadsnamn1":"None","byggnadsnamn2":"None","byggnadsnamn3":"None","husnummer":59.0,"huvudbyggnad":"Nej","andamal1":"Komplementbyggnad;","andamal2":"None","andamal3":"None","andamal4":"None","andamal5":"None","FormularId":null,"energy_class":null,"energy_performance":null,"specific_energy":null,"building_category":null,"construction_year":null,"epc_detail":{}}},{"type":"Feature","geometry":{"type":"Polygon","coordinates":[[[11.94681166317899,57.71017089755245],[11.946782438800012,57.710155011614816],[11.94683512336085,57.7101272340424],[11.946864347741341,57.71014311996793],[11.94681166317899,57.71017089755245]]]},"properties":{"id":"52118b7c-69fe-411c-ad77-481766b96ba2","objektidentitet":"7cd5a1c6-d8b4-4096-954e-f7fadf0d1aec","versiongiltigfran":"2011-03-23T08:58:08.869Z","lagesosakerhetplan":0.06,"lagesosakerhethojd":null,"ursprunglig_organisation":"Lantm\u00e4teriet","objektversion":1.0,"objekttypnr":2066.0,"objekttyp":"Komplementbyggnad","insamlingslage":"Takkant","byggnadsnamn1":"None","byggnadsnamn2":"None","byggnadsnamn3":"None","husnummer":64.0,"huvudbyggnad":"Nej","andamal1":"Komplementbyggnad;","andamal2":"None","andamal3":"None","andamal4":"None","andamal5":"None","FormularId":null,"energy_class":null,"energy_performance":null,"specific_energy":null,"building_category":null,"construction_year":null,"epc_detail":{}}},{"type":"Feature","geometry":{"type":"Polygon","coordinates":[[[11.943023079686128,57.710796998046106],[11.94308916311371,57.7108333962107],[11.943065481149597,57.71084578462253],[11.942999381721801,57.710809377070994],[11.943023079686128,57.710796998046106]]]},"properties":{"id":"a6277430-3948-42e7-ae8b-ac65ef7530a0","objektidentitet":"4c070b4f-f8a8-4a07-bfd6-399d23d9a87f","versiongiltigfran":"2011-03-23T08:44:42.087Z","lagesosakerhetplan":0.06,"lagesosakerhethojd":null,"ursprunglig_organisation":"Lantm\u00e4teriet","objektversion":1.0,"objekttypnr":2066.0,"objekttyp":"Komplementbyggnad","insamlingslage":"Takkant","byggnadsnamn1":"None","byggnadsnamn2":"None","byggnadsnamn3":"None","husnummer":5.0,"huvudbyggnad":"Nej","andamal1":"Komplementbyggnad;","andamal2":"None","andamal3":"None","andamal4":"None","andamal5":"None","FormularId":null,"energy_class":null,"energy_performance":null,"specific_energy":null,"building_category":null,"construction_year":null,"epc_detail":{}}},{"type":"Feature","geometry":{"type":"Polygon","coordinates":[[[11.947840119995465,57.70998917983017],[11.947866211832185,57.70996549692091],[11.947957023916004,57.70999423814973],[11.947930949630605,57.71001791251259],[11.947840119995465,57.70998917983017]]]},"properties":{"id":"b7eebf3b-4454-421a-8be5-67d6c0c37b32","objektidentitet":"9ae7f74d-91ab-41d7-8e20-6b3ac258bcb9","versiongiltigfran":"2022-05-06T11:39:00.381Z","lagesosakerhetplan":0.05,"lagesosakerhethojd":null,"ursprunglig_organisation":"G\u00f6teborg","objektversion":2.0,"objekttypnr":2067.0,"objekttyp":"\u00d6vrig byggnad","insamlingslage":"Fasad","byggnadsnamn1":"None","byggnadsnamn2":"None","byggnadsnamn3":"None","husnummer":73.0,"huvudbyggnad":"Nej","andamal1":"\u00d6vrig byggnad;","andamal2":"None","andamal3":"None","andamal4":"None","andamal5":"None","FormularId":null,"energy_class":null,"energy_performance":null,"specific_energy":null,"building_category":null,"construction_year":null,"epc_detail":{}}},{"type":"Feature","geometry":{"type":"Polygon","coordinates":[[[11.949379582512606,57.70637633540235],[11.949306088475394,57.7064174355671],[11.949190546882138,57.70635822287723],[11.949264040170855,57.706317131749095],[11.949379582512606,57.70637633540235]]]},"properties":{"id":"895da4e9-312c-42fa-b56e-95d70c71e56a","objektidentitet":"5cac6f70-3527-4b8f-a0ec-5558d60b3b37","versiongiltigfran":"2011-03-23T08:51:13.178Z","lagesosakerhetplan":0.06,"lagesosakerhethojd":null,"ursprunglig_organisation":"Lantm\u00e4teriet","objektversion":1.0,"objekttypnr":2066.0,"objekttyp":"Komplementbyggnad","insamlingslage":"Takkant","byggnadsnamn1":"None","byggnadsnamn2":"None","byggnadsnamn3":"None","husnummer":7.0,"huvudbyggnad":"Nej","andamal1":"Komplementbyggnad;","andamal2":"None","andamal3":"None","andamal4":"None","andamal5":"None","FormularId":null,"energy_class":null,"energy_performance":null,"specific_energy":null,"building_category":null,"construction_year":null,"epc_detail":{}}},{"type":"Feature","geometry":{"type":"Polygon","coordinates":[[[11.94936157371031,57.70638641701355],[11.949509695593783,57.706462323836284],[11.949454227876917,57.7064933338889],[11.949306105987244,57.70641742700147],[11.94936157371031,57.70638641701355]]]},"properties":{"id":"ab588b75-4dc2-44e5-b8a9-de0f6e9f270e","objektidentitet":"5cac6f70-3527-4b8f-a0ec-5558d60b3b37","versiongiltigfran":"2011-03-23T08:51:13.178Z","lagesosakerhetplan":0.06,"lagesosakerhethojd":null,"ursprunglig_organisation":"Lantm\u00e4teriet","objektversion":1.0,"objekttypnr":2066.0,"objekttyp":"Komplementbyggnad","insamlingslage":"Takkant","byggnadsnamn1":"None","byggnadsnamn2":"None","byggnadsnamn3":"None","husnummer":7.0,"huvudbyggnad":"Nej","andamal1":"Komplementbyggnad;","andamal2":"None","andamal3":"None","andamal4":"None","andamal5":"None","FormularId":null,"energy_class":null,"energy_performance":null,"specific_energy":null,"building_category":null,"construction_year":null,"epc_detail":{}}},{"type":"Feature","geometry":{"type":"Polygon","coordinates":[[[11.949356763477422,57.70768509448161],[11.948247157052354,57.70790593188574],[11.948184927015472,57.70781659149951],[11.947864123677746,57.70771788511714],[11.948300231188533,57.707310268871574],[11.949311829270778,57.707620457177995],[11.949356763477422,57.70768509448161]]]},"properties":{"id":"900f6d28-db8c-4e7b-aa64-3d74dddc2c5c","objektidentitet":"ba4c0a26-7664-494f-a8fc-215c5fe48178","versiongiltigfran":"2017-01-02T13:33:13.815Z","lagesosakerhetplan":0.06,"lagesosakerhethojd":null,"ursprunglig_organisation":"G\u00f6teborg","objektversion":5.0,"objekttypnr":2064.0,"objekttyp":"Verksamhet","insamlingslage":"Takkant","byggnadsnamn1":"None","byggnadsnamn2":"None","byggnadsnamn3":"None","husnummer":33.0,"huvudbyggnad":"Nej","andamal1":"Verksamhet;","andamal2":"None","andamal3":"None","andamal4":"None","andamal5":"None","FormularId":1018853,"fastighetsbeteckning":"LUNDBYVASSEN 4:6","energy_class":"D","energy_performance":157,"specific_energy":130,"building_category":"Lokalbyggnader","construction_year":1975,"epc_detail":{"IdAdr":"Anders Carlssons Gata 16","IdPostnr":41755,"IdPostort":"G\u00f6teborg","IdKommun":"G\u00f6teborg","EgenByggnadsKat":"Lokalbyggnader","EgenByggnadsTyp":"Friliggande","EgenNybyggAr":1975,"EgenAtemp":13956,"EgenAntalPlan":8,"EgenAntalKallarplan":1,"EgenAntalTrapphus":3,"EgenAntalBolgh":0,"EgenProjVentFlode":"1","EgenInstEleffektStorre":"Nej","EgenSkyddadEllerVardefull":0,"EgiEnergiklass":"D","EgiEnergiPrestanda":157,"EgiSpecifikEnergianvandning":130,"EgiEnergianvandning":1810533,"EgiPrimarenergianvandning":2189355,"EgiForstaArManad":1801,"EgiSistaArManad":1812,"EgiBeraknatVarde":"Nej","EgiSolcell":624,"VentTypFTX":"Ja","VentTypF":"Nej","VentTypFT":"Ja","VentTypSjalvdrag":"Nej","VentTypFmed":"Nej","VentGruppKrav":"Ja","EgiSumma2":1689700,"EgiFjarrkyla":158300,"EgiBerElProduktion":73900,"EgiFastighet":347380,"EgiStationEI":"G\u00f6teborg","EgiRefvarde1":126,"EgiRefvarde2Max":185,"EgiVersion":2019,"VentGruppGodkand":"Delvis","RadGruppHaltMatt":"Nej","Godkand":"2019-12-23","Version":2.6,"ExpertBehorighet":"Kvalificerad","VentDelvisProcent":20,"VentGruppUtanAnm":1,"AtgForslagEgiMinskad":76800,"AtgForslagKostnad":"0,40000000000000002"}}},{"type":"Feature","geometry":{"type":"Polygon","coordinates":[[[11.950529584069749,57.707596078445604],[11.950646261295361,57.70757200800874],[11.9507614271576,57.70773196497082],[11.950644766998678,57.7077560269433],[11.950529584069749,57.707596078445604]]]},"properties":{"id":"e89d1212-5915-4c27-8ede-14eb7c207447","objektidentitet":"96251e47-ed74-463c-8d28-d71e3d6aed5c","versiongiltigfran":"2012-01-03T09:52:49.467Z","lagesosakerhetplan":0.06,"lagesosakerhethojd":null,"ursprunglig_organisation":"G\u00f6teborg","objektversion":2.0,"objekttypnr":2066.0,"objekttyp":"Komplementbyggnad","insamlingslage":"Takkant","byggnadsnamn1":"None","byggnadsnamn2":"None","byggnadsnamn3":"None","husnummer":51.0,"huvudbyggnad":"Nej","andamal1":"Komplementbyggnad;","andamal2":"None","andamal3":"None","andamal4":"None","andamal5":"None","FormularId":null,"energy_class":null,"energy_performance":null,"specific_energy":null,"building_category":null,"construction_year":null,"epc_detail":{}}},{"type":"Feature","geometry":{"type":"Polygon","coordinates":[[[11.94966600025536,57.70766210005522],[11.949655699423536,57.70764742603745],[11.94974929294255,57.70762849817112],[11.949890919375937,57.707829350954135],[11.94979766810555,57.70784819730389],[11.949787151434695,57.707833293396135],[11.949617011206723,57.70786770434488],[11.94949618742371,57.7076964198589],[11.94966600025536,57.70766210005522]]]},"properties":{"id":"edc12b88-a940-4814-8c5f-a80a9063c0d7","objektidentitet":"99272486-9c90-4490-9437-b606598e74ee","versiongiltigfran":"2011-03-23T08:54:17.326Z","lagesosakerhetplan":0.06,"lagesosakerhethojd":null,"ursprunglig_organisation":"Lantm\u00e4teriet","objektversion":1.0,"objekttypnr":2062.0,"objekttyp":"Industri","insamlingslage":"Takkant","byggnadsnamn1":"None","byggnadsnamn2":"None","byggnadsnamn3":"None","husnummer":4.0,"huvudbyggnad":"Nej","andamal1":"Industri;Tillverkning","andamal2":"None","andamal3":"None","andamal4":"None","andamal5":"None","FormularId":1034109,"fastighetsbeteckning":"LUNDBYVASSEN 4:6","energy_class":"C","energy_performance":114,"specific_energy":96,"building_category":"Lokalbyggnader","construction_year":1983,"epc_detail":{"IdAdr":"Anders Carlssons Gata 26","IdPostnr":41755,"IdPostort":"G\u00f6teborg","IdKommun":"G\u00f6teborg","EgenByggnadsKat":"Lokalbyggnader","EgenByggnadsTyp":"Friliggande","EgenNybyggAr":1983,"EgenAtemp":690,"EgenAntalKallarplan":0,"EgenProjVentFlode":"1","EgenInstEleffektStorre":"Nej","EgenSkyddadEllerVardefull":0,"EgiEnergiklass":"C","EgiEnergiPrestanda":114,"EgiSpecifikEnergianvandning":96,"EgiEnergianvandning":66070,"EgiPrimarenergianvandning":78637,"EgiForstaArManad":1901,"EgiSistaArManad":1912,"EgiBeraknatVarde":"Nej","VentTypFTX":"Ja","VentTypF":"Nej","VentTypFT":"Nej","VentTypSjalvdrag":"Nej","VentTypFmed":"Nej","VentGruppKrav":"Ja","EgiSumma2":59102,"EgiFastighet":9332,"EgiStationEI":"G\u00f6teborg","EgiRefvarde1":126,"EgiRefvarde2Max":183,"EgiVersion":2019,"VentGruppGodkand":"Nej","RadGruppHaltMatt":"Nej","Godkand":"2020-06-15","Version":2.7,"ExpertBehorighet":"Kvalificerad","InspUppvUndAvtalEgipres":"Nej","InspLuftUndAvtalEgipres":"Nej","AtgForslagEgiMinskad":4600,"AtgForslagKostnad":"0,25"}}},{"type":"Feature","geometry":{"type":"Polygon","coordinates":[[[11.950652821613277,57.70775469314459],[11.950800483170436,57.70772359484491],[11.950843273958421,57.707781807470155],[11.950695612197492,57.70781290581762],[11.950652821613277,57.70775469314459]]]},"properties":{"id":"ccc8f2c4-3342-414a-b958-4b720f6d63c6","objektidentitet":"96251e47-ed74-463c-8d28-d71e3d6aed5c","versiongiltigfran":"2012-01-03T09:52:49.467Z","lagesosakerhetplan":0.06,"lagesosakerhethojd":null,"ursprunglig_organisation":"G\u00f6teborg","objektversion":2.0,"objekttypnr":2066.0,"objekttyp":"Komplementbyggnad","insamlingslage":"Takkant","byggnadsnamn1":"None","byggnadsnamn2":"None","byggnadsnamn3":"None","husnummer":51.0,"huvudbyggnad":"Nej","andamal1":"Komplementbyggnad;","andamal2":"None","andamal3":"None","andamal4":"None","andamal5":"None","FormularId":null,"energy_class":null,"energy_performance":null,"specific_energy":null,"building_category":null,"construction_year":null,"epc_detail":{}}},{"type":"Feature","geometry":{"type":"Polygon","coordinates":[[[11.950110382518012,57.70802853884604],[11.95009318381137,57.708004440995964],[11.95022568152572,57.707977363880914],[11.950242863551132,57.708001461309834],[11.950110382518012,57.70802853884604]]]},"properties":{"id":"b4baa9d2-ee1b-4d86-8505-fcf9bc833299","objektidentitet":"4fe53a6e-d57e-40e4-aaad-6220cfd90ae4","versiongiltigfran":"2019-03-13T09:47:52.209Z","lagesosakerhetplan":0.1,"lagesosakerhethojd":null,"ursprunglig_organisation":"G\u00f6teborg","objektversion":5.0,"objekttypnr":2062.0,"objekttyp":"Industri","insamlingslage":"Takkant","byggnadsnamn1":"None","byggnadsnamn2":"None","byggnadsnamn3":"None","husnummer":34.0,"huvudbyggnad":"Nej","andamal1":"Industri;Ospecificerad","andamal2":"None","andamal3":"None","andamal4":"None","andamal5":"None","FormularId":null,"energy_class":null,"energy_performance":null,"specific_energy":null,"building_category":null,"construction_year":null,"epc_detail":{}}},{"type":"Feature","geometry":{"type":"Polygon","coordinates":[[[11.950111304340803,57.70847475823006],[11.949837405765427,57.70808434279954],[11.95027354901814,57.70799519046085],[11.950551102298533,57.708384326821786],[11.950111304340803,57.70847475823006]]]},"properties":{"id":"6f2adbe4-81b6-4ad3-a774-635458b42d5e","objektidentitet":"4fe53a6e-d57e-40e4-aaad-6220cfd90ae4","versiongiltigfran":"2019-03-13T09:47:52.209Z","lagesosakerhetplan":0.05,"lagesosakerhethojd":null,"ursprunglig_organisation":"G\u00f6teborg","objektversion":5.0,"objekttypnr":2062.0,"objekttyp":"Industri","insamlingslage":"Fasad","byggnadsnamn1":"None","byggnadsnamn2":"None","byggnadsnamn3":"None","husnummer":34.0,"huvudbyggnad":"Nej","andamal1":"Industri;Ospecificerad","andamal2":"None","andamal3":"None","andamal4":"None","andamal5":"None","FormularId":null,"energy_class":null,"energy_performance":null,"specific_energy":null,"building_category":null,"construction_year":null,"epc_detail":{}}},{"type":"Feature","geometry":{"type":"Polygon","coordinates":[[[11.951290315731892,57.7085354073018],[11.951310220982515,57.70856507081136],[11.951208923062143,57.70858454220529],[11.951189001881374,57.70855486930692],[11.951290315731892,57.7085354073018]]]},"properties":{"id":"0a635cd7-c8a4-4609-876b-3e07ec0aabf6","objektidentitet":"d8e36acd-7eea-49a8-896c-f4ebb147f732","versiongiltigfran":"2011-03-23T08:43:50.225Z","lagesosakerhetplan":0.06,"lagesosakerhethojd":null,"ursprunglig_organisation":"Lantm\u00e4teriet","objektversion":1.0,"objekttypnr":2062.0,"objekttyp":"Industri","insamlingslage":"Takkant","byggnadsnamn1":"None","byggnadsnamn2":"None","byggnadsnamn3":"None","husnummer":18.0,"huvudbyggnad":"Nej","andamal1":"Industri;Tillverkning","andamal2":"None","andamal3":"None","andamal4":"None","andamal5":"None","FormularId":null,"energy_class":null,"energy_performance":null,"specific_energy":null,"building_category":null,"construction_year":null,"epc_detail":{}}},{"type":"Feature","geometry":{"type":"Polygon","coordinates":[[[11.949963215626935,57.70788392511276],[11.950153806774608,57.70784413761354],[11.950208990094456,57.70791989707724],[11.950018399358243,57.70795967568616],[11.949963215626935,57.70788392511276]]]},"properties":{"id":"17d370f3-04c0-461a-b04c-5e015cff6955","objektidentitet":"3ea64d8a-e6dc-41f6-8af7-996ef5858878","versiongiltigfran":"2019-03-13T10:03:50.632Z","lagesosakerhetplan":0.1,"lagesosakerhethojd":null,"ursprunglig_organisation":"G\u00f6teborg","objektversion":3.0,"objekttypnr":2062.0,"objekttyp":"Industri","insamlingslage":"Takkant","byggnadsnamn1":"None","byggnadsnamn2":"None","byggnadsnamn3":"None","husnummer":70.0,"huvudbyggnad":"Nej","andamal1":"Industri;Ospecificerad","andamal2":"None","andamal3":"None","andamal4":"None","andamal5":"None","FormularId":null,"energy_class":null,"energy_performance":null,"specific_energy":null,"building_category":null,"construction_year":null,"epc_detail":{}}},{"type":"Feature","geometry":{"type":"Polygon","coordinates":[[[11.9499514645256,57.709080538491776],[11.949963598552284,57.70909718009063],[11.949183272082637,57.709256901118295],[11.949038834833447,57.709054712512796],[11.948851635338618,57.70909301633353],[11.948707724429266,57.70889158600309],[11.94776910500464,57.709083710744416],[11.94764301673217,57.708907201263976],[11.947553668034598,57.708925520004605],[11.947535612120944,57.70890025065056],[11.947341800381444,57.70893989369164],[11.947198157697056,57.70873877357135],[11.94710664543079,57.708757462217726],[11.94695474989156,57.70854489870592],[11.949235340790315,57.70807813909725],[11.9499514645256,57.709080538491776]]]},"properties":{"id":"60099e9c-f981-4c3c-ac34-5f4502193abc","objektidentitet":"cb40af3f-13d3-4850-8afa-0157f89b5012","versiongiltigfran":"2018-08-28T09:00:46.409Z","lagesosakerhetplan":0.1,"lagesosakerhethojd":null,"ursprunglig_organisation":"G\u00f6teborg","objektversion":4.0,"objekttypnr":2062.0,"objekttyp":"Industri","insamlingslage":"Takkant","byggnadsnamn1":"None","byggnadsnamn2":"None","byggnadsnamn3":"None","husnummer":7.0,"huvudbyggnad":"Nej","andamal1":"Industri;Tillverkning","andamal2":"None","andamal3":"None","andamal4":"None","andamal5":"None","FormularId":1036855,"fastighetsbeteckning":"LUNDBYVASSEN 4:6","energy_class":"D","energy_performance":149,"specific_energy":123,"building_category":"Lokalbyggnader","construction_year":1943,"epc_detail":{"IdAdr":"Valdemar Nor\u00e9ns Gata 9","IdPostnr":41755,"IdPostort":"G\u00f6teborg","IdKommun":"G\u00f6teborg","EgenByggnadsKat":"Lokalbyggnader","EgenByggnadsTyp":"Friliggande","EgenNybyggAr":1943,"EgenAtemp":16959,"EgenAntalPlan":4,"EgenAntalKallarplan":0,"EgenAntalTrapphus":5,"EgenProjVentFlode":"1","EgenInstEleffektStorre":"Nej","EgenSkyddadEllerVardefull":0,"EgiEnergiklass":"D","EgiEnergiPrestanda":149,"EgiSpecifikEnergianvandning":123,"EgiEnergianvandning":2083766,"EgiPrimarenergianvandning":2518989,"EgiForstaArManad":1801,"EgiSistaArManad":1812,"EgiBeraknatVarde":"Nej","VentTypFTX":"Ja","VentTypF":"Ja","VentTypFT":"Ja","VentTypSjalvdrag":"Nej","VentTypFmed":"Nej","VentGruppKrav":"Ja","EgiSumma2":1957268,"EgiFjarrkyla":284992,"EgiFastighet":489120,"EgiStationEI":"G\u00f6teborg","EgiRefvarde1":126,"EgiRefvarde2Max":194,"EgiVersion":2019,"VentGruppGodkand":"Delvis","RadGruppHaltMatt":"Nej","Godkand":"2020-06-15","Version":2.7,"ExpertBehorighet":"Kvalificerad","VentDelvisProcent":20,"VentGruppUtanAnm":1,"InspUppvGruppInspSkyldighet":"Ja","InspUppvUndAvtalEgipres":"Nej","InspLuftUndAvtalEgipres":"Nej","AtgForslagEgiMinskad":10000,"AtgForslagKostnad":"0,10000000000000001"}}},{"type":"Feature","geometry":{"type":"Polygon","coordinates":[[[11.947205687835325,57.70926759037253],[11.949856990968861,57.71009537165852],[11.949572132839595,57.71035838432024],[11.946920281540756,57.70952898418631],[11.947205687835325,57.70926759037253]]]},"properties":{"id":"05240456-999a-4468-8da2-98b3dd65ce49","objektidentitet":"b52cbaf9-80da-42c0-bcea-ba44101d3bf0","versiongiltigfran":"2020-01-23T15:51:01.529Z","lagesosakerhetplan":0.06,"lagesosakerhethojd":2.5,"ursprunglig_organisation":"G\u00f6teborg","objektversion":2.0,"objekttypnr":2062.0,"objekttyp":"Industri","insamlingslage":"Takkant","byggnadsnamn1":"None","byggnadsnamn2":"None","byggnadsnamn3":"None","husnummer":27.0,"huvudbyggnad":"Nej","andamal1":"Industri;Tillverkning","andamal2":"None","andamal3":"None","andamal4":"None","andamal5":"None","FormularId":1020512,"fastighetsbeteckning":"LUNDBYVASSEN 4:6","energy_class":"G","energy_performance":216,"specific_energy":191,"building_category":"Lokalbyggnader","construction_year":1970,"epc_detail":{"IdAdr":"Valdemar Nor\u00e9ns Gata 8","IdPostnr":41755,"IdPostort":"G\u00f6teborg","IdKommun":"G\u00f6teborg","EgenByggnadsKat":"Lokalbyggnader","EgenByggnadsTyp":"Friliggande","EgenNybyggAr":1970,"EgenAtemp":17814,"EgenAntalPlan":3,"EgenAntalKallarplan":0,"EgenAntalTrapphus":2,"EgenAntalBolgh":0,"EgenProjVentFlode":"0,5","EgenInstEleffektStorre":"Nej","EgenSkyddadEllerVardefull":0,"EgiEnergiklass":"G","EgiEnergiPrestanda":216,"EgiSpecifikEnergianvandning":191,"EgiEnergianvandning":3406769,"EgiPrimarenergianvandning":3848424,"EgiForstaArManad":1701,"EgiSistaArManad":1712,"EgiBeraknatVarde":"Nej","VentTypFTX":"Ja","VentTypF":"Ja","VentTypFT":"Nej","VentTypSjalvdrag":"Nej","VentTypFmed":"Nej","VentGruppKrav":"Ja","EgiSumma2":3155545,"EgiFastighet":137217,"EgiStationEI":"G\u00f6teborg","EgiRefvarde1":91,"EgiRefvarde2Max":195,"EgiVersion":2019,"VentGruppGodkand":"Nej","RadGruppHaltMatt":"Nej","Godkand":"2019-12-23","Version":2.6,"ExpertBehorighet":"Kvalificerad","AtgForslagEgiMinskad":69400,"AtgForslagKostnad":"0,10000000000000001"}}},{"type":"Feature","geometry":{"type":"Polygon","coordinates":[[[11.947441169346884,57.709127586918484],[11.948072335022069,57.70932962920402],[11.94824212108537,57.70917468335969],[11.950194306787425,57.70978643635484],[11.949967763124803,57.709994510244556],[11.949856990968861,57.71009537165852],[11.947262709113579,57.709285396300814],[11.947441169346884,57.709127586918484]]]},"properties":{"id":"c66c3ac6-a812-4f95-85a8-441783e3bdd8","objektidentitet":"b52cbaf9-80da-42c0-bcea-ba44101d3bf0","versiongiltigfran":"2020-01-23T15:51:01.529Z","lagesosakerhetplan":0.06,"lagesosakerhethojd":2.5,"ursprunglig_organisation":"G\u00f6teborg","objektversion":2.0,"objekttypnr":2062.0,"objekttyp":"Industri","insamlingslage":"Takkant","byggnadsnamn1":"None","byggnadsnamn2":"None","byggnadsnamn3":"None","husnummer":27.0,"huvudbyggnad":"Nej","andamal1":"Industri;Tillverkning","andamal2":"None","andamal3":"None","andamal4":"None","andamal5":"None","FormularId":1020512,"fastighetsbeteckning":"LUNDBYVASSEN 4:6","energy_class":"G","energy_performance":216,"specific_energy":191,"building_category":"Lokalbyggnader","construction_year":1970,"epc_detail":{"IdAdr":"Valdemar Nor\u00e9ns Gata 8","IdPostnr":41755,"IdPostort":"G\u00f6teborg","IdKommun":"G\u00f6teborg","EgenByggnadsKat":"Lokalbyggnader","EgenByggnadsTyp":"Friliggande","EgenNybyggAr":1970,"EgenAtemp":17814,"EgenAntalPlan":3,"EgenAntalKallarplan":0,"EgenAntalTrapphus":2,"EgenAntalBolgh":0,"EgenProjVentFlode":"0,5","EgenInstEleffektStorre":"Nej","EgenSkyddadEllerVardefull":0,"EgiEnergiklass":"G","EgiEnergiPrestanda":216,"EgiSpecifikEnergianvandning":191,"EgiEnergianvandning":3406769,"EgiPrimarenergianvandning":3848424,"EgiForstaArManad":1701,"EgiSistaArManad":1712,"EgiBeraknatVarde":"Nej","VentTypFTX":"Ja","VentTypF":"Ja","VentTypFT":"Nej","VentTypSjalvdrag":"Nej","VentTypFmed":"Nej","VentGruppKrav":"Ja","EgiSumma2":3155545,"EgiFastighet":137217,"EgiStationEI":"G\u00f6teborg","EgiRefvarde1":91,"EgiRefvarde2Max":195,"EgiVersion":2019,"VentGruppGodkand":"Nej","RadGruppHaltMatt":"Nej","Godkand":"2019-12-23","Version":2.6,"ExpertBehorighet":"Kvalificerad","AtgForslagEgiMinskad":69400,"AtgForslagKostnad":"0,10000000000000001"}}},{"type":"Feature","geometry":{"type":"Polygon","coordinates":[[[11.94808135206348,57.710673894712095],[11.94836514313278,57.71041593767414],[11.949039820984295,57.71063344091081],[11.948617623587365,57.71084733689991],[11.94808135206348,57.710673894712095]]]},"properties":{"id":"c877b141-b9fc-45ae-a9dd-944cb125f5b0","objektidentitet":"e66d2ffd-5bbf-48c8-9ce9-0844eef7a52e","versiongiltigfran":"2022-02-09T12:59:23.480Z","lagesosakerhetplan":0.1,"lagesosakerhethojd":null,"ursprunglig_organisation":"G\u00f6teborg","objektversion":3.0,"objekttypnr":2064.0,"objekttyp":"Verksamhet","insamlingslage":"Takkant","byggnadsnamn1":"None","byggnadsnamn2":"None","byggnadsnamn3":"None","husnummer":1.0,"huvudbyggnad":"Nej","andamal1":"Verksamhet;","andamal2":"None","andamal3":"None","andamal4":"None","andamal5":"None","FormularId":null,"energy_class":null,"energy_performance":null,"specific_energy":null,"building_category":null,"construction_year":null,"epc_detail":{}}},{"type":"Feature","geometry":{"type":"Polygon","coordinates":[[[11.949098110339426,57.70913770757123],[11.94903201968284,57.70915123142928],[11.948972742797979,57.70906825428071],[11.949038816565176,57.70905473004808],[11.949098110339426,57.70913770757123]]]},"properties":{"id":"00381ea1-7c25-4cad-9038-7978de7d5d90","objektidentitet":"cb40af3f-13d3-4850-8afa-0157f89b5012","versiongiltigfran":"2018-08-28T09:00:46.409Z","lagesosakerhetplan":0.1,"lagesosakerhethojd":null,"ursprunglig_organisation":"G\u00f6teborg","objektversion":4.0,"objekttypnr":2062.0,"objekttyp":"Industri","insamlingslage":"Takkant","byggnadsnamn1":"None","byggnadsnamn2":"None","byggnadsnamn3":"None","husnummer":7.0,"huvudbyggnad":"Nej","andamal1":"Industri;Tillverkning","andamal2":"None","andamal3":"None","andamal4":"None","andamal5":"None","FormularId":1036855,"fastighetsbeteckning":"LUNDBYVASSEN 4:6","energy_class":"D","energy_performance":149,"specific_energy":123,"building_category":"Lokalbyggnader","construction_year":1943,"epc_detail":{"IdAdr":"Valdemar Nor\u00e9ns Gata 9","IdPostnr":41755,"IdPostort":"G\u00f6teborg","IdKommun":"G\u00f6teborg","EgenByggnadsKat":"Lokalbyggnader","EgenByggnadsTyp":"Friliggande","EgenNybyggAr":1943,"EgenAtemp":16959,"EgenAntalPlan":4,"EgenAntalKallarplan":0,"EgenAntalTrapphus":5,"EgenProjVentFlode":"1","EgenInstEleffektStorre":"Nej","EgenSkyddadEllerVardefull":0,"EgiEnergiklass":"D","EgiEnergiPrestanda":149,"EgiSpecifikEnergianvandning":123,"EgiEnergianvandning":2083766,"EgiPrimarenergianvandning":2518989,"EgiForstaArManad":1801,"EgiSistaArManad":1812,"EgiBeraknatVarde":"Nej","VentTypFTX":"Ja","VentTypF":"Ja","VentTypFT":"Ja","VentTypSjalvdrag":"Nej","VentTypFmed":"Nej","VentGruppKrav":"Ja","EgiSumma2":1957268,"EgiFjarrkyla":284992,"EgiFastighet":489120,"EgiStationEI":"G\u00f6teborg","EgiRefvarde1":126,"EgiRefvarde2Max":194,"EgiVersion":2019,"VentGruppGodkand":"Delvis","RadGruppHaltMatt":"Nej","Godkand":"2020-06-15","Version":2.7,"ExpertBehorighet":"Kvalificerad","VentDelvisProcent":20,"VentGruppUtanAnm":1,"InspUppvGruppInspSkyldighet":"Ja","InspUppvUndAvtalEgipres":"Nej","InspLuftUndAvtalEgipres":"Nej","AtgForslagEgiMinskad":10000,"AtgForslagKostnad":"0,10000000000000001"}}},{"type":"Feature","geometry":{"type":"Polygon","coordinates":[[[11.949549571648639,57.70655552863243],[11.949478619576958,57.70656801866178],[11.949438584339687,57.70650284339203],[11.949509536296091,57.70649035338395],[11.949549571648639,57.70655552863243]]]},"properties":{"id":"9d614c1f-9538-4365-9d89-e36a0ab8927b","objektidentitet":"522314f3-9fb6-4c95-80b6-884a4602ade5","versiongiltigfran":"2023-06-09T13:51:30.959Z","lagesosakerhetplan":0.1,"lagesosakerhethojd":null,"ursprunglig_organisation":"G\u00f6teborg","objektversion":1.0,"objekttypnr":2067.0,"objekttyp":"\u00d6vrig byggnad","insamlingslage":"Takkant","byggnadsnamn1":"None","byggnadsnamn2":"None","byggnadsnamn3":"None","husnummer":13.0,"huvudbyggnad":"Nej","andamal1":"\u00d6vrig byggnad;","andamal2":"None","andamal3":"None","andamal4":"None","andamal5":"None","FormularId":null,"energy_class":null,"energy_performance":null,"specific_energy":null,"building_category":null,"construction_year":null,"epc_detail":{}}},{"type":"Feature","geometry":{"type":"Polygon","coordinates":[[[11.950052289783015,57.70923113540602],[11.949431950095292,57.70935942826595],[11.949338214235748,57.70922518007157],[11.949957342777015,57.709098485314996],[11.94997541120019,57.70912282884078],[11.950052289783015,57.70923113540602]]]},"properties":{"id":"ec7cdd56-4ec8-4982-95bb-f8ea8b49e5ff","objektidentitet":"cb40af3f-13d3-4850-8afa-0157f89b5012","versiongiltigfran":"2018-08-28T09:00:46.409Z","lagesosakerhetplan":0.1,"lagesosakerhethojd":null,"ursprunglig_organisation":"G\u00f6teborg","objektversion":4.0,"objekttypnr":2062.0,"objekttyp":"Industri","insamlingslage":"Takkant","byggnadsnamn1":"None","byggnadsnamn2":"None","byggnadsnamn3":"None","husnummer":7.0,"huvudbyggnad":"Nej","andamal1":"Industri;Tillverkning","andamal2":"None","andamal3":"None","andamal4":"None","andamal5":"None","FormularId":1036855,"fastighetsbeteckning":"LUNDBYVASSEN 4:6","energy_class":"D","energy_performance":149,"specific_energy":123,"building_category":"Lokalbyggnader","construction_year":1943,"epc_detail":{"IdAdr":"Valdemar Nor\u00e9ns Gata 9","IdPostnr":41755,"IdPostort":"G\u00f6teborg","IdKommun":"G\u00f6teborg","EgenByggnadsKat":"Lokalbyggnader","EgenByggnadsTyp":"Friliggande","EgenNybyggAr":1943,"EgenAtemp":16959,"EgenAntalPlan":4,"EgenAntalKallarplan":0,"EgenAntalTrapphus":5,"EgenProjVentFlode":"1","EgenInstEleffektStorre":"Nej","EgenSkyddadEllerVardefull":0,"EgiEnergiklass":"D","EgiEnergiPrestanda":149,"EgiSpecifikEnergianvandning":123,"EgiEnergianvandning":2083766,"EgiPrimarenergianvandning":2518989,"EgiForstaArManad":1801,"EgiSistaArManad":1812,"EgiBeraknatVarde":"Nej","VentTypFTX":"Ja","VentTypF":"Ja","VentTypFT":"Ja","VentTypSjalvdrag":"Nej","VentTypFmed":"Nej","VentGruppKrav":"Ja","EgiSumma2":1957268,"EgiFjarrkyla":284992,"EgiFastighet":489120,"EgiStationEI":"G\u00f6teborg","EgiRefvarde1":126,"EgiRefvarde2Max":194,"EgiVersion":2019,"VentGruppGodkand":"Delvis","RadGruppHaltMatt":"Nej","Godkand":"2020-06-15","Version":2.7,"ExpertBehorighet":"Kvalificerad","VentDelvisProcent":20,"VentGruppUtanAnm":1,"InspUppvGruppInspSkyldighet":"Ja","InspUppvUndAvtalEgipres":"Nej","InspLuftUndAvtalEgipres":"Nej","AtgForslagEgiMinskad":10000,"AtgForslagKostnad":"0,10000000000000001"}}},{"type":"Feature","geometry":{"type":"Polygon","coordinates":[[[11.950052289783015,57.70923113540602],[11.95010653241993,57.70931450295448],[11.94980157575508,57.70937666342475],[11.949742005509288,57.709295351353255],[11.950052289783015,57.70923113540602]]]},"properties":{"id":"5e21531a-1e33-4d70-95d2-894901060b21","objektidentitet":"cb40af3f-13d3-4850-8afa-0157f89b5012","versiongiltigfran":"2018-08-28T09:00:46.409Z","lagesosakerhetplan":0.1,"lagesosakerhethojd":null,"ursprunglig_organisation":"G\u00f6teborg","objektversion":4.0,"objekttypnr":2062.0,"objekttyp":"Industri","insamlingslage":"Takkant","byggnadsnamn1":"None","byggnadsnamn2":"None","byggnadsnamn3":"None","husnummer":7.0,"huvudbyggnad":"Nej","andamal1":"Industri;Tillverkning","andamal2":"None","andamal3":"None","andamal4":"None","andamal5":"None","FormularId":1036855,"fastighetsbeteckning":"LUNDBYVASSEN 4:6","energy_class":"D","energy_performance":149,"specific_energy":123,"building_category":"Lokalbyggnader","construction_year":1943,"epc_detail":{"IdAdr":"Valdemar Nor\u00e9ns Gata 9","IdPostnr":41755,"IdPostort":"G\u00f6teborg","IdKommun":"G\u00f6teborg","EgenByggnadsKat":"Lokalbyggnader","EgenByggnadsTyp":"Friliggande","EgenNybyggAr":1943,"EgenAtemp":16959,"EgenAntalPlan":4,"EgenAntalKallarplan":0,"EgenAntalTrapphus":5,"EgenProjVentFlode":"1","EgenInstEleffektStorre":"Nej","EgenSkyddadEllerVardefull":0,"EgiEnergiklass":"D","EgiEnergiPrestanda":149,"EgiSpecifikEnergianvandning":123,"EgiEnergianvandning":2083766,"EgiPrimarenergianvandning":2518989,"EgiForstaArManad":1801,"EgiSistaArManad":1812,"EgiBeraknatVarde":"Nej","VentTypFTX":"Ja","VentTypF":"Ja","VentTypFT":"Ja","VentTypSjalvdrag":"Nej","VentTypFmed":"Nej","VentGruppKrav":"Ja","EgiSumma2":1957268,"EgiFjarrkyla":284992,"EgiFastighet":489120,"EgiStationEI":"G\u00f6teborg","EgiRefvarde1":126,"EgiRefvarde2Max":194,"EgiVersion":2019,"VentGruppGodkand":"Delvis","RadGruppHaltMatt":"Nej","Godkand":"2020-06-15","Version":2.7,"ExpertBehorighet":"Kvalificerad","VentDelvisProcent":20,"VentGruppUtanAnm":1,"InspUppvGruppInspSkyldighet":"Ja","InspUppvUndAvtalEgipres":"Nej","InspLuftUndAvtalEgipres":"Nej","AtgForslagEgiMinskad":10000,"AtgForslagKostnad":"0,10000000000000001"}}}]}