{
"type": "FeatureCollection",
"name": "building-footprints",
"crs": { "type": "name", "properties": { "name": "urn:ogc:def:crs:OGC:1.3:CRS84" } },
"features": [
{ "type": "Feature", "properties": { "id": "03c35f36-c39a-4ae2-ba7f-bacf2e4debaf", "objektidentitet": "7a99a15e-fde3-4d62-b1ab-e4c458471923", "versiongiltigfran": "2011-03-23T08:40:55.761Z", "lagesosakerhetplan": 0.06, "lagesosakerhethojd": 2.5, "ursprunglig_organisation": "Lantmäteriet", "objektversion": 1.0, "objekttypnr": 2066.0, "objekttyp": "Komplementbyggnad", "insamlingslage": "Takkant", "byggnadsnamn1": "None", "byggnadsnamn2": "None", "byggnadsnamn3": "None", "husnummer": 2.0, "huvudbyggnad": "Nej", "andamal1": "Komplementbyggnad;", "andamal2": "None", "andamal3": "None", "andamal4": "None", "andamal5": "None" }, "geometry": { "type": "Polygon", "coordinates": [ [ [ 11.930912970343854, 57.705423818564682 ], [ 11.930923778315444, 57.705378466634116 ], [ 11.930973644416314, 57.70538186053318 ], [ 11.930962854021413, 57.705427203905536 ], [ 11.930912970343854, 57.705423818564682 ] ] ] } },
{ "type": "Feature", "properties": { "id": "5c88e93e-0979-4380-853b-4589fe335ec8", "objektidentitet": "ba147e7f-0893-4c8c-86d1-ffea684750da", "versiongiltigfran": "2011-03-23T08:44:34.499Z", "lagesosakerhetplan": 0.025, "lagesosakerhethojd": 2.5, "ursprunglig_organisation": "Lantmäteriet", "objektversion": 1.0, "objekttypnr": 2061.0, "objekttyp": "Bostad", "insamlingslage": "Takkant", "byggnadsnamn1": "None", "byggnadsnamn2": "None", "byggnadsnamn3": "None", "husnummer": 1.0, "huvudbyggnad": "Nej", "andamal1": "Bostad;Flerfamiljshus", "andamal2": "None", "andamal3": "None", "andamal4": "None", "andamal5": "None" }, "geometry": { "type": "Polygon", "coordinates": [ [ [ 11.931477064379459, 57.704763357549361 ], [ 11.931469658125268, 57.704762584684943 ], [ 11.931489590858618, 57.704710982692212 ], [ 11.931798205135054, 57.704744794309413 ], [ 11.931904057993149, 57.704861356586065 ], [ 11.931756429658765, 57.704899534221227 ], [ 11.931686157839831, 57.704822024904402 ], [ 11.931479546815217, 57.704799486642642 ], [ 11.931484201751577, 57.704787339915661 ], [ 11.931468564346734, 57.704785621381433 ], [ 11.931477064379459, 57.704763357549361 ] ] ] } },
{ "type": "Feature", "properties": { "id": "e914de89-7e46-4240-8012-0c04225f2285", "objektidentitet": "1b22d6f5-f5a1-478e-bfb6-f412cf5e577c", "versiongiltigfran": "2011-03-23T08:35:23.507Z", "lagesosakerhetplan": 0.06, "lagesosakerhethojd": null, "ursprunglig_organisation": "Lantmäteriet", "objektversion": 1.0, "objekttypnr": 2061.0, "objekttyp": "Bostad", "insamlingslage": "Takkant", "byggnadsnamn1": "None", "byggnadsnamn2": "None", "byggnadsnamn3": "None", "husnummer": 2.0, "huvudbyggnad": "Nej", "andamal1": "Bostad;Flerfamiljshus", "andamal2": "None", "andamal3": "None", "andamal4": "None", "andamal5": "None" }, "geometry": { "type": "Polygon", "coordinates": [ [ [ 11.931710482431605, 57.705602234613956 ], [ 11.931787103211722, 57.705687870239736 ], [ 11.931502531105762, 57.705760898121149 ], [ 11.931425827832978, 57.705675251327008 ], [ 11.931710482431605, 57.705602234613956 ] ] ] } },
{ "type": "Feature", "properties": { "id": "66fc3f7e-3b21-436e-8453-bc9bf3a7d593", "objektidentitet": "a70bdaf9-13be-4f73-af49-2db8d23bdafe", "versiongiltigfran": "2011-03-23T08:41:20.814Z", "lagesosakerhetplan": 0.06, "lagesosakerhethojd": 2.5, "ursprunglig_organisation": "Lantmäteriet", "objektversion": 1.0, "objekttypnr": 2066.0, "objekttyp": "Komplementbyggnad", "insamlingslage": "Takkant", "byggnadsnamn1": "None", "byggnadsnamn2": "None", "byggnadsnamn3": "None", "husnummer": 2.0, "huvudbyggnad": "Nej", "andamal1": "Komplementbyggnad;", "andamal2": "None", "andamal3": "None", "andamal4": "None", "andamal5": "None" }, "geometry": { "type": "Polygon", "coordinates": [ [ [ 11.931545020368512, 57.704919392967781 ], [ 11.93166735359153, 57.7048890597409 ], [ 11.931694320514428, 57.704920183184633 ], [ 11.931571954454517, 57.704950506654157 ], [ 11.931545020368512, 57.704919392967781 ] ] ] } },
{ "type": "Feature", "properties": { "id": "6653391e-7200-4a36-a7cc-b31cae0615e2", "objektidentitet": "61327b5f-6ac1-4f10-8490-cadd041189be", "versiongiltigfran": "2011-03-23T09:08:54.052Z", "lagesosakerhetplan": 0.06, "lagesosakerhethojd": null, "ursprunglig_organisation": "Lantmäteriet", "objektversion": 1.0, "objekttypnr": 2066.0, "objekttyp": "Komplementbyggnad", "insamlingslage": "Takkant", "byggnadsnamn1": "None", "byggnadsnamn2": "None", "byggnadsnamn3": "None", "husnummer": 2.0, "huvudbyggnad": "Nej", "andamal1": "Komplementbyggnad;", "andamal2": "None", "andamal3": "None", "andamal4": "None", "andamal5": "None" }, "geometry": { "type": "Polygon", "coordinates": [ [ [ 11.931689435510947, 57.705060412426171 ], [ 11.931798308641818, 57.705032395059838 ], [ 11.931826042654709, 57.705063186544969 ], [ 11.931717402570113, 57.7050914253009 ], [ 11.931689435510947, 57.705060412426171 ] ] ] } },
{ "type": "Feature", "properties": { "id": "868fc65c-ad95-49b1-b38c-1a4cb51bd382", "objektidentitet": "5d0c2c36-9ee2-4a7b-b3ef-35e1b6e28250", "versiongiltigfran": "2020-01-23T15:50:36.129Z", "lagesosakerhetplan": 0.1, "lagesosakerhethojd": null, "ursprunglig_organisation": "Göteborg", "objektversion": 2.0, "objekttypnr": 2066.0, "objekttyp": "Komplementbyggnad", "insamlingslage": "Takkant", "byggnadsnamn1": "None", "byggnadsnamn2": "None", "byggnadsnamn3": "None", "husnummer": 4.0, "huvudbyggnad": "Nej", "andamal1": "Komplementbyggnad;", "andamal2": "None", "andamal3": "None", "andamal4": "None", "andamal5": "None" }, "geometry": { "type": "Polygon", "coordinates": [ [ [ 11.931742402787002, 57.705388384238354 ], [ 11.931817569232743, 57.705369597875254 ], [ 11.931864005565036, 57.70542283660847 ], [ 11.931788822274909, 57.705441622591785 ], [ 11.931742402787002, 57.705388384238354 ] ] ] } },
{ "type": "Feature", "properties": { "id": "8422fd1a-ec54-4d78-a929-1355b92bb8c1", "objektidentitet": "5f34dbb0-05e7-46a8-b4c9-9a3678277305", "versiongiltigfran": "2011-03-23T09:05:25.820Z", "lagesosakerhetplan": 0.06, "lagesosakerhethojd": null, "ursprunglig_organisation": "Lantmäteriet", "objektversion": 1.0, "objekttypnr": 2066.0, "objekttyp": "Komplementbyggnad", "insamlingslage": "Takkant", "byggnadsnamn1": "None", "byggnadsnamn2": "None", "byggnadsnamn3": "None", "husnummer": 6.0, "huvudbyggnad": "Nej", "andamal1": "Komplementbyggnad;", "andamal2": "None", "andamal3": "None", "andamal4": "None", "andamal5": "None" }, "geometry": { "type": "Polygon", "coordinates": [ [ [ 11.931762542685792, 57.705722929954966 ], [ 11.931902580528158, 57.70568659047256 ], [ 11.9319337701645, 57.705720998020368 ], [ 11.931793677393713, 57.705757390134423 ], [ 11.931762542685792, 57.705722929954966 ] ] ] } },
{ "type": "Feature", "properties": { "id": "d9f9ad2d-cc65-4fac-ac2a-4673c6eb78dc", "objektidentitet": "db550ef5-30c6-472b-89f0-1dcf2bd5d6c7", "versiongiltigfran": "2019-04-24T11:25:32.132Z", "lagesosakerhetplan": 0.05, "lagesosakerhethojd": null, "ursprunglig_organisation": "Göteborg", "objektversion": 3.0, "objekttypnr": 2061.0, "objekttyp": "Bostad", "insamlingslage": "Fasad", "byggnadsnamn1": "None", "byggnadsnamn2": "None", "byggnadsnamn3": "None", "husnummer": 1.0, "huvudbyggnad": "Nej", "andamal1": "Bostad;Flerfamiljshus", "andamal2": "None", "andamal3": "None", "andamal4": "None", "andamal5": "None" }, "geometry": { "type": "Polygon", "coordinates": [ [ [ 11.932059333471383, 57.704795510416382 ], [ 11.932118635583015, 57.704780248922248 ], [ 11.932075323053624, 57.704732361991873 ], [ 11.932321788088716, 57.704667873201089 ], [ 11.932339465550928, 57.704687149736095 ], [ 11.932391099125855, 57.704673814333361 ], [ 11.932404581860419, 57.704688692869844 ], [ 11.932464460888351, 57.704673157592033 ], [ 11.932506995106687, 57.704719731236942 ], [ 11.932620685693982, 57.7046901222838 ], [ 11.932667706267539, 57.70474241317185 ], [ 11.932435683605972, 57.70480270492844 ], [ 11.932418047899258, 57.704783330553198 ], [ 11.93224495662079, 57.704828567028827 ], [ 11.932286898846478, 57.704874793835721 ], [ 11.932219892613757, 57.704892205456041 ], [ 11.932177878876464, 57.704846030819816 ], [ 11.932118597880773, 57.704860843454661 ], [ 11.932059333471383, 57.704795510416382 ] ] ] } },
{ "type": "Feature", "properties": { "id": "7586f07f-ef31-434b-9672-8ad6c5bc6abf", "objektidentitet": "ec9c808d-1421-4907-9012-1b72ba9d5024", "versiongiltigfran": "2011-03-23T08:34:46.874Z", "lagesosakerhetplan": 0.06, "lagesosakerhethojd": null, "ursprunglig_organisation": "Lantmäteriet", "objektversion": 1.0, "objekttypnr": 2066.0, "objekttyp": "Komplementbyggnad", "insamlingslage": "Takkant", "byggnadsnamn1": "None", "byggnadsnamn2": "None", "byggnadsnamn3": "None", "husnummer": 7.0, "huvudbyggnad": "Nej", "andamal1": "Komplementbyggnad;", "andamal2": "None", "andamal3": "None", "andamal4": "None", "andamal5": "None" }, "geometry": { "type": "Polygon", "coordinates": [ [ [ 11.932188505824985, 57.705614816895505 ], [ 11.932218328861552, 57.705647717195752 ], [ 11.932218157502906, 57.705647757980159 ], [ 11.932217746075624, 57.705647262650373 ], [ 11.932139995201759, 57.705666822463961 ], [ 11.93210989262394, 57.705633654712912 ], [ 11.932188505824985, 57.705614816895505 ] ] ] } },
{ "type": "Feature", "properties": { "id": "84467f99-9738-4eab-999b-e5a64deee991", "objektidentitet": "452d2b37-db79-488e-bc06-b22dfbac5065", "versiongiltigfran": "2019-04-24T11:25:32.535Z", "lagesosakerhetplan": 0.05, "lagesosakerhethojd": null, "ursprunglig_organisation": "Göteborg", "objektversion": 3.0, "objekttypnr": 2061.0, "objekttyp": "Bostad", "insamlingslage": "Fasad", "byggnadsnamn1": "None", "byggnadsnamn2": "None", "byggnadsnamn3": "None", "husnummer": 3.0, "huvudbyggnad": "Nej", "andamal1": "Bostad;Flerfamiljshus", "andamal2": "None", "andamal3": "None", "andamal4": "None", "andamal5": "None" }, "geometry": { "type": "Polygon", "coordinates": [ [ [ 11.932437292033919, 57.705213055317351 ], [ 11.932378314323881, 57.705147495712254 ], [ 11.932729833814653, 57.705054895545864 ], [ 11.932895470122178, 57.705012641424787 ], [ 11.933095337575331, 57.704960512299657 ], [ 11.933151230641313, 57.705022653236718 ], [ 11.933210937865306, 57.705007365101345 ], [ 11.933257746931844, 57.705058796761847 ], [ 11.932540750495571, 57.705245053731588 ], [ 11.932497725632285, 57.705197524472347 ], [ 11.932437292033919, 57.705213055317351 ] ] ] } },
{ "type": "Feature", "properties": { "id": "7b307697-993c-42cf-9c94-7314bae9527b", "objektidentitet": "ae4e0d02-9200-4572-8d5f-ac28dcfbc8b5", "versiongiltigfran": "2011-03-23T08:52:53.249Z", "lagesosakerhetplan": 0.06, "lagesosakerhethojd": null, "ursprunglig_organisation": "Lantmäteriet", "objektversion": 1.0, "objekttypnr": 2062.0, "objekttyp": "Industri", "insamlingslage": "Takkant", "byggnadsnamn1": "None", "byggnadsnamn2": "None", "byggnadsnamn3": "None", "husnummer": 1.0, "huvudbyggnad": "Nej", "andamal1": "Industri;Tillverkning", "andamal2": "None", "andamal3": "None", "andamal4": "None", "andamal5": "None" }, "geometry": { "type": "Polygon", "coordinates": [ [ [ 11.933234391446826, 57.705186803909939 ], [ 11.933454259884069, 57.705441479138322 ], [ 11.933187398563419, 57.705530884783172 ], [ 11.933092727922821, 57.705428544161748 ], [ 11.93316182089996, 57.705403740596843 ], [ 11.933021864304905, 57.705240702565476 ], [ 11.933234391446826, 57.705186803909939 ] ] ] } },
{ "type": "Feature", "properties": { "id": "07ff5da0-111b-495a-bdcb-fe6d0390c3bb", "objektidentitet": "22d66c0e-cc28-44d2-839a-1599b7e414a1", "versiongiltigfran": "2011-03-23T08:36:28.269Z", "lagesosakerhetplan": 0.06, "lagesosakerhethojd": 2.5, "ursprunglig_organisation": "Lantmäteriet", "objektversion": 1.0, "objekttypnr": 2066.0, "objekttyp": "Komplementbyggnad", "insamlingslage": "Takkant", "byggnadsnamn1": "None", "byggnadsnamn2": "None", "byggnadsnamn3": "None", "husnummer": 2.0, "huvudbyggnad": "Nej", "andamal1": "Komplementbyggnad;", "andamal2": "None", "andamal3": "None", "andamal4": "None", "andamal5": "None" }, "geometry": { "type": "Polygon", "coordinates": [ [ [ 11.933386485066206, 57.705362979774364 ], [ 11.933588731919894, 57.705287898255001 ], [ 11.933620840320479, 57.705302329341549 ], [ 11.933683272629473, 57.70536657892756 ], [ 11.933454259884069, 57.705441479138322 ], [ 11.933386485066206, 57.705362979774364 ] ] ] } },
{ "type": "Feature", "properties": { "id": "811a3d14-c828-4179-ba1c-5747221fd52d", "objektidentitet": "4c4e9985-f070-4561-bd07-7370cdf735aa", "versiongiltigfran": "2020-01-23T15:48:32.229Z", "lagesosakerhetplan": 0.05, "lagesosakerhethojd": null, "ursprunglig_organisation": "Göteborg", "objektversion": 3.0, "objekttypnr": 2063.0, "objekttyp": "Samhällsfunktion", "insamlingslage": "Fasad", "byggnadsnamn1": "None", "byggnadsnamn2": "None", "byggnadsnamn3": "None", "husnummer": 1.0, "huvudbyggnad": "Nej", "andamal1": "Samhällsfunktion;Skola", "andamal2": "None", "andamal3": "None", "andamal4": "None", "andamal5": "None" }, "geometry": { "type": "Polygon", "coordinates": [ [ [ 11.934379133131332, 57.704761528889037 ], [ 11.934404856359551, 57.704601303066966 ], [ 11.935172940584303, 57.704636847992631 ], [ 11.935172764284156, 57.704637940256582 ], [ 11.935328863400395, 57.704645281386277 ], [ 11.935281001592593, 57.704941300879689 ], [ 11.935283008523605, 57.704941394441747 ], [ 11.935258956363795, 57.705094012085702 ], [ 11.934332653516787, 57.705051236104744 ], [ 11.934358308725106, 57.704891224354981 ], [ 11.934398655892188, 57.704893011058481 ], [ 11.93441964240492, 57.704763382432468 ], [ 11.934379133131332, 57.704761528889037 ] ] ] } },
{ "type": "Feature", "properties": { "id": "e0638475-250a-4fda-9e25-e0b25d2da1ad", "objektidentitet": "5c5d3f60-96ff-4257-9135-53c9bd93e9ce", "versiongiltigfran": "2018-01-04T13:13:11.414Z", "lagesosakerhetplan": 0.1, "lagesosakerhethojd": null, "ursprunglig_organisation": "Göteborg", "objektversion": 4.0, "objekttypnr": 2061.0, "objekttyp": "Bostad", "insamlingslage": "Takkant", "byggnadsnamn1": "None", "byggnadsnamn2": "None", "byggnadsnamn3": "None", "husnummer": 39.0, "huvudbyggnad": "Nej", "andamal1": "Bostad;Flerfamiljshus", "andamal2": "None", "andamal3": "None", "andamal4": "None", "andamal5": "None" }, "geometry": { "type": "Polygon", "coordinates": [ [ [ 11.936791445936615, 57.705856641111723 ], [ 11.936630112604622, 57.705679113388818 ], [ 11.93681175515086, 57.705631813027381 ], [ 11.936973089177471, 57.705809340526393 ], [ 11.936791445936615, 57.705856641111723 ] ] ] } },
{ "type": "Feature", "properties": { "id": "0089f0b2-e053-4ffb-a94b-507f4d66eb55", "objektidentitet": "f741925e-4e60-4894-a84c-2b5559b77b5a", "versiongiltigfran": "2024-04-15T12:56:31.077Z", "lagesosakerhetplan": 0.1, "lagesosakerhethojd": null, "ursprunglig_organisation": "Göteborg", "objektversion": 1.0, "objekttypnr": 2066.0, "objekttyp": "Komplementbyggnad", "insamlingslage": "Takkant", "byggnadsnamn1": "None", "byggnadsnamn2": "None", "byggnadsnamn3": "None", "husnummer": 43.0, "huvudbyggnad": "Nej", "andamal1": "Komplementbyggnad;", "andamal2": "None", "andamal3": "None", "andamal4": "None", "andamal5": "None" }, "geometry": { "type": "Polygon", "coordinates": [ [ [ 11.936888285450118, 57.705591296787844 ], [ 11.936904924736872, 57.705608983592207 ], [ 11.936836453532864, 57.705627449719337 ], [ 11.936819814271649, 57.705609762906271 ], [ 11.936888285450118, 57.705591296787844 ] ] ] } },
{ "type": "Feature", "properties": { "id": "c285727c-0ed8-4b53-b26a-f0e9cedc1eb3", "objektidentitet": "14d1460b-d454-498b-bd2e-04843108b46e", "versiongiltigfran": "2018-01-04T13:13:18.689Z", "lagesosakerhetplan": 0.1, "lagesosakerhethojd": null, "ursprunglig_organisation": "Göteborg", "objektversion": 3.0, "objekttypnr": 2061.0, "objekttyp": "Bostad", "insamlingslage": "Takkant", "byggnadsnamn1": "None", "byggnadsnamn2": "None", "byggnadsnamn3": "None", "husnummer": 40.0, "huvudbyggnad": "Nej", "andamal1": "Bostad;Flerfamiljshus", "andamal2": "None", "andamal3": "None", "andamal4": "None", "andamal5": "None" }, "geometry": { "type": "Polygon", "coordinates": [ [ [ 11.937125668303672, 57.705769577969043 ], [ 11.936963938958025, 57.705591555748896 ], [ 11.937146763355813, 57.70554396895561 ], [ 11.937308493402702, 57.70572199094984 ], [ 11.937125668303672, 57.705769577969043 ] ] ] } },
{ "type": "Feature", "properties": { "id": "c1b52aaf-2ce8-45d9-a952-3ba83d8b1195", "objektidentitet": "77190637-43c2-466b-995d-83923a95f610", "versiongiltigfran": "2024-04-15T12:56:32.887Z", "lagesosakerhetplan": 0.1, "lagesosakerhethojd": null, "ursprunglig_organisation": "Göteborg", "objektversion": 1.0, "objekttypnr": 2066.0, "objekttyp": "Komplementbyggnad", "insamlingslage": "Takkant", "byggnadsnamn1": "None", "byggnadsnamn2": "None", "byggnadsnamn3": "None", "husnummer": 44.0, "huvudbyggnad": "Nej", "andamal1": "Komplementbyggnad;", "andamal2": "None", "andamal3": "None", "andamal4": "None", "andamal5": "None" }, "geometry": { "type": "Polygon", "coordinates": [ [ [ 11.937077793809017, 57.705800029565161 ], [ 11.937008565685035, 57.705817713483235 ], [ 11.936992416576489, 57.705799589164478 ], [ 11.937061644673143, 57.705781905254923 ], [ 11.937077793809017, 57.705800029565161 ] ] ] } },
{ "type": "Feature", "properties": { "id": "c476ae39-c0f4-4480-8f1c-32b91fc82f95", "objektidentitet": "ba9b0606-5154-4df6-941c-5df1dc9483ac", "versiongiltigfran": "2018-01-04T13:13:20.949Z", "lagesosakerhetplan": 0.1, "lagesosakerhethojd": null, "ursprunglig_organisation": "Göteborg", "objektversion": 4.0, "objekttypnr": 2061.0, "objekttyp": "Bostad", "insamlingslage": "Takkant", "byggnadsnamn1": "None", "byggnadsnamn2": "None", "byggnadsnamn3": "None", "husnummer": 41.0, "huvudbyggnad": "Nej", "andamal1": "Bostad;Flerfamiljshus", "andamal2": "None", "andamal3": "None", "andamal4": "None", "andamal5": "None" }, "geometry": { "type": "Polygon", "coordinates": [ [ [ 11.937745259207277, 57.705607236151621 ], [ 11.937561810795538, 57.705655060360343 ], [ 11.937400273446169, 57.705477528719037 ], [ 11.937583704400579, 57.705429704331124 ], [ 11.937745259207277, 57.705607236151621 ] ] ] } },
{ "type": "Feature", "properties": { "id": "59ec9a0b-2842-4529-906a-ecb6d2ef6aa3", "objektidentitet": "3dc2869e-44f4-4cf4-a4bc-76bda4249e9e", "versiongiltigfran": "2024-04-15T12:56:36.620Z", "lagesosakerhetplan": 0.1, "lagesosakerhethojd": null, "ursprunglig_organisation": "Göteborg", "objektversion": 1.0, "objekttypnr": 2066.0, "objekttyp": "Komplementbyggnad", "insamlingslage": "Takkant", "byggnadsnamn1": "None", "byggnadsnamn2": "None", "byggnadsnamn3": "None", "husnummer": 46.0, "huvudbyggnad": "Nej", "andamal1": "Komplementbyggnad;", "andamal2": "None", "andamal3": "None", "andamal4": "None", "andamal5": "None" }, "geometry": { "type": "Polygon", "coordinates": [ [ [ 11.937612549856745, 57.705423949264166 ], [ 11.93759600848289, 57.705406094155002 ], [ 11.937664865886928, 57.705387816736561 ], [ 11.93768140652919, 57.705405680806699 ], [ 11.937612549856745, 57.705423949264166 ] ] ] } },
{ "type": "Feature", "properties": { "id": "16b6835a-2078-4a4f-bad8-a65d376838de", "objektidentitet": "7fc86b6e-0dac-4e38-9598-10d8ca0b8531", "versiongiltigfran": "2018-01-04T13:13:19.207Z", "lagesosakerhetplan": 0.1, "lagesosakerhethojd": null, "ursprunglig_organisation": "Göteborg", "objektversion": 3.0, "objekttypnr": 2061.0, "objekttyp": "Bostad", "insamlingslage": "Takkant", "byggnadsnamn1": "None", "byggnadsnamn2": "None", "byggnadsnamn3": "None", "husnummer": 42.0, "huvudbyggnad": "Nej", "andamal1": "Bostad;Flerfamiljshus", "andamal2": "None", "andamal3": "None", "andamal4": "None", "andamal5": "None" }, "geometry": { "type": "Polygon", "coordinates": [ [ [ 11.938077780608522, 57.705519581113144 ], [ 11.937894781526582, 57.70556706613722 ], [ 11.937734368024421, 57.705389930650547 ], [ 11.937917367164394, 57.705342436881097 ], [ 11.938077780608522, 57.705519581113144 ] ] ] } },
{ "type": "Feature", "properties": { "id": "a84b2a3d-26fc-41e9-aaff-578612dc8ada", "objektidentitet": "3a75b264-783f-4114-b98b-83af12bce4bb", "versiongiltigfran": "2024-04-15T12:56:34.733Z", "lagesosakerhetplan": 0.1, "lagesosakerhethojd": null, "ursprunglig_organisation": "Göteborg", "objektversion": 1.0, "objekttypnr": 2066.0, "objekttyp": "Komplementbyggnad", "insamlingslage": "Takkant", "byggnadsnamn1": "None", "byggnadsnamn2": "None", "byggnadsnamn3": "None", "husnummer": 45.0, "huvudbyggnad": "Nej", "andamal1": "Komplementbyggnad;", "andamal2": "None", "andamal3": "None", "andamal4": "None", "andamal5": "None" }, "geometry": { "type": "Polygon", "coordinates": [ [ [ 11.937847026597185, 57.705598896067848 ], [ 11.937779285992402, 57.705616670332866 ], [ 11.937762453273423, 57.705598286892616 ], [ 11.93783021060786, 57.705580513041909 ], [ 11.937847026597185, 57.705598896067848 ] ] ] } },
{ "type": "Feature", "properties": { "id": "d45fc128-1243-456a-8713-21ae8d651373", "objektidentitet": "2b5afd5a-02b3-4178-98a9-d7d4a3c64f7d", "versiongiltigfran": "2011-03-23T08:58:00.626Z", "lagesosakerhetplan": 0.06, "lagesosakerhethojd": null, "ursprunglig_organisation": "Lantmäteriet", "objektversion": 1.0, "objekttypnr": 2066.0, "objekttyp": "Komplementbyggnad", "insamlingslage": "Takkant", "byggnadsnamn1": "None", "byggnadsnamn2": "None", "byggnadsnamn3": "None", "husnummer": 3.0, "huvudbyggnad": "Nej", "andamal1": "Komplementbyggnad;", "andamal2": "None", "andamal3": "None", "andamal4": "None", "andamal5": "None" }, "geometry": { "type": "Polygon", "coordinates": [ [ [ 11.941727224529176, 57.705273671312739 ], [ 11.942204072852205, 57.705423954910863 ], [ 11.942068960110664, 57.705548542744815 ], [ 11.94159398475734, 57.705442713501505 ], [ 11.94161103919696, 57.705421078331284 ], [ 11.942046452440126, 57.705521771769099 ], [ 11.942127291328051, 57.705419159853662 ], [ 11.941713488640488, 57.705291000596667 ], [ 11.941727224529176, 57.705273671312739 ] ] ] } },
{ "type": "Feature", "properties": { "id": "b60ee099-7090-41d4-b82c-43f048a0869a", "objektidentitet": "04721e4a-e871-4afe-8ac3-8dae8a60e964", "versiongiltigfran": "2011-03-23T08:45:12.629Z", "lagesosakerhetplan": 0.06, "lagesosakerhethojd": 2.5, "ursprunglig_organisation": "Lantmäteriet", "objektversion": 1.0, "objekttypnr": 2066.0, "objekttyp": "Komplementbyggnad", "insamlingslage": "Takkant", "byggnadsnamn1": "None", "byggnadsnamn2": "None", "byggnadsnamn3": "None", "husnummer": 10.0, "huvudbyggnad": "Nej", "andamal1": "Komplementbyggnad;", "andamal2": "None", "andamal3": "None", "andamal4": "None", "andamal5": "None" }, "geometry": { "type": "Polygon", "coordinates": [ [ [ 11.949069426438676, 57.70574907404616 ], [ 11.949193419919773, 57.705722404192841 ], [ 11.949241585124739, 57.705785330908441 ], [ 11.949117587226308, 57.705812450102052 ], [ 11.949069426438676, 57.70574907404616 ] ] ] } },
{ "type": "Feature", "properties": { "id": "8a6ecce3-7c58-4fcd-a490-f58783e871ab", "objektidentitet": "8f7829a3-0315-48b1-981d-216eca4e45ab", "versiongiltigfran": "2011-03-23T08:39:52.321Z", "lagesosakerhetplan": 0.06, "lagesosakerhethojd": null, "ursprunglig_organisation": "Lantmäteriet", "objektversion": 1.0, "objekttypnr": 2066.0, "objekttyp": "Komplementbyggnad", "insamlingslage": "Takkant", "byggnadsnamn1": "None", "byggnadsnamn2": "None", "byggnadsnamn3": "None", "husnummer": 6.0, "huvudbyggnad": "Nej", "andamal1": "Komplementbyggnad;", "andamal2": "None", "andamal3": "None", "andamal4": "None", "andamal5": "None" }, "geometry": { "type": "Polygon", "coordinates": [ [ [ 11.948996612813401, 57.705866084628049 ], [ 11.949074687599031, 57.705823216647751 ], [ 11.949189291658852, 57.705882973104927 ], [ 11.949111216875297, 57.705925841155668 ], [ 11.948996612813401, 57.705866084628049 ] ] ] } },
{ "type": "Feature", "properties": { "id": "b7453fad-6f21-4ce9-b09a-cafa0f9e2ea9", "objektidentitet": "78311051-3c94-4301-bebf-ca7e430e578d", "versiongiltigfran": "2022-02-09T12:58:01.500Z", "lagesosakerhetplan": 0.1, "lagesosakerhethojd": null, "ursprunglig_organisation": "Göteborg", "objektversion": 8.0, "objekttypnr": 2063.0, "objekttyp": "Samhällsfunktion", "insamlingslage": "Takkant", "byggnadsnamn1": "Lindholmens kunskapscentrum", "byggnadsnamn2": "None", "byggnadsnamn3": "None", "husnummer": 2.0, "huvudbyggnad": "Nej", "andamal1": "Samhällsfunktion;Skola", "andamal2": "None", "andamal3": "None", "andamal4": "None", "andamal5": "None" }, "geometry": { "type": "Polygon", "coordinates": [ [ [ 11.936212956060363, 57.704706612719875 ], [ 11.936084931244798, 57.704739778464251 ], [ 11.936078175760914, 57.70473229861576 ], [ 11.936110430438838, 57.704723948048553 ], [ 11.936058810404477, 57.704666819425704 ], [ 11.936154579645079, 57.704642013262564 ], [ 11.936212956060363, 57.704706612719875 ] ] ] } },
{ "type": "Feature", "properties": { "id": "baef7538-94bd-49e1-beee-1a080c6bedf3", "objektidentitet": "78311051-3c94-4301-bebf-ca7e430e578d", "versiongiltigfran": "2022-02-09T12:58:01.500Z", "lagesosakerhetplan": 0.1, "lagesosakerhethojd": null, "ursprunglig_organisation": "Göteborg", "objektversion": 8.0, "objekttypnr": 2063.0, "objekttyp": "Samhällsfunktion", "insamlingslage": "Takkant", "byggnadsnamn1": "Lindholmens kunskapscentrum", "byggnadsnamn2": "None", "byggnadsnamn3": "None", "husnummer": 2.0, "huvudbyggnad": "Nej", "andamal1": "Samhällsfunktion;Skola", "andamal2": "None", "andamal3": "None", "andamal4": "None", "andamal5": "None" }, "geometry": { "type": "Polygon", "coordinates": [ [ [ 11.935867711677915, 57.704943424944666 ], [ 11.935759208687806, 57.70482409659639 ], [ 11.936484073719516, 57.704636412422346 ], [ 11.936591973447394, 57.704754754812527 ], [ 11.935867711677915, 57.704943424944666 ] ] ] } },
{ "type": "Feature", "properties": { "id": "3de3be30-621e-488d-87f7-54a68970827e", "objektidentitet": "78311051-3c94-4301-bebf-ca7e430e578d", "versiongiltigfran": "2022-02-09T12:58:01.500Z", "lagesosakerhetplan": 0.1, "lagesosakerhethojd": null, "ursprunglig_organisation": "Göteborg", "objektversion": 8.0, "objekttypnr": 2063.0, "objekttyp": "Samhällsfunktion", "insamlingslage": "Takkant", "byggnadsnamn1": "Lindholmens kunskapscentrum", "byggnadsnamn2": "None", "byggnadsnamn3": "None", "husnummer": 2.0, "huvudbyggnad": "Nej", "andamal1": "Samhällsfunktion;Skola", "andamal2": "None", "andamal3": "None", "andamal4": "None", "andamal5": "None" }, "geometry": { "type": "Polygon", "coordinates": [ [ [ 11.936154579645079, 57.704642013262564 ], [ 11.93622803239575, 57.704622994077141 ], [ 11.936237720656576, 57.704633717709221 ], [ 11.936276292239761, 57.704623731484268 ], [ 11.936318931353853, 57.704670908512227 ], [ 11.936277372182536, 57.704681676252562 ], [ 11.936283422122433, 57.704688366035036 ], [ 11.936212956060363, 57.704706612719875 ], [ 11.936154579645079, 57.704642013262564 ] ] ] } },
{ "type": "Feature", "properties": { "id": "faf7d275-d65e-4969-99a5-7eba99469b2e", "objektidentitet": "8468e16a-cf2a-4511-941f-4cada36c6e2d", "versiongiltigfran": "2011-03-23T08:45:26.520Z", "lagesosakerhetplan": 0.06, "lagesosakerhethojd": null, "ursprunglig_organisation": "Lantmäteriet", "objektversion": 1.0, "objekttypnr": 2064.0, "objekttyp": "Verksamhet", "insamlingslage": "Takkant", "byggnadsnamn1": "None", "byggnadsnamn2": "None", "byggnadsnamn3": "None", "husnummer": 1.0, "huvudbyggnad": "Nej", "andamal1": "Verksamhet;", "andamal2": "None", "andamal3": "None", "andamal4": "None", "andamal5": "None" }, "geometry": { "type": "Polygon", "coordinates": [ [ [ 11.941798537044805, 57.704848331918875 ], [ 11.942022888500221, 57.704898686391346 ], [ 11.941223956721016, 57.705911881999086 ], [ 11.941133113004948, 57.705888869255631 ], [ 11.941081779477877, 57.705961940536142 ], [ 11.940943453153066, 57.705927964617032 ], [ 11.941798537044805, 57.704848331918875 ] ] ] } },
{ "type": "Feature", "properties": { "id": "be4185b8-fde4-4965-a3c3-71c54a574a17", "objektidentitet": "8468e16a-cf2a-4511-941f-4cada36c6e2d", "versiongiltigfran": "2011-03-23T08:45:26.520Z", "lagesosakerhetplan": 0.06, "lagesosakerhethojd": 2.5, "ursprunglig_organisation": "Lantmäteriet", "objektversion": 1.0, "objekttypnr": 2064.0, "objekttyp": "Verksamhet", "insamlingslage": "Takkant", "byggnadsnamn1": "None", "byggnadsnamn2": "None", "byggnadsnamn3": "None", "husnummer": 1.0, "huvudbyggnad": "Nej", "andamal1": "Verksamhet;", "andamal2": "None", "andamal3": "None", "andamal4": "None", "andamal5": "None" }, "geometry": { "type": "Polygon", "coordinates": [ [ [ 11.941861719193096, 57.704766927359572 ], [ 11.941996432424597, 57.704797714137868 ], [ 11.941932323095035, 57.704878170585587 ], [ 11.941797609623613, 57.704847383737018 ], [ 11.941861719193096, 57.704766927359572 ] ] ] } },
{ "type": "Feature", "properties": { "id": "12b1c137-a1bf-43af-a2b3-9162c69bcf36", "objektidentitet": "8468e16a-cf2a-4511-941f-4cada36c6e2d", "versiongiltigfran": "2011-03-23T08:45:26.520Z", "lagesosakerhetplan": 0.06, "lagesosakerhethojd": null, "ursprunglig_organisation": "Lantmäteriet", "objektversion": 1.0, "objekttypnr": 2064.0, "objekttyp": "Verksamhet", "insamlingslage": "Takkant", "byggnadsnamn1": "None", "byggnadsnamn2": "None", "byggnadsnamn3": "None", "husnummer": 1.0, "huvudbyggnad": "Nej", "andamal1": "Verksamhet;", "andamal2": "None", "andamal3": "None", "andamal4": "None", "andamal5": "None" }, "geometry": { "type": "Polygon", "coordinates": [ [ [ 11.94148501580718, 57.705579005994501 ], [ 11.941896846464642, 57.705710866269811 ], [ 11.941817139101788, 57.705812588635105 ], [ 11.941378320400347, 57.705712621030926 ], [ 11.94148501580718, 57.705579005994501 ] ] ] } },
{ "type": "Feature", "properties": { "id": "b6a19699-6b54-44bb-b219-78f43ee7f4b2", "objektidentitet": "8468e16a-cf2a-4511-941f-4cada36c6e2d", "versiongiltigfran": "2011-03-23T08:45:26.520Z", "lagesosakerhetplan": 0.06, "lagesosakerhethojd": 2.5, "ursprunglig_organisation": "Lantmäteriet", "objektversion": 1.0, "objekttypnr": 2064.0, "objekttyp": "Verksamhet", "insamlingslage": "Takkant", "byggnadsnamn1": "None", "byggnadsnamn2": "None", "byggnadsnamn3": "None", "husnummer": 1.0, "huvudbyggnad": "Nej", "andamal1": "Verksamhet;", "andamal2": "None", "andamal3": "None", "andamal4": "None", "andamal5": "None" }, "geometry": { "type": "Polygon", "coordinates": [ [ [ 11.941712882279784, 57.705290824153828 ], [ 11.942127305057721, 57.705419196137427 ], [ 11.942046482926148, 57.705521808457917 ], [ 11.941610102248536, 57.705420839967637 ], [ 11.941712882279784, 57.705290824153828 ] ] ] } },
{ "type": "Feature", "properties": { "id": "8f4c62f3-62b1-405f-ae2b-fcd05639bb85", "objektidentitet": "8468e16a-cf2a-4511-941f-4cada36c6e2d", "versiongiltigfran": "2011-03-23T08:45:26.520Z", "lagesosakerhetplan": 0.06, "lagesosakerhethojd": 2.5, "ursprunglig_organisation": "Lantmäteriet", "objektversion": 1.0, "objekttypnr": 2064.0, "objekttyp": "Verksamhet", "insamlingslage": "Takkant", "byggnadsnamn1": "None", "byggnadsnamn2": "None", "byggnadsnamn3": "None", "husnummer": 1.0, "huvudbyggnad": "Nej", "andamal1": "Verksamhet;", "andamal2": "None", "andamal3": "None", "andamal4": "None", "andamal5": "None" }, "geometry": { "type": "Polygon", "coordinates": [ [ [ 11.940819177148063, 57.70490166055518 ], [ 11.940900073679812, 57.70479620159314 ], [ 11.941390053623367, 57.704874120236298 ], [ 11.941410079296967, 57.704838760397379 ], [ 11.94156138831743, 57.704863891009367 ], [ 11.941535855943451, 57.704901634363729 ], [ 11.941723005631575, 57.7049425693193 ], [ 11.941613138525343, 57.705081770266375 ], [ 11.940962361657141, 57.705904064452319 ], [ 11.940878276281223, 57.705882545171107 ], [ 11.940871470892686, 57.705892752721255 ], [ 11.94073010592933, 57.705865938398659 ], [ 11.940738216832312, 57.705852796396229 ], [ 11.940646994988947, 57.705826709253152 ], [ 11.940811524342537, 57.705583824485181 ], [ 11.94035604770883, 57.705480160809266 ], [ 11.940434503269653, 57.705378588795739 ], [ 11.940595826668511, 57.705399873218802 ], [ 11.940729777797674, 57.705223649851952 ], [ 11.940589210640377, 57.705190796729369 ], [ 11.940669883991205, 57.705091579143655 ], [ 11.940819903819342, 57.705113290990077 ], [ 11.940958806718966, 57.704933277387127 ], [ 11.940819177148063, 57.70490166055518 ] ] ] } },
{ "type": "Feature", "properties": { "id": "7b824366-eb8e-433a-bd2a-9d6daa270088", "objektidentitet": "8468e16a-cf2a-4511-941f-4cada36c6e2d", "versiongiltigfran": "2011-03-23T08:45:26.520Z", "lagesosakerhetplan": 0.06, "lagesosakerhethojd": 2.5, "ursprunglig_organisation": "Lantmäteriet", "objektversion": 1.0, "objekttypnr": 2064.0, "objekttyp": "Verksamhet", "insamlingslage": "Takkant", "byggnadsnamn1": "None", "byggnadsnamn2": "None", "byggnadsnamn3": "None", "husnummer": 1.0, "huvudbyggnad": "Nej", "andamal1": "Verksamhet;", "andamal2": "None", "andamal3": "None", "andamal4": "None", "andamal5": "None" }, "geometry": { "type": "Polygon", "coordinates": [ [ [ 11.941943775757052, 57.704998760414469 ], [ 11.942356866319518, 57.705129957655068 ], [ 11.94227641846188, 57.70523212975526 ], [ 11.941837916429302, 57.705132656660979 ], [ 11.941943775757052, 57.704998760414469 ] ] ] } },
{ "type": "Feature", "properties": { "id": "cdb7c523-cb14-4b29-baea-f4892090aa8c", "objektidentitet": "1d908081-c3d2-4357-80a9-114bd4996781", "versiongiltigfran": "2011-03-23T08:45:42.445Z", "lagesosakerhetplan": 0.06, "lagesosakerhethojd": null, "ursprunglig_organisation": "Lantmäteriet", "objektversion": 1.0, "objekttypnr": 2066.0, "objekttyp": "Komplementbyggnad", "insamlingslage": "Takkant", "byggnadsnamn1": "None", "byggnadsnamn2": "None", "byggnadsnamn3": "None", "husnummer": 2.0, "huvudbyggnad": "Nej", "andamal1": "Komplementbyggnad;", "andamal2": "None", "andamal3": "None", "andamal4": "None", "andamal5": "None" }, "geometry": { "type": "Polygon", "coordinates": [ [ [ 11.941494976146718, 57.705568218571678 ], [ 11.941970186249547, 57.705716261344087 ], [ 11.941835357749449, 57.705839049241014 ], [ 11.941365201853738, 57.705732778442403 ], [ 11.94138059570753, 57.705713116454987 ], [ 11.941817125372294, 57.705812552351311 ], [ 11.941896848734851, 57.705710839360776 ], [ 11.941486111240945, 57.705579356046528 ], [ 11.941494976146718, 57.705568218571678 ] ] ] } },
{ "type": "Feature", "properties": { "id": "a97cf1f9-288f-4ed5-8590-0c3c733499d9", "objektidentitet": "ccda6fee-9013-4fae-828b-713034fcdde0", "versiongiltigfran": "2011-03-23T08:56:45.408Z", "lagesosakerhetplan": 0.06, "lagesosakerhethojd": 2.5, "ursprunglig_organisation": "Lantmäteriet", "objektversion": 1.0, "objekttypnr": 2066.0, "objekttyp": "Komplementbyggnad", "insamlingslage": "Takkant", "byggnadsnamn1": "None", "byggnadsnamn2": "None", "byggnadsnamn3": "None", "husnummer": 5.0, "huvudbyggnad": "Nej", "andamal1": "Komplementbyggnad;", "andamal2": "None", "andamal3": "None", "andamal4": "None", "andamal5": "None" }, "geometry": { "type": "Polygon", "coordinates": [ [ [ 11.941955295187359, 57.704984415460892 ], [ 11.942433676440407, 57.705133809535965 ], [ 11.942297865741827, 57.705259926652268 ], [ 11.941822886418471, 57.705152390409999 ], [ 11.941838279768877, 57.705132728360532 ], [ 11.942276465704166, 57.705232166849058 ], [ 11.942356879292712, 57.705130002908483 ], [ 11.941943925049031, 57.704998781999436 ], [ 11.941955295187359, 57.704984415460892 ] ] ] } },
{ "type": "Feature", "properties": { "id": "eda5ff35-24d0-4307-82af-43a8d6b6a0b0", "objektidentitet": "5cac6f70-3527-4b8f-a0ec-5558d60b3b37", "versiongiltigfran": "2011-03-23T08:51:13.178Z", "lagesosakerhetplan": 0.06, "lagesosakerhethojd": null, "ursprunglig_organisation": "Lantmäteriet", "objektversion": 1.0, "objekttypnr": 2066.0, "objekttyp": "Komplementbyggnad", "insamlingslage": "Takkant", "byggnadsnamn1": "None", "byggnadsnamn2": "None", "byggnadsnamn3": "None", "husnummer": 7.0, "huvudbyggnad": "Nej", "andamal1": "Komplementbyggnad;", "andamal2": "None", "andamal3": "None", "andamal4": "None", "andamal5": "None" }, "geometry": { "type": "Polygon", "coordinates": [ [ [ 11.949379582512606, 57.706376335402346 ], [ 11.949306088475394, 57.706417435567097 ], [ 11.949190546882138, 57.706358222877228 ], [ 11.949264040170855, 57.706317131749095 ], [ 11.949379582512606, 57.706376335402346 ] ] ] } },
{ "type": "Feature", "properties": { "id": "dbc97e5f-b62a-432a-ac3c-1e842bcd08f7", "objektidentitet": "d60053f9-d12a-49c2-a458-59c63d06e106", "versiongiltigfran": "2012-12-14T13:54:52.654Z", "lagesosakerhetplan": 0.55, "lagesosakerhethojd": null, "ursprunglig_organisation": "Göteborg", "objektversion": 6.0, "objekttypnr": 2061.0, "objekttyp": "Bostad", "insamlingslage": "Takkant", "byggnadsnamn1": "None", "byggnadsnamn2": "None", "byggnadsnamn3": "None", "husnummer": 1.0, "huvudbyggnad": "Nej", "andamal1": "Bostad;Flerfamiljshus", "andamal2": "None", "andamal3": "None", "andamal4": "None", "andamal5": "None" }, "geometry": { "type": "Polygon", "coordinates": [ [ [ 11.935897583840665, 57.708383861327874 ], [ 11.936050853205192, 57.708307077124694 ], [ 11.936053770770135, 57.70830772301823 ], [ 11.936060630687221, 57.708303844568022 ], [ 11.936122954678186, 57.708341476734347 ], [ 11.936204578050608, 57.708300580848842 ], [ 11.93636463212013, 57.708391838210652 ], [ 11.936282609333494, 57.708432095367435 ], [ 11.936408088762596, 57.708503892230389 ], [ 11.936614959011848, 57.708399275318968 ], [ 11.936532938153315, 57.708351702081231 ], [ 11.936744247444171, 57.708246006055262 ], [ 11.936826282155666, 57.708293813178969 ], [ 11.937037990334412, 57.708188548772441 ], [ 11.936974679678601, 57.70814827767353 ], [ 11.936987294905069, 57.708148223598187 ], [ 11.937139677720863, 57.708072153670265 ], [ 11.937234248272755, 57.708113693817843 ], [ 11.937354045754301, 57.708191535903794 ], [ 11.936397273823852, 57.708671768588275 ], [ 11.935897583840665, 57.708383861327874 ] ] ] } },
{ "type": "Feature", "properties": { "id": "fb57cd67-d07d-49dd-be80-fdd1e8a73e88", "objektidentitet": "07a5d5ed-e7c3-41e4-9f3a-c2232d50ac4a", "versiongiltigfran": "2019-09-30T13:24:44.867Z", "lagesosakerhetplan": 0.1, "lagesosakerhethojd": null, "ursprunglig_organisation": "Lantmäteriet", "objektversion": 7.0, "objekttypnr": 2063.0, "objekttyp": "Samhällsfunktion", "insamlingslage": "Takkant", "byggnadsnamn1": "Lindholmens kunskapscentrum", "byggnadsnamn2": "None", "byggnadsnamn3": "None", "husnummer": 8.0, "huvudbyggnad": "Nej", "andamal1": "Samhällsfunktion;Skola", "andamal2": "None", "andamal3": "None", "andamal4": "None", "andamal5": "None" }, "geometry": { "type": "Polygon", "coordinates": [ [ [ 11.937628339045538, 57.704904556297869 ], [ 11.937698626192567, 57.704982233266257 ], [ 11.937519632895739, 57.705028834999091 ], [ 11.937539468376036, 57.705050823451309 ], [ 11.937329835637749, 57.70510493413628 ], [ 11.937564006590222, 57.705365143136085 ], [ 11.937237308379617, 57.705449657194684 ], [ 11.936692178991057, 57.70484454468339 ], [ 11.937017961444811, 57.704760486278396 ], [ 11.937133575938011, 57.70488889277226 ], [ 11.937208811492033, 57.704869439820399 ], [ 11.937233864778094, 57.704897235065417 ], [ 11.937366941296217, 57.704862896200055 ], [ 11.937446905978607, 57.704951620163897 ], [ 11.937628339045538, 57.704904556297869 ] ] ] } },
{ "type": "Feature", "properties": { "id": "adc3b205-e4f4-41d1-9807-f34bd8da1ddf", "objektidentitet": "fa22b604-2a8f-42dd-b65c-d19ca6858fe2", "versiongiltigfran": "2023-08-21T16:16:42.929Z", "lagesosakerhetplan": 0.06, "lagesosakerhethojd": null, "ursprunglig_organisation": "Göteborg", "objektversion": 2.0, "objekttypnr": 2063.0, "objekttyp": "Samhällsfunktion", "insamlingslage": "Takkant", "byggnadsnamn1": "None", "byggnadsnamn2": "None", "byggnadsnamn3": "None", "husnummer": 1.0, "huvudbyggnad": "Nej", "andamal1": "Samhällsfunktion;Universitet", "andamal2": "None", "andamal3": "None", "andamal4": "None", "andamal5": "None" }, "geometry": { "type": "Polygon", "coordinates": [ [ [ 11.93742388861155, 57.705830384539858 ], [ 11.937426778799988, 57.705835128263047 ], [ 11.937431425985187, 57.705834180187814 ], [ 11.937473841563795, 57.705879068417183 ], [ 11.937493185710334, 57.7058748809485 ], [ 11.937517227587252, 57.705898957573645 ], [ 11.937507590837244, 57.705908880700413 ], [ 11.937680213150179, 57.706101708411104 ], [ 11.937698318248703, 57.706097679663017 ], [ 11.937720325364207, 57.706121994603855 ], [ 11.9377056655198, 57.70613552616333 ], [ 11.937746401656609, 57.706180625298281 ], [ 11.937741869543194, 57.706181800870745 ], [ 11.937748150886337, 57.706188738851566 ], [ 11.937114581415658, 57.706353645488029 ], [ 11.937107577027161, 57.706345925989268 ], [ 11.937101846809869, 57.706347171398662 ], [ 11.937062152407897, 57.70630187257121 ], [ 11.937032894733735, 57.706301766363367 ], [ 11.937009522969733, 57.706275324055333 ], [ 11.937026896484252, 57.706271807978595 ], [ 11.936853805874048, 57.706078195034436 ], [ 11.936831029741088, 57.706077292995595 ], [ 11.936809183399916, 57.706053467135142 ], [ 11.936831094612236, 57.706047715099949 ], [ 11.936791293470955, 57.706004283093016 ], [ 11.93679603636334, 57.706002600343119 ], [ 11.93678874002355, 57.705993965968176 ], [ 11.93742388861155, 57.705830384539858 ] ] ] } },
{ "type": "Feature", "properties": { "id": "6321931f-1d46-4e3e-82a6-a2872b2e38c7", "objektidentitet": "07a5d5ed-e7c3-41e4-9f3a-c2232d50ac4a", "versiongiltigfran": "2019-09-30T13:24:44.867Z", "lagesosakerhetplan": 0.1, "lagesosakerhethojd": null, "ursprunglig_organisation": "Lantmäteriet", "objektversion": 7.0, "objekttypnr": 2063.0, "objekttyp": "Samhällsfunktion", "insamlingslage": "Takkant", "byggnadsnamn1": "Lindholmens kunskapscentrum", "byggnadsnamn2": "None", "byggnadsnamn3": "None", "husnummer": 8.0, "huvudbyggnad": "Nej", "andamal1": "Samhällsfunktion;Skola", "andamal2": "None", "andamal3": "None", "andamal4": "None", "andamal5": "None" }, "geometry": { "type": "Polygon", "coordinates": [ [ [ 11.93781094994034, 57.705324536381944 ], [ 11.937794990744838, 57.705303963044749 ], [ 11.937776381525238, 57.70530899524006 ], [ 11.937539468376036, 57.705050823451309 ], [ 11.937519632895739, 57.705028834999091 ], [ 11.937700138615188, 57.704981820479603 ], [ 11.937630561631011, 57.704906668352073 ], [ 11.937690269203365, 57.704891548911284 ], [ 11.937794825793423, 57.70500181895369 ], [ 11.937730536516595, 57.705017906091619 ], [ 11.93797285266959, 57.705283686292567 ], [ 11.93781094994034, 57.705324536381944 ] ] ] } },
{ "type": "Feature", "properties": { "id": "5d17d64f-8921-42f2-a45f-193c23abcc98", "objektidentitet": "7d66df26-c410-44c1-ab13-7dc5142533ef", "versiongiltigfran": "2011-03-23T08:35:40.620Z", "lagesosakerhetplan": 0.06, "lagesosakerhethojd": null, "ursprunglig_organisation": "Lantmäteriet", "objektversion": 1.0, "objekttypnr": 2066.0, "objekttyp": "Komplementbyggnad", "insamlingslage": "Takkant", "byggnadsnamn1": "None", "byggnadsnamn2": "None", "byggnadsnamn3": "None", "husnummer": 10.0, "huvudbyggnad": "Nej", "andamal1": "Komplementbyggnad;", "andamal2": "None", "andamal3": "None", "andamal4": "None", "andamal5": "None" }, "geometry": { "type": "Polygon", "coordinates": [ [ [ 11.937642828631168, 57.705968446355925 ], [ 11.937680663085782, 57.706011120421046 ], [ 11.937614208425005, 57.706027973012503 ], [ 11.937576383210791, 57.705985389030211 ], [ 11.937642828631168, 57.705968446355925 ] ] ] } },
{ "type": "Feature", "properties": { "id": "c9c001ba-d237-4bba-8e0c-34fceba43892", "objektidentitet": "dffb87ac-4259-43cd-8af0-4d2452363a6a", "versiongiltigfran": "2012-01-27T11:32:05.323Z", "lagesosakerhetplan": 0.06, "lagesosakerhethojd": null, "ursprunglig_organisation": "Göteborg", "objektversion": 4.0, "objekttypnr": 2064.0, "objekttyp": "Verksamhet", "insamlingslage": "Takkant", "byggnadsnamn1": "None", "byggnadsnamn2": "None", "byggnadsnamn3": "None", "husnummer": 1.0, "huvudbyggnad": "Nej", "andamal1": "Verksamhet;", "andamal2": "None", "andamal3": "None", "andamal4": "None", "andamal5": "None" }, "geometry": { "type": "Polygon", "coordinates": [ [ [ 11.938051243937819, 57.707885222879206 ], [ 11.937957775368869, 57.707932996627498 ], [ 11.937796439924854, 57.707842573136148 ], [ 11.93788990922303, 57.707794790536603 ], [ 11.938051243937819, 57.707885222879206 ] ] ] } },
{ "type": "Feature", "properties": { "id": "6ef6dde7-29f4-46dc-b509-79de77e7651e", "objektidentitet": "b074467b-d254-49a9-a784-afd39cc82e47", "versiongiltigfran": "2023-08-21T16:17:09.150Z", "lagesosakerhetplan": 0.06, "lagesosakerhethojd": null, "ursprunglig_organisation": "Göteborg", "objektversion": 4.0, "objekttypnr": 2063.0, "objekttyp": "Samhällsfunktion", "insamlingslage": "Takkant", "byggnadsnamn1": "None", "byggnadsnamn2": "None", "byggnadsnamn3": "None", "husnummer": 3.0, "huvudbyggnad": "Nej", "andamal1": "Samhällsfunktion;Universitet", "andamal2": "None", "andamal3": "None", "andamal4": "None", "andamal5": "None" }, "geometry": { "type": "Polygon", "coordinates": [ [ [ 11.938364862308323, 57.706553936733968 ], [ 11.938316418310315, 57.706501676595181 ], [ 11.938277698809642, 57.70649928343056 ], [ 11.938255821678638, 57.706474019016497 ], [ 11.938298648118105, 57.706462975686371 ], [ 11.938127102939289, 57.706274830746914 ], [ 11.938112411702367, 57.706279193850015 ], [ 11.938076139775234, 57.70627704860896 ], [ 11.938055782233732, 57.706253079253997 ], [ 11.938083548828345, 57.706245194770347 ], [ 11.938034958589236, 57.70619109742178 ], [ 11.93871036570345, 57.70601463353151 ], [ 11.938763232027751, 57.706069004859231 ], [ 11.938791048026244, 57.706061525878965 ], [ 11.938814113158818, 57.706084455109028 ], [ 11.938795217104476, 57.706100634600119 ], [ 11.93877608918212, 57.706106238612819 ], [ 11.938944916733513, 57.706293588851707 ], [ 11.938993461908369, 57.706282225284326 ], [ 11.939014587001845, 57.70630765112805 ], [ 11.938991256833512, 57.706322851522245 ], [ 11.939039003547903, 57.706377611154991 ], [ 11.938364862308323, 57.706553936733968 ] ] ] } },
{ "type": "Feature", "properties": { "id": "d32b6181-bb6b-486b-8516-df34782260ab", "objektidentitet": "b074467b-d254-49a9-a784-afd39cc82e47", "versiongiltigfran": "2023-08-21T16:17:09.150Z", "lagesosakerhetplan": 0.06, "lagesosakerhethojd": null, "ursprunglig_organisation": "Göteborg", "objektversion": 4.0, "objekttypnr": 2063.0, "objekttyp": "Samhällsfunktion", "insamlingslage": "Takkant", "byggnadsnamn1": "None", "byggnadsnamn2": "None", "byggnadsnamn3": "None", "husnummer": 3.0, "huvudbyggnad": "Nej", "andamal1": "Samhällsfunktion;Universitet", "andamal2": "None", "andamal3": "None", "andamal4": "None", "andamal5": "None" }, "geometry": { "type": "Polygon", "coordinates": [ [ [ 11.93828269962383, 57.706466319703139 ], [ 11.938112411702367, 57.706279193850015 ], [ 11.938127102939289, 57.706274830746914 ], [ 11.938298648118105, 57.706462975686371 ], [ 11.93828269962383, 57.706466319703139 ] ] ] } },
{ "type": "Feature", "properties": { "id": "b2415af2-4447-43a9-a513-7c8274a9fc57", "objektidentitet": "4c7997bc-2dc5-4fd3-93eb-77453d80fd1a", "versiongiltigfran": "2011-03-23T08:50:27.498Z", "lagesosakerhetplan": 0.06, "lagesosakerhethojd": null, "ursprunglig_organisation": "Lantmäteriet", "objektversion": 1.0, "objekttypnr": 2066.0, "objekttyp": "Komplementbyggnad", "insamlingslage": "Takkant", "byggnadsnamn1": "None", "byggnadsnamn2": "None", "byggnadsnamn3": "None", "husnummer": 12.0, "huvudbyggnad": "Nej", "andamal1": "Komplementbyggnad;", "andamal2": "None", "andamal3": "None", "andamal4": "None", "andamal5": "None" }, "geometry": { "type": "Polygon", "coordinates": [ [ [ 11.93817572168247, 57.706349664020813 ], [ 11.938216613821263, 57.70639431736786 ], [ 11.938166362224951, 57.706407589733004 ], [ 11.93812533608039, 57.706362933125654 ], [ 11.93817572168247, 57.706349664020813 ] ] ] } },
{ "type": "Feature", "properties": { "id": "b46eb63b-9c9c-49b4-89ad-058f457e68e1", "objektidentitet": "f958215f-2873-4a89-87e0-8cf2838af608", "versiongiltigfran": "2011-03-23T08:54:44.256Z", "lagesosakerhetplan": 0.06, "lagesosakerhethojd": null, "ursprunglig_organisation": "Lantmäteriet", "objektversion": 1.0, "objekttypnr": 2066.0, "objekttyp": "Komplementbyggnad", "insamlingslage": "Takkant", "byggnadsnamn1": "None", "byggnadsnamn2": "None", "byggnadsnamn3": "None", "husnummer": 5.0, "huvudbyggnad": "Nej", "andamal1": "Komplementbyggnad;", "andamal2": "None", "andamal3": "None", "andamal4": "None", "andamal5": "None" }, "geometry": { "type": "Polygon", "coordinates": [ [ [ 11.938331294001232, 57.708120007965157 ], [ 11.938396407627131, 57.708157041384972 ], [ 11.938374519822247, 57.708168070215571 ], [ 11.938309405441967, 57.708131045754229 ], [ 11.938331294001232, 57.708120007965157 ] ] ] } },
{ "type": "Feature", "properties": { "id": "d38b0152-f510-4684-bdb9-2d3178fc4066", "objektidentitet": "f5e42022-aaa0-48c2-a4bf-c4fbd68a8fd3", "versiongiltigfran": "2012-02-23T14:52:46.558Z", "lagesosakerhetplan": 0.06, "lagesosakerhethojd": null, "ursprunglig_organisation": "Göteborg", "objektversion": 2.0, "objekttypnr": 2063.0, "objekttyp": "Samhällsfunktion", "insamlingslage": "Takkant", "byggnadsnamn1": "None", "byggnadsnamn2": "None", "byggnadsnamn3": "None", "husnummer": 13.0, "huvudbyggnad": "Nej", "andamal1": "Samhällsfunktion;Högskola", "andamal2": "None", "andamal3": "None", "andamal4": "None", "andamal5": "None" }, "geometry": { "type": "Polygon", "coordinates": [ [ [ 11.939148900654562, 57.706686409796504 ], [ 11.939148281797964, 57.706696919745461 ], [ 11.939146440444711, 57.706707391127217 ], [ 11.93914341389479, 57.706717779904345 ], [ 11.939139187662651, 57.706728058762273 ], [ 11.939133800563278, 57.706738165724289 ], [ 11.939127254110689, 57.706748082850908 ], [ 11.939119585605161, 57.706757766104609 ], [ 11.939110798075774, 57.706767179606523 ], [ 11.939100962336884, 57.706776280130008 ], [ 11.939090096659825, 57.706785050140979 ], [ 11.939078239102825, 57.706793436632161 ], [ 11.939065442208824, 57.70680141391064 ], [ 11.939051758520893, 57.706808956283624 ], [ 11.939037223825313, 57.706816037652771 ], [ 11.939021891422929, 57.706822623355578 ], [ 11.939005846613682, 57.7068286974798 ], [ 11.93898914269873, 57.706834225362961 ], [ 11.938971814707442, 57.706839189876412 ], [ 11.938953964697127, 57.706843575513503 ], [ 11.938935627697393, 57.706847365145627 ], [ 11.93891690576579, 57.706850543266128 ], [ 11.938897833174607, 57.706853101716213 ], [ 11.938878528738529, 57.706855025394759 ], [ 11.938859026729991, 57.706856306143003 ], [ 11.938839410934829, 57.706856945988292 ], [ 11.938819749139464, 57.706856937582927 ], [ 11.938800141886727, 57.706856283359812 ], [ 11.938780640206083, 57.70685497556584 ], [ 11.938761343125247, 57.706853034573349 ], [ 11.938742284159105, 57.706850461193469 ], [ 11.93872356309279, 57.706847266828895 ], [ 11.938705246954978, 57.706843453101904 ], [ 11.938687400501598, 57.706839048543578 ], [ 11.938670106760513, 57.706834064151366 ], [ 11.938653414488018, 57.706828519081306 ], [ 11.938637371682704, 57.706822441459124 ], [ 11.938622078886578, 57.706815833718146 ], [ 11.938607565825851, 57.706808741517953 ], [ 11.938593914770134, 57.70680118482565 ], [ 11.938581140203553, 57.706793190956027 ], [ 11.938569306123318, 57.706784797410037 ], [ 11.938558478041655, 57.706776023749249 ], [ 11.938548652927777, 57.706766905852568 ], [ 11.93853991077777, 57.706757490596054 ], [ 11.9385322668327, 57.706747796324777 ], [ 11.938525766816969, 57.706737878073362 ], [ 11.93852040921454, 57.70672775378128 ], [ 11.938516222992723, 57.706717478077593 ], [ 11.938513221877047, 57.706707087246514 ], [ 11.938511420350592, 57.706696608602627 ], [ 11.938510830623601, 57.706686096369339 ], [ 11.93851146642149, 57.706675586830769 ], [ 11.938513291199049, 57.706665115054435 ], [ 11.938516318681732, 57.706654717324376 ], [ 11.938520544322937, 57.706644447458409 ], [ 11.938525932335194, 57.706634331554234 ], [ 11.938532478929643, 57.706624414459981 ], [ 11.93854016356064, 57.706614740618114 ], [ 11.938548934441739, 57.706605326751166 ], [ 11.938558771027521, 57.706596217301623 ], [ 11.938569636015854, 57.706587456306437 ], [ 11.938581493619928, 57.706579069863167 ], [ 11.93859429053864, 57.706571092633645 ], [ 11.938607991743027, 57.706563541745822 ], [ 11.938622525660323, 57.70655646939521 ], [ 11.93863784126261, 57.706549883334681 ], [ 11.938653886006968, 57.706543809256296 ], [ 11.938670606593057, 57.706538281821885 ], [ 11.938687917722174, 57.706533316942966 ], [ 11.93870578512373, 57.706528922777942 ], [ 11.938724105227362, 57.70652513277215 ], [ 11.938742843762695, 57.70652195508405 ], [ 11.938761898674679, 57.706519405219801 ], [ 11.93878121969383, 57.706517481962798 ], [ 11.938800722279561, 57.706516192255094 ], [ 11.938820337890617, 57.706515552413997 ], [ 11.938839981986511, 57.706515569381651 ], [ 11.938859589056102, 57.70651622359685 ], [ 11.938879091315689, 57.706517522407331 ], [ 11.938898404982254, 57.706519463785746 ], [ 11.938917446272736, 57.706522045704851 ], [ 11.938936167190121, 57.706525240039397 ], [ 11.938954483951187, 57.706529044762171 ], [ 11.938972330286948, 57.706533449281835 ], [ 11.938989640685781, 57.706538434037405 ], [ 11.939006332879122, 57.706543979062545 ], [ 11.939022358111917, 57.706550065201796 ], [ 11.939037651629617, 57.706556663924601 ], [ 11.939052164676893, 57.706563756075553 ], [ 11.939065832498899, 57.706571313124137 ], [ 11.939078607097469, 57.706579306945351 ], [ 11.939090423717454, 57.706587709008652 ], [ 11.939101268631529, 57.706596483030282 ], [ 11.939111077084251, 57.706605600479698 ], [ 11.93911981934863, 57.706615015698006 ], [ 11.939127463425216, 57.70662470993522 ], [ 11.939133980344227, 57.706634628562739 ], [ 11.939139338863447, 57.706644743860821 ], [ 11.939143524497435, 57.706655028515279 ], [ 11.939146525790475, 57.706665419333163 ], [ 11.939148311500126, 57.706675888594731 ], [ 11.939148900654562, 57.706686409796504 ] ] ] } },
{ "type": "Feature", "properties": { "id": "3df1c81f-7de3-4458-92bf-a6914466dd89", "objektidentitet": "71d7a1da-115c-4359-8904-fa907c5ce160", "versiongiltigfran": "2011-03-23T08:39:52.321Z", "lagesosakerhetplan": 0.06, "lagesosakerhethojd": null, "ursprunglig_organisation": "Lantmäteriet", "objektversion": 1.0, "objekttypnr": 2066.0, "objekttyp": "Komplementbyggnad", "insamlingslage": "Takkant", "byggnadsnamn1": "None", "byggnadsnamn2": "None", "byggnadsnamn3": "None", "husnummer": 7.0, "huvudbyggnad": "Nej", "andamal1": "Komplementbyggnad;", "andamal2": "None", "andamal3": "None", "andamal4": "None", "andamal5": "None" }, "geometry": { "type": "Polygon", "coordinates": [ [ [ 11.938409128697703, 57.708163685774039 ], [ 11.938475066722557, 57.708200900885757 ], [ 11.938453036519286, 57.708212025151589 ], [ 11.938387097739909, 57.708174818998117 ], [ 11.938409128697703, 57.708163685774039 ] ] ] } },
{ "type": "Feature", "properties": { "id": "c422aa86-3ec6-4f37-8cae-05c4e1269aa5", "objektidentitet": "b074467b-d254-49a9-a784-afd39cc82e47", "versiongiltigfran": "2023-08-21T16:17:09.150Z", "lagesosakerhetplan": 0.06, "lagesosakerhethojd": null, "ursprunglig_organisation": "Göteborg", "objektversion": 4.0, "objekttypnr": 2063.0, "objekttyp": "Samhällsfunktion", "insamlingslage": "Takkant", "byggnadsnamn1": "None", "byggnadsnamn2": "None", "byggnadsnamn3": "None", "husnummer": 3.0, "huvudbyggnad": "Nej", "andamal1": "Samhällsfunktion;Universitet", "andamal2": "None", "andamal3": "None", "andamal4": "None", "andamal5": "None" }, "geometry": { "type": "Polygon", "coordinates": [ [ [ 11.93883901676781, 57.70617607901432 ], [ 11.93877608918212, 57.706106238612819 ], [ 11.938795434849146, 57.706100442133724 ], [ 11.938820487591814, 57.706089696558301 ], [ 11.938887405910361, 57.706163579228104 ], [ 11.93883901676781, 57.70617607901432 ] ] ] } },
{ "type": "Feature", "properties": { "id": "12cc106d-b169-4b27-b330-18937d3800bd", "objektidentitet": "7a66d9e0-8de7-4326-b0c7-58eba7a59486", "versiongiltigfran": "2012-01-03T09:52:49.467Z", "lagesosakerhetplan": 0.06, "lagesosakerhethojd": 2.5, "ursprunglig_organisation": "Kommunsamverkan", "objektversion": 2.0, "objekttypnr": 2064.0, "objekttyp": "Verksamhet", "insamlingslage": "Takkant", "byggnadsnamn1": "None", "byggnadsnamn2": "None", "byggnadsnamn3": "None", "husnummer": 1.0, "huvudbyggnad": "Nej", "andamal1": "Verksamhet;", "andamal2": "None", "andamal3": "None", "andamal4": "None", "andamal5": "None" }, "geometry": { "type": "Polygon", "coordinates": [ [ [ 11.939341586304863, 57.706434572912841 ], [ 11.940200849242517, 57.706635073829467 ], [ 11.939627923171837, 57.707338644172353 ], [ 11.938775167649467, 57.707139663216928 ], [ 11.939714508656699, 57.706941780519251 ], [ 11.939341586304863, 57.706434572912841 ] ] ] } },
{ "type": "Feature", "properties": { "id": "38e83f51-da43-4725-8a11-7cc6ee591fe6", "objektidentitet": "54f0662f-68cd-42ad-819e-b6aa05749cfc", "versiongiltigfran": "2016-11-28T10:13:03.918Z", "lagesosakerhetplan": 0.06, "lagesosakerhethojd": null, "ursprunglig_organisation": "Göteborg", "objektversion": 3.0, "objekttypnr": 2066.0, "objekttyp": "Komplementbyggnad", "insamlingslage": "Takkant", "byggnadsnamn1": "None", "byggnadsnamn2": "None", "byggnadsnamn3": "None", "husnummer": 1.0, "huvudbyggnad": "Nej", "andamal1": "Komplementbyggnad;", "andamal2": "None", "andamal3": "None", "andamal4": "None", "andamal5": "None" }, "geometry": { "type": "Polygon", "coordinates": [ [ [ 11.939005569623841, 57.708093550959667 ], [ 11.939310289304784, 57.707939850160614 ], [ 11.939127932970132, 57.708165907813083 ], [ 11.939005569623841, 57.708093550959667 ] ] ] } },
{ "type": "Feature", "properties": { "id": "c14e4767-2d16-41b0-b6ea-f3f4613896e2", "objektidentitet": "7a66d9e0-8de7-4326-b0c7-58eba7a59486", "versiongiltigfran": "2012-01-03T09:52:49.467Z", "lagesosakerhetplan": 0.06, "lagesosakerhethojd": null, "ursprunglig_organisation": "Kommunsamverkan", "objektversion": 2.0, "objekttypnr": 2064.0, "objekttyp": "Verksamhet", "insamlingslage": "Takkant", "byggnadsnamn1": "None", "byggnadsnamn2": "None", "byggnadsnamn3": "None", "husnummer": 1.0, "huvudbyggnad": "Nej", "andamal1": "Verksamhet;", "andamal2": "None", "andamal3": "None", "andamal4": "None", "andamal5": "None" }, "geometry": { "type": "Polygon", "coordinates": [ [ [ 11.939417606969279, 57.707289568933248 ], [ 11.939407490165904, 57.707301997220476 ], [ 11.93919460505886, 57.707252329161278 ], [ 11.93920472267766, 57.707239891921915 ], [ 11.939417606969279, 57.707289568933248 ] ] ] } },
{ "type": "Feature", "properties": { "id": "6e9ff8e1-6d6e-4c28-8bde-d0cc32604c14", "objektidentitet": "54f0662f-68cd-42ad-819e-b6aa05749cfc", "versiongiltigfran": "2016-11-28T10:13:03.918Z", "lagesosakerhetplan": 0.06, "lagesosakerhethojd": null, "ursprunglig_organisation": "Göteborg", "objektversion": 3.0, "objekttypnr": 2066.0, "objekttyp": "Komplementbyggnad", "insamlingslage": "Takkant", "byggnadsnamn1": "None", "byggnadsnamn2": "None", "byggnadsnamn3": "None", "husnummer": 1.0, "huvudbyggnad": "Nej", "andamal1": "Komplementbyggnad;", "andamal2": "None", "andamal3": "None", "andamal4": "None", "andamal5": "None" }, "geometry": { "type": "Polygon", "coordinates": [ [ [ 11.939610162644009, 57.707568081998225 ], [ 11.940213284833179, 57.70770746914593 ], [ 11.939613352489657, 57.70844390254446 ], [ 11.939127932970132, 57.708165907813083 ], [ 11.939610162644009, 57.707568081998225 ] ] ] } },
{ "type": "Feature", "properties": { "id": "ab7ed9fc-fa01-45ec-a271-04c5e4ca3280", "objektidentitet": "876289e3-73b0-41dc-9e40-e95e0d69c676", "versiongiltigfran": "2015-06-30T14:17:40.260Z", "lagesosakerhetplan": 0.06, "lagesosakerhethojd": null, "ursprunglig_organisation": "Göteborg", "objektversion": 1.0, "objekttypnr": 2067.0, "objekttyp": "Övrig byggnad", "insamlingslage": "Takkant", "byggnadsnamn1": "None", "byggnadsnamn2": "None", "byggnadsnamn3": "None", "husnummer": 12.0, "huvudbyggnad": "Nej", "andamal1": "Övrig byggnad;", "andamal2": "None", "andamal3": "None", "andamal4": "None", "andamal5": "None" }, "geometry": { "type": "Polygon", "coordinates": [ [ [ 11.939544145494649, 57.707649929280308 ], [ 11.939384426708543, 57.707444680620284 ], [ 11.939650001797935, 57.707503334680162 ], [ 11.939599720279357, 57.707565672264593 ], [ 11.939610162644009, 57.707568081998225 ], [ 11.939544145494649, 57.707649929280308 ] ] ] } },
{ "type": "Feature", "properties": { "id": "6a232388-7893-4942-9df4-52d4e2b9c8f9", "objektidentitet": "7a66d9e0-8de7-4326-b0c7-58eba7a59486", "versiongiltigfran": "2012-01-03T09:52:49.467Z", "lagesosakerhetplan": 0.06, "lagesosakerhethojd": 2.5, "ursprunglig_organisation": "Kommunsamverkan", "objektversion": 2.0, "objekttypnr": 2064.0, "objekttyp": "Verksamhet", "insamlingslage": "Takkant", "byggnadsnamn1": "None", "byggnadsnamn2": "None", "byggnadsnamn3": "None", "husnummer": 1.0, "huvudbyggnad": "Nej", "andamal1": "Verksamhet;", "andamal2": "None", "andamal3": "None", "andamal4": "None", "andamal5": "None" }, "geometry": { "type": "Polygon", "coordinates": [ [ [ 11.939567853092045, 57.706487377770074 ], [ 11.939580234978656, 57.706472182046021 ], [ 11.939627197616272, 57.706483142035985 ], [ 11.939646773672639, 57.706459105406587 ], [ 11.939889508623455, 57.706515741480786 ], [ 11.939904552308967, 57.70649725760066 ], [ 11.940159522468582, 57.706556750686318 ], [ 11.94014590384602, 57.706573471469447 ], [ 11.940194102355211, 57.706584712800712 ], [ 11.940160719939275, 57.706625708429449 ], [ 11.939567853092045, 57.706487377770074 ] ] ] } },
{ "type": "Feature", "properties": { "id": "f3485d3b-1110-4cec-8989-165ff04308b7", "objektidentitet": "bd4d035f-727f-463c-b962-2b574a9ea3bd", "versiongiltigfran": "2011-03-23T08:36:11.065Z", "lagesosakerhetplan": 0.06, "lagesosakerhethojd": null, "ursprunglig_organisation": "Lantmäteriet", "objektversion": 1.0, "objekttypnr": 2064.0, "objekttyp": "Verksamhet", "insamlingslage": "Takkant", "byggnadsnamn1": "None", "byggnadsnamn2": "None", "byggnadsnamn3": "None", "husnummer": 1.0, "huvudbyggnad": "Nej", "andamal1": "Verksamhet;", "andamal2": "None", "andamal3": "None", "andamal4": "None", "andamal5": "None" }, "geometry": { "type": "Polygon", "coordinates": [ [ [ 11.9399978639275, 57.705858752974194 ], [ 11.940697472325629, 57.706021620829375 ], [ 11.940564643284242, 57.706185108405748 ], [ 11.940585968433762, 57.706190073194165 ], [ 11.940502791109504, 57.706292465864287 ], [ 11.940483294110392, 57.706287922771978 ], [ 11.940385722962208, 57.70640806004365 ], [ 11.940136439224608, 57.706350035167411 ], [ 11.940100517670206, 57.706394258961275 ], [ 11.940045664806458, 57.706381490457247 ], [ 11.940080908208225, 57.706338140084171 ], [ 11.939684523180555, 57.706245871098332 ], [ 11.939775366437775, 57.706134047245868 ], [ 11.940175882219801, 57.706227296697946 ], [ 11.94030852666695, 57.70606402973776 ], [ 11.939907041097943, 57.705970550500268 ], [ 11.9399978639275, 57.705858752974194 ] ] ] } },
{ "type": "Feature", "properties": { "id": "edb7a42a-e8b8-45e8-b6d3-b7b1e4a26c53", "objektidentitet": "7a66d9e0-8de7-4326-b0c7-58eba7a59486", "versiongiltigfran": "2012-01-03T09:52:49.467Z", "lagesosakerhetplan": 0.025, "lagesosakerhethojd": null, "ursprunglig_organisation": "Kommunsamverkan", "objektversion": 2.0, "objekttypnr": 2064.0, "objekttyp": "Verksamhet", "insamlingslage": "Fasad", "byggnadsnamn1": "None", "byggnadsnamn2": "None", "byggnadsnamn3": "None", "husnummer": 1.0, "huvudbyggnad": "Nej", "andamal1": "Verksamhet;", "andamal2": "None", "andamal3": "None", "andamal4": "None", "andamal5": "None" }, "geometry": { "type": "Polygon", "coordinates": [ [ [ 11.94020644612683, 57.706617107422758 ], [ 11.940356257854056, 57.706652296655584 ], [ 11.940429856483382, 57.706560952308578 ], [ 11.940512698899775, 57.706580104933295 ], [ 11.940531024627331, 57.706557745650763 ], [ 11.940878273111633, 57.706638011153863 ], [ 11.940860389392451, 57.706660507004358 ], [ 11.941026727349097, 57.706699043124694 ], [ 11.94095247216514, 57.706791019057498 ], [ 11.94105063663473, 57.706922693731954 ], [ 11.940878196812898, 57.706883030415391 ], [ 11.94080904082154, 57.706968694193215 ], [ 11.940906956345513, 57.707100731463861 ], [ 11.940734483090038, 57.707061058165635 ], [ 11.940592343610591, 57.707237128511181 ], [ 11.940690259031761, 57.707369165944094 ], [ 11.94051778475613, 57.70732949234187 ], [ 11.940448588975105, 57.707415208908444 ], [ 11.940546488327898, 57.707547237074046 ], [ 11.940374012618378, 57.707507572239827 ], [ 11.93963087913588, 57.707333664439602 ], [ 11.94020644612683, 57.706617107422758 ] ] ] } },
{ "type": "Feature", "properties": { "id": "5480ce64-fdcb-4705-8f3f-2837017223ac", "objektidentitet": "7a66d9e0-8de7-4326-b0c7-58eba7a59486", "versiongiltigfran": "2012-01-03T09:52:49.467Z", "lagesosakerhetplan": 0.06, "lagesosakerhethojd": null, "ursprunglig_organisation": "Kommunsamverkan", "objektversion": 2.0, "objekttypnr": 2064.0, "objekttyp": "Verksamhet", "insamlingslage": "Takkant", "byggnadsnamn1": "None", "byggnadsnamn2": "None", "byggnadsnamn3": "None", "husnummer": 1.0, "huvudbyggnad": "Nej", "andamal1": "Verksamhet;", "andamal2": "None", "andamal3": "None", "andamal4": "None", "andamal5": "None" }, "geometry": { "type": "Polygon", "coordinates": [ [ [ 11.940332565001199, 57.707497500927587 ], [ 11.940222044088593, 57.707633943670345 ], [ 11.93966870710498, 57.707507714932724 ], [ 11.939779494176465, 57.707368537753069 ], [ 11.940332565001199, 57.707497500927587 ] ] ] } },
{ "type": "Feature", "properties": { "id": "2b8d1fb1-363f-4f74-a868-41328d8303ac", "objektidentitet": "bd4d035f-727f-463c-b962-2b574a9ea3bd", "versiongiltigfran": "2011-03-23T08:36:11.065Z", "lagesosakerhetplan": 0.06, "lagesosakerhethojd": null, "ursprunglig_organisation": "Lantmäteriet", "objektversion": 1.0, "objekttypnr": 2064.0, "objekttyp": "Verksamhet", "insamlingslage": "Takkant", "byggnadsnamn1": "None", "byggnadsnamn2": "None", "byggnadsnamn3": "None", "husnummer": 1.0, "huvudbyggnad": "Nej", "andamal1": "Verksamhet;", "andamal2": "None", "andamal3": "None", "andamal4": "None", "andamal5": "None" }, "geometry": { "type": "Polygon", "coordinates": [ [ [ 11.939900953237874, 57.70596907301406 ], [ 11.94030852666695, 57.70606402973776 ], [ 11.940177299065805, 57.70622761858354 ], [ 11.939881424467162, 57.706159622071802 ], [ 11.939986154792187, 57.706029079499842 ], [ 11.939873590111713, 57.70600321253967 ], [ 11.939900953237874, 57.70596907301406 ] ] ] } },
{ "type": "Feature", "properties": { "id": "7c7a17cd-1fec-4c21-b592-4bb8ef5e43d5", "objektidentitet": "350c0834-9474-4dea-9a59-cec3170c92d7", "versiongiltigfran": "2018-01-04T13:13:18.037Z", "lagesosakerhetplan": 0.05, "lagesosakerhethojd": null, "ursprunglig_organisation": "Göteborg", "objektversion": 4.0, "objekttypnr": 2064.0, "objekttyp": "Verksamhet", "insamlingslage": "Fasad", "byggnadsnamn1": "None", "byggnadsnamn2": "None", "byggnadsnamn3": "None", "husnummer": 1.0, "huvudbyggnad": "Nej", "andamal1": "Verksamhet;", "andamal2": "None", "andamal3": "None", "andamal4": "None", "andamal5": "None" }, "geometry": { "type": "Polygon", "coordinates": [ [ [ 11.940582078934021, 57.708393776079866 ], [ 11.940588458366204, 57.708395584144796 ], [ 11.940591476013038, 57.708396636811386 ], [ 11.940594367270496, 57.708397794277026 ], [ 11.940599725644161, 57.708400359601995 ], [ 11.940604467213547, 57.708403269529079 ], [ 11.940606568789914, 57.708404830331787 ], [ 11.940608496732327, 57.70840645883915 ], [ 11.940611782956383, 57.708409899812793 ], [ 11.94061424815407, 57.708413518666447 ], [ 11.940615165435521, 57.708415383383581 ], [ 11.940615878595993, 57.708417279116269 ], [ 11.940616630065817, 57.708421108189214 ], [ 11.940616669132231, 57.708423032559828 ], [ 11.940616108957574, 57.708426883840573 ], [ 11.940614665166523, 57.708430659824565 ], [ 11.940612374302779, 57.708434325443697 ], [ 11.940295901032622, 57.708825135403217 ], [ 11.940294162888518, 57.708826828043392 ], [ 11.940290098459991, 57.708830019339572 ], [ 11.940287806448559, 57.708831509836521 ], [ 11.940282722618131, 57.708834245054696 ], [ 11.94027703000414, 57.708836632993716 ], [ 11.940274003475276, 57.70883767430275 ], [ 11.940270850455324, 57.708838622672673 ], [ 11.940264270033003, 57.708840189209063 ], [ 11.940257357283443, 57.708841316284776 ], [ 11.940253832263664, 57.708841698402793 ], [ 11.940246659420479, 57.708842127113385 ], [ 11.940243045870181, 57.70884216554694 ], [ 11.940235849816325, 57.708841874657772 ], [ 11.940232283313506, 57.708841554710041 ], [ 11.940228776928574, 57.7088411193726 ], [ 11.940221928511836, 57.708839893153609 ], [ 11.94021861848141, 57.708839121022024 ], [ 11.940212312080536, 57.708837242801984 ], [ 11.940206475461718, 57.708834971485231 ], [ 11.940201238901993, 57.70883235516267 ], [ 11.940011172709564, 57.708723317725962 ], [ 11.940006889570189, 57.708720149226039 ], [ 11.940003367252595, 57.708716720501648 ], [ 11.940001923687001, 57.708714923941685 ], [ 11.939999669470225, 57.708711193335212 ], [ 11.93999831477861, 57.708707349667002 ], [ 11.939997855068128, 57.70870344675501 ], [ 11.93999831855311, 57.708699548197522 ], [ 11.939999684688965, 57.708695698437445 ], [ 11.940001946659793, 57.708691978201678 ], [ 11.940273732222261, 57.708356343846113 ], [ 11.940275223522129, 57.7083545913084 ], [ 11.940278811768394, 57.708351271652617 ], [ 11.940283116149745, 57.708348220980504 ], [ 11.940288100879128, 57.708345465390316 ], [ 11.940293676867682, 57.708343065643135 ], [ 11.940299774055946, 57.708341055996279 ], [ 11.940306273625923, 57.708339451551915 ], [ 11.940313088003411, 57.708338295131739 ], [ 11.940320132643079, 57.708337593678927 ], [ 11.940323690470393, 57.708337419076599 ], [ 11.940330843624826, 57.708337421309558 ], [ 11.940337957404976, 57.708337889964376 ], [ 11.940344896992551, 57.708338830768369 ], [ 11.940351596871501, 57.708340224161077 ], [ 11.940582078934021, 57.708393776079866 ] ] ] } },
{ "type": "Feature", "properties": { "id": "fb74e5a6-888a-4458-bc67-c4009cb384f6", "objektidentitet": "bdd09c58-7222-4dd7-aa49-77cdcb4954a8", "versiongiltigfran": "2011-03-23T08:57:36.325Z", "lagesosakerhetplan": 0.06, "lagesosakerhethojd": null, "ursprunglig_organisation": "Lantmäteriet", "objektversion": 1.0, "objekttypnr": 2066.0, "objekttyp": "Komplementbyggnad", "insamlingslage": "Takkant", "byggnadsnamn1": "None", "byggnadsnamn2": "None", "byggnadsnamn3": "None", "husnummer": 4.0, "huvudbyggnad": "Nej", "andamal1": "Komplementbyggnad;", "andamal2": "None", "andamal3": "None", "andamal4": "None", "andamal5": "None" }, "geometry": { "type": "Polygon", "coordinates": [ [ [ 11.940811560126349, 57.705583798386627 ], [ 11.940647059743867, 57.705826737783127 ], [ 11.940621464461939, 57.7058222359735 ], [ 11.940768634746943, 57.70559742868663 ], [ 11.940308870416484, 57.705493040980116 ], [ 11.940383409868744, 57.705352528247658 ], [ 11.940429195815915, 57.705359909248415 ], [ 11.940553293236919, 57.705206942300045 ], [ 11.940537936557201, 57.705202885824626 ], [ 11.940607215381871, 57.70506380965422 ], [ 11.940664073801857, 57.705068510304798 ], [ 11.940782472251438, 57.704918587071447 ], [ 11.940765609786226, 57.704914269507547 ], [ 11.940843041361275, 57.704772676019388 ], [ 11.941369124992722, 57.704853121630059 ], [ 11.941396301778747, 57.704813800231882 ], [ 11.941571698835194, 57.704847557482779 ], [ 11.941561421072807, 57.70486390078927 ], [ 11.941410095296208, 57.704838769772202 ], [ 11.941390118377209, 57.704874148765875 ], [ 11.94090015443221, 57.704796239497846 ], [ 11.940819179418998, 57.704901633646188 ], [ 11.940958736666753, 57.704933311645 ], [ 11.940819935817752, 57.705113309739872 ], [ 11.940669848964809, 57.705091596272545 ], [ 11.940589295178526, 57.705190789785924 ], [ 11.940729812824172, 57.705223632723076 ], [ 11.940595860938195, 57.70539986505964 ], [ 11.940434570294876, 57.705378590416842 ], [ 11.940356084249968, 57.705480125741197 ], [ 11.940811560126349, 57.705583798386627 ] ] ] } },
{ "type": "Feature", "properties": { "id": "03e290c0-7c7f-482e-930d-111b8e757964", "objektidentitet": "27b7ccee-acee-482d-bb82-2fc037f84a5f", "versiongiltigfran": "2017-01-02T13:34:27.794Z", "lagesosakerhetplan": 0.05, "lagesosakerhethojd": null, "ursprunglig_organisation": "Kommunsamverkan", "objektversion": 1.0, "objekttypnr": 2064.0, "objekttyp": "Verksamhet", "insamlingslage": "Fasad", "byggnadsnamn1": "None", "byggnadsnamn2": "None", "byggnadsnamn3": "None", "husnummer": 1.0, "huvudbyggnad": "Nej", "andamal1": "Verksamhet;", "andamal2": "None", "andamal3": "None", "andamal4": "None", "andamal5": "None" }, "geometry": { "type": "Polygon", "coordinates": [ [ [ 11.940801391673714, 57.706109942125508 ], [ 11.941316579895974, 57.706228997154128 ], [ 11.941315417605981, 57.706230434090642 ], [ 11.941379286015348, 57.70624520862755 ], [ 11.941092241131825, 57.706601013601116 ], [ 11.941028456006709, 57.706586240941085 ], [ 11.941027387318515, 57.706587563294988 ], [ 11.940511920863855, 57.706468572327658 ], [ 11.940801391673714, 57.706109942125508 ] ] ] } },
{ "type": "Feature", "properties": { "id": "e942fc18-fdb7-4173-8322-08414b147cdf", "objektidentitet": "333d0d8f-6b77-4b6b-a412-b63116cf7c8c", "versiongiltigfran": "2016-10-10T12:29:04.205Z", "lagesosakerhetplan": 0.025, "lagesosakerhethojd": null, "ursprunglig_organisation": "Göteborg", "objektversion": 7.0, "objekttypnr": 2067.0, "objekttyp": "Övrig byggnad", "insamlingslage": "Fasad", "byggnadsnamn1": "None", "byggnadsnamn2": "None", "byggnadsnamn3": "None", "husnummer": 1.0, "huvudbyggnad": "Nej", "andamal1": "Övrig byggnad;", "andamal2": "None", "andamal3": "None", "andamal4": "None", "andamal5": "None" }, "geometry": { "type": "Polygon", "coordinates": [ [ [ 11.940468827927047, 57.708250627101506 ], [ 11.940463891897078, 57.70825022011006 ], [ 11.940459310506183, 57.708249192537238 ], [ 11.940455313818402, 57.708247603874959 ], [ 11.940452163141414, 57.708245541334648 ], [ 11.94045003220876, 57.70824313494979 ], [ 11.940449043723802, 57.70824052250746 ], [ 11.940449267845425, 57.708237867488073 ], [ 11.940450692458683, 57.708235313406114 ], [ 11.940962661656533, 57.707601405236254 ], [ 11.941291110309715, 57.707563526361639 ], [ 11.941299753603264, 57.707552832935349 ], [ 11.941304365418567, 57.707553897166235 ], [ 11.94074835898371, 57.708242503077244 ], [ 11.940744898795421, 57.708245897746117 ], [ 11.940741987869345, 57.708247957501811 ], [ 11.940738624385236, 57.70824980857806 ], [ 11.940734876887825, 57.708251434656525 ], [ 11.940730781163706, 57.708252809638608 ], [ 11.940726422515315, 57.708253917611231 ], [ 11.940721836729303, 57.708254732475815 ], [ 11.940717108351066, 57.708255247288932 ], [ 11.940712305168368, 57.708255454701899 ], [ 11.940468827927047, 57.708250627101506 ] ] ] } },
{ "type": "Feature", "properties": { "id": "766c89f4-1537-4d21-b42d-39231bb946c0", "objektidentitet": "333d0d8f-6b77-4b6b-a412-b63116cf7c8c", "versiongiltigfran": "2016-10-10T12:29:04.205Z", "lagesosakerhetplan": 0.06, "lagesosakerhethojd": null, "ursprunglig_organisation": "Göteborg", "objektversion": 7.0, "objekttypnr": 2067.0, "objekttyp": "Övrig byggnad", "insamlingslage": "Takkant", "byggnadsnamn1": "None", "byggnadsnamn2": "None", "byggnadsnamn3": "None", "husnummer": 1.0, "huvudbyggnad": "Nej", "andamal1": "Övrig byggnad;", "andamal2": "None", "andamal3": "None", "andamal4": "None", "andamal5": "None" }, "geometry": { "type": "Polygon", "coordinates": [ [ [ 11.940602062831356, 57.708252914523889 ], [ 11.940708524100234, 57.708255489096864 ], [ 11.940698847899226, 57.70826826968144 ], [ 11.940702126852731, 57.708272393562801 ], [ 11.94064635463717, 57.708287987147557 ], [ 11.940598997912577, 57.708290616847378 ], [ 11.940602062831356, 57.708252914523889 ] ] ] } },
{ "type": "Feature", "properties": { "id": "bea80bec-358c-40b8-8cc0-f5a7af18f4b5", "objektidentitet": "27b7ccee-acee-482d-bb82-2fc037f84a5f", "versiongiltigfran": "2017-01-02T13:34:27.794Z", "lagesosakerhetplan": 0.05, "lagesosakerhethojd": null, "ursprunglig_organisation": "Kommunsamverkan", "objektversion": 1.0, "objekttypnr": 2064.0, "objekttyp": "Verksamhet", "insamlingslage": "Fasad", "byggnadsnamn1": "None", "byggnadsnamn2": "None", "byggnadsnamn3": "None", "husnummer": 1.0, "huvudbyggnad": "Nej", "andamal1": "Verksamhet;", "andamal2": "None", "andamal3": "None", "andamal4": "None", "andamal5": "None" }, "geometry": { "type": "Polygon", "coordinates": [ [ [ 11.941165956624378, 57.706509653703357 ], [ 11.941344592758641, 57.706550886566866 ], [ 11.941270897410003, 57.706642211098213 ], [ 11.941092241131825, 57.706601013601116 ], [ 11.941165956624378, 57.706509653703357 ] ] ] } },
{ "type": "Feature", "properties": { "id": "f8b3b9f8-e35e-4c04-a893-07ae7d11633f", "objektidentitet": "27b7ccee-acee-482d-bb82-2fc037f84a5f", "versiongiltigfran": "2017-01-02T13:34:27.794Z", "lagesosakerhetplan": 0.05, "lagesosakerhethojd": null, "ursprunglig_organisation": "Kommunsamverkan", "objektversion": 1.0, "objekttypnr": 2064.0, "objekttyp": "Verksamhet", "insamlingslage": "Fasad", "byggnadsnamn1": "None", "byggnadsnamn2": "None", "byggnadsnamn3": "None", "husnummer": 1.0, "huvudbyggnad": "Nej", "andamal1": "Verksamhet;", "andamal2": "None", "andamal3": "None", "andamal4": "None", "andamal5": "None" }, "geometry": { "type": "Polygon", "coordinates": [ [ [ 11.941234423499131, 57.706424773017815 ], [ 11.941307594792399, 57.706334082973477 ], [ 11.941486126667954, 57.70637534907906 ], [ 11.941413021244601, 57.70646605878958 ], [ 11.941234423499131, 57.706424773017815 ] ] ] } },
{ "type": "Feature", "properties": { "id": "bb13239d-5b21-4c8b-a291-5a0b684847bc", "objektidentitet": "5fae057b-123a-4e1e-8bf1-7be30e328320", "versiongiltigfran": "2021-03-04T09:20:02.636Z", "lagesosakerhetplan": 0.1, "lagesosakerhethojd": null, "ursprunglig_organisation": "Göteborg", "objektversion": 4.0, "objekttypnr": 2061.0, "objekttyp": "Bostad", "insamlingslage": "Takkant", "byggnadsnamn1": "None", "byggnadsnamn2": "None", "byggnadsnamn3": "None", "husnummer": 2.0, "huvudbyggnad": "Nej", "andamal1": "Bostad;Flerfamiljshus", "andamal2": "None", "andamal3": "None", "andamal4": "None", "andamal5": "None" }, "geometry": { "type": "Polygon", "coordinates": [ [ [ 11.941171146728372, 57.708949401877767 ], [ 11.941586132918534, 57.708713973683103 ], [ 11.941733243501696, 57.708788256400432 ], [ 11.941318239869108, 57.709023693640724 ], [ 11.941171146728372, 57.708949401877767 ] ] ] } },
{ "type": "Feature", "properties": { "id": "37ff72d1-7944-4de5-993e-c434e99a43cb", "objektidentitet": "b44871db-8f94-45ab-ae6b-79eccb08d2ee", "versiongiltigfran": "2023-05-03T15:48:36.172Z", "lagesosakerhetplan": null, "lagesosakerhethojd": null, "ursprunglig_organisation": "Göteborg", "objektversion": 2.0, "objekttypnr": 2061.0, "objekttyp": "Bostad", "insamlingslage": "Illustrativt läge", "byggnadsnamn1": "None", "byggnadsnamn2": "None", "byggnadsnamn3": "None", "husnummer": 2.0, "huvudbyggnad": "Nej", "andamal1": "Bostad;Flerfamiljshus", "andamal2": "None", "andamal3": "None", "andamal4": "None", "andamal5": "None" }, "geometry": { "type": "Polygon", "coordinates": [ [ [ 11.941484528635122, 57.709071701112109 ], [ 11.941613527569023, 57.70914471918141 ], [ 11.941398257744648, 57.709253679963631 ], [ 11.941269258871401, 57.709180661676378 ], [ 11.941484528635122, 57.709071701112109 ] ] ] } },
{ "type": "Feature", "properties": { "id": "48716d48-38ec-4a68-86ec-058ad0ae63d5", "objektidentitet": "07a5d5ed-e7c3-41e4-9f3a-c2232d50ac4a", "versiongiltigfran": "2019-09-30T13:24:44.867Z", "lagesosakerhetplan": 0.06, "lagesosakerhethojd": 2.5, "ursprunglig_organisation": "Lantmäteriet", "objektversion": 7.0, "objekttypnr": 2063.0, "objekttyp": "Samhällsfunktion", "insamlingslage": "Takkant", "byggnadsnamn1": "Lindholmens kunskapscentrum", "byggnadsnamn2": "None", "byggnadsnamn3": "None", "husnummer": 8.0, "huvudbyggnad": "Nej", "andamal1": "Samhällsfunktion;Skola", "andamal2": "None", "andamal3": "None", "andamal4": "None", "andamal5": "None" }, "geometry": { "type": "Polygon", "coordinates": [ [ [ 11.937783091626665, 57.70507433758074 ], [ 11.937814407305329, 57.705066368309126 ], [ 11.937856413807987, 57.705113709225515 ], [ 11.93782509809696, 57.705121678507204 ], [ 11.937783091626665, 57.70507433758074 ] ] ] } },
{ "type": "Feature", "properties": { "id": "c22a7495-a22c-40ad-84d1-1ac28c4ebb35", "objektidentitet": "07a5d5ed-e7c3-41e4-9f3a-c2232d50ac4a", "versiongiltigfran": "2019-09-30T13:24:44.867Z", "lagesosakerhetplan": 0.1, "lagesosakerhethojd": null, "ursprunglig_organisation": "Lantmäteriet", "objektversion": 7.0, "objekttypnr": 2063.0, "objekttyp": "Samhällsfunktion", "insamlingslage": "Takkant", "byggnadsnamn1": "Lindholmens kunskapscentrum", "byggnadsnamn2": "None", "byggnadsnamn3": "None", "husnummer": 8.0, "huvudbyggnad": "Nej", "andamal1": "Samhällsfunktion;Skola", "andamal2": "None", "andamal3": "None", "andamal4": "None", "andamal5": "None" }, "geometry": { "type": "Polygon", "coordinates": [ [ [ 11.937564006590222, 57.705365143136085 ], [ 11.937329835637749, 57.70510493413628 ], [ 11.937539468376036, 57.705050823451309 ], [ 11.937776381525238, 57.70530899524006 ], [ 11.937564006590222, 57.705365143136085 ] ] ] } },
{ "type": "Feature", "properties": { "id": "cc8bc267-038d-4ab5-b1a7-4de37ec5050a", "objektidentitet": "07a5d5ed-e7c3-41e4-9f3a-c2232d50ac4a", "versiongiltigfran": "2019-09-30T13:24:44.867Z", "lagesosakerhetplan": 0.1, "lagesosakerhethojd": null, "ursprunglig_organisation": "Lantmäteriet", "objektversion": 7.0, "objekttypnr": 2063.0, "objekttyp": "Samhällsfunktion", "insamlingslage": "Takkant", "byggnadsnamn1": "Lindholmens kunskapscentrum", "byggnadsnamn2": "None", "byggnadsnamn3": "None", "husnummer": 8.0, "huvudbyggnad": "Nej", "andamal1": "Samhällsfunktion;Skola", "andamal2": "None", "andamal3": "None", "andamal4": "None", "andamal5": "None" }, "geometry": { "type": "Polygon", "coordinates": [ [ [ 11.937407105877581, 57.704658573999758 ], [ 11.937628339045538, 57.704904556297869 ], [ 11.937446905978607, 57.704951620163897 ], [ 11.937366941296217, 57.704862896200055 ], [ 11.937233864778094, 57.704897235065417 ], [ 11.937208811492033, 57.704869439820399 ], [ 11.937133575938011, 57.70488889277226 ], [ 11.937016887056028, 57.704759291825333 ], [ 11.937407105877581, 57.704658573999758 ] ] ] } },
{ "type": "Feature", "properties": { "id": "2dfda14b-52a7-45b2-b508-4d48d257388b", "objektidentitet": "07a5d5ed-e7c3-41e4-9f3a-c2232d50ac4a", "versiongiltigfran": "2019-09-30T13:24:44.867Z", "lagesosakerhetplan": 0.06, "lagesosakerhethojd": 2.5, "ursprunglig_organisation": "Lantmäteriet", "objektversion": 7.0, "objekttypnr": 2063.0, "objekttyp": "Samhällsfunktion", "insamlingslage": "Takkant", "byggnadsnamn1": "Lindholmens kunskapscentrum", "byggnadsnamn2": "None", "byggnadsnamn3": "None", "husnummer": 8.0, "huvudbyggnad": "Nej", "andamal1": "Samhällsfunktion;Skola", "andamal2": "None", "andamal3": "None", "andamal4": "None", "andamal5": "None" }, "geometry": { "type": "Polygon", "coordinates": [ [ [ 11.937878492107956, 57.705181698488623 ], [ 11.937909040777983, 57.705173467950502 ], [ 11.937953224898417, 57.705220475058987 ], [ 11.937922675440388, 57.705228714577103 ], [ 11.937878492107956, 57.705181698488623 ] ] ] } },
{ "type": "Feature", "properties": { "id": "ed480082-5309-4899-a052-23e33431611c", "objektidentitet": "fab7abb2-04e4-46f4-93f4-f4ba75a68cb1", "versiongiltigfran": "2021-02-04T10:42:17.872Z", "lagesosakerhetplan": 0.05, "lagesosakerhethojd": null, "ursprunglig_organisation": "Göteborg", "objektversion": 5.0, "objekttypnr": 2061.0, "objekttyp": "Bostad", "insamlingslage": "Fasad", "byggnadsnamn1": "None", "byggnadsnamn2": "None", "byggnadsnamn3": "None", "husnummer": 1.0, "huvudbyggnad": "Nej", "andamal1": "Bostad;Flerfamiljshus", "andamal2": "None", "andamal3": "None", "andamal4": "None", "andamal5": "None" }, "geometry": { "type": "Polygon", "coordinates": [ [ [ 11.940915045325653, 57.709240315708662 ], [ 11.940514680333621, 57.709011588113647 ], [ 11.940660905979865, 57.708937594115213 ], [ 11.941061753822847, 57.709167366539077 ], [ 11.940915045325653, 57.709240315708662 ] ] ] } },
{ "type": "Feature", "properties": { "id": "6c6c95c9-e56b-4195-b15c-1a0a8b2f8ca4", "objektidentitet": "9e68a7cc-61dc-42d4-a000-cf256c284630", "versiongiltigfran": "2011-03-23T08:49:39.957Z", "lagesosakerhetplan": 0.06, "lagesosakerhethojd": null, "ursprunglig_organisation": "Lantmäteriet", "objektversion": 1.0, "objekttypnr": 2066.0, "objekttyp": "Komplementbyggnad", "insamlingslage": "Takkant", "byggnadsnamn1": "None", "byggnadsnamn2": "None", "byggnadsnamn3": "None", "husnummer": 4.0, "huvudbyggnad": "Nej", "andamal1": "Komplementbyggnad;", "andamal2": "None", "andamal3": "None", "andamal4": "None", "andamal5": "None" }, "geometry": { "type": "Polygon", "coordinates": [ [ [ 11.938132079271366, 57.708005676926852 ], [ 11.938197328909709, 57.708042884519209 ], [ 11.93817448771583, 57.708054465471299 ], [ 11.938109095598627, 57.708017155550912 ], [ 11.938132079271366, 57.708005676926852 ] ] ] } },
{ "type": "Feature", "properties": { "id": "b095a31a-c323-4985-8977-8aaee9301a22", "objektidentitet": "8e67afb4-88ad-4ede-ac01-aea0ffde5723", "versiongiltigfran": "2011-03-23T09:07:18.746Z", "lagesosakerhetplan": 0.06, "lagesosakerhethojd": null, "ursprunglig_organisation": "Lantmäteriet", "objektversion": 1.0, "objekttypnr": 2066.0, "objekttyp": "Komplementbyggnad", "insamlingslage": "Takkant", "byggnadsnamn1": "None", "byggnadsnamn2": "None", "byggnadsnamn3": "None", "husnummer": 10.0, "huvudbyggnad": "Nej", "andamal1": "Komplementbyggnad;", "andamal2": "None", "andamal3": "None", "andamal4": "None", "andamal5": "None" }, "geometry": { "type": "Polygon", "coordinates": [ [ [ 11.938056047214848, 57.707961539240799 ], [ 11.938120062791592, 57.707998842838172 ], [ 11.938096240574707, 57.708010507887849 ], [ 11.938032234182579, 57.707973294380537 ], [ 11.938056047214848, 57.707961539240799 ] ] ] } },
{ "type": "Feature", "properties": { "id": "54d67b58-1685-4ed3-8d3b-94e4e1b70bdc", "objektidentitet": "338bb69d-cacc-4d3f-b1b8-5b4bfb2d4780", "versiongiltigfran": "2024-02-20T12:32:24.786Z", "lagesosakerhetplan": null, "lagesosakerhethojd": null, "ursprunglig_organisation": "Göteborg", "objektversion": 7.0, "objekttypnr": 2063.0, "objekttyp": "Samhällsfunktion", "insamlingslage": "Illustrativt läge", "byggnadsnamn1": "None", "byggnadsnamn2": "None", "byggnadsnamn3": "None", "husnummer": 1.0, "huvudbyggnad": "Nej", "andamal1": "Samhällsfunktion;Skola", "andamal2": "Bostad;Flerfamiljshus", "andamal3": "Samhällsfunktion;Vårdcentral", "andamal4": "Verksamhet;", "andamal5": "None" }, "geometry": { "type": "Polygon", "coordinates": [ [ [ 11.936300890654422, 57.709369787342482 ], [ 11.93621165752209, 57.709316134158932 ], [ 11.93636199429489, 57.709244482561289 ], [ 11.936451227480511, 57.709298135639777 ], [ 11.936300890654422, 57.709369787342482 ] ] ] } },
{ "type": "Feature", "properties": { "id": "d86e1aba-73e9-4fda-8770-30411dd9e818", "objektidentitet": "ee3087e3-2f18-4a1e-9802-428f13b54a29", "versiongiltigfran": "2011-03-23T09:11:54.740Z", "lagesosakerhetplan": 0.06, "lagesosakerhethojd": 2.5, "ursprunglig_organisation": "Lantmäteriet", "objektversion": 1.0, "objekttypnr": 2062.0, "objekttyp": "Industri", "insamlingslage": "Takkant", "byggnadsnamn1": "None", "byggnadsnamn2": "None", "byggnadsnamn3": "None", "husnummer": 30.0, "huvudbyggnad": "Nej", "andamal1": "Industri;Tillverkning", "andamal2": "None", "andamal3": "None", "andamal4": "None", "andamal5": "None" }, "geometry": { "type": "Polygon", "coordinates": [ [ [ 11.944977041098142, 57.709684256914862 ], [ 11.945288240293307, 57.709528244667197 ], [ 11.945482279856623, 57.709639185369582 ], [ 11.945171084292268, 57.709795153242545 ], [ 11.944977041098142, 57.709684256914862 ] ] ] } },
{ "type": "Feature", "properties": { "id": "51194c26-abb4-476e-b31e-c2fb68ea16b8", "objektidentitet": "fb21684d-1a2d-4a6e-80bd-189b077946cb", "versiongiltigfran": "2015-08-10T11:28:51.348Z", "lagesosakerhetplan": 0.06, "lagesosakerhethojd": null, "ursprunglig_organisation": "Göteborg", "objektversion": 2.0, "objekttypnr": 2062.0, "objekttyp": "Industri", "insamlingslage": "Takkant", "byggnadsnamn1": "None", "byggnadsnamn2": "None", "byggnadsnamn3": "None", "husnummer": 1.0, "huvudbyggnad": "Nej", "andamal1": "Industri;Tillverkning", "andamal2": "None", "andamal3": "None", "andamal4": "None", "andamal5": "None" }, "geometry": { "type": "Polygon", "coordinates": [ [ [ 11.944567021361854, 57.710285374123487 ], [ 11.943666907139427, 57.71073685688841 ], [ 11.942263188255465, 57.709935068883816 ], [ 11.943170954849446, 57.709479835294736 ], [ 11.944485775913675, 57.710230823379227 ], [ 11.944478216430571, 57.710234640442174 ], [ 11.944567021361854, 57.710285374123487 ] ] ] } },
{ "type": "Feature", "properties": { "id": "5cd5c4cb-f5e0-468b-9132-9acd817b6ca2", "objektidentitet": "fb21684d-1a2d-4a6e-80bd-189b077946cb", "versiongiltigfran": "2015-08-10T11:28:51.348Z", "lagesosakerhetplan": 0.06, "lagesosakerhethojd": 2.5, "ursprunglig_organisation": "Göteborg", "objektversion": 2.0, "objekttypnr": 2062.0, "objekttyp": "Industri", "insamlingslage": "Takkant", "byggnadsnamn1": "None", "byggnadsnamn2": "None", "byggnadsnamn3": "None", "husnummer": 1.0, "huvudbyggnad": "Nej", "andamal1": "Industri;Tillverkning", "andamal2": "None", "andamal3": "None", "andamal4": "None", "andamal5": "None" }, "geometry": { "type": "Polygon", "coordinates": [ [ [ 11.942744764150795, 57.709626942813408 ], [ 11.9429108381005, 57.709545561436023 ], [ 11.942971578198794, 57.709579781326269 ], [ 11.942805370525567, 57.709663145891547 ], [ 11.942744764150795, 57.709626942813408 ] ] ] } },
{ "type": "Feature", "properties": { "id": "62248951-d92e-4650-a97a-dab5d1963d76", "objektidentitet": "b00c984e-d43f-4f89-90aa-4b9327ee38ef", "versiongiltigfran": "2011-03-23T09:10:19.569Z", "lagesosakerhetplan": 0.025, "lagesosakerhethojd": null, "ursprunglig_organisation": "Lantmäteriet", "objektversion": 1.0, "objekttypnr": 2066.0, "objekttyp": "Komplementbyggnad", "insamlingslage": "Takkant", "byggnadsnamn1": "None", "byggnadsnamn2": "None", "byggnadsnamn3": "None", "husnummer": 56.0, "huvudbyggnad": "Nej", "andamal1": "Komplementbyggnad;", "andamal2": "None", "andamal3": "None", "andamal4": "None", "andamal5": "None" }, "geometry": { "type": "Polygon", "coordinates": [ [ [ 11.94564266490314, 57.709695969741695 ], [ 11.945705099818705, 57.709664680063483 ], [ 11.945740007745055, 57.709684649188674 ], [ 11.945677571312235, 57.709715956823366 ], [ 11.94564266490314, 57.709695969741695 ] ] ] } },
{ "type": "Feature", "properties": { "id": "a6e0cce0-e083-4f63-a8f6-b91b84527623", "objektidentitet": "fb21684d-1a2d-4a6e-80bd-189b077946cb", "versiongiltigfran": "2015-08-10T11:28:51.348Z", "lagesosakerhetplan": 0.06, "lagesosakerhethojd": 2.5, "ursprunglig_organisation": "Göteborg", "objektversion": 2.0, "objekttypnr": 2062.0, "objekttyp": "Industri", "insamlingslage": "Takkant", "byggnadsnamn1": "None", "byggnadsnamn2": "None", "byggnadsnamn3": "None", "husnummer": 1.0, "huvudbyggnad": "Nej", "andamal1": "Industri;Tillverkning", "andamal2": "None", "andamal3": "None", "andamal4": "None", "andamal5": "None" }, "geometry": { "type": "Polygon", "coordinates": [ [ [ 11.942567781021829, 57.709718396493436 ], [ 11.942626620681626, 57.709752849247344 ], [ 11.942462481990193, 57.709835157864674 ], [ 11.942400725312439, 57.70980005031614 ], [ 11.942567781021829, 57.709718396493436 ] ] ] } },
{ "type": "Feature", "properties": { "id": "4989da7e-51e2-4bc5-9bd8-a9f47476dcbf", "objektidentitet": "d12a3f9f-e409-48b5-9bff-7c16a0f8c8c9", "versiongiltigfran": "2023-09-05T15:01:58.587Z", "lagesosakerhetplan": null, "lagesosakerhethojd": null, "ursprunglig_organisation": "Göteborg", "objektversion": 8.0, "objekttypnr": 2061.0, "objekttyp": "Bostad", "insamlingslage": "Illustrativt läge", "byggnadsnamn1": "None", "byggnadsnamn2": "None", "byggnadsnamn3": "None", "husnummer": 2.0, "huvudbyggnad": "Nej", "andamal1": "Bostad;Flerfamiljshus", "andamal2": "None", "andamal3": "None", "andamal4": "None", "andamal5": "None" }, "geometry": { "type": "Polygon", "coordinates": [ [ [ 11.939143018317873, 57.709662267503731 ], [ 11.939642717999224, 57.709755077536109 ], [ 11.939469491058949, 57.710022278826351 ], [ 11.938969787426045, 57.709929477051595 ], [ 11.939143018317873, 57.709662267503731 ] ] ] } },
{ "type": "Feature", "properties": { "id": "608ddeb8-19bd-4ece-84ae-46cf10893d06", "objektidentitet": "d93d4f62-daa6-473c-ac54-4b7342381764", "versiongiltigfran": "2022-02-11T12:35:55.974Z", "lagesosakerhetplan": 0.06, "lagesosakerhethojd": null, "ursprunglig_organisation": "Göteborg", "objektversion": 3.0, "objekttypnr": 2062.0, "objekttyp": "Industri", "insamlingslage": "Takkant", "byggnadsnamn1": "None", "byggnadsnamn2": "None", "byggnadsnamn3": "None", "husnummer": 2.0, "huvudbyggnad": "Nej", "andamal1": "Industri;Ospecificerad", "andamal2": "None", "andamal3": "None", "andamal4": "None", "andamal5": "None" }, "geometry": { "type": "Polygon", "coordinates": [ [ [ 11.936107189642993, 57.709960541397471 ], [ 11.935951123217718, 57.709871303826553 ], [ 11.93618602877299, 57.709753983396773 ], [ 11.936342259904109, 57.709841472009323 ], [ 11.936107189642993, 57.709960541397471 ] ] ] } },
{ "type": "Feature", "properties": { "id": "5ca10524-cb68-4a00-806e-578a1a5969a7", "objektidentitet": "9335d662-6ea2-49a2-ad53-3ec2043640c4", "versiongiltigfran": "2023-05-30T14:27:48.197Z", "lagesosakerhetplan": null, "lagesosakerhethojd": null, "ursprunglig_organisation": "Göteborg", "objektversion": 2.0, "objekttypnr": 2061.0, "objekttyp": "Bostad", "insamlingslage": "Illustrativt läge", "byggnadsnamn1": "None", "byggnadsnamn2": "None", "byggnadsnamn3": "None", "husnummer": 1.0, "huvudbyggnad": "Nej", "andamal1": "Bostad;Flerfamiljshus", "andamal2": "None", "andamal3": "None", "andamal4": "None", "andamal5": "None" }, "geometry": { "type": "Polygon", "coordinates": [ [ [ 11.939092266405535, 57.710191213268267 ], [ 11.939777255238813, 57.709852382149748 ], [ 11.940054160144301, 57.71001274738984 ], [ 11.939369187526502, 57.710351580401181 ], [ 11.939092266405535, 57.710191213268267 ] ] ] } },
{ "type": "Feature", "properties": { "id": "c0466257-9535-4e10-afd8-c25791f21afa", "objektidentitet": "bbe25989-5cd5-451e-bacd-f4fc1c6caf4e", "versiongiltigfran": "2011-03-23T08:36:55.562Z", "lagesosakerhetplan": 0.06, "lagesosakerhethojd": null, "ursprunglig_organisation": "Lantmäteriet", "objektversion": 1.0, "objekttypnr": 2066.0, "objekttyp": "Komplementbyggnad", "insamlingslage": "Takkant", "byggnadsnamn1": "None", "byggnadsnamn2": "None", "byggnadsnamn3": "None", "husnummer": 62.0, "huvudbyggnad": "Nej", "andamal1": "Komplementbyggnad;", "andamal2": "None", "andamal3": "None", "andamal4": "None", "andamal5": "None" }, "geometry": { "type": "Polygon", "coordinates": [ [ [ 11.946892406253934, 57.710096898000707 ], [ 11.946921847876967, 57.710112995878497 ], [ 11.946869161000912, 57.710140602658974 ], [ 11.946839719379678, 57.710124504768991 ], [ 11.946892406253934, 57.710096898000707 ] ] ] } },
{ "type": "Feature", "properties": { "id": "8dc496a5-eaae-4dae-b1bc-69a2e00b64dc", "objektidentitet": "d93d4f62-daa6-473c-ac54-4b7342381764", "versiongiltigfran": "2022-02-11T12:35:55.974Z", "lagesosakerhetplan": 0.06, "lagesosakerhethojd": 2.5, "ursprunglig_organisation": "Göteborg", "objektversion": 3.0, "objekttypnr": 2062.0, "objekttyp": "Industri", "insamlingslage": "Takkant", "byggnadsnamn1": "None", "byggnadsnamn2": "None", "byggnadsnamn3": "None", "husnummer": 2.0, "huvudbyggnad": "Nej", "andamal1": "Industri;Ospecificerad", "andamal2": "None", "andamal3": "None", "andamal4": "None", "andamal5": "None" }, "geometry": { "type": "Polygon", "coordinates": [ [ [ 11.937154266456819, 57.710553226105986 ], [ 11.936107190401284, 57.70996053242785 ], [ 11.93633784422112, 57.709843648024197 ], [ 11.93738508156455, 57.71043642459049 ], [ 11.937154266456819, 57.710553226105986 ] ] ] } },
{ "type": "Feature", "properties": { "id": "f669dda8-df5e-4890-bb2d-07256603a073", "objektidentitet": "5dcd5b75-5932-4cfa-b044-db9d7da0afe5", "versiongiltigfran": "2018-04-10T13:03:16.451Z", "lagesosakerhetplan": 0.05, "lagesosakerhethojd": null, "ursprunglig_organisation": "Göteborg", "objektversion": 2.0, "objekttypnr": 2063.0, "objekttyp": "Samhällsfunktion", "insamlingslage": "Fasad", "byggnadsnamn1": "None", "byggnadsnamn2": "None", "byggnadsnamn3": "None", "husnummer": 1.0, "huvudbyggnad": "Nej", "andamal1": "Samhällsfunktion;Ospecificerad", "andamal2": "None", "andamal3": "None", "andamal4": "None", "andamal5": "None" }, "geometry": { "type": "Polygon", "coordinates": [ [ [ 11.940097004013561, 57.71010198262185 ], [ 11.940410125760778, 57.709944581469486 ], [ 11.940582623890711, 57.710043198710423 ], [ 11.940268662373597, 57.710200202484756 ], [ 11.940097004013561, 57.71010198262185 ] ] ] } },
{ "type": "Feature", "properties": { "id": "98b730aa-b47b-4626-93d7-0fed11590608", "objektidentitet": "22199981-9d8e-4005-a32c-6cbed5caccc9", "versiongiltigfran": "2011-03-23T08:40:34.244Z", "lagesosakerhetplan": 0.06, "lagesosakerhethojd": null, "ursprunglig_organisation": "Lantmäteriet", "objektversion": 1.0, "objekttypnr": 2064.0, "objekttyp": "Verksamhet", "insamlingslage": "Takkant", "byggnadsnamn1": "None", "byggnadsnamn2": "None", "byggnadsnamn3": "None", "husnummer": 1.0, "huvudbyggnad": "Nej", "andamal1": "Verksamhet;", "andamal2": "None", "andamal3": "None", "andamal4": "None", "andamal5": "None" }, "geometry": { "type": "Polygon", "coordinates": [ [ [ 11.946002502624239, 57.710590832762243 ], [ 11.945756163402599, 57.710714824718437 ], [ 11.944982874771426, 57.710274645714797 ], [ 11.945227053198087, 57.710151780510991 ], [ 11.945361956563387, 57.710228595247202 ], [ 11.945259930025726, 57.710279924660192 ], [ 11.945766067534867, 57.710568011963659 ], [ 11.945870323090988, 57.710515540555889 ], [ 11.946002502624239, 57.710590832762243 ] ] ] } },
{ "type": "Feature", "properties": { "id": "130fde5e-7730-4c3a-baae-ceb23d007099", "objektidentitet": "fb21684d-1a2d-4a6e-80bd-189b077946cb", "versiongiltigfran": "2015-08-10T11:28:51.348Z", "lagesosakerhetplan": 0.06, "lagesosakerhethojd": 2.5, "ursprunglig_organisation": "Göteborg", "objektversion": 2.0, "objekttypnr": 2062.0, "objekttyp": "Industri", "insamlingslage": "Takkant", "byggnadsnamn1": "None", "byggnadsnamn2": "None", "byggnadsnamn3": "None", "husnummer": 1.0, "huvudbyggnad": "Nej", "andamal1": "Industri;Tillverkning", "andamal2": "None", "andamal3": "None", "andamal4": "None", "andamal5": "None" }, "geometry": { "type": "Polygon", "coordinates": [ [ [ 11.942635011361805, 57.71014745280555 ], [ 11.94269587361352, 57.710182224032778 ], [ 11.942625034083742, 57.710217749214699 ], [ 11.942564171085923, 57.710182986923321 ], [ 11.942635011361805, 57.71014745280555 ] ] ] } },
{ "type": "Feature", "properties": { "id": "37a14334-bb9c-4aa0-957e-8632eebe3363", "objektidentitet": "d93d4f62-daa6-473c-ac54-4b7342381764", "versiongiltigfran": "2022-02-11T12:35:55.974Z", "lagesosakerhetplan": 0.1, "lagesosakerhethojd": null, "ursprunglig_organisation": "Göteborg", "objektversion": 3.0, "objekttypnr": 2062.0, "objekttyp": "Industri", "insamlingslage": "Takkant", "byggnadsnamn1": "None", "byggnadsnamn2": "None", "byggnadsnamn3": "None", "husnummer": 2.0, "huvudbyggnad": "Nej", "andamal1": "Industri;Ospecificerad", "andamal2": "None", "andamal3": "None", "andamal4": "None", "andamal5": "None" }, "geometry": { "type": "Polygon", "coordinates": [ [ [ 11.936245779905725, 57.710039001378682 ], [ 11.936360239592105, 57.710103754385919 ], [ 11.936323623925281, 57.710122317678554 ], [ 11.936210951101184, 57.710057086608685 ], [ 11.936245779905725, 57.710039001378682 ] ] ] } },
{ "type": "Feature", "properties": { "id": "cf959e4e-6e64-460c-9189-0bd729826570", "objektidentitet": "22199981-9d8e-4005-a32c-6cbed5caccc9", "versiongiltigfran": "2011-03-23T08:40:34.244Z", "lagesosakerhetplan": 0.06, "lagesosakerhethojd": 2.5, "ursprunglig_organisation": "Lantmäteriet", "objektversion": 1.0, "objekttypnr": 2064.0, "objekttyp": "Verksamhet", "insamlingslage": "Takkant", "byggnadsnamn1": "None", "byggnadsnamn2": "None", "byggnadsnamn3": "None", "husnummer": 1.0, "huvudbyggnad": "Nej", "andamal1": "Verksamhet;", "andamal2": "None", "andamal3": "None", "andamal4": "None", "andamal5": "None" }, "geometry": { "type": "Polygon", "coordinates": [ [ [ 11.945470445615808, 57.710392278779366 ], [ 11.945484123714696, 57.710387791483136 ], [ 11.945501090174204, 57.710384336302425 ], [ 11.945511732194127, 57.710383793314683 ], [ 11.945534756137056, 57.710386371488731 ], [ 11.945551209050402, 57.710391002046805 ], [ 11.945564284651997, 57.710396054388028 ], [ 11.945579071449188, 57.710406307125922 ], [ 11.94558638028262, 57.710424989777138 ], [ 11.94558095683526, 57.710434745583832 ], [ 11.945575437832993, 57.710439259107631 ], [ 11.945568189155722, 57.710444171280642 ], [ 11.945557784798705, 57.710449465649724 ], [ 11.945463560074394, 57.710395671762264 ], [ 11.945470445615808, 57.710392278779366 ] ] ] } },
{ "type": "Feature", "properties": { "id": "aa6bb637-013e-4da1-ab3b-dc8385c54f21", "objektidentitet": "fb21684d-1a2d-4a6e-80bd-189b077946cb", "versiongiltigfran": "2015-08-10T11:28:51.348Z", "lagesosakerhetplan": 0.06, "lagesosakerhethojd": null, "ursprunglig_organisation": "Göteborg", "objektversion": 2.0, "objekttypnr": 2062.0, "objekttyp": "Industri", "insamlingslage": "Takkant", "byggnadsnamn1": "None", "byggnadsnamn2": "None", "byggnadsnamn3": "None", "husnummer": 1.0, "huvudbyggnad": "Nej", "andamal1": "Industri;Tillverkning", "andamal2": "None", "andamal3": "None", "andamal4": "None", "andamal5": "None" }, "geometry": { "type": "Polygon", "coordinates": [ [ [ 11.943237700809778, 57.710491703765946 ], [ 11.943297971378483, 57.710526136822466 ], [ 11.943226885773363, 57.710561791215291 ], [ 11.94316661521518, 57.710527358125169 ], [ 11.943237700809778, 57.710491703765946 ] ] ] } },
{ "type": "Feature", "properties": { "id": "b682e7da-56c1-471a-a676-0a3c92279568", "objektidentitet": "d93d4f62-daa6-473c-ac54-4b7342381764", "versiongiltigfran": "2022-02-11T12:35:55.974Z", "lagesosakerhetplan": 0.06, "lagesosakerhethojd": 2.5, "ursprunglig_organisation": "Göteborg", "objektversion": 3.0, "objekttypnr": 2062.0, "objekttyp": "Industri", "insamlingslage": "Takkant", "byggnadsnamn1": "None", "byggnadsnamn2": "None", "byggnadsnamn3": "None", "husnummer": 2.0, "huvudbyggnad": "Nej", "andamal1": "Industri;Ospecificerad", "andamal2": "None", "andamal3": "None", "andamal4": "None", "andamal5": "None" }, "geometry": { "type": "Polygon", "coordinates": [ [ [ 11.936901902049408, 57.71041037294723 ], [ 11.936959670126274, 57.710442950928275 ], [ 11.936923940423798, 57.710461760544717 ], [ 11.9368655719137, 57.710428736586337 ], [ 11.936901902049408, 57.71041037294723 ] ] ] } },
{ "type": "Feature", "properties": { "id": "daaf1e69-fb0a-4d3a-bc62-c8aa398c0eca", "objektidentitet": "6aad2360-1a02-4f29-835b-70ec95e39d51", "versiongiltigfran": "2011-03-23T08:41:20.814Z", "lagesosakerhetplan": 0.06, "lagesosakerhethojd": null, "ursprunglig_organisation": "Lantmäteriet", "objektversion": 1.0, "objekttypnr": 2066.0, "objekttyp": "Komplementbyggnad", "insamlingslage": "Takkant", "byggnadsnamn1": "None", "byggnadsnamn2": "None", "byggnadsnamn3": "None", "husnummer": 2.0, "huvudbyggnad": "Nej", "andamal1": "Komplementbyggnad;", "andamal2": "None", "andamal3": "None", "andamal4": "None", "andamal5": "None" }, "geometry": { "type": "Polygon", "coordinates": [ [ [ 11.94294634051256, 57.710753143003146 ], [ 11.943011591401758, 57.710791246781639 ], [ 11.942987083489598, 57.710803273678543 ], [ 11.942921816603162, 57.710765160512857 ], [ 11.94294634051256, 57.710753143003146 ] ] ] } },
{ "type": "Feature", "properties": { "id": "16aa70ca-b679-4378-a6a3-d9fcdf522ce7", "objektidentitet": "2120f5c4-a1c9-4682-96f9-81686dd3b7b3", "versiongiltigfran": "2022-02-11T12:36:34.423Z", "lagesosakerhetplan": 0.1, "lagesosakerhethojd": null, "ursprunglig_organisation": "Göteborg", "objektversion": 3.0, "objekttypnr": 2066.0, "objekttyp": "Komplementbyggnad", "insamlingslage": "Takkant", "byggnadsnamn1": "None", "byggnadsnamn2": "None", "byggnadsnamn3": "None", "husnummer": 8.0, "huvudbyggnad": "Nej", "andamal1": "Komplementbyggnad;", "andamal2": "None", "andamal3": "None", "andamal4": "None", "andamal5": "None" }, "geometry": { "type": "Polygon", "coordinates": [ [ [ 11.939291566711226, 57.710689861395174 ], [ 11.939304866336183, 57.710716113456471 ], [ 11.939221865309849, 57.710728162585823 ], [ 11.939208548224883, 57.710701919080542 ], [ 11.939291566711226, 57.710689861395174 ] ] ] } },
{ "type": "Feature", "properties": { "id": "b46aeae0-4847-4a36-8b45-4801316bf55e", "objektidentitet": "0c040b57-39db-4463-be09-f1ccfc176086", "versiongiltigfran": "2011-03-23T08:45:09.445Z", "lagesosakerhetplan": 0.06, "lagesosakerhethojd": null, "ursprunglig_organisation": "Lantmäteriet", "objektversion": 1.0, "objekttypnr": 2066.0, "objekttyp": "Komplementbyggnad", "insamlingslage": "Takkant", "byggnadsnamn1": "None", "byggnadsnamn2": "None", "byggnadsnamn3": "None", "husnummer": 9.0, "huvudbyggnad": "Nej", "andamal1": "Komplementbyggnad;", "andamal2": "None", "andamal3": "None", "andamal4": "None", "andamal5": "None" }, "geometry": { "type": "Polygon", "coordinates": [ [ [ 11.942669661784262, 57.710595854740191 ], [ 11.942732859739733, 57.710633603469098 ], [ 11.942707781290261, 57.710645625512363 ], [ 11.942644466029499, 57.710607873936013 ], [ 11.942669661784262, 57.710595854740191 ] ] ] } },
{ "type": "Feature", "properties": { "id": "2c60b9bd-d7f7-46ab-bb23-81d8ab01ee99", "objektidentitet": "80319953-35e2-4519-9ee1-06b2c441362f", "versiongiltigfran": "2022-02-11T12:36:29.708Z", "lagesosakerhetplan": 0.025, "lagesosakerhethojd": null, "ursprunglig_organisation": "Kommunsamverkan", "objektversion": 2.0, "objekttypnr": 2064.0, "objekttyp": "Verksamhet", "insamlingslage": "Fasad", "byggnadsnamn1": "None", "byggnadsnamn2": "None", "byggnadsnamn3": "None", "husnummer": 1.0, "huvudbyggnad": "Nej", "andamal1": "Verksamhet;", "andamal2": "None", "andamal3": "None", "andamal4": "None", "andamal5": "None" }, "geometry": { "type": "Polygon", "coordinates": [ [ [ 11.940750341026202, 57.71070058097547 ], [ 11.94071536042982, 57.71068089630689 ], [ 11.94080081510935, 57.710637384732678 ], [ 11.94083579571174, 57.71065706937781 ], [ 11.940750341026202, 57.71070058097547 ] ] ] } },
{ "type": "Feature", "properties": { "id": "16cd6fb8-4888-4ec7-8208-be1e41225d85", "objektidentitet": "80319953-35e2-4519-9ee1-06b2c441362f", "versiongiltigfran": "2022-02-11T12:36:29.708Z", "lagesosakerhetplan": 0.06, "lagesosakerhethojd": null, "ursprunglig_organisation": "Kommunsamverkan", "objektversion": 2.0, "objekttypnr": 2064.0, "objekttyp": "Verksamhet", "insamlingslage": "Takkant", "byggnadsnamn1": "None", "byggnadsnamn2": "None", "byggnadsnamn3": "None", "husnummer": 1.0, "huvudbyggnad": "Nej", "andamal1": "Verksamhet;", "andamal2": "None", "andamal3": "None", "andamal4": "None", "andamal5": "None" }, "geometry": { "type": "Polygon", "coordinates": [ [ [ 11.941669649842879, 57.710664233274493 ], [ 11.942732578612576, 57.711271553165744 ], [ 11.942536747985264, 57.711369741811026 ], [ 11.941473836486978, 57.71076242069185 ], [ 11.941669649842879, 57.710664233274493 ] ] ] } },
{ "type": "Feature", "properties": { "id": "f146617e-6e59-4de8-860c-ffbe6c2beaa1", "objektidentitet": "4503db2e-8675-4cd2-af8f-e1b784436cea", "versiongiltigfran": "2015-10-20T08:39:07.693Z", "lagesosakerhetplan": 0.06, "lagesosakerhethojd": 2.5, "ursprunglig_organisation": "Göteborg", "objektversion": 2.0, "objekttypnr": 2064.0, "objekttyp": "Verksamhet", "insamlingslage": "Takkant", "byggnadsnamn1": "None", "byggnadsnamn2": "None", "byggnadsnamn3": "None", "husnummer": 3.0, "huvudbyggnad": "Nej", "andamal1": "Verksamhet;", "andamal2": "None", "andamal3": "None", "andamal4": "None", "andamal5": "None" }, "geometry": { "type": "Polygon", "coordinates": [ [ [ 11.945179899323362, 57.710686899131986 ], [ 11.945470300521883, 57.71085226066181 ], [ 11.945161587123341, 57.711007542570897 ], [ 11.944871185380629, 57.710842189307293 ], [ 11.945179899323362, 57.710686899131986 ] ] ] } },
{ "type": "Feature", "properties": { "id": "4be45cac-cf52-49b8-ade2-d47f1deb0839", "objektidentitet": "4503db2e-8675-4cd2-af8f-e1b784436cea", "versiongiltigfran": "2015-10-20T08:39:07.693Z", "lagesosakerhetplan": 0.06, "lagesosakerhethojd": null, "ursprunglig_organisation": "Göteborg", "objektversion": 2.0, "objekttypnr": 2064.0, "objekttyp": "Verksamhet", "insamlingslage": "Takkant", "byggnadsnamn1": "None", "byggnadsnamn2": "None", "byggnadsnamn3": "None", "husnummer": 3.0, "huvudbyggnad": "Nej", "andamal1": "Verksamhet;", "andamal2": "None", "andamal3": "None", "andamal4": "None", "andamal5": "None" }, "geometry": { "type": "Polygon", "coordinates": [ [ [ 11.945179868829975, 57.710686862443865 ], [ 11.945162695275279, 57.71069556154756 ], [ 11.944982270227642, 57.710587807368874 ], [ 11.94501605896806, 57.710571654038432 ], [ 11.945196490843561, 57.710679327442087 ], [ 11.945180282633588, 57.710687133086346 ], [ 11.945179868829975, 57.710686862443865 ] ] ] } },
{ "type": "Feature", "properties": { "id": "17ff84af-4c33-4a3b-b158-ac779af9ba15", "objektidentitet": "4503db2e-8675-4cd2-af8f-e1b784436cea", "versiongiltigfran": "2015-10-20T08:39:07.693Z", "lagesosakerhetplan": 0.06, "lagesosakerhethojd": null, "ursprunglig_organisation": "Göteborg", "objektversion": 2.0, "objekttypnr": 2064.0, "objekttyp": "Verksamhet", "insamlingslage": "Takkant", "byggnadsnamn1": "None", "byggnadsnamn2": "None", "byggnadsnamn3": "None", "husnummer": 3.0, "huvudbyggnad": "Nej", "andamal1": "Verksamhet;", "andamal2": "None", "andamal3": "None", "andamal4": "None", "andamal5": "None" }, "geometry": { "type": "Polygon", "coordinates": [ [ [ 11.944969503501074, 57.710594231054692 ], [ 11.945155699265046, 57.710699068690786 ], [ 11.944890283460596, 57.710832575004943 ], [ 11.944841935658449, 57.710814456182938 ], [ 11.944822265521074, 57.710822888229373 ], [ 11.944814812985413, 57.710822447606105 ], [ 11.944809739159595, 57.710825264137945 ], [ 11.944807017180111, 57.710842014865641 ], [ 11.944771598843003, 57.710840045027581 ], [ 11.944774057743523, 57.710822829561565 ], [ 11.944768788067812, 57.710819403722162 ], [ 11.944694426356483, 57.710774214053551 ], [ 11.944744797933319, 57.710752987605119 ], [ 11.944702385065588, 57.710728612630923 ], [ 11.944969503501074, 57.710594231054692 ] ] ] } },
{ "type": "Feature", "properties": { "id": "451196b4-0cd3-4b15-84d4-66174388f916", "objektidentitet": "4503db2e-8675-4cd2-af8f-e1b784436cea", "versiongiltigfran": "2015-10-20T08:39:07.693Z", "lagesosakerhetplan": 0.06, "lagesosakerhethojd": null, "ursprunglig_organisation": "Göteborg", "objektversion": 2.0, "objekttypnr": 2064.0, "objekttyp": "Verksamhet", "insamlingslage": "Takkant", "byggnadsnamn1": "None", "byggnadsnamn2": "None", "byggnadsnamn3": "None", "husnummer": 3.0, "huvudbyggnad": "Nej", "andamal1": "Verksamhet;", "andamal2": "None", "andamal3": "None", "andamal4": "None", "andamal5": "None" }, "geometry": { "type": "Polygon", "coordinates": [ [ [ 11.94459770584796, 57.710826515974013 ], [ 11.944597307270042, 57.710827459071162 ], [ 11.944705962139569, 57.710781197658122 ], [ 11.944750735256241, 57.710808451846965 ], [ 11.944641644317054, 57.710857893491145 ], [ 11.944648483329846, 57.710865213068608 ], [ 11.944626919608289, 57.710873994824631 ], [ 11.944553397226702, 57.71083219582583 ], [ 11.944567702244601, 57.710827247404204 ], [ 11.944580391795366, 57.710825127123286 ], [ 11.944591743099073, 57.710825733823164 ], [ 11.94459770584796, 57.710826515974013 ] ] ] } },
{ "type": "Feature", "properties": { "id": "8f5fa9ad-ea9b-4fd5-9340-69ed2e685408", "objektidentitet": "4503db2e-8675-4cd2-af8f-e1b784436cea", "versiongiltigfran": "2015-10-20T08:39:07.693Z", "lagesosakerhetplan": 0.06, "lagesosakerhethojd": 2.5, "ursprunglig_organisation": "Göteborg", "objektversion": 2.0, "objekttypnr": 2064.0, "objekttyp": "Verksamhet", "insamlingslage": "Takkant", "byggnadsnamn1": "None", "byggnadsnamn2": "None", "byggnadsnamn3": "None", "husnummer": 3.0, "huvudbyggnad": "Nej", "andamal1": "Verksamhet;", "andamal2": "None", "andamal3": "None", "andamal4": "None", "andamal5": "None" }, "geometry": { "type": "Polygon", "coordinates": [ [ [ 11.944395671449278, 57.710571546635776 ], [ 11.944702807950886, 57.71041703742894 ], [ 11.944993092040503, 57.710582343367072 ], [ 11.94468597208702, 57.710736853678199 ], [ 11.944395671449278, 57.710571546635776 ] ] ] } },
{ "type": "Feature", "properties": { "id": "310cd35f-d4dd-48c2-a4ae-2ac761180cfc", "objektidentitet": "df0f5c68-6c51-476f-8219-7c51ca0be26b", "versiongiltigfran": "2017-04-07T11:07:58.631Z", "lagesosakerhetplan": 0.05, "lagesosakerhethojd": null, "ursprunglig_organisation": "Göteborg", "objektversion": 1.0, "objekttypnr": 2067.0, "objekttyp": "Övrig byggnad", "insamlingslage": "Fasad", "byggnadsnamn1": "None", "byggnadsnamn2": "None", "byggnadsnamn3": "None", "husnummer": 2.0, "huvudbyggnad": "Nej", "andamal1": "Övrig byggnad;", "andamal2": "None", "andamal3": "None", "andamal4": "None", "andamal5": "None" }, "geometry": { "type": "Polygon", "coordinates": [ [ [ 11.939835430538263, 57.710417523982507 ], [ 11.939726155879697, 57.710473050869062 ], [ 11.939553891313206, 57.710374653821752 ], [ 11.939663873766778, 57.710319494736588 ], [ 11.939835430538263, 57.710417523982507 ] ] ] } },
{ "type": "Feature", "properties": { "id": "ebc46d01-923d-43a5-9c61-1e14dbd11b33", "objektidentitet": "7013e96c-2695-4f04-8b5c-c26b65b90662", "versiongiltigfran": "2011-03-23T08:59:58.321Z", "lagesosakerhetplan": 0.06, "lagesosakerhethojd": null, "ursprunglig_organisation": "Lantmäteriet", "objektversion": 1.0, "objekttypnr": 2066.0, "objekttyp": "Komplementbyggnad", "insamlingslage": "Takkant", "byggnadsnamn1": "None", "byggnadsnamn2": "None", "byggnadsnamn3": "None", "husnummer": 6.0, "huvudbyggnad": "Nej", "andamal1": "Komplementbyggnad;", "andamal2": "None", "andamal3": "None", "andamal4": "None", "andamal5": "None" }, "geometry": { "type": "Polygon", "coordinates": [ [ [ 11.937111706048638, 57.710234794118065 ], [ 11.937286863454519, 57.710333848852393 ], [ 11.937243092157873, 57.71035601412855 ], [ 11.937067934768582, 57.710256959334075 ], [ 11.937111706048638, 57.710234794118065 ] ] ] } },
{ "type": "Feature", "properties": { "id": "42a022dc-48b8-4ff7-93c4-02bdb4d33a44", "objektidentitet": "da769849-3d85-44d9-b2e5-af9674cfa8fe", "versiongiltigfran": "2011-03-23T08:52:04.687Z", "lagesosakerhetplan": 0.06, "lagesosakerhethojd": null, "ursprunglig_organisation": "Lantmäteriet", "objektversion": 1.0, "objekttypnr": 2066.0, "objekttyp": "Komplementbyggnad", "insamlingslage": "Takkant", "byggnadsnamn1": "None", "byggnadsnamn2": "None", "byggnadsnamn3": "None", "husnummer": 46.0, "huvudbyggnad": "Nej", "andamal1": "Komplementbyggnad;", "andamal2": "None", "andamal3": "None", "andamal4": "None", "andamal5": "None" }, "geometry": { "type": "Polygon", "coordinates": [ [ [ 11.947201898514949, 57.709631951177307 ], [ 11.947152411194871, 57.709675211383136 ], [ 11.947065279847195, 57.709646648256999 ], [ 11.947114767229971, 57.709603388085739 ], [ 11.947201898514949, 57.709631951177307 ] ] ] } },
{ "type": "Feature", "properties": { "id": "bbd60266-f7e6-48ac-b275-0b0c21bf6282", "objektidentitet": "b02545a6-8877-42bc-98f5-d3cfd8e557a5", "versiongiltigfran": "2023-06-09T13:25:47.735Z", "lagesosakerhetplan": 0.1, "lagesosakerhethojd": null, "ursprunglig_organisation": "Kommunsamverkan", "objektversion": 4.0, "objekttypnr": 2064.0, "objekttyp": "Verksamhet", "insamlingslage": "Takkant", "byggnadsnamn1": "None", "byggnadsnamn2": "None", "byggnadsnamn3": "None", "husnummer": 1.0, "huvudbyggnad": "Nej", "andamal1": "Verksamhet;", "andamal2": "None", "andamal3": "None", "andamal4": "None", "andamal5": "None" }, "geometry": { "type": "Polygon", "coordinates": [ [ [ 11.945167403004447, 57.711380422363852 ], [ 11.945106415273962, 57.71134569430469 ], [ 11.94518405194702, 57.711306628828723 ], [ 11.945214899382453, 57.71132418113978 ], [ 11.945702463998609, 57.711078816589243 ], [ 11.945732621098685, 57.711095992589478 ], [ 11.945167403004447, 57.711380422363852 ] ] ] } },
{ "type": "Feature", "properties": { "id": "b4bd02e1-1c32-4aad-ac36-46d28beeed7f", "objektidentitet": "3db38c14-fb36-4003-937c-df2a902e9bc3", "versiongiltigfran": "2022-04-28T13:51:03.460Z", "lagesosakerhetplan": 0.1, "lagesosakerhethojd": null, "ursprunglig_organisation": "Göteborg", "objektversion": 2.0, "objekttypnr": 2066.0, "objekttyp": "Komplementbyggnad", "insamlingslage": "Takkant", "byggnadsnamn1": "None", "byggnadsnamn2": "None", "byggnadsnamn3": "None", "husnummer": 2.0, "huvudbyggnad": "Nej", "andamal1": "Komplementbyggnad;", "andamal2": "None", "andamal3": "None", "andamal4": "None", "andamal5": "None" }, "geometry": { "type": "Polygon", "coordinates": [ [ [ 11.941924281419627, 57.710809710961072 ], [ 11.941962198275458, 57.710791024736139 ], [ 11.942137568039181, 57.710889538367212 ], [ 11.942098408524595, 57.710909219236605 ], [ 11.941924281419627, 57.710809710961072 ] ] ] } },
{ "type": "Feature", "properties": { "id": "40f059df-e2f5-48f6-8a8a-2d35bd018d91", "objektidentitet": "31a6f488-1428-4147-90b3-4f43f409f2d5", "versiongiltigfran": "2017-10-26T09:00:18.235Z", "lagesosakerhetplan": 0.06, "lagesosakerhethojd": null, "ursprunglig_organisation": "Göteborg", "objektversion": 3.0, "objekttypnr": 2062.0, "objekttyp": "Industri", "insamlingslage": "Takkant", "byggnadsnamn1": "None", "byggnadsnamn2": "None", "byggnadsnamn3": "None", "husnummer": 71.0, "huvudbyggnad": "Nej", "andamal1": "Industri;Tillverkning", "andamal2": "None", "andamal3": "None", "andamal4": "None", "andamal5": "None" }, "geometry": { "type": "Polygon", "coordinates": [ [ [ 11.94464471577143, 57.709594845419431 ], [ 11.945242833114669, 57.709939263892963 ], [ 11.945004703166754, 57.710057727262928 ], [ 11.944406602209302, 57.70971331704672 ], [ 11.94464471577143, 57.709594845419431 ] ] ] } },
{ "type": "Feature", "properties": { "id": "b039abcd-9d1f-494f-8e4f-eca8c23a15bb", "objektidentitet": "fdbbdccf-736d-438c-8bfc-8ba08ebc80fd", "versiongiltigfran": "2017-01-02T13:33:11.662Z", "lagesosakerhetplan": 0.06, "lagesosakerhethojd": null, "ursprunglig_organisation": "Göteborg", "objektversion": 3.0, "objekttypnr": 2066.0, "objekttyp": "Komplementbyggnad", "insamlingslage": "Takkant", "byggnadsnamn1": "None", "byggnadsnamn2": "None", "byggnadsnamn3": "None", "husnummer": 32.0, "huvudbyggnad": "Nej", "andamal1": "Komplementbyggnad;", "andamal2": "None", "andamal3": "None", "andamal4": "None", "andamal5": "None" }, "geometry": { "type": "Polygon", "coordinates": [ [ [ 11.9468989555637, 57.709630842245531 ], [ 11.946890072489358, 57.709639013623317 ], [ 11.94678605971189, 57.709606726342464 ], [ 11.9467996457865, 57.709594156524126 ], [ 11.946888579222898, 57.709621855545976 ], [ 11.946889140046574, 57.709624367729894 ], [ 11.946890924852024, 57.709626702729658 ], [ 11.946892590919303, 57.709628055177618 ], [ 11.946895206924491, 57.709629493466224 ], [ 11.9468989555637, 57.709630842245531 ] ] ] } },
{ "type": "Feature", "properties": { "id": "922a5eb2-6008-4418-8193-567ba4205b36", "objektidentitet": "fdbbdccf-736d-438c-8bfc-8ba08ebc80fd", "versiongiltigfran": "2017-01-02T13:33:11.662Z", "lagesosakerhetplan": 0.06, "lagesosakerhethojd": 2.5, "ursprunglig_organisation": "Göteborg", "objektversion": 3.0, "objekttypnr": 2066.0, "objekttyp": "Komplementbyggnad", "insamlingslage": "Takkant", "byggnadsnamn1": "None", "byggnadsnamn2": "None", "byggnadsnamn3": "None", "husnummer": 32.0, "huvudbyggnad": "Nej", "andamal1": "Komplementbyggnad;", "andamal2": "None", "andamal3": "None", "andamal4": "None", "andamal5": "None" }, "geometry": { "type": "Polygon", "coordinates": [ [ [ 11.946320959295448, 57.709462038645427 ], [ 11.946911535838552, 57.709645760249479 ], [ 11.946815634399785, 57.709734062304513 ], [ 11.946224969857019, 57.709549978625944 ], [ 11.946320959295448, 57.709462038645427 ] ] ] } },
{ "type": "Feature", "properties": { "id": "9268fb89-923b-467a-8003-9aaafe901efb", "objektidentitet": "fdbbdccf-736d-438c-8bfc-8ba08ebc80fd", "versiongiltigfran": "2017-01-02T13:33:11.662Z", "lagesosakerhetplan": 0.06, "lagesosakerhethojd": null, "ursprunglig_organisation": "Göteborg", "objektversion": 3.0, "objekttypnr": 2066.0, "objekttyp": "Komplementbyggnad", "insamlingslage": "Takkant", "byggnadsnamn1": "None", "byggnadsnamn2": "None", "byggnadsnamn3": "None", "husnummer": 32.0, "huvudbyggnad": "Nej", "andamal1": "Komplementbyggnad;", "andamal2": "None", "andamal3": "None", "andamal4": "None", "andamal5": "None" }, "geometry": { "type": "Polygon", "coordinates": [ [ [ 11.946608093915147, 57.709517027687028 ], [ 11.946321027084334, 57.709462031293754 ], [ 11.946354142860359, 57.709434114133444 ], [ 11.946608093915147, 57.709517027687028 ] ] ] } },
{ "type": "Feature", "properties": { "id": "e912d04d-ee42-4996-8138-69faf5042995", "objektidentitet": "fdbbdccf-736d-438c-8bfc-8ba08ebc80fd", "versiongiltigfran": "2017-01-02T13:33:11.662Z", "lagesosakerhetplan": 0.1, "lagesosakerhethojd": null, "ursprunglig_organisation": "Göteborg", "objektversion": 3.0, "objekttypnr": 2066.0, "objekttyp": "Komplementbyggnad", "insamlingslage": "Takkant", "byggnadsnamn1": "None", "byggnadsnamn2": "None", "byggnadsnamn3": "None", "husnummer": 32.0, "huvudbyggnad": "Nej", "andamal1": "Komplementbyggnad;", "andamal2": "None", "andamal3": "None", "andamal4": "None", "andamal5": "None" }, "geometry": { "type": "Polygon", "coordinates": [ [ [ 11.94657711350014, 57.709541724837131 ], [ 11.94660491156948, 57.709516132976042 ], [ 11.946801438845105, 57.709577257516067 ], [ 11.946773657623096, 57.709602849825444 ], [ 11.94657711350014, 57.709541724837131 ] ] ] } },
{ "type": "Feature", "properties": { "id": "4acddf18-0e4b-47de-b083-2d5b9cb30844", "objektidentitet": "c348e939-393f-4f04-8bd0-03b3a3a41ac8", "versiongiltigfran": "2018-04-10T13:03:17.060Z", "lagesosakerhetplan": 0.05, "lagesosakerhethojd": null, "ursprunglig_organisation": "Göteborg", "objektversion": 2.0, "objekttypnr": 2063.0, "objekttyp": "Samhällsfunktion", "insamlingslage": "Fasad", "byggnadsnamn1": "None", "byggnadsnamn2": "None", "byggnadsnamn3": "None", "husnummer": 1.0, "huvudbyggnad": "Nej", "andamal1": "Samhällsfunktion;Ospecificerad", "andamal2": "None", "andamal3": "None", "andamal4": "None", "andamal5": "None" }, "geometry": { "type": "Polygon", "coordinates": [ [ [ 11.940040867667264, 57.710130006526512 ], [ 11.940212541443332, 57.710228640285095 ], [ 11.93983537723286, 57.710417558645005 ], [ 11.939663719057206, 57.710319338198595 ], [ 11.940040867667264, 57.710130006526512 ] ] ] } },
{ "type": "Feature", "properties": { "id": "55122c44-d3c9-4e8b-99b1-94fedccf7e46", "objektidentitet": "ab306d61-ac38-494c-b49e-d15a02cee9f2", "versiongiltigfran": "2022-05-06T11:39:01.310Z", "lagesosakerhetplan": 0.05, "lagesosakerhethojd": null, "ursprunglig_organisation": "Göteborg", "objektversion": 2.0, "objekttypnr": 2067.0, "objekttyp": "Övrig byggnad", "insamlingslage": "Fasad", "byggnadsnamn1": "None", "byggnadsnamn2": "None", "byggnadsnamn3": "None", "husnummer": 74.0, "huvudbyggnad": "Nej", "andamal1": "Övrig byggnad;", "andamal2": "None", "andamal3": "None", "andamal4": "None", "andamal5": "None" }, "geometry": { "type": "Polygon", "coordinates": [ [ [ 11.948090975878563, 57.710131866331693 ], [ 11.948025118346656, 57.710111088339325 ], [ 11.948101895164713, 57.710040884149244 ], [ 11.948167859965116, 57.710061583799131 ], [ 11.948090975878563, 57.710131866331693 ] ] ] } },
{ "type": "Feature", "properties": { "id": "19c8b702-7c97-4d0c-93f9-b1011727ad7e", "objektidentitet": "ce009541-f3c3-419d-8e9f-b8b09fb95542", "versiongiltigfran": "2011-03-23T08:36:00.374Z", "lagesosakerhetplan": 0.06, "lagesosakerhethojd": null, "ursprunglig_organisation": "Lantmäteriet", "objektversion": 1.0, "objekttypnr": 2066.0, "objekttyp": "Komplementbyggnad", "insamlingslage": "Takkant", "byggnadsnamn1": "None", "byggnadsnamn2": "None", "byggnadsnamn3": "None", "husnummer": 8.0, "huvudbyggnad": "Nej", "andamal1": "Komplementbyggnad;", "andamal2": "None", "andamal3": "None", "andamal4": "None", "andamal5": "None" }, "geometry": { "type": "Polygon", "coordinates": [ [ [ 11.94274709053918, 57.710639888409055 ], [ 11.942810968390427, 57.710676745742504 ], [ 11.942787707984646, 57.710688317397 ], [ 11.942723836947533, 57.710651379324823 ], [ 11.94274709053918, 57.710639888409055 ] ] ] } },
{ "type": "Feature", "properties": { "id": "fb82da5f-abf8-41d6-9f5f-86110284427d", "objektidentitet": "55836fb0-b904-4ad1-b197-724885716930", "versiongiltigfran": "2023-05-03T13:34:04.094Z", "lagesosakerhetplan": null, "lagesosakerhethojd": null, "ursprunglig_organisation": "Göteborg", "objektversion": 4.0, "objekttypnr": 2061.0, "objekttyp": "Bostad", "insamlingslage": "Illustrativt läge", "byggnadsnamn1": "None", "byggnadsnamn2": "None", "byggnadsnamn3": "None", "husnummer": 3.0, "huvudbyggnad": "Nej", "andamal1": "Bostad;Flerfamiljshus", "andamal2": "Verksamhet;", "andamal3": "None", "andamal4": "None", "andamal5": "None" }, "geometry": { "type": "Polygon", "coordinates": [ [ [ 11.94102296008055, 57.709338512170255 ], [ 11.941255897100605, 57.709221791124797 ], [ 11.941976825494812, 57.709633935188009 ], [ 11.941743870543071, 57.709750666115525 ], [ 11.94102296008055, 57.709338512170255 ] ] ] } },
{ "type": "Feature", "properties": { "id": "0883bf74-e5d2-45bf-a8b3-3d44eaf922c6", "objektidentitet": "306d65d3-28e9-4093-80f5-cc58fa40854d", "versiongiltigfran": "2018-08-28T10:54:49.632Z", "lagesosakerhetplan": 0.06, "lagesosakerhethojd": null, "ursprunglig_organisation": "Göteborg", "objektversion": 2.0, "objekttypnr": 2062.0, "objekttyp": "Industri", "insamlingslage": "Takkant", "byggnadsnamn1": "None", "byggnadsnamn2": "None", "byggnadsnamn3": "None", "husnummer": 1.0, "huvudbyggnad": "Nej", "andamal1": "Industri;Tillverkning", "andamal2": "None", "andamal3": "None", "andamal4": "None", "andamal5": "None" }, "geometry": { "type": "Polygon", "coordinates": [ [ [ 11.945916933620609, 57.709808792770332 ], [ 11.946149146824421, 57.709943240652031 ], [ 11.94599864278257, 57.710017676882025 ], [ 11.945813040402966, 57.709910194355601 ], [ 11.945839046582886, 57.709896908837479 ], [ 11.945889042489407, 57.709872545082327 ], [ 11.945842511768008, 57.709845626352127 ], [ 11.945916933620609, 57.709808792770332 ] ] ] } },
{ "type": "Feature", "properties": { "id": "bf737711-98e9-495c-a789-e6eb40d0b7f4", "objektidentitet": "808d1f90-ae9a-44b7-8d2e-31bf6e3ff822", "versiongiltigfran": "2022-02-09T12:59:24.537Z", "lagesosakerhetplan": 0.1, "lagesosakerhethojd": null, "ursprunglig_organisation": "Göteborg", "objektversion": 3.0, "objekttypnr": 2064.0, "objekttyp": "Verksamhet", "insamlingslage": "Takkant", "byggnadsnamn1": "None", "byggnadsnamn2": "None", "byggnadsnamn3": "None", "husnummer": 2.0, "huvudbyggnad": "Nej", "andamal1": "Verksamhet;", "andamal2": "None", "andamal3": "None", "andamal4": "None", "andamal5": "None" }, "geometry": { "type": "Polygon", "coordinates": [ [ [ 11.946565757975065, 57.71104242009757 ], [ 11.947090227105074, 57.710566726170185 ], [ 11.948024993564326, 57.710861956023386 ], [ 11.947500532170114, 57.711337653883156 ], [ 11.946565757975065, 57.71104242009757 ] ] ] } },
{ "type": "Feature", "properties": { "id": "2cadc99f-1fa4-47f3-8af3-5dc777b56e12", "objektidentitet": "c07f9ee2-9640-4ff9-9f23-a84f83c5a376", "versiongiltigfran": "2023-06-09T14:01:07.043Z", "lagesosakerhetplan": 0.1, "lagesosakerhethojd": null, "ursprunglig_organisation": "Göteborg", "objektversion": 1.0, "objekttypnr": 2066.0, "objekttyp": "Komplementbyggnad", "insamlingslage": "Takkant", "byggnadsnamn1": "None", "byggnadsnamn2": "None", "byggnadsnamn3": "None", "husnummer": 2.0, "huvudbyggnad": "Nej", "andamal1": "Komplementbyggnad;", "andamal2": "None", "andamal3": "None", "andamal4": "None", "andamal5": "None" }, "geometry": { "type": "Polygon", "coordinates": [ [ [ 11.94783208782237, 57.710725422175358 ], [ 11.947876276685131, 57.710684865076367 ], [ 11.948436152061785, 57.710860576205874 ], [ 11.948394051571656, 57.710900069362395 ], [ 11.94783208782237, 57.710725422175358 ] ] ] } },
{ "type": "Feature", "properties": { "id": "8004da34-67d9-4169-9a94-b7a2d6df5293", "objektidentitet": "c7b8c850-f10a-4d96-bf3b-752b5c570b7c", "versiongiltigfran": "2020-07-09T13:18:31.107Z", "lagesosakerhetplan": 0.06, "lagesosakerhethojd": 2.5, "ursprunglig_organisation": "Göteborg", "objektversion": 4.0, "objekttypnr": 2062.0, "objekttyp": "Industri", "insamlingslage": "Takkant", "byggnadsnamn1": "None", "byggnadsnamn2": "None", "byggnadsnamn3": "None", "husnummer": 2.0, "huvudbyggnad": "Nej", "andamal1": "Industri;Tillverkning", "andamal2": "None", "andamal3": "None", "andamal4": "None", "andamal5": "None" }, "geometry": { "type": "Polygon", "coordinates": [ [ [ 11.945301012486642, 57.706513849199155 ], [ 11.945171389143479, 57.706632155389435 ], [ 11.945112380742, 57.706613482546828 ], [ 11.945235579139842, 57.706498095149122 ], [ 11.945301012486642, 57.706513849199155 ] ] ] } },
{ "type": "Feature", "properties": { "id": "fb489173-29d1-4e6f-83b1-15e54be8cc4a", "objektidentitet": "487af886-0c32-467f-a5d4-7f0af3741c0e", "versiongiltigfran": "2011-03-23T09:00:30.899Z", "lagesosakerhetplan": 0.06, "lagesosakerhethojd": 2.5, "ursprunglig_organisation": "Lantmäteriet", "objektversion": 1.0, "objekttypnr": 2062.0, "objekttyp": "Industri", "insamlingslage": "Takkant", "byggnadsnamn1": "None", "byggnadsnamn2": "None", "byggnadsnamn3": "None", "husnummer": 1.0, "huvudbyggnad": "Nej", "andamal1": "Industri;Tillverkning", "andamal2": "None", "andamal3": "None", "andamal4": "None", "andamal5": "None" }, "geometry": { "type": "Polygon", "coordinates": [ [ [ 11.946719141686089, 57.70654440885744 ], [ 11.947026027305036, 57.706638746883904 ], [ 11.946343261564795, 57.707275233326634 ], [ 11.946036389203034, 57.707180894022031 ], [ 11.946719141686089, 57.70654440885744 ] ] ] } },
{ "type": "Feature", "properties": { "id": "c22294c4-2119-432d-baa1-21d99d2c6bc2", "objektidentitet": "9a1c44d4-2b73-40f3-9e62-ccfcb4cc9435", "versiongiltigfran": "2018-04-10T13:03:22.025Z", "lagesosakerhetplan": 0.1, "lagesosakerhethojd": null, "ursprunglig_organisation": "Göteborg", "objektversion": 3.0, "objekttypnr": 2064.0, "objekttyp": "Verksamhet", "insamlingslage": "Takkant", "byggnadsnamn1": "None", "byggnadsnamn2": "None", "byggnadsnamn3": "None", "husnummer": 1.0, "huvudbyggnad": "Nej", "andamal1": "Verksamhet;", "andamal2": "None", "andamal3": "None", "andamal4": "None", "andamal5": "None" }, "geometry": { "type": "Polygon", "coordinates": [ [ [ 11.944315452865485, 57.706696230743049 ], [ 11.944222256570214, 57.706811020783583 ], [ 11.943467516879467, 57.706635525009432 ], [ 11.943561057020792, 57.706520662910826 ], [ 11.94372702652837, 57.706559411243397 ], [ 11.94379011286301, 57.706481517734041 ], [ 11.944337102891085, 57.706608716628367 ], [ 11.944273839214777, 57.706686534208302 ], [ 11.944315452865485, 57.706696230743049 ] ] ] } },
{ "type": "Feature", "properties": { "id": "dc969085-b40a-43a6-a53c-1ac81ae762ec", "objektidentitet": "ba4c0a26-7664-494f-a8fc-215c5fe48178", "versiongiltigfran": "2017-01-02T13:33:13.815Z", "lagesosakerhetplan": 0.06, "lagesosakerhethojd": null, "ursprunglig_organisation": "Göteborg", "objektversion": 5.0, "objekttypnr": 2064.0, "objekttyp": "Verksamhet", "insamlingslage": "Takkant", "byggnadsnamn1": "None", "byggnadsnamn2": "None", "byggnadsnamn3": "None", "husnummer": 33.0, "huvudbyggnad": "Nej", "andamal1": "Verksamhet;", "andamal2": "None", "andamal3": "None", "andamal4": "None", "andamal5": "None" }, "geometry": { "type": "Polygon", "coordinates": [ [ [ 11.949356763477422, 57.707685094481612 ], [ 11.948247157052354, 57.70790593188574 ], [ 11.948184927015472, 57.707816591499508 ], [ 11.947864123677746, 57.707717885117141 ], [ 11.948300231188533, 57.707310268871574 ], [ 11.949311829270778, 57.707620457177995 ], [ 11.949356763477422, 57.707685094481612 ] ] ] } },
{ "type": "Feature", "properties": { "id": "07480fdf-85b4-4787-a7c9-ab9e1d84bdff", "objektidentitet": "c6ccf6d9-4935-4163-9243-e62e11b5b7b1", "versiongiltigfran": "2013-06-17T12:32:12.138Z", "lagesosakerhetplan": 0.06, "lagesosakerhethojd": null, "ursprunglig_organisation": "Göteborg", "objektversion": 2.0, "objekttypnr": 2062.0, "objekttyp": "Industri", "insamlingslage": "Takkant", "byggnadsnamn1": "None", "byggnadsnamn2": "None", "byggnadsnamn3": "None", "husnummer": 3.0, "huvudbyggnad": "Nej", "andamal1": "Industri;Tillverkning", "andamal2": "None", "andamal3": "None", "andamal4": "None", "andamal5": "None" }, "geometry": { "type": "Polygon", "coordinates": [ [ [ 11.945644191996143, 57.707548164469877 ], [ 11.945560219513213, 57.707525428766473 ], [ 11.945607085739608, 57.707481377879603 ], [ 11.945686724731219, 57.707508511891824 ], [ 11.945644191996143, 57.707548164469877 ] ] ] } },
{ "type": "Feature", "properties": { "id": "5647e25d-a6ef-42f5-bdce-b73f0bf585e1", "objektidentitet": "ba4c0a26-7664-494f-a8fc-215c5fe48178", "versiongiltigfran": "2017-01-02T13:33:13.815Z", "lagesosakerhetplan": 0.1, "lagesosakerhethojd": null, "ursprunglig_organisation": "Göteborg", "objektversion": 5.0, "objekttypnr": 2064.0, "objekttyp": "Verksamhet", "insamlingslage": "Takkant", "byggnadsnamn1": "None", "byggnadsnamn2": "None", "byggnadsnamn3": "None", "husnummer": 33.0, "huvudbyggnad": "Nej", "andamal1": "Verksamhet;", "andamal2": "None", "andamal3": "None", "andamal4": "None", "andamal5": "None" }, "geometry": { "type": "Polygon", "coordinates": [ [ [ 11.948865103080745, 57.707782890272696 ], [ 11.948503051675686, 57.708202028711277 ], [ 11.948521344916815, 57.708224283700119 ], [ 11.948289331140817, 57.708271769901188 ], [ 11.948275212227831, 57.708252788318134 ], [ 11.948440021670836, 57.708218906665216 ], [ 11.948802085263203, 57.707795445488543 ], [ 11.948865103080745, 57.707782890272696 ] ] ] } },
{ "type": "Feature", "properties": { "id": "50dee830-4f09-45fb-a0c0-08c824ebcfff", "objektidentitet": "ba4c0a26-7664-494f-a8fc-215c5fe48178", "versiongiltigfran": "2017-01-02T13:33:13.815Z", "lagesosakerhetplan": 0.06, "lagesosakerhethojd": null, "ursprunglig_organisation": "Göteborg", "objektversion": 5.0, "objekttypnr": 2064.0, "objekttyp": "Verksamhet", "insamlingslage": "Takkant", "byggnadsnamn1": "None", "byggnadsnamn2": "None", "byggnadsnamn3": "None", "husnummer": 33.0, "huvudbyggnad": "Nej", "andamal1": "Verksamhet;", "andamal2": "None", "andamal3": "None", "andamal4": "None", "andamal5": "None" }, "geometry": { "type": "Polygon", "coordinates": [ [ [ 11.948192775250707, 57.707827880939632 ], [ 11.948244425122166, 57.707902082058219 ], [ 11.948234880147995, 57.707903963969208 ], [ 11.948237355897, 57.707907466075142 ], [ 11.948181440451009, 57.707913640108373 ], [ 11.948158517923657, 57.707881755154403 ], [ 11.948187451923193, 57.707875748145753 ], [ 11.948184007164594, 57.707870991314209 ], [ 11.948171958190413, 57.707873495898397 ], [ 11.948145712308413, 57.707837207567927 ], [ 11.948192775250707, 57.707827880939632 ] ] ] } },
{ "type": "Feature", "properties": { "id": "f97ea454-57ba-4b5f-a2fb-7a50f4e32495", "objektidentitet": "db37d879-a5a9-4580-aed8-bc05fb9df201", "versiongiltigfran": "2023-06-09T13:25:30.210Z", "lagesosakerhetplan": 0.1, "lagesosakerhethojd": null, "ursprunglig_organisation": "Göteborg", "objektversion": 2.0, "objekttypnr": 2066.0, "objekttyp": "Komplementbyggnad", "insamlingslage": "Takkant", "byggnadsnamn1": "None", "byggnadsnamn2": "None", "byggnadsnamn3": "None", "husnummer": 41.0, "huvudbyggnad": "Nej", "andamal1": "Komplementbyggnad;", "andamal2": "None", "andamal3": "None", "andamal4": "None", "andamal5": "None" }, "geometry": { "type": "Polygon", "coordinates": [ [ [ 11.948385102604902, 57.707947188622029 ], [ 11.948482790634943, 57.707927911044131 ], [ 11.9485564232998, 57.708034801135874 ], [ 11.948458735017041, 57.708054078767987 ], [ 11.948385102604902, 57.707947188622029 ] ] ] } },
{ "type": "Feature", "properties": { "id": "4dfa580b-32e0-454a-9b69-297e438972c5", "objektidentitet": "b4295788-a0cd-4519-9f7f-a2310ccf5e38", "versiongiltigfran": "2011-03-23T09:11:49.312Z", "lagesosakerhetplan": 0.06, "lagesosakerhethojd": 2.5, "ursprunglig_organisation": "Lantmäteriet", "objektversion": 1.0, "objekttypnr": 2062.0, "objekttyp": "Industri", "insamlingslage": "Takkant", "byggnadsnamn1": "None", "byggnadsnamn2": "None", "byggnadsnamn3": "None", "husnummer": 28.0, "huvudbyggnad": "Nej", "andamal1": "Industri;Tillverkning", "andamal2": "None", "andamal3": "None", "andamal4": "None", "andamal5": "None" }, "geometry": { "type": "Polygon", "coordinates": [ [ [ 11.944607764605978, 57.707850019780032 ], [ 11.944778788956842, 57.707901993147075 ], [ 11.944805823068355, 57.707876500069943 ], [ 11.944890171688803, 57.707902148462182 ], [ 11.944862624552902, 57.707928150468646 ], [ 11.944909496829391, 57.707942413829592 ], [ 11.944492369751812, 57.708335467554683 ], [ 11.944190143604887, 57.708243527988778 ], [ 11.944607764605978, 57.707850019780032 ] ] ] } },
{ "type": "Feature", "properties": { "id": "292de90b-de31-4e75-a325-2a5469176318", "objektidentitet": "b02086f1-269e-4d65-9409-82f740f49a47", "versiongiltigfran": "2023-06-09T16:02:14.509Z", "lagesosakerhetplan": 0.1, "lagesosakerhethojd": null, "ursprunglig_organisation": "Göteborg", "objektversion": 2.0, "objekttypnr": 2062.0, "objekttyp": "Industri", "insamlingslage": "Takkant", "byggnadsnamn1": "None", "byggnadsnamn2": "None", "byggnadsnamn3": "None", "husnummer": 75.0, "huvudbyggnad": "Nej", "andamal1": "Industri;Ospecificerad", "andamal2": "None", "andamal3": "None", "andamal4": "None", "andamal5": "None" }, "geometry": { "type": "Polygon", "coordinates": [ [ [ 11.946647772457156, 57.708252536035211 ], [ 11.946669840555384, 57.708232360426848 ], [ 11.946844189528534, 57.708286981723383 ], [ 11.946822138249805, 57.708307157767074 ], [ 11.946647772457156, 57.708252536035211 ] ] ] } },
{ "type": "Feature", "properties": { "id": "67649334-ee7e-43cd-adc4-3094c14df2c6", "objektidentitet": "35ad74a9-ba34-42ea-902d-ba80ea97089c", "versiongiltigfran": "2023-06-09T13:26:08.012Z", "lagesosakerhetplan": 0.1, "lagesosakerhethojd": null, "ursprunglig_organisation": "Göteborg", "objektversion": 5.0, "objekttypnr": 2062.0, "objekttyp": "Industri", "insamlingslage": "Takkant", "byggnadsnamn1": "None", "byggnadsnamn2": "None", "byggnadsnamn3": "None", "husnummer": 35.0, "huvudbyggnad": "Nej", "andamal1": "Industri;Ospecificerad", "andamal2": "None", "andamal3": "None", "andamal4": "None", "andamal5": "None" }, "geometry": { "type": "Polygon", "coordinates": [ [ [ 11.945370315000762, 57.708691911005616 ], [ 11.945535937367975, 57.708540247595181 ], [ 11.946004863097022, 57.708686792396605 ], [ 11.945839915582361, 57.708838832210375 ], [ 11.945370315000762, 57.708691911005616 ] ] ] } },
{ "type": "Feature", "properties": { "id": "b29323a1-8a2c-4a81-955c-0d1ca765ea9f", "objektidentitet": "e2191c51-d806-4f70-92f8-bc1c9fa7a8fe", "versiongiltigfran": "2011-03-23T08:48:24.247Z", "lagesosakerhetplan": 0.06, "lagesosakerhethojd": null, "ursprunglig_organisation": "Lantmäteriet", "objektversion": 1.0, "objekttypnr": 2062.0, "objekttyp": "Industri", "insamlingslage": "Takkant", "byggnadsnamn1": "None", "byggnadsnamn2": "None", "byggnadsnamn3": "None", "husnummer": 31.0, "huvudbyggnad": "Nej", "andamal1": "Industri;Tillverkning", "andamal2": "None", "andamal3": "None", "andamal4": "None", "andamal5": "None" }, "geometry": { "type": "Polygon", "coordinates": [ [ [ 11.946306028246047, 57.708562820303825 ], [ 11.9466871743267, 57.708681789775071 ], [ 11.946584092474241, 57.708776416621554 ], [ 11.946202945002055, 57.708657455804712 ], [ 11.946306028246047, 57.708562820303825 ] ] ] } },
{ "type": "Feature", "properties": { "id": "31c2753d-7a30-4d5f-b513-28c6f677eefc", "objektidentitet": "35ad74a9-ba34-42ea-902d-ba80ea97089c", "versiongiltigfran": "2023-06-09T13:26:08.012Z", "lagesosakerhetplan": 0.1, "lagesosakerhethojd": null, "ursprunglig_organisation": "Göteborg", "objektversion": 5.0, "objekttypnr": 2062.0, "objekttyp": "Industri", "insamlingslage": "Takkant", "byggnadsnamn1": "None", "byggnadsnamn2": "None", "byggnadsnamn3": "None", "husnummer": 35.0, "huvudbyggnad": "Nej", "andamal1": "Industri;Ospecificerad", "andamal2": "None", "andamal3": "None", "andamal4": "None", "andamal5": "None" }, "geometry": { "type": "Polygon", "coordinates": [ [ [ 11.94508676963218, 57.708603201999772 ], [ 11.945140467143672, 57.708554031306768 ], [ 11.945195847524165, 57.708571358166282 ], [ 11.945208057457599, 57.708560175382125 ], [ 11.945233743586964, 57.708568210685193 ], [ 11.945221171285491, 57.708579708288042 ], [ 11.945275072390093, 57.708596855584496 ], [ 11.945221304812423, 57.708645862857651 ], [ 11.94508676963218, 57.708603201999772 ] ] ] } },
{ "type": "Feature", "properties": { "id": "338f6a09-8dd9-498a-b1fa-dd0f2ee9230b", "objektidentitet": "35ad74a9-ba34-42ea-902d-ba80ea97089c", "versiongiltigfran": "2023-06-09T13:26:08.012Z", "lagesosakerhetplan": 0.06, "lagesosakerhethojd": null, "ursprunglig_organisation": "Göteborg", "objektversion": 5.0, "objekttypnr": 2062.0, "objekttyp": "Industri", "insamlingslage": "Takkant", "byggnadsnamn1": "None", "byggnadsnamn2": "None", "byggnadsnamn3": "None", "husnummer": 35.0, "huvudbyggnad": "Nej", "andamal1": "Industri;Ospecificerad", "andamal2": "None", "andamal3": "None", "andamal4": "None", "andamal5": "None" }, "geometry": { "type": "Polygon", "coordinates": [ [ [ 11.944409891769167, 57.708646741729602 ], [ 11.944474762166001, 57.708587549955993 ], [ 11.944524524384661, 57.708603195490362 ], [ 11.944459738584985, 57.70866238034391 ], [ 11.944409891769167, 57.708646741729602 ] ] ] } },
{ "type": "Feature", "properties": { "id": "36018e95-1d6b-4f57-a409-c9d156a094fb", "objektidentitet": "35ad74a9-ba34-42ea-902d-ba80ea97089c", "versiongiltigfran": "2023-06-09T13:26:08.012Z", "lagesosakerhetplan": 0.1, "lagesosakerhethojd": null, "ursprunglig_organisation": "Göteborg", "objektversion": 5.0, "objekttypnr": 2062.0, "objekttyp": "Industri", "insamlingslage": "Takkant", "byggnadsnamn1": "None", "byggnadsnamn2": "None", "byggnadsnamn3": "None", "husnummer": 35.0, "huvudbyggnad": "Nej", "andamal1": "Industri;Ospecificerad", "andamal2": "None", "andamal3": "None", "andamal4": "None", "andamal5": "None" }, "geometry": { "type": "Polygon", "coordinates": [ [ [ 11.945412530895151, 57.708653248513684 ], [ 11.945370315000762, 57.708691911005616 ], [ 11.945221304812423, 57.708645862857651 ], [ 11.945264172601556, 57.708606838660678 ], [ 11.945412530895151, 57.708653248513684 ] ] ] } },
{ "type": "Feature", "properties": { "id": "d8b44af9-4b74-4510-8c5e-c92425c335df", "objektidentitet": "35ad74a9-ba34-42ea-902d-ba80ea97089c", "versiongiltigfran": "2023-06-09T13:26:08.012Z", "lagesosakerhetplan": 0.1, "lagesosakerhethojd": null, "ursprunglig_organisation": "Göteborg", "objektversion": 5.0, "objekttypnr": 2062.0, "objekttyp": "Industri", "insamlingslage": "Takkant", "byggnadsnamn1": "None", "byggnadsnamn2": "None", "byggnadsnamn3": "None", "husnummer": 35.0, "huvudbyggnad": "Nej", "andamal1": "Industri;Ospecificerad", "andamal2": "None", "andamal3": "None", "andamal4": "None", "andamal5": "None" }, "geometry": { "type": "Polygon", "coordinates": [ [ [ 11.94614900363203, 57.708936928299018 ], [ 11.945838531988931, 57.70883950885603 ], [ 11.946005550301933, 57.708687006721107 ], [ 11.946314734793877, 57.708784745228691 ], [ 11.94614900363203, 57.708936928299018 ] ] ] } },
{ "type": "Feature", "properties": { "id": "905e58fc-dfbd-42c7-9e97-7744c7ffb9a2", "objektidentitet": "35ad74a9-ba34-42ea-902d-ba80ea97089c", "versiongiltigfran": "2023-06-09T13:26:08.012Z", "lagesosakerhetplan": 0.1, "lagesosakerhethojd": null, "ursprunglig_organisation": "Göteborg", "objektversion": 5.0, "objekttypnr": 2062.0, "objekttyp": "Industri", "insamlingslage": "Takkant", "byggnadsnamn1": "None", "byggnadsnamn2": "None", "byggnadsnamn3": "None", "husnummer": 35.0, "huvudbyggnad": "Nej", "andamal1": "Industri;Ospecificerad", "andamal2": "None", "andamal3": "None", "andamal4": "None", "andamal5": "None" }, "geometry": { "type": "Polygon", "coordinates": [ [ [ 11.946314738572541, 57.70878470038015 ], [ 11.946516199922492, 57.708844012123343 ], [ 11.946407633588258, 57.708937553738409 ], [ 11.946382755492698, 57.70893008645065 ], [ 11.94633570432414, 57.708974726371885 ], [ 11.946344751121041, 57.708977964693581 ], [ 11.946329481176209, 57.708991985817377 ], [ 11.946149986280375, 57.708935828525718 ], [ 11.946314738572541, 57.70878470038015 ] ] ] } },
{ "type": "Feature", "properties": { "id": "0261d511-6098-4ec0-a197-fb3a74c4d02e", "objektidentitet": "35ad74a9-ba34-42ea-902d-ba80ea97089c", "versiongiltigfran": "2023-06-09T13:26:08.012Z", "lagesosakerhetplan": 0.06, "lagesosakerhethojd": null, "ursprunglig_organisation": "Göteborg", "objektversion": 5.0, "objekttypnr": 2062.0, "objekttyp": "Industri", "insamlingslage": "Takkant", "byggnadsnamn1": "None", "byggnadsnamn2": "None", "byggnadsnamn3": "None", "husnummer": 35.0, "huvudbyggnad": "Nej", "andamal1": "Industri;Ospecificerad", "andamal2": "None", "andamal3": "None", "andamal4": "None", "andamal5": "None" }, "geometry": { "type": "Polygon", "coordinates": [ [ [ 11.944220386531782, 57.708816719543897 ], [ 11.944272776529274, 57.708833066792181 ], [ 11.944163894242184, 57.708932477056983 ], [ 11.944109574872009, 57.708915112460566 ], [ 11.944220386531782, 57.708816719543897 ] ] ] } },
{ "type": "Feature", "properties": { "id": "1b5a4a6f-a7ad-4b58-bec7-4666ab69200e", "objektidentitet": "35ad74a9-ba34-42ea-902d-ba80ea97089c", "versiongiltigfran": "2023-06-09T13:26:08.012Z", "lagesosakerhetplan": 0.1, "lagesosakerhethojd": null, "ursprunglig_organisation": "Göteborg", "objektversion": 5.0, "objekttypnr": 2062.0, "objekttyp": "Industri", "insamlingslage": "Takkant", "byggnadsnamn1": "None", "byggnadsnamn2": "None", "byggnadsnamn3": "None", "husnummer": 35.0, "huvudbyggnad": "Nej", "andamal1": "Industri;Ospecificerad", "andamal2": "None", "andamal3": "None", "andamal4": "None", "andamal5": "None" }, "geometry": { "type": "Polygon", "coordinates": [ [ [ 11.946391488856667, 57.709011386536915 ], [ 11.946329481176209, 57.708991985817377 ], [ 11.946344751121041, 57.708977964693581 ], [ 11.94633570432414, 57.708974726371885 ], [ 11.946382755492698, 57.70893008645065 ], [ 11.9464547751569, 57.708951831984976 ], [ 11.946391488856667, 57.709011386536915 ] ] ] } },
{ "type": "Feature", "properties": { "id": "08576cb7-303f-48ed-9627-cfa4ddcdf2ea", "objektidentitet": "c7b8c850-f10a-4d96-bf3b-752b5c570b7c", "versiongiltigfran": "2020-07-09T13:18:31.107Z", "lagesosakerhetplan": 0.1, "lagesosakerhethojd": null, "ursprunglig_organisation": "Göteborg", "objektversion": 4.0, "objekttypnr": 2062.0, "objekttyp": "Industri", "insamlingslage": "Takkant", "byggnadsnamn1": "None", "byggnadsnamn2": "None", "byggnadsnamn3": "None", "husnummer": 2.0, "huvudbyggnad": "Nej", "andamal1": "Industri;Tillverkning", "andamal2": "None", "andamal3": "None", "andamal4": "None", "andamal5": "None" }, "geometry": { "type": "Polygon", "coordinates": [ [ [ 11.94509598456934, 57.707028968352013 ], [ 11.945153244778801, 57.706973358456239 ], [ 11.945229416868887, 57.706902943663103 ], [ 11.945288743423978, 57.706920437715006 ], [ 11.945254134675057, 57.706952938341054 ], [ 11.945369318790602, 57.706985856288277 ], [ 11.945341547554639, 57.707009947528931 ], [ 11.945377765061775, 57.707019126923484 ], [ 11.945375800080454, 57.707021721935419 ], [ 11.945426430815091, 57.707037999295522 ], [ 11.945453214348131, 57.707013075272123 ], [ 11.945554377623559, 57.707044405175928 ], [ 11.945321032046019, 57.707255173868603 ], [ 11.945329711680678, 57.707257980971463 ], [ 11.945300909822464, 57.707282343922373 ], [ 11.945191934971996, 57.707247265961392 ], [ 11.944999509479361, 57.70718746009743 ], [ 11.945149739070816, 57.70704444043912 ], [ 11.94509598456934, 57.707028968352013 ] ] ] } },
{ "type": "Feature", "properties": { "id": "9fb7e412-7095-41eb-9bd5-30200b840c93", "objektidentitet": "c7b8c850-f10a-4d96-bf3b-752b5c570b7c", "versiongiltigfran": "2020-07-09T13:18:31.107Z", "lagesosakerhetplan": 0.1, "lagesosakerhethojd": null, "ursprunglig_organisation": "Göteborg", "objektversion": 4.0, "objekttypnr": 2062.0, "objekttyp": "Industri", "insamlingslage": "Takkant", "byggnadsnamn1": "None", "byggnadsnamn2": "None", "byggnadsnamn3": "None", "husnummer": 2.0, "huvudbyggnad": "Nej", "andamal1": "Industri;Tillverkning", "andamal2": "None", "andamal3": "None", "andamal4": "None", "andamal5": "None" }, "geometry": { "type": "Polygon", "coordinates": [ [ [ 11.945153244778801, 57.706973358456239 ], [ 11.94509598456934, 57.707028968352013 ], [ 11.944842440415659, 57.706953224663401 ], [ 11.944683852745456, 57.706902962791837 ], [ 11.945024047667248, 57.706585535986711 ], [ 11.945171389143479, 57.706632155389435 ], [ 11.945301011730724, 57.70651385816884 ], [ 11.945442218583283, 57.706556563168469 ], [ 11.94510739589008, 57.706866876481051 ], [ 11.945229416868887, 57.706902943663103 ], [ 11.945226182629781, 57.706906254023757 ], [ 11.945153244778801, 57.706973358456239 ] ] ] } },
{ "type": "Feature", "properties": { "id": "9fbaeb1e-676d-4732-a139-5edcd5db897e", "objektidentitet": "a0a252a8-0d32-4267-b14c-39fe4e355620", "versiongiltigfran": "2020-01-23T15:50:56.600Z", "lagesosakerhetplan": 0.06, "lagesosakerhethojd": null, "ursprunglig_organisation": "Göteborg", "objektversion": 2.0, "objekttypnr": 2062.0, "objekttyp": "Industri", "insamlingslage": "Takkant", "byggnadsnamn1": "None", "byggnadsnamn2": "None", "byggnadsnamn3": "None", "husnummer": 6.0, "huvudbyggnad": "Nej", "andamal1": "Industri;Tillverkning", "andamal2": "None", "andamal3": "None", "andamal4": "None", "andamal5": "None" }, "geometry": { "type": "Polygon", "coordinates": [ [ [ 11.947237574028033, 57.707755643326969 ], [ 11.947413826954293, 57.707808575132596 ], [ 11.946932260519999, 57.708261091775981 ], [ 11.946755736808957, 57.70820637317405 ], [ 11.947237574028033, 57.707755643326969 ] ] ] } },
{ "type": "Feature", "properties": { "id": "8c07f8f6-5e02-4f47-9c07-6d4ea7eb75db", "objektidentitet": "a0a252a8-0d32-4267-b14c-39fe4e355620", "versiongiltigfran": "2020-01-23T15:50:56.600Z", "lagesosakerhetplan": 0.06, "lagesosakerhethojd": 2.5, "ursprunglig_organisation": "Göteborg", "objektversion": 2.0, "objekttypnr": 2062.0, "objekttyp": "Industri", "insamlingslage": "Takkant", "byggnadsnamn1": "None", "byggnadsnamn2": "None", "byggnadsnamn3": "None", "husnummer": 6.0, "huvudbyggnad": "Nej", "andamal1": "Industri;Tillverkning", "andamal2": "None", "andamal3": "None", "andamal4": "None", "andamal5": "None" }, "geometry": { "type": "Polygon", "coordinates": [ [ [ 11.947862135009121, 57.70717139697075 ], [ 11.946755736808957, 57.70820637317405 ], [ 11.946038152001119, 57.707986616653194 ], [ 11.946984881433291, 57.707100336709502 ], [ 11.947144546802557, 57.706951646422119 ], [ 11.947862135009121, 57.70717139697075 ] ] ] } },
{ "type": "Feature", "properties": { "id": "882a6fd7-7a94-407e-8b1e-b68e64edbdd0", "objektidentitet": "a0a252a8-0d32-4267-b14c-39fe4e355620", "versiongiltigfran": "2020-01-23T15:50:56.600Z", "lagesosakerhetplan": 0.1, "lagesosakerhethojd": null, "ursprunglig_organisation": "Göteborg", "objektversion": 2.0, "objekttypnr": 2062.0, "objekttyp": "Industri", "insamlingslage": "Takkant", "byggnadsnamn1": "None", "byggnadsnamn2": "None", "byggnadsnamn3": "None", "husnummer": 6.0, "huvudbyggnad": "Nej", "andamal1": "Industri;Tillverkning", "andamal2": "None", "andamal3": "None", "andamal4": "None", "andamal5": "None" }, "geometry": { "type": "Polygon", "coordinates": [ [ [ 11.94769410055091, 57.707328568561252 ], [ 11.947862117496568, 57.707171405536187 ], [ 11.948037381949312, 57.707225085618894 ], [ 11.947869382256409, 57.707382249284755 ], [ 11.94769410055091, 57.707328568561252 ] ] ] } },
{ "type": "Feature", "properties": { "id": "7215cae1-268f-4c5c-b329-68f77cb87aef", "objektidentitet": "a0a252a8-0d32-4267-b14c-39fe4e355620", "versiongiltigfran": "2020-01-23T15:50:56.600Z", "lagesosakerhetplan": 0.06, "lagesosakerhethojd": 2.5, "ursprunglig_organisation": "Göteborg", "objektversion": 2.0, "objekttypnr": 2062.0, "objekttyp": "Industri", "insamlingslage": "Takkant", "byggnadsnamn1": "None", "byggnadsnamn2": "None", "byggnadsnamn3": "None", "husnummer": 6.0, "huvudbyggnad": "Nej", "andamal1": "Industri;Tillverkning", "andamal2": "None", "andamal3": "None", "andamal4": "None", "andamal5": "None" }, "geometry": { "type": "Polygon", "coordinates": [ [ [ 11.946617550924584, 57.707248292963357 ], [ 11.946828607008701, 57.707051077143312 ], [ 11.946984881433291, 57.707100336709502 ], [ 11.946774572095787, 57.707296069816294 ], [ 11.946617550924584, 57.707248292963357 ] ] ] } },
{ "type": "Feature", "properties": { "id": "564ab679-3e23-4e04-86ee-37c9500da708", "objektidentitet": "a0a252a8-0d32-4267-b14c-39fe4e355620", "versiongiltigfran": "2020-01-23T15:50:56.600Z", "lagesosakerhetplan": 0.06, "lagesosakerhethojd": null, "ursprunglig_organisation": "Göteborg", "objektversion": 2.0, "objekttypnr": 2062.0, "objekttyp": "Industri", "insamlingslage": "Takkant", "byggnadsnamn1": "None", "byggnadsnamn2": "None", "byggnadsnamn3": "None", "husnummer": 6.0, "huvudbyggnad": "Nej", "andamal1": "Industri;Tillverkning", "andamal2": "None", "andamal3": "None", "andamal4": "None", "andamal5": "None" }, "geometry": { "type": "Polygon", "coordinates": [ [ [ 11.947237574028033, 57.707755643326969 ], [ 11.947309102192836, 57.707688701449186 ], [ 11.947410221599153, 57.707719795069679 ], [ 11.94733860695149, 57.707785970940186 ], [ 11.947237574028033, 57.707755643326969 ] ] ] } },
{ "type": "Feature", "properties": { "id": "262f8c30-0594-4424-bbfc-704f3b61f1d9", "objektidentitet": "a0a252a8-0d32-4267-b14c-39fe4e355620", "versiongiltigfran": "2020-01-23T15:50:56.600Z", "lagesosakerhetplan": 0.06, "lagesosakerhethojd": null, "ursprunglig_organisation": "Göteborg", "objektversion": 2.0, "objekttypnr": 2062.0, "objekttyp": "Industri", "insamlingslage": "Takkant", "byggnadsnamn1": "None", "byggnadsnamn2": "None", "byggnadsnamn3": "None", "husnummer": 6.0, "huvudbyggnad": "Nej", "andamal1": "Industri;Tillverkning", "andamal2": "None", "andamal3": "None", "andamal4": "None", "andamal5": "None" }, "geometry": { "type": "Polygon", "coordinates": [ [ [ 11.94733860695149, 57.707785970940186 ], [ 11.947362354932084, 57.707763984238632 ], [ 11.947433845815466, 57.707788997084343 ], [ 11.947413910741977, 57.707808577154374 ], [ 11.94733860695149, 57.707785970940186 ] ] ] } },
{ "type": "Feature", "properties": { "id": "e9b53c12-5a5d-4ecc-9369-5c114e1dfc91", "objektidentitet": "35ad74a9-ba34-42ea-902d-ba80ea97089c", "versiongiltigfran": "2023-06-09T13:26:08.012Z", "lagesosakerhetplan": 0.06, "lagesosakerhethojd": 2.5, "ursprunglig_organisation": "Göteborg", "objektversion": 5.0, "objekttypnr": 2062.0, "objekttyp": "Industri", "insamlingslage": "Takkant", "byggnadsnamn1": "None", "byggnadsnamn2": "None", "byggnadsnamn3": "None", "husnummer": 35.0, "huvudbyggnad": "Nej", "andamal1": "Industri;Ospecificerad", "andamal2": "None", "andamal3": "None", "andamal4": "None", "andamal5": "None" }, "geometry": { "type": "Polygon", "coordinates": [ [ [ 11.944114971149119, 57.708916833679169 ], [ 11.944163894242184, 57.708932477056983 ], [ 11.944118806220962, 57.708973119031668 ], [ 11.944070903024839, 57.708958722635842 ], [ 11.944114971149119, 57.708916833679169 ] ] ] } },
{ "type": "Feature", "properties": { "id": "49444102-eb21-4f4d-8a2d-fb63d81db11a", "objektidentitet": "d7280b84-2d26-41cd-be6b-98e31b14a411", "versiongiltigfran": "2024-04-23T12:32:35.084Z", "lagesosakerhetplan": 0.05, "lagesosakerhethojd": null, "ursprunglig_organisation": "Göteborg", "objektversion": 6.0, "objekttypnr": 2061.0, "objekttyp": "Bostad", "insamlingslage": "Fasad", "byggnadsnamn1": "None", "byggnadsnamn2": "None", "byggnadsnamn3": "None", "husnummer": 1.0, "huvudbyggnad": "Nej", "andamal1": "Bostad;Småhus med flera lägenheter", "andamal2": "Komplementbyggnad;", "andamal3": "None", "andamal4": "None", "andamal5": "None" }, "geometry": { "type": "Polygon", "coordinates": [ [ [ 11.941779586477011, 57.709030883370239 ], [ 11.941656960891089, 57.708974871982193 ], [ 11.941803733005974, 57.708900341642547 ], [ 11.942012089702343, 57.708950695573705 ], [ 11.941779586477011, 57.709030883370239 ] ] ] } },
{ "type": "Feature", "properties": { "id": "cadf6742-66f8-4427-a4c3-be2e709f842b", "objektidentitet": "d9efb7c7-acae-47bd-87f9-2c11c01c1316", "versiongiltigfran": "2020-07-09T13:18:31.703Z", "lagesosakerhetplan": 0.05, "lagesosakerhethojd": null, "ursprunglig_organisation": "Göteborg", "objektversion": 3.0, "objekttypnr": 2061.0, "objekttyp": "Bostad", "insamlingslage": "Fasad", "byggnadsnamn1": "None", "byggnadsnamn2": "None", "byggnadsnamn3": "None", "husnummer": 3.0, "huvudbyggnad": "Nej", "andamal1": "Bostad;Flerfamiljshus", "andamal2": "None", "andamal3": "None", "andamal4": "None", "andamal5": "None" }, "geometry": { "type": "Polygon", "coordinates": [ [ [ 11.94198042460131, 57.708703255429441 ], [ 11.942583818405668, 57.708843329481802 ], [ 11.942497641477946, 57.708949821361834 ], [ 11.941947485931893, 57.708821783453544 ], [ 11.94198042460131, 57.708703255429441 ] ] ] } },
{ "type": "Feature", "properties": { "id": "c78ec54b-9bb7-43ec-925b-62b06fdc4684", "objektidentitet": "4dfcb137-fb76-415c-bdac-22faef04bfc8", "versiongiltigfran": "2015-06-24T15:37:29.163Z", "lagesosakerhetplan": 0.025, "lagesosakerhethojd": null, "ursprunglig_organisation": "Göteborg", "objektversion": 3.0, "objekttypnr": 2064.0, "objekttyp": "Verksamhet", "insamlingslage": "Fasad", "byggnadsnamn1": "None", "byggnadsnamn2": "None", "byggnadsnamn3": "None", "husnummer": 1.0, "huvudbyggnad": "Nej", "andamal1": "Verksamhet;", "andamal2": "None", "andamal3": "None", "andamal4": "None", "andamal5": "None" }, "geometry": { "type": "Polygon", "coordinates": [ [ [ 11.943269690408494, 57.707998344501277 ], [ 11.943184713826209, 57.708104191707697 ], [ 11.942429832675343, 57.707930708956432 ], [ 11.942522344802169, 57.707815175567163 ], [ 11.94269236700349, 57.707854508480224 ], [ 11.942833850528134, 57.70767815939611 ], [ 11.942696931612941, 57.707597940503071 ], [ 11.942756180910466, 57.707524179072905 ], [ 11.943511141461487, 57.707697832673468 ], [ 11.94341843296451, 57.707812948546881 ], [ 11.943370953353472, 57.707802112337035 ], [ 11.943229879163644, 57.707978013493495 ], [ 11.943269690408494, 57.707998344501277 ] ] ] } },
{ "type": "Feature", "properties": { "id": "064394a3-67e6-4f48-8dbc-ae7cb504537b", "objektidentitet": "5d721fa4-67db-431e-8fe7-2eac2fd5228c", "versiongiltigfran": "2020-07-09T13:18:32.902Z", "lagesosakerhetplan": 0.05, "lagesosakerhethojd": null, "ursprunglig_organisation": "Göteborg", "objektversion": 3.0, "objekttypnr": 2061.0, "objekttyp": "Bostad", "insamlingslage": "Fasad", "byggnadsnamn1": "None", "byggnadsnamn2": "None", "byggnadsnamn3": "None", "husnummer": 2.0, "huvudbyggnad": "Nej", "andamal1": "Bostad;Flerfamiljshus", "andamal2": "None", "andamal3": "None", "andamal4": "None", "andamal5": "None" }, "geometry": { "type": "Polygon", "coordinates": [ [ [ 11.942715046288651, 57.708659020957938 ], [ 11.942611918606591, 57.708786314856184 ], [ 11.942438462755581, 57.7087317002661 ], [ 11.942524803756196, 57.70862505061077 ], [ 11.942715046288651, 57.708659020957938 ] ] ] } },
{ "type": "Feature", "properties": { "id": "1633a2a0-bd45-41e5-ad53-caf3ac8bd143", "objektidentitet": "a67b24ee-e183-4e6c-8431-32f54c5eddd8", "versiongiltigfran": "2012-07-05T10:32:34.972Z", "lagesosakerhetplan": 0.06, "lagesosakerhethojd": null, "ursprunglig_organisation": "Göteborg", "objektversion": 3.0, "objekttypnr": 2064.0, "objekttyp": "Verksamhet", "insamlingslage": "Takkant", "byggnadsnamn1": "None", "byggnadsnamn2": "None", "byggnadsnamn3": "None", "husnummer": 1.0, "huvudbyggnad": "Nej", "andamal1": "Verksamhet;", "andamal2": "None", "andamal3": "None", "andamal4": "None", "andamal5": "None" }, "geometry": { "type": "Polygon", "coordinates": [ [ [ 11.942954914376195, 57.707271862992897 ], [ 11.943713071636274, 57.707444792775867 ], [ 11.943618716659509, 57.707563320380217 ], [ 11.942860558165222, 57.707390381045407 ], [ 11.942954914376195, 57.707271862992897 ] ] ] } },
{ "type": "Feature", "properties": { "id": "d3d1bfa2-0464-4e5b-9c4f-f9cf9733a531", "objektidentitet": "54f7691b-4a4c-474a-a44a-c828f00f26b6", "versiongiltigfran": "2022-02-11T12:36:32.139Z", "lagesosakerhetplan": 0.1, "lagesosakerhethojd": null, "ursprunglig_organisation": "Göteborg", "objektversion": 6.0, "objekttypnr": 2061.0, "objekttyp": "Bostad", "insamlingslage": "Takkant", "byggnadsnamn1": "None", "byggnadsnamn2": "None", "byggnadsnamn3": "None", "husnummer": 2.0, "huvudbyggnad": "Nej", "andamal1": "Bostad;Flerfamiljshus", "andamal2": "Samhällsfunktion;Skola", "andamal3": "None", "andamal4": "None", "andamal5": "None" }, "geometry": { "type": "Polygon", "coordinates": [ [ [ 11.942912146328954, 57.709118952463861 ], [ 11.943150900488554, 57.70882287002123 ], [ 11.943324777814141, 57.708877880277228 ], [ 11.943189341335259, 57.709080459097571 ], [ 11.943486170283512, 57.709269304602223 ], [ 11.943317388996965, 57.709352553698587 ], [ 11.942912146328954, 57.709118952463861 ] ] ] } },
{ "type": "Feature", "properties": { "id": "f9000095-fa86-431a-b79b-d268477f0ef3", "objektidentitet": "3455bdb0-cadd-4597-a8e3-7804275140f7", "versiongiltigfran": "2012-07-05T10:32:34.972Z", "lagesosakerhetplan": 0.025, "lagesosakerhethojd": null, "ursprunglig_organisation": "Göteborg", "objektversion": 2.0, "objekttypnr": 2066.0, "objekttyp": "Komplementbyggnad", "insamlingslage": "Fasad", "byggnadsnamn1": "None", "byggnadsnamn2": "None", "byggnadsnamn3": "None", "husnummer": 2.0, "huvudbyggnad": "Nej", "andamal1": "Komplementbyggnad;", "andamal2": "None", "andamal3": "None", "andamal4": "None", "andamal5": "None" }, "geometry": { "type": "Polygon", "coordinates": [ [ [ 11.943070687219965, 57.707438349426077 ], [ 11.943365602236275, 57.707505569038744 ], [ 11.943350072969618, 57.70752504822817 ], [ 11.943055165391074, 57.707457738881381 ], [ 11.943070687219965, 57.707438349426077 ] ] ] } },
{ "type": "Feature", "properties": { "id": "0cad8e04-7285-4507-ab11-044f3c049e9f", "objektidentitet": "488b7712-0103-406f-9807-3e28acbdc497", "versiongiltigfran": "2011-03-23T08:34:32.455Z", "lagesosakerhetplan": 0.025, "lagesosakerhethojd": null, "ursprunglig_organisation": "Lantmäteriet", "objektversion": 1.0, "objekttypnr": 2064.0, "objekttyp": "Verksamhet", "insamlingslage": "Takkant", "byggnadsnamn1": "None", "byggnadsnamn2": "None", "byggnadsnamn3": "None", "husnummer": 1.0, "huvudbyggnad": "Nej", "andamal1": "Verksamhet;", "andamal2": "None", "andamal3": "None", "andamal4": "None", "andamal5": "None" }, "geometry": { "type": "Polygon", "coordinates": [ [ [ 11.943191519390638, 57.706976420730939 ], [ 11.943949372532755, 57.707150905732497 ], [ 11.943852876656269, 57.70727094567966 ], [ 11.943094924747543, 57.707096412805264 ], [ 11.943191519390638, 57.706976420730939 ] ] ] } },
{ "type": "Feature", "properties": { "id": "ae8f9b90-c29a-4a25-83d0-fb81c749e016", "objektidentitet": "a67b24ee-e183-4e6c-8431-32f54c5eddd8", "versiongiltigfran": "2012-07-05T10:32:34.972Z", "lagesosakerhetplan": 3.0, "lagesosakerhethojd": null, "ursprunglig_organisation": "Göteborg", "objektversion": 3.0, "objekttypnr": 2064.0, "objekttyp": "Verksamhet", "insamlingslage": "Takkant", "byggnadsnamn1": "None", "byggnadsnamn2": "None", "byggnadsnamn3": "None", "husnummer": 1.0, "huvudbyggnad": "Nej", "andamal1": "Verksamhet;", "andamal2": "None", "andamal3": "None", "andamal4": "None", "andamal5": "None" }, "geometry": { "type": "Polygon", "coordinates": [ [ [ 11.943219543137486, 57.707332230286184 ], [ 11.943358540706818, 57.707157627182731 ], [ 11.943593054521841, 57.707211118284562 ], [ 11.943454057859611, 57.707385721653331 ], [ 11.943219543137486, 57.707332230286184 ] ] ] } },
{ "type": "Feature", "properties": { "id": "437766fa-01b7-4141-9d68-e9b817c0a89d", "objektidentitet": "0d171b84-b069-4e05-9c3b-bd83456535aa", "versiongiltigfran": "2018-04-10T13:03:21.458Z", "lagesosakerhetplan": 0.05, "lagesosakerhethojd": null, "ursprunglig_organisation": "Göteborg", "objektversion": 3.0, "objekttypnr": 2061.0, "objekttyp": "Bostad", "insamlingslage": "Fasad", "byggnadsnamn1": "None", "byggnadsnamn2": "None", "byggnadsnamn3": "None", "husnummer": 1.0, "huvudbyggnad": "Nej", "andamal1": "Bostad;Flerfamiljshus", "andamal2": "None", "andamal3": "None", "andamal4": "None", "andamal5": "None" }, "geometry": { "type": "Polygon", "coordinates": [ [ [ 11.943872855902152, 57.7093542262174 ], [ 11.943623797644243, 57.709526602424518 ], [ 11.943394910853613, 57.709396058963925 ], [ 11.943640913432725, 57.709272863398226 ], [ 11.943872855902152, 57.7093542262174 ] ] ] } },
{ "type": "Feature", "properties": { "id": "6997a5bd-65d1-4a85-bf2c-bdca8e96aa59", "objektidentitet": "3ac8df00-5235-4fa4-8270-3d10813e868a", "versiongiltigfran": "2011-03-23T08:50:00.467Z", "lagesosakerhetplan": 0.06, "lagesosakerhethojd": 2.5, "ursprunglig_organisation": "Lantmäteriet", "objektversion": 1.0, "objekttypnr": 2066.0, "objekttyp": "Komplementbyggnad", "insamlingslage": "Takkant", "byggnadsnamn1": "None", "byggnadsnamn2": "None", "byggnadsnamn3": "None", "husnummer": 2.0, "huvudbyggnad": "Nej", "andamal1": "Komplementbyggnad;", "andamal2": "None", "andamal3": "None", "andamal4": "None", "andamal5": "None" }, "geometry": { "type": "Polygon", "coordinates": [ [ [ 11.943809279383554, 57.706172947682028 ], [ 11.943828494216937, 57.70614838041832 ], [ 11.943974766039975, 57.706181160927684 ], [ 11.943955551286846, 57.706205728214286 ], [ 11.943809279383554, 57.706172947682028 ] ] ] } },
{ "type": "Feature", "properties": { "id": "523b583d-fe2f-41e7-92ba-e1dde8b432c2", "objektidentitet": "35ad74a9-ba34-42ea-902d-ba80ea97089c", "versiongiltigfran": "2023-06-09T13:26:08.012Z", "lagesosakerhetplan": 0.1, "lagesosakerhethojd": null, "ursprunglig_organisation": "Göteborg", "objektversion": 5.0, "objekttypnr": 2062.0, "objekttyp": "Industri", "insamlingslage": "Takkant", "byggnadsnamn1": "None", "byggnadsnamn2": "None", "byggnadsnamn3": "None", "husnummer": 35.0, "huvudbyggnad": "Nej", "andamal1": "Industri;Ospecificerad", "andamal2": "None", "andamal3": "None", "andamal4": "None", "andamal5": "None" }, "geometry": { "type": "Polygon", "coordinates": [ [ [ 11.945843804602394, 57.709558879004945 ], [ 11.944082991337066, 57.709006345226896 ], [ 11.944668073950169, 57.708472184669262 ], [ 11.946424161993557, 57.709021603538375 ], [ 11.946151593679293, 57.709277867838573 ], [ 11.946034894379064, 57.709386393486689 ], [ 11.945923577023921, 57.709486043034318 ], [ 11.945843804602394, 57.709558879004945 ] ] ] } },
{ "type": "Feature", "properties": { "id": "45f9d64e-5a46-4ae8-8e10-5cc7e20e36c4", "objektidentitet": "35ad74a9-ba34-42ea-902d-ba80ea97089c", "versiongiltigfran": "2023-06-09T13:26:08.012Z", "lagesosakerhetplan": 0.06, "lagesosakerhethojd": null, "ursprunglig_organisation": "Göteborg", "objektversion": 5.0, "objekttypnr": 2062.0, "objekttyp": "Industri", "insamlingslage": "Takkant", "byggnadsnamn1": "None", "byggnadsnamn2": "None", "byggnadsnamn3": "None", "husnummer": 35.0, "huvudbyggnad": "Nej", "andamal1": "Industri;Ospecificerad", "andamal2": "None", "andamal3": "None", "andamal4": "None", "andamal5": "None" }, "geometry": { "type": "Polygon", "coordinates": [ [ [ 11.944904666534985, 57.709290607373212 ], [ 11.944978797765135, 57.709313995610344 ], [ 11.944874945057155, 57.709362710034085 ], [ 11.944848128063613, 57.709346171714323 ], [ 11.944779023686024, 57.709379286243518 ], [ 11.944751787629492, 57.709363735445564 ], [ 11.944904666534985, 57.709290607373212 ] ] ] } },
{ "type": "Feature", "properties": { "id": "2baf0625-38b7-4762-a2af-8f55a0f2b302", "objektidentitet": "35ad74a9-ba34-42ea-902d-ba80ea97089c", "versiongiltigfran": "2023-06-09T13:26:08.012Z", "lagesosakerhetplan": 0.06, "lagesosakerhethojd": 2.5, "ursprunglig_organisation": "Göteborg", "objektversion": 5.0, "objekttypnr": 2062.0, "objekttyp": "Industri", "insamlingslage": "Takkant", "byggnadsnamn1": "None", "byggnadsnamn2": "None", "byggnadsnamn3": "None", "husnummer": 35.0, "huvudbyggnad": "Nej", "andamal1": "Industri;Ospecificerad", "andamal2": "None", "andamal3": "None", "andamal4": "None", "andamal5": "None" }, "geometry": { "type": "Polygon", "coordinates": [ [ [ 11.944926377010402, 57.709270908761646 ], [ 11.94500051048335, 57.70929427007674 ], [ 11.944978850307955, 57.709313969915293 ], [ 11.944904716809534, 57.70929060858731 ], [ 11.944926377010402, 57.709270908761646 ] ] ] } },
{ "type": "Feature", "properties": { "id": "29595447-35f7-4fc7-8401-72c227aad813", "objektidentitet": "c7b8c850-f10a-4d96-bf3b-752b5c570b7c", "versiongiltigfran": "2020-07-09T13:18:31.107Z", "lagesosakerhetplan": 0.1, "lagesosakerhethojd": null, "ursprunglig_organisation": "Göteborg", "objektversion": 4.0, "objekttypnr": 2062.0, "objekttyp": "Industri", "insamlingslage": "Takkant", "byggnadsnamn1": "None", "byggnadsnamn2": "None", "byggnadsnamn3": "None", "husnummer": 2.0, "huvudbyggnad": "Nej", "andamal1": "Industri;Tillverkning", "andamal2": "None", "andamal3": "None", "andamal4": "None", "andamal5": "None" }, "geometry": { "type": "Polygon", "coordinates": [ [ [ 11.94578955707699, 57.706449759885416 ], [ 11.945981935840662, 57.706510686955859 ], [ 11.945987156463129, 57.706506319013528 ], [ 11.946096521558999, 57.706539338504669 ], [ 11.946043069528569, 57.706592622973979 ], [ 11.946035394423102, 57.706590649084802 ], [ 11.945554377623559, 57.707044405175928 ], [ 11.945453214348131, 57.707013075272123 ], [ 11.945426430815091, 57.707037999295522 ], [ 11.945375800080454, 57.707021721935419 ], [ 11.945377765061775, 57.707019126923484 ], [ 11.945341547554639, 57.707009947528931 ], [ 11.945369318790602, 57.706985856288277 ], [ 11.945254134675057, 57.706952938341054 ], [ 11.94578955707699, 57.706449759885416 ] ] ] } },
{ "type": "Feature", "properties": { "id": "68cf74d2-7c16-4b29-b162-d737d4269ed9", "objektidentitet": "c6ccf6d9-4935-4163-9243-e62e11b5b7b1", "versiongiltigfran": "2013-06-17T12:32:12.138Z", "lagesosakerhetplan": 0.06, "lagesosakerhethojd": null, "ursprunglig_organisation": "Göteborg", "objektversion": 2.0, "objekttypnr": 2062.0, "objekttyp": "Industri", "insamlingslage": "Takkant", "byggnadsnamn1": "None", "byggnadsnamn2": "None", "byggnadsnamn3": "None", "husnummer": 3.0, "huvudbyggnad": "Nej", "andamal1": "Industri;Tillverkning", "andamal2": "None", "andamal3": "None", "andamal4": "None", "andamal5": "None" }, "geometry": { "type": "Polygon", "coordinates": [ [ [ 11.946241941995151, 57.707362334547518 ], [ 11.945683583162404, 57.707882748367219 ], [ 11.94561395497465, 57.707861347707919 ], [ 11.945620005261217, 57.707855705544077 ], [ 11.945458244275791, 57.707805979286228 ], [ 11.945456275722655, 57.707807819225323 ], [ 11.945388087702369, 57.707786866656654 ], [ 11.94594235157275, 57.707270247020688 ], [ 11.946241941995151, 57.707362334547518 ] ] ] } },
{ "type": "Feature", "properties": { "id": "3b8835e7-4e12-4061-a5f9-02683f5a39e5", "objektidentitet": "c7b8c850-f10a-4d96-bf3b-752b5c570b7c", "versiongiltigfran": "2020-07-09T13:18:31.107Z", "lagesosakerhetplan": 0.06, "lagesosakerhethojd": null, "ursprunglig_organisation": "Göteborg", "objektversion": 4.0, "objekttypnr": 2062.0, "objekttyp": "Industri", "insamlingslage": "Takkant", "byggnadsnamn1": "None", "byggnadsnamn2": "None", "byggnadsnamn3": "None", "husnummer": 2.0, "huvudbyggnad": "Nej", "andamal1": "Industri;Tillverkning", "andamal2": "None", "andamal3": "None", "andamal4": "None", "andamal5": "None" }, "geometry": { "type": "Polygon", "coordinates": [ [ [ 11.945998274430938, 57.706509679275435 ], [ 11.946013976810102, 57.706478357841426 ], [ 11.946049729715273, 57.706483481253947 ], [ 11.946101980148395, 57.706499860368055 ], [ 11.946128547004255, 57.706513570193636 ], [ 11.946086320044779, 57.706536261026308 ], [ 11.945998274430938, 57.706509679275435 ] ] ] } },
{ "type": "Feature", "properties": { "id": "7103820b-024e-47a5-bffb-fcd92cbfd06b", "objektidentitet": "8b50ec6e-7cc4-4e6e-8490-ab84db704669", "versiongiltigfran": "2018-04-10T13:03:15.242Z", "lagesosakerhetplan": 0.1, "lagesosakerhethojd": null, "ursprunglig_organisation": "Göteborg", "objektversion": 3.0, "objekttypnr": 2061.0, "objekttyp": "Bostad", "insamlingslage": "Takkant", "byggnadsnamn1": "None", "byggnadsnamn2": "None", "byggnadsnamn3": "None", "husnummer": 1.0, "huvudbyggnad": "Nej", "andamal1": "Bostad;Flerfamiljshus", "andamal2": "None", "andamal3": "None", "andamal4": "None", "andamal5": "None" }, "geometry": { "type": "Polygon", "coordinates": [ [ [ 11.941801417683676, 57.708124381449636 ], [ 11.941997316731678, 57.708147991723159 ], [ 11.941864822989416, 57.708462909036506 ], [ 11.941668906338771, 57.708439289168496 ], [ 11.941801417683676, 57.708124381449636 ] ] ] } },
{ "type": "Feature", "properties": { "id": "61b7b3bd-2f63-41ca-a95b-1decd234782e", "objektidentitet": "e68b31b0-1a4b-46cb-98c2-b24df21a54ee", "versiongiltigfran": "2021-02-04T10:42:18.584Z", "lagesosakerhetplan": 0.05, "lagesosakerhethojd": null, "ursprunglig_organisation": "Göteborg", "objektversion": 5.0, "objekttypnr": 2061.0, "objekttyp": "Bostad", "insamlingslage": "Fasad", "byggnadsnamn1": "None", "byggnadsnamn2": "None", "byggnadsnamn3": "None", "husnummer": 3.0, "huvudbyggnad": "Nej", "andamal1": "Bostad;Flerfamiljshus", "andamal2": "None", "andamal3": "None", "andamal4": "None", "andamal5": "None" }, "geometry": { "type": "Polygon", "coordinates": [ [ [ 11.941552827306744, 57.708565010834747 ], [ 11.941600748450098, 57.708575993213657 ], [ 11.941633566122421, 57.708533931966286 ], [ 11.941822964551259, 57.708565950855991 ], [ 11.941777671957025, 57.708681429883974 ], [ 11.941525925331943, 57.708599251742193 ], [ 11.941552827306744, 57.708565010834747 ] ] ] } },
{ "type": "Feature", "properties": { "id": "233c5eaf-2d11-4c8c-8f08-01b3160098fb", "objektidentitet": "9e245c75-dab6-401b-a7dd-d91637dbb18a", "versiongiltigfran": "2011-03-23T08:48:59.060Z", "lagesosakerhetplan": 0.06, "lagesosakerhethojd": null, "ursprunglig_organisation": "Lantmäteriet", "objektversion": 1.0, "objekttypnr": 2064.0, "objekttyp": "Verksamhet", "insamlingslage": "Takkant", "byggnadsnamn1": "None", "byggnadsnamn2": "None", "byggnadsnamn3": "None", "husnummer": 1.0, "huvudbyggnad": "Nej", "andamal1": "Verksamhet;", "andamal2": "None", "andamal3": "None", "andamal4": "None", "andamal5": "None" }, "geometry": { "type": "Polygon", "coordinates": [ [ [ 11.94402018976033, 57.706266547354836 ], [ 11.943973692460808, 57.706254836276557 ], [ 11.94430868431944, 57.705847954335717 ], [ 11.94483890661737, 57.705970404967886 ], [ 11.944512758097522, 57.706380198222888 ], [ 11.944463092523721, 57.706370612854663 ], [ 11.944429516923249, 57.706411371185574 ], [ 11.9445208093936, 57.70643268463607 ], [ 11.944430228648567, 57.706541560995063 ], [ 11.943686176022748, 57.706369011990454 ], [ 11.943775158770698, 57.706258398804941 ], [ 11.943989061731337, 57.706308542124759 ], [ 11.94402018976033, 57.706266547354836 ] ] ] } },
{ "type": "Feature", "properties": { "id": "22532371-c111-4726-beb4-83092364d6f3", "objektidentitet": "fe1b64dd-45a2-40a7-9dac-90dee272d8b0", "versiongiltigfran": "2015-10-08T08:32:42.214Z", "lagesosakerhetplan": 0.06, "lagesosakerhethojd": null, "ursprunglig_organisation": "Göteborg", "objektversion": 2.0, "objekttypnr": 2061.0, "objekttyp": "Bostad", "insamlingslage": "Takkant", "byggnadsnamn1": "None", "byggnadsnamn2": "None", "byggnadsnamn3": "None", "husnummer": 4.0, "huvudbyggnad": "Nej", "andamal1": "Bostad;Flerfamiljshus", "andamal2": "None", "andamal3": "None", "andamal4": "None", "andamal5": "None" }, "geometry": { "type": "Polygon", "coordinates": [ [ [ 11.930998530097547, 57.705788183005843 ], [ 11.931069651228723, 57.705867762560828 ], [ 11.930782221784282, 57.705941384654416 ], [ 11.93071108515367, 57.705861795567223 ], [ 11.930998530097547, 57.705788183005843 ] ] ] } },
{ "type": "Feature", "properties": { "id": "9d500187-c40c-406e-9628-123988aaf69d", "objektidentitet": "11f9645f-93d5-4871-a2d9-a3e88674d4d0", "versiongiltigfran": "2011-03-23T08:59:21.837Z", "lagesosakerhetplan": 0.06, "lagesosakerhethojd": null, "ursprunglig_organisation": "Lantmäteriet", "objektversion": 1.0, "objekttypnr": 2066.0, "objekttyp": "Komplementbyggnad", "insamlingslage": "Takkant", "byggnadsnamn1": "None", "byggnadsnamn2": "None", "byggnadsnamn3": "None", "husnummer": 6.0, "huvudbyggnad": "Nej", "andamal1": "Komplementbyggnad;", "andamal2": "None", "andamal3": "None", "andamal4": "None", "andamal5": "None" }, "geometry": { "type": "Polygon", "coordinates": [ [ [ 11.931053646843294, 57.707273260483639 ], [ 11.931105072984529, 57.707278885211608 ], [ 11.931083969096324, 57.707333982044396 ], [ 11.931032545918656, 57.707328321428847 ], [ 11.931053646843294, 57.707273260483639 ] ] ] } },
{ "type": "Feature", "properties": { "id": "bc4ef088-b203-4e4d-bf40-05922c7f8778", "objektidentitet": "ca54761a-9e42-4e06-bbed-3a2c6c266a0e", "versiongiltigfran": "2019-09-30T13:25:20.501Z", "lagesosakerhetplan": 0.06, "lagesosakerhethojd": null, "ursprunglig_organisation": "Lantmäteriet", "objektversion": 5.0, "objekttypnr": 2063.0, "objekttyp": "Samhällsfunktion", "insamlingslage": "Takkant", "byggnadsnamn1": "Lindholmens kunskapscentrum", "byggnadsnamn2": "None", "byggnadsnamn3": "None", "husnummer": 7.0, "huvudbyggnad": "Nej", "andamal1": "Samhällsfunktion;Skola", "andamal2": "None", "andamal3": "None", "andamal4": "None", "andamal5": "None" }, "geometry": { "type": "Polygon", "coordinates": [ [ [ 11.935111648887574, 57.704554722706284 ], [ 11.935358497351251, 57.704566446583058 ], [ 11.935349132500399, 57.70462041730913 ], [ 11.935102669888229, 57.704608891515988 ], [ 11.935111648887574, 57.704554722706284 ] ] ] } },
{ "type": "Feature", "properties": { "id": "6825705d-dbbe-4864-87c2-95799e09d2fe", "objektidentitet": "273734af-a7f6-4f2e-946a-36d845c8c1b1", "versiongiltigfran": "2011-03-23T08:56:15.713Z", "lagesosakerhetplan": 0.06, "lagesosakerhethojd": 2.5, "ursprunglig_organisation": "Lantmäteriet", "objektversion": 1.0, "objekttypnr": 2061.0, "objekttyp": "Bostad", "insamlingslage": "Takkant", "byggnadsnamn1": "None", "byggnadsnamn2": "None", "byggnadsnamn3": "None", "husnummer": 1.0, "huvudbyggnad": "Nej", "andamal1": "Bostad;Flerfamiljshus", "andamal2": "None", "andamal3": "None", "andamal4": "None", "andamal5": "None" }, "geometry": { "type": "Polygon", "coordinates": [ [ [ 11.931909719548404, 57.704859929987457 ], [ 11.932042335292225, 57.70500686456996 ], [ 11.931884798427419, 57.705047839998024 ], [ 11.931751963025285, 57.704900729143823 ], [ 11.931909719548404, 57.704859929987457 ] ] ] } },
{ "type": "Feature", "properties": { "id": "bd3ad04e-9410-4a74-9ca8-3ff150367f5f", "objektidentitet": "035abf43-0122-4012-874f-b6aab6d23b20", "versiongiltigfran": "2011-03-23T09:11:54.618Z", "lagesosakerhetplan": 0.06, "lagesosakerhethojd": null, "ursprunglig_organisation": "Lantmäteriet", "objektversion": 1.0, "objekttypnr": 2066.0, "objekttyp": "Komplementbyggnad", "insamlingslage": "Takkant", "byggnadsnamn1": "None", "byggnadsnamn2": "None", "byggnadsnamn3": "None", "husnummer": 2.0, "huvudbyggnad": "Nej", "andamal1": "Komplementbyggnad;", "andamal2": "None", "andamal3": "None", "andamal4": "None", "andamal5": "None" }, "geometry": { "type": "Polygon", "coordinates": [ [ [ 11.931826042654709, 57.705063186544969 ], [ 11.931852445778752, 57.705092642482697 ], [ 11.931743656285892, 57.705120661926152 ], [ 11.931717402570113, 57.7050914253009 ], [ 11.931826042654709, 57.705063186544969 ] ] ] } },
{ "type": "Feature", "properties": { "id": "3cb0a590-d4dc-40c8-a780-0c1495e536f3", "objektidentitet": "98ab6aef-9030-41c5-90ab-07f2cd71d5e7", "versiongiltigfran": "2011-03-23T08:57:47.835Z", "lagesosakerhetplan": 0.06, "lagesosakerhethojd": 2.5, "ursprunglig_organisation": "Lantmäteriet", "objektversion": 1.0, "objekttypnr": 2066.0, "objekttyp": "Komplementbyggnad", "insamlingslage": "Takkant", "byggnadsnamn1": "None", "byggnadsnamn2": "None", "byggnadsnamn3": "None", "husnummer": 3.0, "huvudbyggnad": "Nej", "andamal1": "Komplementbyggnad;", "andamal2": "None", "andamal3": "None", "andamal4": "None", "andamal5": "None" }, "geometry": { "type": "Polygon", "coordinates": [ [ [ 11.931742423903346, 57.705160215216132 ], [ 11.931737149467031, 57.705154092283941 ], [ 11.931769303537468, 57.705146153812827 ], [ 11.931798580021326, 57.705180146493291 ], [ 11.931766460198036, 57.705188076814828 ], [ 11.93176081853224, 57.705181531528382 ], [ 11.931746567762236, 57.705185050719763 ], [ 11.93172819141461, 57.705163716872761 ], [ 11.931742423903346, 57.705160215216132 ] ] ] } },
{ "type": "Feature", "properties": { "id": "db2963b8-c80e-4c56-81a1-ee308db98779", "objektidentitet": "19100a38-ff2b-44b8-b89f-606518589780", "versiongiltigfran": "2011-03-23T08:59:55.849Z", "lagesosakerhetplan": 0.025, "lagesosakerhethojd": null, "ursprunglig_organisation": "Lantmäteriet", "objektversion": 1.0, "objekttypnr": 2066.0, "objekttyp": "Komplementbyggnad", "insamlingslage": "Takkant", "byggnadsnamn1": "None", "byggnadsnamn2": "None", "byggnadsnamn3": "None", "husnummer": 2.0, "huvudbyggnad": "Nej", "andamal1": "Komplementbyggnad;", "andamal2": "None", "andamal3": "None", "andamal4": "None", "andamal5": "None" }, "geometry": { "type": "Polygon", "coordinates": [ [ [ 11.932954068526554, 57.705262679317642 ], [ 11.93307590881599, 57.705401693693702 ], [ 11.933026568220413, 57.705414114275101 ], [ 11.932904728840592, 57.705275090883553 ], [ 11.932954068526554, 57.705262679317642 ] ] ] } },
{ "type": "Feature", "properties": { "id": "e0e5f478-892a-47ae-906e-4fcbbc2ac364", "objektidentitet": "70a4ac1d-ef79-4fc3-80d3-269758895dc5", "versiongiltigfran": "2011-03-23T08:41:29.971Z", "lagesosakerhetplan": 0.025, "lagesosakerhethojd": 2.5, "ursprunglig_organisation": "Lantmäteriet", "objektversion": 1.0, "objekttypnr": 2061.0, "objekttyp": "Bostad", "insamlingslage": "Takkant", "byggnadsnamn1": "None", "byggnadsnamn2": "None", "byggnadsnamn3": "None", "husnummer": 1.0, "huvudbyggnad": "Nej", "andamal1": "Bostad;Flerfamiljshus", "andamal2": "None", "andamal3": "None", "andamal4": "None", "andamal5": "None" }, "geometry": { "type": "Polygon", "coordinates": [ [ [ 11.932586225911773, 57.705374541083408 ], [ 11.932636077516845, 57.705361638723161 ], [ 11.932627260994277, 57.705351933609514 ], [ 11.932671100648815, 57.705340629131065 ], [ 11.932679833399721, 57.705350332210294 ], [ 11.932736946605932, 57.705335547634242 ], [ 11.932859374032471, 57.705471187985886 ], [ 11.933051354587684, 57.705485315965014 ], [ 11.933042634154413, 57.705519124128031 ], [ 11.933062540127112, 57.705520604406743 ], [ 11.933055932315307, 57.705546311672371 ], [ 11.933035950955627, 57.705544928433156 ], [ 11.933028412737702, 57.705574289232942 ], [ 11.932747680769808, 57.705553362512468 ], [ 11.932586225911773, 57.705374541083408 ] ] ] } },
{ "type": "Feature", "properties": { "id": "b5595c8c-544e-4e61-ba5e-a266eb13a0d0", "objektidentitet": "1210cf05-8e2f-4eb5-9e26-ef2823663567", "versiongiltigfran": "2017-06-21T10:42:13.252Z", "lagesosakerhetplan": 0.06, "lagesosakerhethojd": null, "ursprunglig_organisation": "Göteborg", "objektversion": 2.0, "objekttypnr": 2061.0, "objekttyp": "Bostad", "insamlingslage": "Takkant", "byggnadsnamn1": "None", "byggnadsnamn2": "None", "byggnadsnamn3": "None", "husnummer": 3.0, "huvudbyggnad": "Nej", "andamal1": "Bostad;Flerfamiljshus", "andamal2": "None", "andamal3": "None", "andamal4": "None", "andamal5": "None" }, "geometry": { "type": "Polygon", "coordinates": [ [ [ 11.932503853464382, 57.70549971493147 ], [ 11.932223165673975, 57.705573108224314 ], [ 11.93214854753295, 57.705491377294692 ], [ 11.932429320129572, 57.705417968254373 ], [ 11.932503853464382, 57.70549971493147 ] ] ] } },
{ "type": "Feature", "properties": { "id": "0310933c-a735-4394-a667-abdfb592c30a", "objektidentitet": "ce8feebe-b0aa-45f9-aec3-aa89e8abb608", "versiongiltigfran": "2011-03-23T08:56:54.045Z", "lagesosakerhetplan": 0.06, "lagesosakerhethojd": 2.5, "ursprunglig_organisation": "Lantmäteriet", "objektversion": 1.0, "objekttypnr": 2061.0, "objekttyp": "Bostad", "insamlingslage": "Takkant", "byggnadsnamn1": "None", "byggnadsnamn2": "None", "byggnadsnamn3": "None", "husnummer": 1.0, "huvudbyggnad": "Nej", "andamal1": "Bostad;Flerfamiljshus", "andamal2": "None", "andamal3": "None", "andamal4": "None", "andamal5": "None" }, "geometry": { "type": "Polygon", "coordinates": [ [ [ 11.931771763801946, 57.705586221337178 ], [ 11.932056295662258, 57.705512257147525 ], [ 11.932133071410266, 57.705596862693106 ], [ 11.931848535234804, 57.705670871897631 ], [ 11.931771763801946, 57.705586221337178 ] ] ] } },
{ "type": "Feature", "properties": { "id": "0c69cbdf-9401-403c-b8b5-871af92c20f2", "objektidentitet": "29eff4f3-d92c-4c70-9d3a-a6669e2805fc", "versiongiltigfran": "2011-03-23T08:37:47.609Z", "lagesosakerhetplan": 0.06, "lagesosakerhethojd": 2.5, "ursprunglig_organisation": "Lantmäteriet", "objektversion": 1.0, "objekttypnr": 2066.0, "objekttyp": "Komplementbyggnad", "insamlingslage": "Takkant", "byggnadsnamn1": "None", "byggnadsnamn2": "None", "byggnadsnamn3": "None", "husnummer": 2.0, "huvudbyggnad": "Nej", "andamal1": "Komplementbyggnad;", "andamal2": "None", "andamal3": "None", "andamal4": "None", "andamal5": "None" }, "geometry": { "type": "Polygon", "coordinates": [ [ [ 11.932266781555207, 57.705701346208578 ], [ 11.9323508094734, 57.705792724671355 ], [ 11.932319330627806, 57.7058010122268 ], [ 11.932235302771161, 57.705709633743815 ], [ 11.932266781555207, 57.705701346208578 ] ] ] } },
{ "type": "Feature", "properties": { "id": "55dbab86-a33b-4e91-bbe4-0d3b8fabb510", "objektidentitet": "0ba3a4b5-141a-407c-99ee-ad5bdda7405e", "versiongiltigfran": "2024-04-25T12:56:43.805Z", "lagesosakerhetplan": 0.1, "lagesosakerhethojd": null, "ursprunglig_organisation": "Göteborg", "objektversion": 2.0, "objekttypnr": 2066.0, "objekttyp": "Komplementbyggnad", "insamlingslage": "Takkant", "byggnadsnamn1": "None", "byggnadsnamn2": "None", "byggnadsnamn3": "None", "husnummer": 6.0, "huvudbyggnad": "Nej", "andamal1": "Komplementbyggnad;", "andamal2": "None", "andamal3": "None", "andamal4": "None", "andamal5": "None" }, "geometry": { "type": "Polygon", "coordinates": [ [ [ 11.932065746791885, 57.705754308634809 ], [ 11.932046880466226, 57.705733798843859 ], [ 11.932106335587454, 57.705718136585297 ], [ 11.932125201939197, 57.705738646367692 ], [ 11.932065746791885, 57.705754308634809 ] ] ] } },
{ "type": "Feature", "properties": { "id": "e9e82e8e-8932-4ccf-a1fb-bf24a193d513", "objektidentitet": "3453ff9a-cea0-443c-af7a-58831f378914", "versiongiltigfran": "2012-01-03T09:40:32.382Z", "lagesosakerhetplan": 0.06, "lagesosakerhethojd": null, "ursprunglig_organisation": "Göteborg", "objektversion": 1.0, "objekttypnr": 2066.0, "objekttyp": "Komplementbyggnad", "insamlingslage": "Takkant", "byggnadsnamn1": "None", "byggnadsnamn2": "None", "byggnadsnamn3": "None", "husnummer": 5.0, "huvudbyggnad": "Nej", "andamal1": "Komplementbyggnad;", "andamal2": "None", "andamal3": "None", "andamal4": "None", "andamal5": "None" }, "geometry": { "type": "Polygon", "coordinates": [ [ [ 11.931794200583406, 57.705757160147904 ], [ 11.931874275273094, 57.705736335666103 ], [ 11.931906683145611, 57.705772022099687 ], [ 11.931826590878739, 57.705792855164503 ], [ 11.931794200583406, 57.705757160147904 ] ] ] } },
{ "type": "Feature", "properties": { "id": "a92aa2e4-b6fc-48ca-9590-0ae22c5ab249", "objektidentitet": "524f4bb9-5bc0-41fd-b81c-fbb2a54d8f7e", "versiongiltigfran": "2021-09-20T14:12:50.744Z", "lagesosakerhetplan": 0.06, "lagesosakerhethojd": null, "ursprunglig_organisation": "Lantmäteriet", "objektversion": 5.0, "objekttypnr": 2063.0, "objekttyp": "Samhällsfunktion", "insamlingslage": "Takkant", "byggnadsnamn1": "None", "byggnadsnamn2": "None", "byggnadsnamn3": "None", "husnummer": 36.0, "huvudbyggnad": "Nej", "andamal1": "Samhällsfunktion;Ospecificerad", "andamal2": "None", "andamal3": "None", "andamal4": "None", "andamal5": "None" }, "geometry": { "type": "Polygon", "coordinates": [ [ [ 11.933763461047834, 57.70477867618267 ], [ 11.9337725294679, 57.704735582822558 ], [ 11.933810988513546, 57.704737854242168 ], [ 11.933801999365814, 57.704781003453824 ], [ 11.933763461047834, 57.70477867618267 ] ] ] } },
{ "type": "Feature", "properties": { "id": "456f213a-36dd-428e-9ca4-06a89ccc0445", "objektidentitet": "c0b315dd-b60a-45bd-8fa7-bccfdf4cde18", "versiongiltigfran": "2011-03-23T08:53:25.791Z", "lagesosakerhetplan": 0.06, "lagesosakerhethojd": null, "ursprunglig_organisation": "Lantmäteriet", "objektversion": 1.0, "objekttypnr": 2066.0, "objekttyp": "Komplementbyggnad", "insamlingslage": "Takkant", "byggnadsnamn1": "None", "byggnadsnamn2": "None", "byggnadsnamn3": "None", "husnummer": 2.0, "huvudbyggnad": "Nej", "andamal1": "Komplementbyggnad;", "andamal2": "None", "andamal3": "None", "andamal4": "None", "andamal5": "None" }, "geometry": { "type": "Polygon", "coordinates": [ [ [ 11.933021864304905, 57.705240702565476 ], [ 11.93316182089996, 57.705403740596843 ], [ 11.933092727922821, 57.705428544161748 ], [ 11.932945264844475, 57.705262942232736 ], [ 11.933021864304905, 57.705240702565476 ] ] ] } },
{ "type": "Feature", "properties": { "id": "84916d0f-04e9-4cea-80b6-1a826c2db6e1", "objektidentitet": "59ceafff-195f-410b-a1d1-d0e35c54f0cb", "versiongiltigfran": "2017-06-21T10:42:13.252Z", "lagesosakerhetplan": 0.06, "lagesosakerhethojd": 2.5, "ursprunglig_organisation": "Göteborg", "objektversion": 2.0, "objekttypnr": 2061.0, "objekttyp": "Bostad", "insamlingslage": "Takkant", "byggnadsnamn1": "None", "byggnadsnamn2": "None", "byggnadsnamn3": "None", "husnummer": 4.0, "huvudbyggnad": "Nej", "andamal1": "Bostad;Flerfamiljshus", "andamal2": "None", "andamal3": "None", "andamal4": "None", "andamal5": "None" }, "geometry": { "type": "Polygon", "coordinates": [ [ [ 11.932569582905153, 57.705556531070762 ], [ 11.932702812573325, 57.705704207787463 ], [ 11.932687623179239, 57.705727945309434 ], [ 11.932367094844025, 57.70581079899322 ], [ 11.932287998008064, 57.705723054433484 ], [ 11.932478866134103, 57.705673754912148 ], [ 11.932410282574384, 57.70559768911626 ], [ 11.932569582905153, 57.705556531070762 ] ] ] } },
{ "type": "Feature", "properties": { "id": "4ffd3f21-b707-411c-a51a-f6fde4386d48", "objektidentitet": "6ae2d451-7478-4ad8-93dc-e5288fa79260", "versiongiltigfran": "2015-10-08T08:34:18.501Z", "lagesosakerhetplan": 0.06, "lagesosakerhethojd": null, "ursprunglig_organisation": "Göteborg", "objektversion": 2.0, "objekttypnr": 2066.0, "objekttyp": "Komplementbyggnad", "insamlingslage": "Takkant", "byggnadsnamn1": "None", "byggnadsnamn2": "None", "byggnadsnamn3": "None", "husnummer": 2.0, "huvudbyggnad": "Nej", "andamal1": "Komplementbyggnad;", "andamal2": "None", "andamal3": "None", "andamal4": "None", "andamal5": "None" }, "geometry": { "type": "Polygon", "coordinates": [ [ [ 11.931919488106848, 57.705219426506005 ], [ 11.931946636548279, 57.705249799297988 ], [ 11.931871481966406, 57.705269044409555 ], [ 11.931879381018831, 57.705277882454453 ], [ 11.931821732130636, 57.705292644666315 ], [ 11.931786683976362, 57.705253442768026 ], [ 11.931919488106848, 57.705219426506005 ] ] ] } },
{ "type": "Feature", "properties": { "id": "95b2910a-e4fd-4d43-994a-102878a94a48", "objektidentitet": "6366cc0e-c0b0-4091-a75b-1a09dd5b3b22", "versiongiltigfran": "2015-10-08T08:32:42.214Z", "lagesosakerhetplan": 0.06, "lagesosakerhethojd": null, "ursprunglig_organisation": "Göteborg", "objektversion": 1.0, "objekttypnr": 2066.0, "objekttyp": "Komplementbyggnad", "insamlingslage": "Takkant", "byggnadsnamn1": "None", "byggnadsnamn2": "None", "byggnadsnamn3": "None", "husnummer": 6.0, "huvudbyggnad": "Nej", "andamal1": "Komplementbyggnad;", "andamal2": "None", "andamal3": "None", "andamal4": "None", "andamal5": "None" }, "geometry": { "type": "Polygon", "coordinates": [ [ [ 11.933507036876426, 57.705737160448564 ], [ 11.933474721558291, 57.705710087195079 ], [ 11.933569492822892, 57.705677681851768 ], [ 11.933601808184555, 57.705704755081562 ], [ 11.933507036876426, 57.705737160448564 ] ] ] } },
{ "type": "Feature", "properties": { "id": "f776daef-3ed1-4864-be33-bb637f30e198", "objektidentitet": "4cf9bf82-d0ef-431e-a986-c90ed9807de5", "versiongiltigfran": "2011-03-23T09:06:32.826Z", "lagesosakerhetplan": 0.06, "lagesosakerhethojd": null, "ursprunglig_organisation": "Lantmäteriet", "objektversion": 1.0, "objekttypnr": 2061.0, "objekttyp": "Bostad", "insamlingslage": "Takkant", "byggnadsnamn1": "None", "byggnadsnamn2": "None", "byggnadsnamn3": "None", "husnummer": 1.0, "huvudbyggnad": "Nej", "andamal1": "Bostad;Flerfamiljshus", "andamal2": "None", "andamal3": "None", "andamal4": "None", "andamal5": "None" }, "geometry": { "type": "Polygon", "coordinates": [ [ [ 11.932042335292225, 57.70500686456996 ], [ 11.932173546420016, 57.705152156078114 ], [ 11.932016169843994, 57.70519341419169 ], [ 11.931884798427419, 57.705047839998024 ], [ 11.932042335292225, 57.70500686456996 ] ] ] } },
{ "type": "Feature", "properties": { "id": "ef59df2b-e2b7-4f6f-a646-1a82096c968b", "objektidentitet": "8a21a2bc-c86d-4d27-9b48-3c42d311e64d", "versiongiltigfran": "2011-03-23T08:41:47.983Z", "lagesosakerhetplan": 0.025, "lagesosakerhethojd": 2.5, "ursprunglig_organisation": "Lantmäteriet", "objektversion": 1.0, "objekttypnr": 2064.0, "objekttyp": "Verksamhet", "insamlingslage": "Takkant", "byggnadsnamn1": "None", "byggnadsnamn2": "None", "byggnadsnamn3": "None", "husnummer": 1.0, "huvudbyggnad": "Nej", "andamal1": "Verksamhet;", "andamal2": "None", "andamal3": "None", "andamal4": "None", "andamal5": "None" }, "geometry": { "type": "Polygon", "coordinates": [ [ [ 11.933353603415936, 57.705164976931187 ], [ 11.933410388851229, 57.705204471636684 ], [ 11.933434553300904, 57.705233612301754 ], [ 11.933304813250293, 57.705268342564814 ], [ 11.933236364786612, 57.705189080774304 ], [ 11.933353603415936, 57.705164976931187 ] ] ] } },
{ "type": "Feature", "properties": { "id": "b8bf79ba-6a3f-4672-b875-c6298bcc6a4b", "objektidentitet": "97b73c0d-5c09-4c45-9437-437f6a63861a", "versiongiltigfran": "2017-06-21T10:42:13.252Z", "lagesosakerhetplan": 0.06, "lagesosakerhethojd": 2.5, "ursprunglig_organisation": "Göteborg", "objektversion": 2.0, "objekttypnr": 2066.0, "objekttyp": "Komplementbyggnad", "insamlingslage": "Takkant", "byggnadsnamn1": "None", "byggnadsnamn2": "None", "byggnadsnamn3": "None", "husnummer": 5.0, "huvudbyggnad": "Nej", "andamal1": "Komplementbyggnad;", "andamal2": "None", "andamal3": "None", "andamal4": "None", "andamal5": "None" }, "geometry": { "type": "Polygon", "coordinates": [ [ [ 11.932296071726741, 57.705627060604435 ], [ 11.932323777926385, 57.705658786043458 ], [ 11.932241831135727, 57.705680904616479 ], [ 11.932213606250437, 57.705648959855999 ], [ 11.932296071726741, 57.705627060604435 ] ] ] } },
{ "type": "Feature", "properties": { "id": "d30e8235-0bbe-45bd-982e-b4d54dd92be8", "objektidentitet": "97b73c0d-5c09-4c45-9437-437f6a63861a", "versiongiltigfran": "2017-06-21T10:42:13.252Z", "lagesosakerhetplan": 0.06, "lagesosakerhethojd": 2.5, "ursprunglig_organisation": "Göteborg", "objektversion": 2.0, "objekttypnr": 2066.0, "objekttyp": "Komplementbyggnad", "insamlingslage": "Takkant", "byggnadsnamn1": "None", "byggnadsnamn2": "None", "byggnadsnamn3": "None", "husnummer": 5.0, "huvudbyggnad": "Nej", "andamal1": "Komplementbyggnad;", "andamal2": "None", "andamal3": "None", "andamal4": "None", "andamal5": "None" }, "geometry": { "type": "Polygon", "coordinates": [ [ [ 11.932539570202048, 57.705527059674743 ], [ 11.932563745353077, 57.705558052300411 ], [ 11.932433252047064, 57.705591738799157 ], [ 11.93233504523865, 57.70561691452685 ], [ 11.932296070208528, 57.705627078543642 ], [ 11.932218328861552, 57.705647717195752 ], [ 11.932188505824985, 57.705614816895505 ], [ 11.932190492824668, 57.705614352766574 ], [ 11.932192815243093, 57.705617662745873 ], [ 11.932266903524869, 57.705599119605814 ], [ 11.932539570202048, 57.705527059674743 ] ] ] } },
{ "type": "Feature", "properties": { "id": "f12b157a-fb85-4c4c-bc2f-dd0fe3d5b68b", "objektidentitet": "bcec3bf8-e703-4bb8-a547-8c85006e04ae", "versiongiltigfran": "2012-01-03T09:52:49.467Z", "lagesosakerhetplan": 0.025, "lagesosakerhethojd": null, "ursprunglig_organisation": "Göteborg", "objektversion": 2.0, "objekttypnr": 2066.0, "objekttyp": "Komplementbyggnad", "insamlingslage": "Takkant", "byggnadsnamn1": "None", "byggnadsnamn2": "None", "byggnadsnamn3": "None", "husnummer": 7.0, "huvudbyggnad": "Nej", "andamal1": "Komplementbyggnad;", "andamal2": "None", "andamal3": "None", "andamal4": "None", "andamal5": "None" }, "geometry": { "type": "Polygon", "coordinates": [ [ [ 11.933442727414421, 57.707391424639098 ], [ 11.933470019947537, 57.707456844751576 ], [ 11.933259122965795, 57.707481994936373 ], [ 11.933231876515244, 57.707416629818447 ], [ 11.933442727414421, 57.707391424639098 ] ] ] } },
{ "type": "Feature", "properties": { "id": "9dd3268e-5293-4d4f-861c-51bf57a71834", "objektidentitet": "bcec3bf8-e703-4bb8-a547-8c85006e04ae", "versiongiltigfran": "2012-01-03T09:52:49.467Z", "lagesosakerhetplan": 0.06, "lagesosakerhethojd": null, "ursprunglig_organisation": "Göteborg", "objektversion": 2.0, "objekttypnr": 2066.0, "objekttyp": "Komplementbyggnad", "insamlingslage": "Takkant", "byggnadsnamn1": "None", "byggnadsnamn2": "None", "byggnadsnamn3": "None", "husnummer": 7.0, "huvudbyggnad": "Nej", "andamal1": "Komplementbyggnad;", "andamal2": "None", "andamal3": "None", "andamal4": "None", "andamal5": "None" }, "geometry": { "type": "Polygon", "coordinates": [ [ [ 11.93353162217875, 57.707455524756995 ], [ 11.933537684351007, 57.707469809824069 ], [ 11.933447725364568, 57.707480805602565 ], [ 11.933441531260002, 57.707465897160702 ], [ 11.93353162217875, 57.707455524756995 ] ] ] } },
{ "type": "Feature", "properties": { "id": "6c658470-d7e3-4ce6-9d05-fa26511eb417", "objektidentitet": "5b171b89-da70-4ad9-8852-54d51bae3f56", "versiongiltigfran": "2012-01-03T09:51:30.560Z", "lagesosakerhetplan": 0.025, "lagesosakerhethojd": 2.5, "ursprunglig_organisation": "Göteborg", "objektversion": 2.0, "objekttypnr": 2066.0, "objekttyp": "Komplementbyggnad", "insamlingslage": "Takkant", "byggnadsnamn1": "None", "byggnadsnamn2": "None", "byggnadsnamn3": "None", "husnummer": 5.0, "huvudbyggnad": "Nej", "andamal1": "Komplementbyggnad;", "andamal2": "None", "andamal3": "None", "andamal4": "None", "andamal5": "None" }, "geometry": { "type": "Polygon", "coordinates": [ [ [ 11.932876748245961, 57.707449823374489 ], [ 11.932893166376687, 57.707516543885951 ], [ 11.932678311858451, 57.707531701373277 ], [ 11.932661881156402, 57.707464935583516 ], [ 11.932876748245961, 57.707449823374489 ] ] ] } },
{ "type": "Feature", "properties": { "id": "686801e7-6d8d-450f-bbf2-380df55f6371", "objektidentitet": "bcec3bf8-e703-4bb8-a547-8c85006e04ae", "versiongiltigfran": "2012-01-03T09:52:49.467Z", "lagesosakerhetplan": 0.06, "lagesosakerhethojd": null, "ursprunglig_organisation": "Göteborg", "objektversion": 2.0, "objekttypnr": 2066.0, "objekttyp": "Komplementbyggnad", "insamlingslage": "Takkant", "byggnadsnamn1": "None", "byggnadsnamn2": "None", "byggnadsnamn3": "None", "husnummer": 7.0, "huvudbyggnad": "Nej", "andamal1": "Komplementbyggnad;", "andamal2": "None", "andamal3": "None", "andamal4": "None", "andamal5": "None" }, "geometry": { "type": "Polygon", "coordinates": [ [ [ 11.933298737786062, 57.707500607705093 ], [ 11.93328951912075, 57.707478381607302 ], [ 11.933439359568952, 57.707460604514552 ], [ 11.933448546325769, 57.707482811850717 ], [ 11.933298737786062, 57.707500607705093 ] ] ] } },
{ "type": "Feature", "properties": { "id": "c8f51896-2231-4b26-8e88-96364db53475", "objektidentitet": "bcec3bf8-e703-4bb8-a547-8c85006e04ae", "versiongiltigfran": "2012-01-03T09:52:49.467Z", "lagesosakerhetplan": 0.06, "lagesosakerhethojd": null, "ursprunglig_organisation": "Göteborg", "objektversion": 2.0, "objekttypnr": 2066.0, "objekttyp": "Komplementbyggnad", "insamlingslage": "Takkant", "byggnadsnamn1": "None", "byggnadsnamn2": "None", "byggnadsnamn3": "None", "husnummer": 7.0, "huvudbyggnad": "Nej", "andamal1": "Komplementbyggnad;", "andamal2": "None", "andamal3": "None", "andamal4": "None", "andamal5": "None" }, "geometry": { "type": "Polygon", "coordinates": [ [ [ 11.933291912611649, 57.707484227901055 ], [ 11.933298105078419, 57.70749895655139 ], [ 11.933173274260199, 57.707514068152804 ], [ 11.933167067637788, 57.707497721312663 ], [ 11.933291912611649, 57.707484227901055 ] ] ] } },
{ "type": "Feature", "properties": { "id": "61eac7d2-3ba2-4b21-98fb-e2d1155cbfc4", "objektidentitet": "5b171b89-da70-4ad9-8852-54d51bae3f56", "versiongiltigfran": "2012-01-03T09:51:30.560Z", "lagesosakerhetplan": 0.06, "lagesosakerhethojd": null, "ursprunglig_organisation": "Göteborg", "objektversion": 2.0, "objekttypnr": 2066.0, "objekttyp": "Komplementbyggnad", "insamlingslage": "Takkant", "byggnadsnamn1": "None", "byggnadsnamn2": "None", "byggnadsnamn3": "None", "husnummer": 5.0, "huvudbyggnad": "Nej", "andamal1": "Komplementbyggnad;", "andamal2": "None", "andamal3": "None", "andamal4": "None", "andamal5": "None" }, "geometry": { "type": "Polygon", "coordinates": [ [ [ 11.932989924859914, 57.707514692358707 ], [ 11.932993069216034, 57.707530317830596 ], [ 11.932866721315742, 57.707539145692174 ], [ 11.93286288004329, 57.707523422427492 ], [ 11.932989924859914, 57.707514692358707 ] ] ] } },
{ "type": "Feature", "properties": { "id": "af263e63-85e4-42cd-977c-81ef7da3b631", "objektidentitet": "5b171b89-da70-4ad9-8852-54d51bae3f56", "versiongiltigfran": "2012-01-03T09:51:30.560Z", "lagesosakerhetplan": 0.06, "lagesosakerhethojd": null, "ursprunglig_organisation": "Göteborg", "objektversion": 2.0, "objekttypnr": 2066.0, "objekttyp": "Komplementbyggnad", "insamlingslage": "Takkant", "byggnadsnamn1": "None", "byggnadsnamn2": "None", "byggnadsnamn3": "None", "husnummer": 5.0, "huvudbyggnad": "Nej", "andamal1": "Komplementbyggnad;", "andamal2": "None", "andamal3": "None", "andamal4": "None", "andamal5": "None" }, "geometry": { "type": "Polygon", "coordinates": [ [ [ 11.932714234237018, 57.707551878591332 ], [ 11.932708735955222, 57.707529544916007 ], [ 11.932861729279582, 57.70751876570688 ], [ 11.932867214692374, 57.707541054122196 ], [ 11.932714234237018, 57.707551878591332 ] ] ] } },
{ "type": "Feature", "properties": { "id": "6b18c19f-32c1-40ff-876f-7d8178715a2f", "objektidentitet": "a67ebdef-d1d1-4af6-b59a-4607eb796b46", "versiongiltigfran": "2011-03-23T08:35:19.101Z", "lagesosakerhetplan": 0.025, "lagesosakerhethojd": null, "ursprunglig_organisation": "Lantmäteriet", "objektversion": 1.0, "objekttypnr": 2061.0, "objekttyp": "Bostad", "insamlingslage": "Takkant", "byggnadsnamn1": "None", "byggnadsnamn2": "None", "byggnadsnamn3": "None", "husnummer": 1.0, "huvudbyggnad": "Nej", "andamal1": "Bostad;Flerfamiljshus", "andamal2": "None", "andamal3": "None", "andamal4": "None", "andamal5": "None" }, "geometry": { "type": "Polygon", "coordinates": [ [ [ 11.93255856956651, 57.707562871478942 ], [ 11.933023908966195, 57.707529995938842 ], [ 11.93304366001065, 57.7076101174437 ], [ 11.932578318836365, 57.70764300201585 ], [ 11.93255856956651, 57.707562871478942 ] ] ] } },
{ "type": "Feature", "properties": { "id": "15e597a7-c8d3-4ab5-b912-f86594252dc3", "objektidentitet": "5b171b89-da70-4ad9-8852-54d51bae3f56", "versiongiltigfran": "2012-01-03T09:51:30.560Z", "lagesosakerhetplan": 0.06, "lagesosakerhethojd": null, "ursprunglig_organisation": "Göteborg", "objektversion": 2.0, "objekttypnr": 2066.0, "objekttyp": "Komplementbyggnad", "insamlingslage": "Takkant", "byggnadsnamn1": "None", "byggnadsnamn2": "None", "byggnadsnamn3": "None", "husnummer": 5.0, "huvudbyggnad": "Nej", "andamal1": "Komplementbyggnad;", "andamal2": "None", "andamal3": "None", "andamal4": "None", "andamal5": "None" }, "geometry": { "type": "Polygon", "coordinates": [ [ [ 11.932710080484339, 57.707535284896501 ], [ 11.932713794935195, 57.707549926531684 ], [ 11.932623424378598, 57.707556255966423 ], [ 11.932619161473905, 57.707541349365606 ], [ 11.932710080484339, 57.707535284896501 ] ] ] } },
{ "type": "Feature", "properties": { "id": "d63f112c-4af8-433f-820b-03f10cd81f5f", "objektidentitet": "96836ade-88f5-426c-bd06-58a5bd9efc9d", "versiongiltigfran": "2011-03-23T08:36:20.832Z", "lagesosakerhetplan": 0.06, "lagesosakerhethojd": null, "ursprunglig_organisation": "Lantmäteriet", "objektversion": 1.0, "objekttypnr": 2066.0, "objekttyp": "Komplementbyggnad", "insamlingslage": "Takkant", "byggnadsnamn1": "None", "byggnadsnamn2": "None", "byggnadsnamn3": "None", "husnummer": 14.0, "huvudbyggnad": "Nej", "andamal1": "Komplementbyggnad;", "andamal2": "None", "andamal3": "None", "andamal4": "None", "andamal5": "None" }, "geometry": { "type": "Polygon", "coordinates": [ [ [ 11.931010930905515, 57.707852112430132 ], [ 11.93101199683325, 57.70787204672375 ], [ 11.930919424250297, 57.707873432059891 ], [ 11.930918341616181, 57.707853497359437 ], [ 11.931010930905515, 57.707852112430132 ] ] ] } },
{ "type": "Feature", "properties": { "id": "568a57ef-61a0-4b70-9ac1-16ae555b1332", "objektidentitet": "5e9fbe01-f981-4588-8b0b-ea3bfc5caf62", "versiongiltigfran": "2022-02-09T12:58:18.082Z", "lagesosakerhetplan": 0.1, "lagesosakerhethojd": null, "ursprunglig_organisation": "Kommunsamverkan", "objektversion": 4.0, "objekttypnr": 2063.0, "objekttyp": "Samhällsfunktion", "insamlingslage": "Takkant", "byggnadsnamn1": "None", "byggnadsnamn2": "None", "byggnadsnamn3": "None", "husnummer": 1.0, "huvudbyggnad": "Nej", "andamal1": "Samhällsfunktion;Skola", "andamal2": "None", "andamal3": "None", "andamal4": "None", "andamal5": "None" }, "geometry": { "type": "Polygon", "coordinates": [ [ [ 11.930767673338828, 57.707915319620767 ], [ 11.9309885380257, 57.707902198624126 ], [ 11.930995493097933, 57.707936665586239 ], [ 11.931098612627354, 57.707930700503624 ], [ 11.931091809229033, 57.7078970191846 ], [ 11.9313108891768, 57.707884348672252 ], [ 11.93135385178582, 57.708097247093853 ], [ 11.931153214772294, 57.708108846125235 ], [ 11.931156006028647, 57.708122683461738 ], [ 11.931013518220333, 57.708130920240464 ], [ 11.931010797942079, 57.7081174351542 ], [ 11.930810785307223, 57.708128994864474 ], [ 11.930767673338828, 57.707915319620767 ] ] ] } },
{ "type": "Feature", "properties": { "id": "784f0ff5-6674-455a-942c-3ebee92b1389", "objektidentitet": "5e9fbe01-f981-4588-8b0b-ea3bfc5caf62", "versiongiltigfran": "2022-02-09T12:58:18.082Z", "lagesosakerhetplan": 0.1, "lagesosakerhethojd": null, "ursprunglig_organisation": "Kommunsamverkan", "objektversion": 4.0, "objekttypnr": 2063.0, "objekttyp": "Samhällsfunktion", "insamlingslage": "Takkant", "byggnadsnamn1": "None", "byggnadsnamn2": "None", "byggnadsnamn3": "None", "husnummer": 1.0, "huvudbyggnad": "Nej", "andamal1": "Samhällsfunktion;Skola", "andamal2": "None", "andamal3": "None", "andamal4": "None", "andamal5": "None" }, "geometry": { "type": "Polygon", "coordinates": [ [ [ 11.931326788174404, 57.707963118733346 ], [ 11.931386489577946, 57.707959668444538 ], [ 11.931397749504022, 57.708015487443923 ], [ 11.931338048009263, 57.708018937737123 ], [ 11.931326788174404, 57.707963118733346 ] ] ] } },
{ "type": "Feature", "properties": { "id": "19ce526b-7294-40de-bd62-77b7445b418c", "objektidentitet": "5e9fbe01-f981-4588-8b0b-ea3bfc5caf62", "versiongiltigfran": "2022-02-09T12:58:18.082Z", "lagesosakerhetplan": 0.1, "lagesosakerhethojd": null, "ursprunglig_organisation": "Kommunsamverkan", "objektversion": 4.0, "objekttypnr": 2063.0, "objekttyp": "Samhällsfunktion", "insamlingslage": "Takkant", "byggnadsnamn1": "None", "byggnadsnamn2": "None", "byggnadsnamn3": "None", "husnummer": 1.0, "huvudbyggnad": "Nej", "andamal1": "Samhällsfunktion;Skola", "andamal2": "None", "andamal3": "None", "andamal4": "None", "andamal5": "None" }, "geometry": { "type": "Polygon", "coordinates": [ [ [ 11.93079502921635, 57.708050929256338 ], [ 11.930737217355546, 57.708054272316446 ], [ 11.930725850157899, 57.707997947312784 ], [ 11.930783661929569, 57.707994604256989 ], [ 11.93079502921635, 57.708050929256338 ] ] ] } },
{ "type": "Feature", "properties": { "id": "d0ef70f4-07c3-4777-9383-f74fcf7cc8dd", "objektidentitet": "34bcda14-f570-41cd-9b22-c8f69ea5cbaa", "versiongiltigfran": "2012-01-03T09:48:14.367Z", "lagesosakerhetplan": 0.06, "lagesosakerhethojd": null, "ursprunglig_organisation": "Göteborg", "objektversion": 3.0, "objekttypnr": 2063.0, "objekttyp": "Samhällsfunktion", "insamlingslage": "Takkant", "byggnadsnamn1": "None", "byggnadsnamn2": "None", "byggnadsnamn3": "None", "husnummer": 6.0, "huvudbyggnad": "Nej", "andamal1": "Samhällsfunktion;Skola", "andamal2": "None", "andamal3": "None", "andamal4": "None", "andamal5": "None" }, "geometry": { "type": "Polygon", "coordinates": [ [ [ 11.932155946442476, 57.708302186286041 ], [ 11.931981117992256, 57.708285812687038 ], [ 11.932031138906954, 57.708132692786947 ], [ 11.932205953684507, 57.708149021055931 ], [ 11.932155946442476, 57.708302186286041 ] ] ] } },
{ "type": "Feature", "properties": { "id": "24097964-7e4b-45ff-959f-c732a7e8c5e7", "objektidentitet": "03fa81ce-8d89-4b66-bd2d-a9cea0c6d275", "versiongiltigfran": "2012-02-23T14:40:44.566Z", "lagesosakerhetplan": 0.06, "lagesosakerhethojd": null, "ursprunglig_organisation": "Göteborg", "objektversion": 3.0, "objekttypnr": 2063.0, "objekttyp": "Samhällsfunktion", "insamlingslage": "Takkant", "byggnadsnamn1": "None", "byggnadsnamn2": "None", "byggnadsnamn3": "None", "husnummer": 17.0, "huvudbyggnad": "Nej", "andamal1": "Samhällsfunktion;Skola", "andamal2": "None", "andamal3": "None", "andamal4": "None", "andamal5": "None" }, "geometry": { "type": "Polygon", "coordinates": [ [ [ 11.932192741845393, 57.708189452267099 ], [ 11.932240284555188, 57.708194155440815 ], [ 11.932217922320753, 57.708258776170993 ], [ 11.932174063902968, 57.708254189299559 ], [ 11.93217096061826, 57.708253754523675 ], [ 11.932192741845393, 57.708189452267099 ] ] ] } },
{ "type": "Feature", "properties": { "id": "c5d9690b-9575-4430-8c22-918eb0797d9e", "objektidentitet": "971fa375-e45f-48ad-a102-578b5fa41006", "versiongiltigfran": "2011-10-06T09:46:30.650Z", "lagesosakerhetplan": 0.025, "lagesosakerhethojd": null, "ursprunglig_organisation": "Göteborg", "objektversion": 2.0, "objekttypnr": 2063.0, "objekttyp": "Samhällsfunktion", "insamlingslage": "Takkant", "byggnadsnamn1": "None", "byggnadsnamn2": "None", "byggnadsnamn3": "None", "husnummer": 8.0, "huvudbyggnad": "Nej", "andamal1": "Samhällsfunktion;Skola", "andamal2": "None", "andamal3": "None", "andamal4": "None", "andamal5": "None" }, "geometry": { "type": "Polygon", "coordinates": [ [ [ 11.932241789443989, 57.708663221805708 ], [ 11.932203529799594, 57.708650214142729 ], [ 11.932263261269027, 57.708600592791562 ], [ 11.932301738733432, 57.708613605718938 ], [ 11.93241566187368, 57.708519297804592 ], [ 11.93237747162329, 57.708506264911406 ], [ 11.932437322897165, 57.708456412701182 ], [ 11.932475350152957, 57.708469585432539 ], [ 11.932534727691255, 57.708420566563781 ], [ 11.932791011275862, 57.708509209466321 ], [ 11.932655881358571, 57.708620772793786 ], [ 11.932675809598935, 57.708627565555993 ], [ 11.932602617807586, 57.708688023821402 ], [ 11.932582948505349, 57.708681147446391 ], [ 11.932438680603246, 57.708800865806424 ], [ 11.932182363110158, 57.708712212399767 ], [ 11.932241789443989, 57.708663221805708 ] ] ] } },
{ "type": "Feature", "properties": { "id": "b4d791b2-296c-428b-a20d-4733b235a233", "objektidentitet": "58b35665-86d8-409e-9e81-f162aab22829", "versiongiltigfran": "2011-03-23T09:09:40.105Z", "lagesosakerhetplan": 0.06, "lagesosakerhethojd": null, "ursprunglig_organisation": "Lantmäteriet", "objektversion": 1.0, "objekttypnr": 2062.0, "objekttyp": "Industri", "insamlingslage": "Takkant", "byggnadsnamn1": "None", "byggnadsnamn2": "None", "byggnadsnamn3": "None", "husnummer": 4.0, "huvudbyggnad": "Nej", "andamal1": "Industri;Ospecificerad", "andamal2": "None", "andamal3": "None", "andamal4": "None", "andamal5": "None" }, "geometry": { "type": "Polygon", "coordinates": [ [ [ 11.933036418025363, 57.70865814028484 ], [ 11.933265099920337, 57.708470514049992 ], [ 11.933375814970589, 57.708509149904152 ], [ 11.933147131873461, 57.708696794280499 ], [ 11.933036418025363, 57.70865814028484 ] ] ] } },
{ "type": "Feature", "properties": { "id": "385c8d48-3e51-4a16-82b6-faa877dadeeb", "objektidentitet": "2223fbc3-6367-44fe-abbe-9126dd459504", "versiongiltigfran": "2015-10-08T08:37:37.271Z", "lagesosakerhetplan": 0.06, "lagesosakerhethojd": 2.5, "ursprunglig_organisation": "Göteborg", "objektversion": 2.0, "objekttypnr": 2061.0, "objekttyp": "Bostad", "insamlingslage": "Takkant", "byggnadsnamn1": "None", "byggnadsnamn2": "None", "byggnadsnamn3": "None", "husnummer": 5.0, "huvudbyggnad": "Nej", "andamal1": "Bostad;Flerfamiljshus", "andamal2": "None", "andamal3": "None", "andamal4": "None", "andamal5": "None" }, "geometry": { "type": "Polygon", "coordinates": [ [ [ 11.931408323528387, 57.707546875654195 ], [ 11.931089522085193, 57.707519665166849 ], [ 11.931116548444059, 57.707428930752258 ], [ 11.931123800572424, 57.707429547094272 ], [ 11.931146929478961, 57.707351921507609 ], [ 11.931317057550675, 57.707366438640605 ], [ 11.931294048474836, 57.707443644723611 ], [ 11.931435485347469, 57.707455722032613 ], [ 11.931408323528387, 57.707546875654195 ] ] ] } },
{ "type": "Feature", "properties": { "id": "02ecdb17-4018-4801-a2c1-e345974d5ec4", "objektidentitet": "2223fbc3-6367-44fe-abbe-9126dd459504", "versiongiltigfran": "2015-10-08T08:37:37.271Z", "lagesosakerhetplan": 0.06, "lagesosakerhethojd": null, "ursprunglig_organisation": "Göteborg", "objektversion": 2.0, "objekttypnr": 2061.0, "objekttyp": "Bostad", "insamlingslage": "Takkant", "byggnadsnamn1": "None", "byggnadsnamn2": "None", "byggnadsnamn3": "None", "husnummer": 5.0, "huvudbyggnad": "Nej", "andamal1": "Bostad;Flerfamiljshus", "andamal2": "None", "andamal3": "None", "andamal4": "None", "andamal5": "None" }, "geometry": { "type": "Polygon", "coordinates": [ [ [ 11.931413180410777, 57.707530563392147 ], [ 11.93143161781064, 57.707468678803416 ], [ 11.931473163249363, 57.707472409911489 ], [ 11.931453845331314, 57.707533985530937 ], [ 11.931413180410777, 57.707530563392147 ] ] ] } },
{ "type": "Feature", "properties": { "id": "47d1c713-5e0d-45cc-8711-7d3f00961f18", "objektidentitet": "32fc4fad-c874-49e4-ba69-6c0e8d81e06f", "versiongiltigfran": "2012-01-03T09:51:30.560Z", "lagesosakerhetplan": 0.06, "lagesosakerhethojd": null, "ursprunglig_organisation": "Göteborg", "objektversion": 3.0, "objekttypnr": 2064.0, "objekttyp": "Verksamhet", "insamlingslage": "Takkant", "byggnadsnamn1": "None", "byggnadsnamn2": "None", "byggnadsnamn3": "None", "husnummer": 4.0, "huvudbyggnad": "Nej", "andamal1": "Verksamhet;", "andamal2": "None", "andamal3": "None", "andamal4": "None", "andamal5": "None" }, "geometry": { "type": "Polygon", "coordinates": [ [ [ 11.933183152934895, 57.70793928718782 ], [ 11.933187172537062, 57.707892377400071 ], [ 11.93324846866085, 57.707893890319326 ], [ 11.933244432380327, 57.707940799703522 ], [ 11.933183152934895, 57.70793928718782 ] ] ] } },
{ "type": "Feature", "properties": { "id": "16a488c9-18ee-4230-9d57-41cb87c07319", "objektidentitet": "32fc4fad-c874-49e4-ba69-6c0e8d81e06f", "versiongiltigfran": "2012-01-03T09:51:30.560Z", "lagesosakerhetplan": 0.06, "lagesosakerhethojd": null, "ursprunglig_organisation": "Göteborg", "objektversion": 3.0, "objekttypnr": 2064.0, "objekttyp": "Verksamhet", "insamlingslage": "Takkant", "byggnadsnamn1": "None", "byggnadsnamn2": "None", "byggnadsnamn3": "None", "husnummer": 4.0, "huvudbyggnad": "Nej", "andamal1": "Verksamhet;", "andamal2": "None", "andamal3": "None", "andamal4": "None", "andamal5": "None" }, "geometry": { "type": "Polygon", "coordinates": [ [ [ 11.933182965412563, 57.707941304941492 ], [ 11.93310993905081, 57.707939507615158 ], [ 11.933111425179868, 57.707922142877614 ], [ 11.933059629682777, 57.707920869209147 ], [ 11.933063903760795, 57.707871152348595 ], [ 11.933112615836055, 57.707872351264754 ], [ 11.933113082603006, 57.707866834961273 ], [ 11.93318920816804, 57.707868716408356 ], [ 11.933182965412563, 57.707941304941492 ] ] ] } },
{ "type": "Feature", "properties": { "id": "e8558f91-db4a-4fda-9020-ae64e45b7a6a", "objektidentitet": "8e35e627-42e8-4439-a508-217d35bb9d92", "versiongiltigfran": "2016-03-29T13:39:26.375Z", "lagesosakerhetplan": 0.06, "lagesosakerhethojd": null, "ursprunglig_organisation": "Göteborg", "objektversion": 2.0, "objekttypnr": 2066.0, "objekttyp": "Komplementbyggnad", "insamlingslage": "Takkant", "byggnadsnamn1": "None", "byggnadsnamn2": "None", "byggnadsnamn3": "None", "husnummer": 15.0, "huvudbyggnad": "Nej", "andamal1": "Komplementbyggnad;", "andamal2": "None", "andamal3": "None", "andamal4": "None", "andamal5": "None" }, "geometry": { "type": "Polygon", "coordinates": [ [ [ 11.932839030241444, 57.708360660589413 ], [ 11.932853706334688, 57.708302720246962 ], [ 11.932934501678616, 57.708308561916319 ], [ 11.932919821916357, 57.708366547117286 ], [ 11.932839030241444, 57.708360660589413 ] ] ] } },
{ "type": "Feature", "properties": { "id": "277140e4-db55-4102-a339-01df45f3402e", "objektidentitet": "904778a3-1915-4642-9517-0a1327cea7d8", "versiongiltigfran": "2022-02-09T12:58:17.323Z", "lagesosakerhetplan": 0.1, "lagesosakerhethojd": null, "ursprunglig_organisation": "Kommunsamverkan", "objektversion": 4.0, "objekttypnr": 2063.0, "objekttyp": "Samhällsfunktion", "insamlingslage": "Takkant", "byggnadsnamn1": "None", "byggnadsnamn2": "None", "byggnadsnamn3": "None", "husnummer": 2.0, "huvudbyggnad": "Nej", "andamal1": "Samhällsfunktion;Skola", "andamal2": "None", "andamal3": "None", "andamal4": "None", "andamal5": "None" }, "geometry": { "type": "Polygon", "coordinates": [ [ [ 11.930517352250229, 57.708030000064127 ], [ 11.930571683938673, 57.708016991448439 ], [ 11.930614312689951, 57.708068017048234 ], [ 11.930559980939089, 57.708081025681537 ], [ 11.930517352250229, 57.708030000064127 ] ] ] } },
{ "type": "Feature", "properties": { "id": "9cc366fd-0d30-4e11-85f2-179b20b66f74", "objektidentitet": "b23e1706-cf18-4d49-aa0f-0dea24f70ce4", "versiongiltigfran": "2011-03-23T09:11:32.245Z", "lagesosakerhetplan": 0.06, "lagesosakerhethojd": null, "ursprunglig_organisation": "Lantmäteriet", "objektversion": 1.0, "objekttypnr": 2066.0, "objekttyp": "Komplementbyggnad", "insamlingslage": "Takkant", "byggnadsnamn1": "None", "byggnadsnamn2": "None", "byggnadsnamn3": "None", "husnummer": 3.0, "huvudbyggnad": "Nej", "andamal1": "Komplementbyggnad;", "andamal2": "None", "andamal3": "None", "andamal4": "None", "andamal5": "None" }, "geometry": { "type": "Polygon", "coordinates": [ [ [ 11.930611551270456, 57.707433396675896 ], [ 11.930718009273724, 57.707439745603907 ], [ 11.930714866353435, 57.707454850095225 ], [ 11.930608392309008, 57.707448491788 ], [ 11.930611551270456, 57.707433396675896 ] ] ] } },
{ "type": "Feature", "properties": { "id": "272d92e4-eec9-41e1-8658-9dbe5810dcc2", "objektidentitet": "ad7d045a-68c9-4bbe-a3eb-804ca4e29936", "versiongiltigfran": "2012-02-23T14:40:59.529Z", "lagesosakerhetplan": 0.06, "lagesosakerhethojd": null, "ursprunglig_organisation": "Göteborg", "objektversion": 3.0, "objekttypnr": 2063.0, "objekttyp": "Samhällsfunktion", "insamlingslage": "Takkant", "byggnadsnamn1": "None", "byggnadsnamn2": "None", "byggnadsnamn3": "None", "husnummer": 18.0, "huvudbyggnad": "Nej", "andamal1": "Samhällsfunktion;Skola", "andamal2": "None", "andamal3": "None", "andamal4": "None", "andamal5": "None" }, "geometry": { "type": "Polygon", "coordinates": [ [ [ 11.932136190455775, 57.708300305063979 ], [ 11.932133086858872, 57.708309793033926 ], [ 11.932073192794372, 57.708304206068007 ], [ 11.932068890501679, 57.708317341059754 ], [ 11.931977992140371, 57.708308854021929 ], [ 11.931985401136748, 57.708286195189309 ], [ 11.932136190455775, 57.708300305063979 ] ] ] } },
{ "type": "Feature", "properties": { "id": "05c22a7f-2930-4297-a49b-76ab1823b7fb", "objektidentitet": "498dcf03-678b-485a-af1c-e77978259856", "versiongiltigfran": "2011-03-23T08:42:43.981Z", "lagesosakerhetplan": 0.025, "lagesosakerhethojd": 2.5, "ursprunglig_organisation": "Lantmäteriet", "objektversion": 1.0, "objekttypnr": 2061.0, "objekttyp": "Bostad", "insamlingslage": "Takkant", "byggnadsnamn1": "None", "byggnadsnamn2": "None", "byggnadsnamn3": "None", "husnummer": 2.0, "huvudbyggnad": "Nej", "andamal1": "Bostad;Flerfamiljshus", "andamal2": "None", "andamal3": "None", "andamal4": "None", "andamal5": "None" }, "geometry": { "type": "Polygon", "coordinates": [ [ [ 11.932047500827109, 57.707498599502209 ], [ 11.932083133771567, 57.707420620892393 ], [ 11.932231169070693, 57.70744004773173 ], [ 11.932267214136692, 57.707361162293878 ], [ 11.932411296788224, 57.707380070636766 ], [ 11.932375424787502, 57.707458501919795 ], [ 11.932388295423026, 57.707460189184573 ], [ 11.932352393569012, 57.707538574798313 ], [ 11.932047500827109, 57.707498599502209 ] ] ] } },
{ "type": "Feature", "properties": { "id": "dc7f4fa9-7770-41c6-a50f-42fbe5399814", "objektidentitet": "9ec60e78-a0ed-4632-a7c9-b70cedae0a9d", "versiongiltigfran": "2011-03-23T09:09:04.363Z", "lagesosakerhetplan": 0.025, "lagesosakerhethojd": 2.5, "ursprunglig_organisation": "Lantmäteriet", "objektversion": 1.0, "objekttypnr": 2061.0, "objekttyp": "Bostad", "insamlingslage": "Takkant", "byggnadsnamn1": "None", "byggnadsnamn2": "None", "byggnadsnamn3": "None", "husnummer": 1.0, "huvudbyggnad": "Nej", "andamal1": "Bostad;Flerfamiljshus", "andamal2": "None", "andamal3": "None", "andamal4": "None", "andamal5": "None" }, "geometry": { "type": "Polygon", "coordinates": [ [ [ 11.93163733466044, 57.707569993063778 ], [ 11.931668953886602, 57.707492627257359 ], [ 11.931961090901657, 57.707526775483593 ], [ 11.931929471505011, 57.707604150338014 ], [ 11.93163733466044, 57.707569993063778 ] ] ] } },
{ "type": "Feature", "properties": { "id": "e885af10-4972-4cb4-9daa-5f80a4758a88", "objektidentitet": "e094ec73-0c4f-49eb-900c-a2c6de0cd260", "versiongiltigfran": "2016-03-29T13:39:26.375Z", "lagesosakerhetplan": 0.06, "lagesosakerhethojd": null, "ursprunglig_organisation": "Göteborg", "objektversion": 2.0, "objekttypnr": 2066.0, "objekttyp": "Komplementbyggnad", "insamlingslage": "Takkant", "byggnadsnamn1": "None", "byggnadsnamn2": "None", "byggnadsnamn3": "None", "husnummer": 12.0, "huvudbyggnad": "Nej", "andamal1": "Komplementbyggnad;", "andamal2": "None", "andamal3": "None", "andamal4": "None", "andamal5": "None" }, "geometry": { "type": "Polygon", "coordinates": [ [ [ 11.932139970289828, 57.708334407326895 ], [ 11.932129296173295, 57.708371637429131 ], [ 11.932059408431298, 57.708365880008472 ], [ 11.9320701664052, 57.708328651944747 ], [ 11.932139970289828, 57.708334407326895 ] ] ] } },
{ "type": "Feature", "properties": { "id": "69c8c42c-f993-4a80-b05b-8ccc11b09766", "objektidentitet": "9450fbc6-f001-4d06-a487-6ecbe851d9c1", "versiongiltigfran": "2022-02-11T12:37:22.224Z", "lagesosakerhetplan": 0.1, "lagesosakerhethojd": null, "ursprunglig_organisation": "Göteborg", "objektversion": 1.0, "objekttypnr": 2066.0, "objekttyp": "Komplementbyggnad", "insamlingslage": "Takkant", "byggnadsnamn1": "None", "byggnadsnamn2": "None", "byggnadsnamn3": "None", "husnummer": 8.0, "huvudbyggnad": "Nej", "andamal1": "Komplementbyggnad;", "andamal2": "None", "andamal3": "None", "andamal4": "None", "andamal5": "None" }, "geometry": { "type": "Polygon", "coordinates": [ [ [ 11.933008089811596, 57.707472664453405 ], [ 11.933120572670912, 57.70746179260253 ], [ 11.933131352592278, 57.707493745627147 ], [ 11.933018852879231, 57.707504617080396 ], [ 11.933008089811596, 57.707472664453405 ] ] ] } },
{ "type": "Feature", "properties": { "id": "81b9eeeb-f95f-47c2-be1d-f75852885396", "objektidentitet": "13867e52-b581-44e6-baf5-89b560a3834c", "versiongiltigfran": "2022-02-09T13:04:39.609Z", "lagesosakerhetplan": 0.1, "lagesosakerhethojd": null, "ursprunglig_organisation": "Göteborg", "objektversion": 1.0, "objekttypnr": 2063.0, "objekttyp": "Samhällsfunktion", "insamlingslage": "Takkant", "byggnadsnamn1": "None", "byggnadsnamn2": "None", "byggnadsnamn3": "None", "husnummer": 20.0, "huvudbyggnad": "Nej", "andamal1": "Samhällsfunktion;Ospecificerad", "andamal2": "None", "andamal3": "None", "andamal4": "None", "andamal5": "None" }, "geometry": { "type": "Polygon", "coordinates": [ [ [ 11.931943494144063, 57.70907028086576 ], [ 11.932073470016537, 57.709116063045578 ], [ 11.931319548737433, 57.709729256767524 ], [ 11.931189554912585, 57.709683473398456 ], [ 11.931943494144063, 57.70907028086576 ] ] ] } },
{ "type": "Feature", "properties": { "id": "7561ff16-f988-4794-87e0-9a8658b356b3", "objektidentitet": "cec3c7e4-ef63-478b-99d0-8616aea61337", "versiongiltigfran": "2012-01-26T15:30:20.867Z", "lagesosakerhetplan": 0.06, "lagesosakerhethojd": null, "ursprunglig_organisation": "Göteborg", "objektversion": 2.0, "objekttypnr": 2064.0, "objekttyp": "Verksamhet", "insamlingslage": "Takkant", "byggnadsnamn1": "None", "byggnadsnamn2": "None", "byggnadsnamn3": "None", "husnummer": 3.0, "huvudbyggnad": "Nej", "andamal1": "Verksamhet;", "andamal2": "None", "andamal3": "None", "andamal4": "None", "andamal5": "None" }, "geometry": { "type": "Polygon", "coordinates": [ [ [ 11.933467289383316, 57.709000853581884 ], [ 11.933399707394541, 57.708963065665891 ], [ 11.933495497015704, 57.708914955956665 ], [ 11.933779725327428, 57.709076879156655 ], [ 11.93380541967413, 57.709065341158336 ], [ 11.933949016831509, 57.709146648502497 ], [ 11.933923126751456, 57.709158316606178 ], [ 11.934082223987291, 57.709248753755787 ], [ 11.933866634620003, 57.70935882679364 ], [ 11.933660616307471, 57.709463334209019 ], [ 11.93351056682422, 57.709377304247298 ], [ 11.933712192188606, 57.709275099383802 ], [ 11.933417396926201, 57.709108452875412 ], [ 11.933544032924992, 57.709044283290233 ], [ 11.933467289383316, 57.709000853581884 ] ] ] } },
{ "type": "Feature", "properties": { "id": "b5fe3f79-d35d-41a3-966b-503786d24341", "objektidentitet": "cec3c7e4-ef63-478b-99d0-8616aea61337", "versiongiltigfran": "2012-01-26T15:30:20.867Z", "lagesosakerhetplan": 0.06, "lagesosakerhethojd": null, "ursprunglig_organisation": "Göteborg", "objektversion": 2.0, "objekttypnr": 2064.0, "objekttyp": "Verksamhet", "insamlingslage": "Takkant", "byggnadsnamn1": "None", "byggnadsnamn2": "None", "byggnadsnamn3": "None", "husnummer": 3.0, "huvudbyggnad": "Nej", "andamal1": "Verksamhet;", "andamal2": "None", "andamal3": "None", "andamal4": "None", "andamal5": "None" }, "geometry": { "type": "Polygon", "coordinates": [ [ [ 11.933712192188606, 57.709275099383802 ], [ 11.93351056682422, 57.709377304247298 ], [ 11.933215770171318, 57.709210675211573 ], [ 11.933142866503784, 57.709247682101108 ], [ 11.933066040756822, 57.709204232180653 ], [ 11.933467289383316, 57.709000853581884 ], [ 11.933544032924992, 57.709044283290233 ], [ 11.933417396926201, 57.709108452875412 ], [ 11.933712192188606, 57.709275099383802 ] ] ] } },
{ "type": "Feature", "properties": { "id": "a87027ab-82cd-43cc-afd2-556311b4a9ff", "objektidentitet": "51772d65-e836-4f41-b40d-d547b7150990", "versiongiltigfran": "2011-03-23T09:08:54.254Z", "lagesosakerhetplan": 0.06, "lagesosakerhethojd": 2.5, "ursprunglig_organisation": "Lantmäteriet", "objektversion": 1.0, "objekttypnr": 2066.0, "objekttyp": "Komplementbyggnad", "insamlingslage": "Takkant", "byggnadsnamn1": "None", "byggnadsnamn2": "None", "byggnadsnamn3": "None", "husnummer": 13.0, "huvudbyggnad": "Nej", "andamal1": "Komplementbyggnad;", "andamal2": "None", "andamal3": "None", "andamal4": "None", "andamal5": "None" }, "geometry": { "type": "Polygon", "coordinates": [ [ [ 11.932370173443008, 57.709337469003685 ], [ 11.932357249890298, 57.709339573400008 ], [ 11.93221301233574, 57.709287091173756 ], [ 11.932212715606523, 57.709280082325606 ], [ 11.932513322016389, 57.709037361361489 ], [ 11.932524962098251, 57.70903573814617 ], [ 11.932648972885797, 57.709105382034927 ], [ 11.932647981388651, 57.709111541738388 ], [ 11.932370173443008, 57.709337469003685 ] ] ] } },
{ "type": "Feature", "properties": { "id": "f420b1e9-becb-4e9c-9641-0f72aa2f3f27", "objektidentitet": "51772d65-e836-4f41-b40d-d547b7150990", "versiongiltigfran": "2011-03-23T09:08:54.254Z", "lagesosakerhetplan": 0.06, "lagesosakerhethojd": null, "ursprunglig_organisation": "Lantmäteriet", "objektversion": 1.0, "objekttypnr": 2066.0, "objekttyp": "Komplementbyggnad", "insamlingslage": "Takkant", "byggnadsnamn1": "None", "byggnadsnamn2": "None", "byggnadsnamn3": "None", "husnummer": 13.0, "huvudbyggnad": "Nej", "andamal1": "Komplementbyggnad;", "andamal2": "None", "andamal3": "None", "andamal4": "None", "andamal5": "None" }, "geometry": { "type": "Polygon", "coordinates": [ [ [ 11.932414987454777, 57.709301021774351 ], [ 11.932647981388651, 57.709111541738388 ], [ 11.932841411053586, 57.709219494651599 ], [ 11.932573364328709, 57.709355689138228 ], [ 11.932414987454777, 57.709301021774351 ] ] ] } },
{ "type": "Feature", "properties": { "id": "eb9c68b9-d763-4bf1-b27a-01b939e25929", "objektidentitet": "4494b053-aceb-414e-8453-f4f7010014ae", "versiongiltigfran": "2016-10-10T12:27:30.259Z", "lagesosakerhetplan": 0.06, "lagesosakerhethojd": null, "ursprunglig_organisation": "Göteborg", "objektversion": 2.0, "objekttypnr": 2066.0, "objekttyp": "Komplementbyggnad", "insamlingslage": "Takkant", "byggnadsnamn1": "None", "byggnadsnamn2": "None", "byggnadsnamn3": "None", "husnummer": 2.0, "huvudbyggnad": "Nej", "andamal1": "Komplementbyggnad;", "andamal2": "None", "andamal3": "None", "andamal4": "None", "andamal5": "None" }, "geometry": { "type": "Polygon", "coordinates": [ [ [ 11.933713633315499, 57.710251661977026 ], [ 11.933615177929509, 57.710301666661202 ], [ 11.933555217401516, 57.710267847547087 ], [ 11.933477136681599, 57.710307470504816 ], [ 11.933242238722288, 57.710174901993284 ], [ 11.933443532656266, 57.710072707433604 ], [ 11.933680135012855, 57.710206170741635 ], [ 11.933655357279227, 57.710218773549457 ], [ 11.933713633315499, 57.710251661977026 ] ] ] } },
{ "type": "Feature", "properties": { "id": "47048672-f9c7-4607-af20-d8174c17c551", "objektidentitet": "cec3c7e4-ef63-478b-99d0-8616aea61337", "versiongiltigfran": "2012-01-26T15:30:20.867Z", "lagesosakerhetplan": 0.06, "lagesosakerhethojd": null, "ursprunglig_organisation": "Göteborg", "objektversion": 2.0, "objekttypnr": 2064.0, "objekttyp": "Verksamhet", "insamlingslage": "Takkant", "byggnadsnamn1": "None", "byggnadsnamn2": "None", "byggnadsnamn3": "None", "husnummer": 3.0, "huvudbyggnad": "Nej", "andamal1": "Verksamhet;", "andamal2": "None", "andamal3": "None", "andamal4": "None", "andamal5": "None" }, "geometry": { "type": "Polygon", "coordinates": [ [ [ 11.933393269390306, 57.708958181919812 ], [ 11.933399759944891, 57.708963039975735 ], [ 11.933082978490017, 57.709126312399221 ], [ 11.933070542445673, 57.709120474307319 ], [ 11.933393269390306, 57.708958181919812 ] ] ] } },
{ "type": "Feature", "properties": { "id": "c9b643f3-8ff6-48b1-ab86-599a4a5d0cee", "objektidentitet": "f2ce4091-ca1e-474d-a383-eba74ab2fb25", "versiongiltigfran": "2021-02-04T10:40:44.437Z", "lagesosakerhetplan": 0.05, "lagesosakerhethojd": null, "ursprunglig_organisation": "Göteborg", "objektversion": 3.0, "objekttypnr": 2064.0, "objekttyp": "Verksamhet", "insamlingslage": "Fasad", "byggnadsnamn1": "None", "byggnadsnamn2": "None", "byggnadsnamn3": "None", "husnummer": 1.0, "huvudbyggnad": "Nej", "andamal1": "Verksamhet;", "andamal2": "None", "andamal3": "None", "andamal4": "None", "andamal5": "None" }, "geometry": { "type": "Polygon", "coordinates": [ [ [ 11.932285670504051, 57.710565931018998 ], [ 11.932300687419334, 57.710524222332346 ], [ 11.932324235042987, 57.710460493177521 ], [ 11.932546233519753, 57.710483753191177 ], [ 11.932551522763658, 57.710469275939509 ], [ 11.932610596441165, 57.710475471892991 ], [ 11.932605221206286, 57.710490171761784 ], [ 11.932768812068918, 57.710507305502446 ], [ 11.932730334777309, 57.710612520876211 ], [ 11.932285670504051, 57.710565931018998 ] ] ] } },
{ "type": "Feature", "properties": { "id": "52061a17-28d3-4ce0-b417-dda6f9caac9e", "objektidentitet": "cec3c7e4-ef63-478b-99d0-8616aea61337", "versiongiltigfran": "2012-01-26T15:30:20.867Z", "lagesosakerhetplan": 0.06, "lagesosakerhethojd": 2.5, "ursprunglig_organisation": "Göteborg", "objektversion": 2.0, "objekttypnr": 2064.0, "objekttyp": "Verksamhet", "insamlingslage": "Takkant", "byggnadsnamn1": "None", "byggnadsnamn2": "None", "byggnadsnamn3": "None", "husnummer": 3.0, "huvudbyggnad": "Nej", "andamal1": "Verksamhet;", "andamal2": "None", "andamal3": "None", "andamal4": "None", "andamal5": "None" }, "geometry": { "type": "Polygon", "coordinates": [ [ [ 11.933215770171318, 57.709210675211573 ], [ 11.933358689214341, 57.709291454481374 ], [ 11.933281779750089, 57.709331348363115 ], [ 11.933142866503784, 57.709247682101108 ], [ 11.933215770171318, 57.709210675211573 ] ] ] } },
{ "type": "Feature", "properties": { "id": "d23ef4b0-1dd2-48b9-83d2-12af377a65cc", "objektidentitet": "6f908f00-6670-4b1f-b91e-b0251c407ee1", "versiongiltigfran": "2021-02-04T10:40:57.359Z", "lagesosakerhetplan": 0.05, "lagesosakerhethojd": null, "ursprunglig_organisation": "Göteborg", "objektversion": 2.0, "objekttypnr": 2066.0, "objekttyp": "Komplementbyggnad", "insamlingslage": "Fasad", "byggnadsnamn1": "None", "byggnadsnamn2": "None", "byggnadsnamn3": "None", "husnummer": 2.0, "huvudbyggnad": "Nej", "andamal1": "Komplementbyggnad;", "andamal2": "None", "andamal3": "None", "andamal4": "None", "andamal5": "None" }, "geometry": { "type": "Polygon", "coordinates": [ [ [ 11.932699790576041, 57.710766661502305 ], [ 11.932688378956222, 57.710796332832722 ], [ 11.932528005850692, 57.710778665842639 ], [ 11.932539417595258, 57.710748994527826 ], [ 11.932699790576041, 57.710766661502305 ] ] ] } },
{ "type": "Feature", "properties": { "id": "3bf59b43-4c99-4fa7-bf52-6f8bc67790d1", "objektidentitet": "68e5cba1-ca89-404e-b642-f2e44e9788ba", "versiongiltigfran": "2021-09-21T06:42:03.374Z", "lagesosakerhetplan": 0.025, "lagesosakerhethojd": null, "ursprunglig_organisation": "Lantmäteriet", "objektversion": 4.0, "objekttypnr": 2063.0, "objekttyp": "Samhällsfunktion", "insamlingslage": "Fasad", "byggnadsnamn1": "None", "byggnadsnamn2": "None", "byggnadsnamn3": "None", "husnummer": 2.0, "huvudbyggnad": "Nej", "andamal1": "Samhällsfunktion;Ospecificerad", "andamal2": "None", "andamal3": "None", "andamal4": "None", "andamal5": "None" }, "geometry": { "type": "Polygon", "coordinates": [ [ [ 11.932628714129569, 57.710844931400672 ], [ 11.932604647772354, 57.710814795355851 ], [ 11.932636259987669, 57.710807562500953 ], [ 11.932660326366769, 57.710837698540011 ], [ 11.932628714129569, 57.710844931400672 ] ] ] } },
{ "type": "Feature", "properties": { "id": "33349b2c-3260-41cc-bed8-dc3879660d3a", "objektidentitet": "75864b31-f468-4a56-b359-0896c5379a3a", "versiongiltigfran": "2011-03-23T08:32:56.980Z", "lagesosakerhetplan": 0.06, "lagesosakerhethojd": 2.5, "ursprunglig_organisation": "Lantmäteriet", "objektversion": 1.0, "objekttypnr": 2061.0, "objekttyp": "Bostad", "insamlingslage": "Takkant", "byggnadsnamn1": "None", "byggnadsnamn2": "None", "byggnadsnamn3": "None", "husnummer": 1.0, "huvudbyggnad": "Nej", "andamal1": "Bostad;Flerfamiljshus", "andamal2": "None", "andamal3": "None", "andamal4": "None", "andamal5": "None" }, "geometry": { "type": "Polygon", "coordinates": [ [ [ 11.932314158137428, 57.706654135942379 ], [ 11.932278573509869, 57.706663708085522 ], [ 11.932204811001981, 57.706585728004534 ], [ 11.932285270326698, 57.706564544060711 ], [ 11.932313368818281, 57.706599379862524 ], [ 11.932293215702888, 57.706603987347201 ], [ 11.932326490599777, 57.706644521235354 ], [ 11.932310401595782, 57.706648723948739 ], [ 11.932314158137428, 57.706654135942379 ] ] ] } },
{ "type": "Feature", "properties": { "id": "51a3778e-802c-4c2e-9bfc-cd23075d0be6", "objektidentitet": "75864b31-f468-4a56-b359-0896c5379a3a", "versiongiltigfran": "2011-03-23T08:32:56.980Z", "lagesosakerhetplan": 0.06, "lagesosakerhethojd": 2.5, "ursprunglig_organisation": "Lantmäteriet", "objektversion": 1.0, "objekttypnr": 2061.0, "objekttyp": "Bostad", "insamlingslage": "Takkant", "byggnadsnamn1": "None", "byggnadsnamn2": "None", "byggnadsnamn3": "None", "husnummer": 1.0, "huvudbyggnad": "Nej", "andamal1": "Bostad;Flerfamiljshus", "andamal2": "None", "andamal3": "None", "andamal4": "None", "andamal5": "None" }, "geometry": { "type": "Polygon", "coordinates": [ [ [ 11.932314845868172, 57.706653945895688 ], [ 11.932376780134353, 57.706721500612431 ], [ 11.932330812814369, 57.706732528717311 ], [ 11.932271731600055, 57.706664198292053 ], [ 11.93227687163238, 57.706662588254282 ], [ 11.932278383871394, 57.706663766402777 ], [ 11.932314845868172, 57.706653945895688 ] ] ] } },
{ "type": "Feature", "properties": { "id": "c3baaa19-8095-48fa-a578-8863d02e139d", "objektidentitet": "5680fa47-9f1f-438a-bf0a-4fea56c90198", "versiongiltigfran": "2017-06-21T10:39:29.361Z", "lagesosakerhetplan": 0.025, "lagesosakerhethojd": 2.5, "ursprunglig_organisation": "Göteborg", "objektversion": 2.0, "objekttypnr": 2066.0, "objekttyp": "Komplementbyggnad", "insamlingslage": "Takkant", "byggnadsnamn1": "None", "byggnadsnamn2": "None", "byggnadsnamn3": "None", "husnummer": 14.0, "huvudbyggnad": "Nej", "andamal1": "Komplementbyggnad;", "andamal2": "None", "andamal3": "None", "andamal4": "None", "andamal5": "None" }, "geometry": { "type": "Polygon", "coordinates": [ [ [ 11.932332124943407, 57.70638728639662 ], [ 11.932381898052716, 57.706374337272962 ], [ 11.932446350243453, 57.706445269594198 ], [ 11.932396593814744, 57.706458219148701 ], [ 11.932332124943407, 57.70638728639662 ] ] ] } },
{ "type": "Feature", "properties": { "id": "5b815a2c-fb76-4ec0-a4fe-ee0a91f9241a", "objektidentitet": "75864b31-f468-4a56-b359-0896c5379a3a", "versiongiltigfran": "2011-03-23T08:32:56.980Z", "lagesosakerhetplan": 0.06, "lagesosakerhethojd": null, "ursprunglig_organisation": "Lantmäteriet", "objektversion": 1.0, "objekttypnr": 2061.0, "objekttyp": "Bostad", "insamlingslage": "Takkant", "byggnadsnamn1": "None", "byggnadsnamn2": "None", "byggnadsnamn3": "None", "husnummer": 1.0, "huvudbyggnad": "Nej", "andamal1": "Bostad;Flerfamiljshus", "andamal2": "None", "andamal3": "None", "andamal4": "None", "andamal5": "None" }, "geometry": { "type": "Polygon", "coordinates": [ [ [ 11.932310400836649, 57.706648732918332 ], [ 11.93257792335838, 57.70657882201828 ], [ 11.932649462739063, 57.706657287245562 ], [ 11.932381958800189, 57.70672717178941 ], [ 11.932318022309255, 57.706657681041257 ], [ 11.932310400836649, 57.706648732918332 ] ] ] } },
{ "type": "Feature", "properties": { "id": "5d8069fc-735e-49f1-841f-a8ecf0a80f15", "objektidentitet": "eb86acff-5dc9-426a-958c-252fc0752e86", "versiongiltigfran": "2015-10-08T08:32:42.214Z", "lagesosakerhetplan": 0.06, "lagesosakerhethojd": null, "ursprunglig_organisation": "Göteborg", "objektversion": 2.0, "objekttypnr": 2061.0, "objekttyp": "Bostad", "insamlingslage": "Takkant", "byggnadsnamn1": "None", "byggnadsnamn2": "None", "byggnadsnamn3": "None", "husnummer": 4.0, "huvudbyggnad": "Nej", "andamal1": "Bostad;Flerfamiljshus", "andamal2": "None", "andamal3": "None", "andamal4": "None", "andamal5": "None" }, "geometry": { "type": "Polygon", "coordinates": [ [ [ 11.932986122069877, 57.70610804100248 ], [ 11.932432082523798, 57.706252562376953 ], [ 11.932363171340729, 57.706176785234568 ], [ 11.932633523447809, 57.706106331697818 ], [ 11.932916952504723, 57.706032132077134 ], [ 11.932986122069877, 57.70610804100248 ] ] ] } },
{ "type": "Feature", "properties": { "id": "483486be-be31-4bf7-817c-e8614495e71f", "objektidentitet": "508c44a2-3483-4f38-904a-649e8b85033c", "versiongiltigfran": "2011-03-23T08:37:06.508Z", "lagesosakerhetplan": 0.06, "lagesosakerhethojd": null, "ursprunglig_organisation": "Lantmäteriet", "objektversion": 1.0, "objekttypnr": 2061.0, "objekttyp": "Bostad", "insamlingslage": "Takkant", "byggnadsnamn1": "None", "byggnadsnamn2": "None", "byggnadsnamn3": "None", "husnummer": 1.0, "huvudbyggnad": "Nej", "andamal1": "Bostad;Flerfamiljshus", "andamal2": "None", "andamal3": "None", "andamal4": "None", "andamal5": "None" }, "geometry": { "type": "Polygon", "coordinates": [ [ [ 11.932289467800585, 57.707294840192446 ], [ 11.932358719887741, 57.707177140878173 ], [ 11.932499026822148, 57.707200775141757 ], [ 11.932429704316284, 57.707318517759056 ], [ 11.932289467800585, 57.707294840192446 ] ] ] } },
{ "type": "Feature", "properties": { "id": "732aee6f-81b0-4b55-b174-48c2301dbfdb", "objektidentitet": "2013090a-eb95-46ca-bf98-619d983cb0e8", "versiongiltigfran": "2017-06-21T10:38:12.779Z", "lagesosakerhetplan": 0.06, "lagesosakerhethojd": 2.5, "ursprunglig_organisation": "Göteborg", "objektversion": 2.0, "objekttypnr": 2061.0, "objekttyp": "Bostad", "insamlingslage": "Takkant", "byggnadsnamn1": "None", "byggnadsnamn2": "None", "byggnadsnamn3": "None", "husnummer": 7.0, "huvudbyggnad": "Nej", "andamal1": "Bostad;Flerfamiljshus", "andamal2": "None", "andamal3": "None", "andamal4": "None", "andamal5": "None" }, "geometry": { "type": "Polygon", "coordinates": [ [ [ 11.932337974011702, 57.707074471178267 ], [ 11.932428892277548, 57.707000349756193 ], [ 11.932629377580396, 57.707070823545735 ], [ 11.932538492292897, 57.707144954895696 ], [ 11.932337974011702, 57.707074471178267 ] ] ] } },
{ "type": "Feature", "properties": { "id": "a3b33794-602d-4925-be2d-7271fae9c227", "objektidentitet": "ce8e2792-78d2-4fb7-a6da-d6e6bb5312aa", "versiongiltigfran": "2017-06-21T10:38:12.779Z", "lagesosakerhetplan": 0.06, "lagesosakerhethojd": 2.5, "ursprunglig_organisation": "Göteborg", "objektversion": 2.0, "objekttypnr": 2066.0, "objekttyp": "Komplementbyggnad", "insamlingslage": "Takkant", "byggnadsnamn1": "None", "byggnadsnamn2": "None", "byggnadsnamn3": "None", "husnummer": 8.0, "huvudbyggnad": "Nej", "andamal1": "Komplementbyggnad;", "andamal2": "None", "andamal3": "None", "andamal4": "None", "andamal5": "None" }, "geometry": { "type": "Polygon", "coordinates": [ [ [ 11.93253649077818, 57.707179914629933 ], [ 11.932511287535643, 57.707200739885486 ], [ 11.932431062006726, 57.70717291808409 ], [ 11.932456265274926, 57.707152092844716 ], [ 11.93253649077818, 57.707179914629933 ] ] ] } },
{ "type": "Feature", "properties": { "id": "ce448cac-7246-46c0-bb62-49b022413402", "objektidentitet": "eb4df732-5b11-4959-a182-6910bb227f1e", "versiongiltigfran": "2015-11-11T10:42:36.902Z", "lagesosakerhetplan": 0.06, "lagesosakerhethojd": null, "ursprunglig_organisation": "Göteborg", "objektversion": 3.0, "objekttypnr": 2066.0, "objekttyp": "Komplementbyggnad", "insamlingslage": "Takkant", "byggnadsnamn1": "None", "byggnadsnamn2": "None", "byggnadsnamn3": "None", "husnummer": 8.0, "huvudbyggnad": "Nej", "andamal1": "Komplementbyggnad;", "andamal2": "None", "andamal3": "None", "andamal4": "None", "andamal5": "None" }, "geometry": { "type": "Polygon", "coordinates": [ [ [ 11.932517388195905, 57.706955838930767 ], [ 11.932496110200935, 57.706932268751189 ], [ 11.932650442999373, 57.706892338271672 ], [ 11.932671737829899, 57.706915908832471 ], [ 11.932517388195905, 57.706955838930767 ] ] ] } },
{ "type": "Feature", "properties": { "id": "1e4c9d4f-2b84-4ef0-8c98-eeb4b339d81e", "objektidentitet": "cc0ca674-3318-4a99-a654-36886024eef3", "versiongiltigfran": "2017-01-03T10:47:14.262Z", "lagesosakerhetplan": 0.1, "lagesosakerhethojd": null, "ursprunglig_organisation": "Kommunsamverkan", "objektversion": 5.0, "objekttypnr": 2063.0, "objekttyp": "Samhällsfunktion", "insamlingslage": "Takkant", "byggnadsnamn1": "Aftonstjärnan", "byggnadsnamn2": "None", "byggnadsnamn3": "None", "husnummer": 1.0, "huvudbyggnad": "Nej", "andamal1": "Samhällsfunktion;Kulturbyggnad", "andamal2": "None", "andamal3": "None", "andamal4": "None", "andamal5": "None" }, "geometry": { "type": "Polygon", "coordinates": [ [ [ 11.932754395299046, 57.706952489838223 ], [ 11.932992044159219, 57.706887381334568 ], [ 11.933092925238681, 57.706987805286531 ], [ 11.932856787692845, 57.707052510216521 ], [ 11.932777254319074, 57.707052226674143 ], [ 11.932509080487291, 57.706957974364343 ], [ 11.932702707335386, 57.706907896443603 ], [ 11.932754395299046, 57.706952489838223 ] ] ] } },
{ "type": "Feature", "properties": { "id": "2a956296-e9a5-4f05-868e-563dfff61c2d", "objektidentitet": "39691895-04e2-44d8-9e9e-2c3e629fd691", "versiongiltigfran": "2016-04-11T16:19:24.448Z", "lagesosakerhetplan": 0.06, "lagesosakerhethojd": null, "ursprunglig_organisation": "Göteborg", "objektversion": 3.0, "objekttypnr": 2061.0, "objekttyp": "Bostad", "insamlingslage": "Takkant", "byggnadsnamn1": "None", "byggnadsnamn2": "None", "byggnadsnamn3": "None", "husnummer": 6.0, "huvudbyggnad": "Nej", "andamal1": "Bostad;Småhus med flera lägenheter", "andamal2": "None", "andamal3": "None", "andamal4": "None", "andamal5": "None" }, "geometry": { "type": "Polygon", "coordinates": [ [ [ 11.932716133643931, 57.706748046812969 ], [ 11.932789853032142, 57.706829926320388 ], [ 11.932636677517644, 57.706869480565167 ], [ 11.932562925646407, 57.706787591189332 ], [ 11.932716133643931, 57.706748046812969 ] ] ] } },
{ "type": "Feature", "properties": { "id": "c738dc61-851c-444e-b6d4-a3212997e1f1", "objektidentitet": "eb4df732-5b11-4959-a182-6910bb227f1e", "versiongiltigfran": "2015-11-11T10:42:36.902Z", "lagesosakerhetplan": 0.06, "lagesosakerhethojd": null, "ursprunglig_organisation": "Göteborg", "objektversion": 3.0, "objekttypnr": 2066.0, "objekttyp": "Komplementbyggnad", "insamlingslage": "Takkant", "byggnadsnamn1": "None", "byggnadsnamn2": "None", "byggnadsnamn3": "None", "husnummer": 8.0, "huvudbyggnad": "Nej", "andamal1": "Komplementbyggnad;", "andamal2": "None", "andamal3": "None", "andamal4": "None", "andamal5": "None" }, "geometry": { "type": "Polygon", "coordinates": [ [ [ 11.932753066828493, 57.706895168107984 ], [ 11.932671737829899, 57.706915908832471 ], [ 11.932649473732935, 57.706890894665456 ], [ 11.932730818685018, 57.706870163330706 ], [ 11.932753066828493, 57.706895168107984 ] ] ] } },
{ "type": "Feature", "properties": { "id": "68512d25-52c7-48a7-a008-0372764f2c01", "objektidentitet": "6372b047-55d9-4aea-9cb3-ccd53bc6ba54", "versiongiltigfran": "2017-06-21T10:39:29.361Z", "lagesosakerhetplan": 0.025, "lagesosakerhethojd": null, "ursprunglig_organisation": "Göteborg", "objektversion": 2.0, "objekttypnr": 2066.0, "objekttyp": "Komplementbyggnad", "insamlingslage": "Takkant", "byggnadsnamn1": "None", "byggnadsnamn2": "None", "byggnadsnamn3": "None", "husnummer": 11.0, "huvudbyggnad": "Nej", "andamal1": "Komplementbyggnad;", "andamal2": "None", "andamal3": "None", "andamal4": "None", "andamal5": "None" }, "geometry": { "type": "Polygon", "coordinates": [ [ [ 11.932705444523332, 57.70643167961606 ], [ 11.932800541301324, 57.706406967448437 ], [ 11.932822519360395, 57.706431192701622 ], [ 11.932727506316132, 57.706455906916695 ], [ 11.932705444523332, 57.70643167961606 ] ] ] } },
{ "type": "Feature", "properties": { "id": "3bbe1396-b496-48ee-b61f-b665c1a3821c", "objektidentitet": "ff794e6d-c271-43c4-b16c-d9d643a5df2e", "versiongiltigfran": "2011-03-23T09:00:36.823Z", "lagesosakerhetplan": 0.025, "lagesosakerhethojd": null, "ursprunglig_organisation": "Lantmäteriet", "objektversion": 1.0, "objekttypnr": 2066.0, "objekttyp": "Komplementbyggnad", "insamlingslage": "Takkant", "byggnadsnamn1": "None", "byggnadsnamn2": "None", "byggnadsnamn3": "None", "husnummer": 9.0, "huvudbyggnad": "Nej", "andamal1": "Komplementbyggnad;", "andamal2": "None", "andamal3": "None", "andamal4": "None", "andamal5": "None" }, "geometry": { "type": "Polygon", "coordinates": [ [ [ 11.93277024843435, 57.705955565555584 ], [ 11.932830530000203, 57.705939860078523 ], [ 11.932876787299993, 57.705990676290639 ], [ 11.932816418849855, 57.706006415635997 ], [ 11.93277024843435, 57.705955565555584 ] ] ] } },
{ "type": "Feature", "properties": { "id": "3915ebc0-2049-4eb6-a888-41186478fb37", "objektidentitet": "feaafa9a-629c-4213-a9fa-83dd909e3b48", "versiongiltigfran": "2011-03-23T09:07:21.442Z", "lagesosakerhetplan": 0.06, "lagesosakerhethojd": null, "ursprunglig_organisation": "Lantmäteriet", "objektversion": 1.0, "objekttypnr": 2061.0, "objekttyp": "Bostad", "insamlingslage": "Takkant", "byggnadsnamn1": "None", "byggnadsnamn2": "None", "byggnadsnamn3": "None", "husnummer": 2.0, "huvudbyggnad": "Nej", "andamal1": "Bostad;Flerfamiljshus", "andamal2": "None", "andamal3": "None", "andamal4": "None", "andamal5": "None" }, "geometry": { "type": "Polygon", "coordinates": [ [ [ 11.93286319478435, 57.706711490034415 ], [ 11.933097248427508, 57.706651740917131 ], [ 11.933172087253949, 57.706735678620085 ], [ 11.932938045385804, 57.706795482094925 ], [ 11.93286319478435, 57.706711490034415 ] ] ] } },
{ "type": "Feature", "properties": { "id": "4f8d26f2-d4e8-46e5-86f8-3084abdefd0b", "objektidentitet": "9ca094d0-44ff-48d0-ab26-759a1860b6f6", "versiongiltigfran": "2011-03-23T08:37:34.080Z", "lagesosakerhetplan": 0.06, "lagesosakerhethojd": null, "ursprunglig_organisation": "Lantmäteriet", "objektversion": 1.0, "objekttypnr": 2061.0, "objekttyp": "Bostad", "insamlingslage": "Takkant", "byggnadsnamn1": "None", "byggnadsnamn2": "None", "byggnadsnamn3": "None", "husnummer": 5.0, "huvudbyggnad": "Nej", "andamal1": "Bostad;Flerfamiljshus", "andamal2": "None", "andamal3": "None", "andamal4": "None", "andamal5": "None" }, "geometry": { "type": "Polygon", "coordinates": [ [ [ 11.93301775571188, 57.706889316941997 ], [ 11.933243597250108, 57.706829790881336 ], [ 11.933316164649211, 57.706908631154498 ], [ 11.933090322730227, 57.706968157340484 ], [ 11.93301775571188, 57.706889316941997 ] ] ] } },
{ "type": "Feature", "properties": { "id": "5fee4266-38cf-4ba5-9086-9f4fb2c85d41", "objektidentitet": "82d5bd14-2069-4af6-bb60-f26f75ede170", "versiongiltigfran": "2011-03-23T08:35:42.701Z", "lagesosakerhetplan": 0.025, "lagesosakerhethojd": null, "ursprunglig_organisation": "Lantmäteriet", "objektversion": 1.0, "objekttypnr": 2061.0, "objekttyp": "Bostad", "insamlingslage": "Takkant", "byggnadsnamn1": "None", "byggnadsnamn2": "None", "byggnadsnamn3": "None", "husnummer": 1.0, "huvudbyggnad": "Nej", "andamal1": "Bostad;Flerfamiljshus", "andamal2": "None", "andamal3": "None", "andamal4": "None", "andamal5": "None" }, "geometry": { "type": "Polygon", "coordinates": [ [ [ 11.933047544118322, 57.707141927837064 ], [ 11.933050314513581, 57.707117322942374 ], [ 11.933351203626231, 57.707037883113323 ], [ 11.933421651950486, 57.707114388993375 ], [ 11.93332584890975, 57.707138302570243 ], [ 11.933336468943669, 57.70715051405584 ], [ 11.933188803026688, 57.70719142490843 ], [ 11.933047544118322, 57.707141927837064 ] ] ] } },
{ "type": "Feature", "properties": { "id": "8eed135f-64b9-4dc2-be5e-c59e24345168", "objektidentitet": "109a01a2-18f7-4af6-aabb-a274fc828d70", "versiongiltigfran": "2015-06-30T14:15:59.655Z", "lagesosakerhetplan": 0.06, "lagesosakerhethojd": null, "ursprunglig_organisation": "Kommunsamverkan", "objektversion": 2.0, "objekttypnr": 2061.0, "objekttyp": "Bostad", "insamlingslage": "Takkant", "byggnadsnamn1": "None", "byggnadsnamn2": "None", "byggnadsnamn3": "None", "husnummer": 1.0, "huvudbyggnad": "Nej", "andamal1": "Bostad;Flerfamiljshus", "andamal2": "None", "andamal3": "None", "andamal4": "None", "andamal5": "None" }, "geometry": { "type": "Polygon", "coordinates": [ [ [ 11.933378922651841, 57.705991012722791 ], [ 11.933304417037508, 57.705907514621607 ], [ 11.93336427015949, 57.705891510891988 ], [ 11.933438295503827, 57.705975725342135 ], [ 11.933378922651841, 57.705991012722791 ] ] ] } },
{ "type": "Feature", "properties": { "id": "34e48d5d-2ddc-4d84-9b9a-888e13676c63", "objektidentitet": "d4573ea9-139a-4e7e-9167-459166782bb6", "versiongiltigfran": "2011-03-23T08:50:00.467Z", "lagesosakerhetplan": 0.06, "lagesosakerhethojd": 2.5, "ursprunglig_organisation": "Lantmäteriet", "objektversion": 1.0, "objekttypnr": 2061.0, "objekttyp": "Bostad", "insamlingslage": "Takkant", "byggnadsnamn1": "None", "byggnadsnamn2": "None", "byggnadsnamn3": "None", "husnummer": 3.0, "huvudbyggnad": "Nej", "andamal1": "Bostad;Flerfamiljshus", "andamal2": "None", "andamal3": "None", "andamal4": "None", "andamal5": "None" }, "geometry": { "type": "Polygon", "coordinates": [ [ [ 11.933325056099305, 57.706811875175937 ], [ 11.933607007865129, 57.706737521298088 ], [ 11.933682049893042, 57.706819072796627 ], [ 11.933400033643458, 57.706893389332983 ], [ 11.933325056099305, 57.706811875175937 ] ] ] } },
{ "type": "Feature", "properties": { "id": "de1f3064-8938-4cfb-8038-f6be0e662c24", "objektidentitet": "cce64918-0ffa-4d1b-b062-5f76c06e8980", "versiongiltigfran": "2015-10-08T08:32:42.214Z", "lagesosakerhetplan": 0.06, "lagesosakerhethojd": null, "ursprunglig_organisation": "Göteborg", "objektversion": 3.0, "objekttypnr": 2061.0, "objekttyp": "Bostad", "insamlingslage": "Takkant", "byggnadsnamn1": "None", "byggnadsnamn2": "None", "byggnadsnamn3": "None", "husnummer": 1.0, "huvudbyggnad": "Nej", "andamal1": "Bostad;Flerfamiljshus", "andamal2": "None", "andamal3": "None", "andamal4": "None", "andamal5": "None" }, "geometry": { "type": "Polygon", "coordinates": [ [ [ 11.93355023182761, 57.707251238248119 ], [ 11.933811463475152, 57.707181082342281 ], [ 11.933700239147507, 57.707053830786734 ], [ 11.9336857996945, 57.707050245112349 ], [ 11.933430019606275, 57.707118888096275 ], [ 11.93334947111844, 57.707033949311118 ], [ 11.93374567510959, 57.706932371755109 ], [ 11.933790009890362, 57.706939845807696 ], [ 11.934031098124708, 57.707210026071515 ], [ 11.934014757701043, 57.707235066072442 ], [ 11.933630271080238, 57.707336649897776 ], [ 11.93355023182761, 57.707251238248119 ] ] ] } },
{ "type": "Feature", "properties": { "id": "5403eeac-abc0-4b5a-932a-2f5ef2ce48bf", "objektidentitet": "d017e2f2-a862-4c75-b804-dbfff3034906", "versiongiltigfran": "2017-04-07T11:06:50.822Z", "lagesosakerhetplan": 0.06, "lagesosakerhethojd": null, "ursprunglig_organisation": "Kommunsamverkan", "objektversion": 2.0, "objekttypnr": 2066.0, "objekttyp": "Komplementbyggnad", "insamlingslage": "Takkant", "byggnadsnamn1": "None", "byggnadsnamn2": "None", "byggnadsnamn3": "None", "husnummer": 3.0, "huvudbyggnad": "Nej", "andamal1": "Komplementbyggnad;", "andamal2": "None", "andamal3": "None", "andamal4": "None", "andamal5": "None" }, "geometry": { "type": "Polygon", "coordinates": [ [ [ 11.933624547529313, 57.706054229397601 ], [ 11.933505215501745, 57.706085778774899 ], [ 11.933489203105331, 57.706068439255375 ], [ 11.933608257057344, 57.706036802261252 ], [ 11.933624547529313, 57.706054229397601 ] ] ] } },
{ "type": "Feature", "properties": { "id": "ac85e817-8b38-43c2-af3d-b9bf74c082f4", "objektidentitet": "638f2373-b728-416e-b194-696c3b38d7f8", "versiongiltigfran": "2011-03-23T09:00:50.340Z", "lagesosakerhetplan": 0.06, "lagesosakerhethojd": null, "ursprunglig_organisation": "Lantmäteriet", "objektversion": 1.0, "objekttypnr": 2066.0, "objekttyp": "Komplementbyggnad", "insamlingslage": "Takkant", "byggnadsnamn1": "None", "byggnadsnamn2": "None", "byggnadsnamn3": "None", "husnummer": 9.0, "huvudbyggnad": "Nej", "andamal1": "Komplementbyggnad;", "andamal2": "None", "andamal3": "None", "andamal4": "None", "andamal5": "None" }, "geometry": { "type": "Polygon", "coordinates": [ [ [ 11.933469712586046, 57.706684058179903 ], [ 11.933538172530815, 57.706666564255443 ], [ 11.933581708904132, 57.706715426742043 ], [ 11.933513232129682, 57.706732920283045 ], [ 11.933469712586046, 57.706684058179903 ] ] ] } },
{ "type": "Feature", "properties": { "id": "33d13562-3409-4479-87a8-ce17eca6fd84", "objektidentitet": "e59e08ba-6f11-4a46-812f-c6675c58a21d", "versiongiltigfran": "2011-03-23T08:47:14.726Z", "lagesosakerhetplan": 0.06, "lagesosakerhethojd": null, "ursprunglig_organisation": "Lantmäteriet", "objektversion": 1.0, "objekttypnr": 2066.0, "objekttyp": "Komplementbyggnad", "insamlingslage": "Takkant", "byggnadsnamn1": "None", "byggnadsnamn2": "None", "byggnadsnamn3": "None", "husnummer": 4.0, "huvudbyggnad": "Nej", "andamal1": "Komplementbyggnad;", "andamal2": "None", "andamal3": "None", "andamal4": "None", "andamal5": "None" }, "geometry": { "type": "Polygon", "coordinates": [ [ [ 11.932274098066328, 57.707206025532315 ], [ 11.932310356189673, 57.707149219785883 ], [ 11.932383211980552, 57.707162338344723 ], [ 11.932372596011847, 57.707179445736649 ], [ 11.932358719887741, 57.707177140878173 ], [ 11.932339333122824, 57.707210187021651 ], [ 11.932325137846666, 57.707207883408358 ], [ 11.932310085081202, 57.707211545009265 ], [ 11.932274098066328, 57.707206025532315 ] ] ] } },
{ "type": "Feature", "properties": { "id": "8875a7ed-cc3c-4a92-9f5d-b3dbb6215936", "objektidentitet": "5a7c3432-59d9-4ae5-8be8-c418d35e7e50", "versiongiltigfran": "2011-03-23T08:44:50.632Z", "lagesosakerhetplan": 0.025, "lagesosakerhethojd": null, "ursprunglig_organisation": "Lantmäteriet", "objektversion": 1.0, "objekttypnr": 2066.0, "objekttyp": "Komplementbyggnad", "insamlingslage": "Takkant", "byggnadsnamn1": "None", "byggnadsnamn2": "None", "byggnadsnamn3": "None", "husnummer": 14.0, "huvudbyggnad": "Nej", "andamal1": "Komplementbyggnad;", "andamal2": "None", "andamal3": "None", "andamal4": "None", "andamal5": "None" }, "geometry": { "type": "Polygon", "coordinates": [ [ [ 11.932555667812078, 57.706011444997195 ], [ 11.9326009111092, 57.705999635287711 ], [ 11.932647080580098, 57.706050494397473 ], [ 11.932601924811141, 57.706062261306471 ], [ 11.932555667812078, 57.706011444997195 ] ] ] } },
{ "type": "Feature", "properties": { "id": "f772e7f8-4237-4af7-8d2d-d195bf791a75", "objektidentitet": "9914ca04-b7e1-47b3-b7ea-efeeeeb0af4e", "versiongiltigfran": "2015-10-08T08:34:18.501Z", "lagesosakerhetplan": 0.06, "lagesosakerhethojd": null, "ursprunglig_organisation": "Göteborg", "objektversion": 2.0, "objekttypnr": 2066.0, "objekttyp": "Komplementbyggnad", "insamlingslage": "Takkant", "byggnadsnamn1": "None", "byggnadsnamn2": "None", "byggnadsnamn3": "None", "husnummer": 3.0, "huvudbyggnad": "Nej", "andamal1": "Komplementbyggnad;", "andamal2": "None", "andamal3": "None", "andamal4": "None", "andamal5": "None" }, "geometry": { "type": "Polygon", "coordinates": [ [ [ 11.932198334561582, 57.707115171063755 ], [ 11.932224351365186, 57.707094257741844 ], [ 11.932326062763675, 57.707130492171615 ], [ 11.932300062748329, 57.707151405921003 ], [ 11.932198334561582, 57.707115171063755 ] ] ] } },
{ "type": "Feature", "properties": { "id": "8a6c75aa-037c-4454-a16a-bfd0e355d41c", "objektidentitet": "49cb2b50-08de-447a-83ba-fadf64f817dd", "versiongiltigfran": "2011-03-23T08:38:20.520Z", "lagesosakerhetplan": 0.06, "lagesosakerhethojd": 2.5, "ursprunglig_organisation": "Lantmäteriet", "objektversion": 1.0, "objekttypnr": 2061.0, "objekttyp": "Bostad", "insamlingslage": "Takkant", "byggnadsnamn1": "None", "byggnadsnamn2": "None", "byggnadsnamn3": "None", "husnummer": 1.0, "huvudbyggnad": "Nej", "andamal1": "Bostad;Flerfamiljshus", "andamal2": "None", "andamal3": "None", "andamal4": "None", "andamal5": "None" }, "geometry": { "type": "Polygon", "coordinates": [ [ [ 11.932739521881293, 57.706273436224606 ], [ 11.932813927650514, 57.706356123322244 ], [ 11.932661206552584, 57.706395490851101 ], [ 11.932586716514846, 57.706312810604707 ], [ 11.932739521881293, 57.706273436224606 ] ] ] } },
{ "type": "Feature", "properties": { "id": "72129633-4858-4f15-85e1-e6842d599c6c", "objektidentitet": "a28c4653-dd3b-4a9c-8166-31f25a9135c6", "versiongiltigfran": "2017-06-21T10:39:29.361Z", "lagesosakerhetplan": 0.025, "lagesosakerhethojd": null, "ursprunglig_organisation": "Göteborg", "objektversion": 2.0, "objekttypnr": 2066.0, "objekttyp": "Komplementbyggnad", "insamlingslage": "Takkant", "byggnadsnamn1": "None", "byggnadsnamn2": "None", "byggnadsnamn3": "None", "husnummer": 12.0, "huvudbyggnad": "Nej", "andamal1": "Komplementbyggnad;", "andamal2": "None", "andamal3": "None", "andamal4": "None", "andamal5": "None" }, "geometry": { "type": "Polygon", "coordinates": [ [ [ 11.933124009782272, 57.706322754796588 ], [ 11.933184278095515, 57.706307012871562 ], [ 11.933230532552159, 57.706357873809139 ], [ 11.933170251210868, 57.706373570501242 ], [ 11.933124009782272, 57.706322754796588 ] ] ] } },
{ "type": "Feature", "properties": { "id": "64718e55-9471-48e6-b105-591762debd83", "objektidentitet": "ed0bb06f-55cc-4fca-b26a-b367331dd9dc", "versiongiltigfran": "2017-06-21T10:39:29.361Z", "lagesosakerhetplan": 0.06, "lagesosakerhethojd": 2.5, "ursprunglig_organisation": "Göteborg", "objektversion": 2.0, "objekttypnr": 2061.0, "objekttyp": "Bostad", "insamlingslage": "Takkant", "byggnadsnamn1": "None", "byggnadsnamn2": "None", "byggnadsnamn3": "None", "husnummer": 7.0, "huvudbyggnad": "Nej", "andamal1": "Bostad;Flerfamiljshus", "andamal2": "None", "andamal3": "None", "andamal4": "None", "andamal5": "None" }, "geometry": { "type": "Polygon", "coordinates": [ [ [ 11.932866698868636, 57.706339489718502 ], [ 11.932797250806615, 57.706262504407924 ], [ 11.93307919289486, 57.706189616558611 ], [ 11.933148658183041, 57.706266602125858 ], [ 11.932866698868636, 57.706339489718502 ] ] ] } },
{ "type": "Feature", "properties": { "id": "421c852c-c709-4a41-b32f-07f4033b898a", "objektidentitet": "1b0da758-2ab1-46f2-affc-66d461cceed5", "versiongiltigfran": "2015-11-11T10:46:54.388Z", "lagesosakerhetplan": 0.06, "lagesosakerhethojd": null, "ursprunglig_organisation": "Göteborg", "objektversion": 2.0, "objekttypnr": 2066.0, "objekttyp": "Komplementbyggnad", "insamlingslage": "Takkant", "byggnadsnamn1": "None", "byggnadsnamn2": "None", "byggnadsnamn3": "None", "husnummer": 2.0, "huvudbyggnad": "Nej", "andamal1": "Komplementbyggnad;", "andamal2": "None", "andamal3": "None", "andamal4": "None", "andamal5": "None" }, "geometry": { "type": "Polygon", "coordinates": [ [ [ 11.932992044159219, 57.706887381334568 ], [ 11.932754361785223, 57.706952489025632 ], [ 11.932702673821606, 57.706907895630998 ], [ 11.932952425261176, 57.706844815336005 ], [ 11.932992044159219, 57.706887381334568 ] ] ] } },
{ "type": "Feature", "properties": { "id": "7b14fdfd-9d13-435d-946d-f7e566424f76", "objektidentitet": "109d5087-2fb4-43a4-9e12-1c673130d223", "versiongiltigfran": "2011-03-23T09:02:55.187Z", "lagesosakerhetplan": 0.06, "lagesosakerhethojd": 2.5, "ursprunglig_organisation": "Lantmäteriet", "objektversion": 1.0, "objekttypnr": 2061.0, "objekttyp": "Bostad", "insamlingslage": "Takkant", "byggnadsnamn1": "None", "byggnadsnamn2": "None", "byggnadsnamn3": "None", "husnummer": 1.0, "huvudbyggnad": "Nej", "andamal1": "Bostad;Flerfamiljshus", "andamal2": "None", "andamal3": "None", "andamal4": "None", "andamal5": "None" }, "geometry": { "type": "Polygon", "coordinates": [ [ [ 11.933450639517885, 57.706562176954755 ], [ 11.933521794795112, 57.706641234546389 ], [ 11.933234221676193, 57.706715353082636 ], [ 11.933163084407239, 57.706636286771371 ], [ 11.933450639517885, 57.706562176954755 ] ] ] } },
{ "type": "Feature", "properties": { "id": "4536f0a5-b800-4640-b71c-740e44505e2e", "objektidentitet": "261c9373-cfcf-46e7-b3b1-21ad5dec4b83", "versiongiltigfran": "2011-03-23T08:44:40.534Z", "lagesosakerhetplan": 0.025, "lagesosakerhethojd": null, "ursprunglig_organisation": "Lantmäteriet", "objektversion": 1.0, "objekttypnr": 2066.0, "objekttyp": "Komplementbyggnad", "insamlingslage": "Takkant", "byggnadsnamn1": "None", "byggnadsnamn2": "None", "byggnadsnamn3": "None", "husnummer": 2.0, "huvudbyggnad": "Nej", "andamal1": "Komplementbyggnad;", "andamal2": "None", "andamal3": "None", "andamal4": "None", "andamal5": "None" }, "geometry": { "type": "Polygon", "coordinates": [ [ [ 11.932888986590317, 57.707149228806578 ], [ 11.933095587051168, 57.707222861072999 ], [ 11.933053806968251, 57.707256433994829 ], [ 11.932847307706666, 57.707182795127586 ], [ 11.932888986590317, 57.707149228806578 ] ] ] } },
{ "type": "Feature", "properties": { "id": "7a817e2c-e56d-4f0c-bc60-6c5f03b0f5f5", "objektidentitet": "922bbf55-5d31-4bb4-ba7b-649ccdb85ce9", "versiongiltigfran": "2017-04-07T10:31:37.371Z", "lagesosakerhetplan": 0.1, "lagesosakerhethojd": null, "ursprunglig_organisation": "Göteborg", "objektversion": 3.0, "objekttypnr": 2063.0, "objekttyp": "Samhällsfunktion", "insamlingslage": "Takkant", "byggnadsnamn1": "None", "byggnadsnamn2": "None", "byggnadsnamn3": "None", "husnummer": 2.0, "huvudbyggnad": "Nej", "andamal1": "Samhällsfunktion;Skola", "andamal2": "None", "andamal3": "None", "andamal4": "None", "andamal5": "None" }, "geometry": { "type": "Polygon", "coordinates": [ [ [ 11.933388268190813, 57.706283636881594 ], [ 11.933255984409154, 57.706136631035562 ], [ 11.933414954930255, 57.706095616707316 ], [ 11.933424964264026, 57.70610670786278 ], [ 11.933476309321332, 57.706093427917203 ], [ 11.933544803910303, 57.706169589795508 ], [ 11.933573455058443, 57.706162177130878 ], [ 11.933627332357233, 57.706221977007921 ], [ 11.933388268190813, 57.706283636881594 ] ] ] } },
{ "type": "Feature", "properties": { "id": "c1d60cb0-1c62-489b-bed7-5c3a740e6e6d", "objektidentitet": "f783a4d7-3540-4c1b-9cbd-e818e3bbb7ac", "versiongiltigfran": "2017-06-21T10:39:29.361Z", "lagesosakerhetplan": 0.06, "lagesosakerhethojd": null, "ursprunglig_organisation": "Göteborg", "objektversion": 3.0, "objekttypnr": 2061.0, "objekttyp": "Bostad", "insamlingslage": "Takkant", "byggnadsnamn1": "None", "byggnadsnamn2": "None", "byggnadsnamn3": "None", "husnummer": 6.0, "huvudbyggnad": "Nej", "andamal1": "Bostad;Flerfamiljshus", "andamal2": "None", "andamal3": "None", "andamal4": "None", "andamal5": "None" }, "geometry": { "type": "Polygon", "coordinates": [ [ [ 11.9330579654253, 57.706548451172786 ], [ 11.932987535572463, 57.706471550033704 ], [ 11.93326847632372, 57.706397810572767 ], [ 11.933338923396521, 57.706474711966806 ], [ 11.9330579654253, 57.706548451172786 ] ] ] } },
{ "type": "Feature", "properties": { "id": "a2205e2d-21f9-4dd6-9a63-ca8bfa31487a", "objektidentitet": "782f545f-a560-4d00-9c52-d0982f7d1ff9", "versiongiltigfran": "2017-04-10T11:28:09.935Z", "lagesosakerhetplan": 0.1, "lagesosakerhethojd": null, "ursprunglig_organisation": "Göteborg", "objektversion": 2.0, "objekttypnr": 2063.0, "objekttyp": "Samhällsfunktion", "insamlingslage": "Takkant", "byggnadsnamn1": "None", "byggnadsnamn2": "None", "byggnadsnamn3": "None", "husnummer": 4.0, "huvudbyggnad": "Nej", "andamal1": "Samhällsfunktion;Ospecificerad", "andamal2": "None", "andamal3": "None", "andamal4": "None", "andamal5": "None" }, "geometry": { "type": "Polygon", "coordinates": [ [ [ 11.933590214370343, 57.706180811039431 ], [ 11.933573455058443, 57.706162177130878 ], [ 11.933544803910303, 57.706169589795508 ], [ 11.933476309321332, 57.706093427917203 ], [ 11.933741042447526, 57.706023465002218 ], [ 11.933827415205339, 57.706118934862417 ], [ 11.933590214370343, 57.706180811039431 ] ] ] } },
{ "type": "Feature", "properties": { "id": "4e0c1d45-c4e1-407e-bfef-7b87a9ef5717", "objektidentitet": "6258c722-9164-4e22-ab93-fa37612a5e61", "versiongiltigfran": "2017-06-21T10:39:29.361Z", "lagesosakerhetplan": 0.06, "lagesosakerhethojd": null, "ursprunglig_organisation": "Göteborg", "objektversion": 3.0, "objekttypnr": 2061.0, "objekttyp": "Bostad", "insamlingslage": "Takkant", "byggnadsnamn1": "None", "byggnadsnamn2": "None", "byggnadsnamn3": "None", "husnummer": 5.0, "huvudbyggnad": "Nej", "andamal1": "Bostad;Flerfamiljshus", "andamal2": "None", "andamal3": "None", "andamal4": "None", "andamal5": "None" }, "geometry": { "type": "Polygon", "coordinates": [ [ [ 11.932710906250394, 57.706638778762475 ], [ 11.932640405332425, 57.706561731891512 ], [ 11.932921976574468, 57.706487900612622 ], [ 11.93299249471462, 57.706564947738137 ], [ 11.932710906250394, 57.706638778762475 ] ] ] } },
{ "type": "Feature", "properties": { "id": "85a32959-8396-4a28-8e7c-fe5278025fa9", "objektidentitet": "064dd863-585c-4fc6-a26f-a5cd27751b47", "versiongiltigfran": "2011-03-23T08:42:09.455Z", "lagesosakerhetplan": 0.06, "lagesosakerhethojd": 2.5, "ursprunglig_organisation": "Lantmäteriet", "objektversion": 1.0, "objekttypnr": 2066.0, "objekttyp": "Komplementbyggnad", "insamlingslage": "Takkant", "byggnadsnamn1": "None", "byggnadsnamn2": "None", "byggnadsnamn3": "None", "husnummer": 6.0, "huvudbyggnad": "Nej", "andamal1": "Komplementbyggnad;", "andamal2": "None", "andamal3": "None", "andamal4": "None", "andamal5": "None" }, "geometry": { "type": "Polygon", "coordinates": [ [ [ 11.934032082690567, 57.708829506958239 ], [ 11.934171025490466, 57.708908858719653 ], [ 11.934020427404429, 57.708984357274026 ], [ 11.933881484655975, 57.708905005348427 ], [ 11.934032082690567, 57.708829506958239 ] ] ] } },
{ "type": "Feature", "properties": { "id": "56efb370-32b1-42e7-be97-aef8859a056d", "objektidentitet": "064dd863-585c-4fc6-a26f-a5cd27751b47", "versiongiltigfran": "2011-03-23T08:42:09.455Z", "lagesosakerhetplan": 0.06, "lagesosakerhethojd": 2.5, "ursprunglig_organisation": "Lantmäteriet", "objektversion": 1.0, "objekttypnr": 2066.0, "objekttyp": "Komplementbyggnad", "insamlingslage": "Takkant", "byggnadsnamn1": "None", "byggnadsnamn2": "None", "byggnadsnamn3": "None", "husnummer": 6.0, "huvudbyggnad": "Nej", "andamal1": "Komplementbyggnad;", "andamal2": "None", "andamal3": "None", "andamal4": "None", "andamal5": "None" }, "geometry": { "type": "Polygon", "coordinates": [ [ [ 11.934150626656848, 57.708841718390204 ], [ 11.934207954887315, 57.708874475795291 ], [ 11.934156222599599, 57.708900428762675 ], [ 11.934098894376417, 57.708867671334367 ], [ 11.934150626656848, 57.708841718390204 ] ] ] } },
{ "type": "Feature", "properties": { "id": "dab6a265-39d8-4489-9cab-aad11802126a", "objektidentitet": "064dd863-585c-4fc6-a26f-a5cd27751b47", "versiongiltigfran": "2011-03-23T08:42:09.455Z", "lagesosakerhetplan": 0.06, "lagesosakerhethojd": null, "ursprunglig_organisation": "Lantmäteriet", "objektversion": 1.0, "objekttypnr": 2066.0, "objekttyp": "Komplementbyggnad", "insamlingslage": "Takkant", "byggnadsnamn1": "None", "byggnadsnamn2": "None", "byggnadsnamn3": "None", "husnummer": 6.0, "huvudbyggnad": "Nej", "andamal1": "Komplementbyggnad;", "andamal2": "None", "andamal3": "None", "andamal4": "None", "andamal5": "None" }, "geometry": { "type": "Polygon", "coordinates": [ [ [ 11.934171025490466, 57.708908858719653 ], [ 11.934311648810814, 57.708989194782404 ], [ 11.934161134462155, 57.709064695533492 ], [ 11.934020427404429, 57.708984357274026 ], [ 11.934171025490466, 57.708908858719653 ] ] ] } },
{ "type": "Feature", "properties": { "id": "e6d08be6-3b6f-47c0-bb91-d631de65563d", "objektidentitet": "b3c58d7f-622e-4d3f-8938-f3546e628a8b", "versiongiltigfran": "2021-02-04T10:40:42.258Z", "lagesosakerhetplan": 0.1, "lagesosakerhethojd": null, "ursprunglig_organisation": "Göteborg", "objektversion": 2.0, "objekttypnr": 2062.0, "objekttyp": "Industri", "insamlingslage": "Takkant", "byggnadsnamn1": "None", "byggnadsnamn2": "None", "byggnadsnamn3": "None", "husnummer": 14.0, "huvudbyggnad": "Nej", "andamal1": "Industri;Ospecificerad", "andamal2": "None", "andamal3": "None", "andamal4": "None", "andamal5": "None" }, "geometry": { "type": "Polygon", "coordinates": [ [ [ 11.935847734542881, 57.709233295098322 ], [ 11.935651604647051, 57.70933234678683 ], [ 11.93523205703443, 57.709094329114194 ], [ 11.935428202744445, 57.70899528744701 ], [ 11.935847734542881, 57.709233295098322 ] ] ] } },
{ "type": "Feature", "properties": { "id": "b94cf029-4ee6-40d8-90c6-518946daf3bc", "objektidentitet": "d93d4f62-daa6-473c-ac54-4b7342381764", "versiongiltigfran": "2022-02-11T12:35:55.974Z", "lagesosakerhetplan": 0.06, "lagesosakerhethojd": null, "ursprunglig_organisation": "Göteborg", "objektversion": 3.0, "objekttypnr": 2062.0, "objekttyp": "Industri", "insamlingslage": "Takkant", "byggnadsnamn1": "None", "byggnadsnamn2": "None", "byggnadsnamn3": "None", "husnummer": 2.0, "huvudbyggnad": "Nej", "andamal1": "Industri;Ospecificerad", "andamal2": "None", "andamal3": "None", "andamal4": "None", "andamal5": "None" }, "geometry": { "type": "Polygon", "coordinates": [ [ [ 11.935954714886666, 57.709869539290729 ], [ 11.935115540723325, 57.709394509488888 ], [ 11.935342998143646, 57.709278484211467 ], [ 11.93618602877299, 57.709753983396773 ], [ 11.935954714886666, 57.709869539290729 ] ] ] } },
{ "type": "Feature", "properties": { "id": "979e5e26-8d28-4540-897c-0982cfa1d0be", "objektidentitet": "d93d4f62-daa6-473c-ac54-4b7342381764", "versiongiltigfran": "2022-02-11T12:35:55.974Z", "lagesosakerhetplan": 0.06, "lagesosakerhethojd": null, "ursprunglig_organisation": "Göteborg", "objektversion": 3.0, "objekttypnr": 2062.0, "objekttyp": "Industri", "insamlingslage": "Takkant", "byggnadsnamn1": "None", "byggnadsnamn2": "None", "byggnadsnamn3": "None", "husnummer": 2.0, "huvudbyggnad": "Nej", "andamal1": "Industri;Ospecificerad", "andamal2": "None", "andamal3": "None", "andamal4": "None", "andamal5": "None" }, "geometry": { "type": "Polygon", "coordinates": [ [ [ 11.935193478999523, 57.709354738311177 ], [ 11.935125931027466, 57.709389197644335 ], [ 11.935096433449363, 57.709372637190377 ], [ 11.935163981417539, 57.709338177872894 ], [ 11.935193478999523, 57.709354738311177 ] ] ] } },
{ "type": "Feature", "properties": { "id": "9905d12d-0f2c-4e13-bfd6-604a72e49117", "objektidentitet": "0f5ac46e-f7c2-4dc1-aa29-456f88107c14", "versiongiltigfran": "2011-03-23T09:08:53.805Z", "lagesosakerhetplan": 0.06, "lagesosakerhethojd": null, "ursprunglig_organisation": "Lantmäteriet", "objektversion": 1.0, "objekttypnr": 2062.0, "objekttyp": "Industri", "insamlingslage": "Takkant", "byggnadsnamn1": "None", "byggnadsnamn2": "None", "byggnadsnamn3": "None", "husnummer": 1.0, "huvudbyggnad": "Nej", "andamal1": "Industri;Ospecificerad", "andamal2": "None", "andamal3": "None", "andamal4": "None", "andamal5": "None" }, "geometry": { "type": "Polygon", "coordinates": [ [ [ 11.934543666144263, 57.70943829360877 ], [ 11.93507544004491, 57.709742011344439 ], [ 11.934540667460274, 57.710004033013242 ], [ 11.934473612091816, 57.709964550761207 ], [ 11.934444682344076, 57.709915665122779 ], [ 11.93452957692122, 57.709873087867372 ], [ 11.934130890954842, 57.709645341987738 ], [ 11.934543666144263, 57.70943829360877 ] ] ] } },
{ "type": "Feature", "properties": { "id": "5a51c418-0bbe-459d-8c53-0b8addeaf3f4", "objektidentitet": "282c3a7b-1bbc-4a6d-9bab-984777f0d089", "versiongiltigfran": "2023-06-09T13:19:18.090Z", "lagesosakerhetplan": 0.05, "lagesosakerhethojd": null, "ursprunglig_organisation": "Göteborg", "objektversion": 4.0, "objekttypnr": 2061.0, "objekttyp": "Bostad", "insamlingslage": "Fasad", "byggnadsnamn1": "None", "byggnadsnamn2": "None", "byggnadsnamn3": "None", "husnummer": 1.0, "huvudbyggnad": "Nej", "andamal1": "Bostad;Flerfamiljshus", "andamal2": "Verksamhet;", "andamal3": "None", "andamal4": "None", "andamal5": "None" }, "geometry": { "type": "Polygon", "coordinates": [ [ [ 11.936449100294073, 57.709509643326463 ], [ 11.936798871753869, 57.709708307631161 ], [ 11.936590000504456, 57.709813667417848 ], [ 11.936240019695894, 57.709614898598005 ], [ 11.936449100294073, 57.709509643326463 ] ] ] } },
{ "type": "Feature", "properties": { "id": "7599fab6-cfd0-4d7a-8d2e-fa23dfa3cde7", "objektidentitet": "0f5ac46e-f7c2-4dc1-aa29-456f88107c14", "versiongiltigfran": "2011-03-23T09:08:53.805Z", "lagesosakerhetplan": 0.06, "lagesosakerhethojd": 2.5, "ursprunglig_organisation": "Lantmäteriet", "objektversion": 1.0, "objekttypnr": 2062.0, "objekttyp": "Industri", "insamlingslage": "Takkant", "byggnadsnamn1": "None", "byggnadsnamn2": "None", "byggnadsnamn3": "None", "husnummer": 1.0, "huvudbyggnad": "Nej", "andamal1": "Industri;Ospecificerad", "andamal2": "None", "andamal3": "None", "andamal4": "None", "andamal5": "None" }, "geometry": { "type": "Polygon", "coordinates": [ [ [ 11.934544530984878, 57.710004018773986 ], [ 11.934504483261248, 57.71002145578322 ], [ 11.933974828646404, 57.709720285669967 ], [ 11.934130890954842, 57.709645341987738 ], [ 11.93452957692122, 57.709873087867372 ], [ 11.934444682344076, 57.709915665122779 ], [ 11.934473612091816, 57.709964550761207 ], [ 11.934540667460274, 57.710004033013242 ], [ 11.934544530984878, 57.710004018773986 ] ] ] } },
{ "type": "Feature", "properties": { "id": "89440cee-2867-43e3-84f7-fad078b2ebbf", "objektidentitet": "0f5ac46e-f7c2-4dc1-aa29-456f88107c14", "versiongiltigfran": "2011-03-23T09:08:53.805Z", "lagesosakerhetplan": 0.06, "lagesosakerhethojd": null, "ursprunglig_organisation": "Lantmäteriet", "objektversion": 1.0, "objekttypnr": 2062.0, "objekttyp": "Industri", "insamlingslage": "Takkant", "byggnadsnamn1": "None", "byggnadsnamn2": "None", "byggnadsnamn3": "None", "husnummer": 1.0, "huvudbyggnad": "Nej", "andamal1": "Industri;Ospecificerad", "andamal2": "None", "andamal3": "None", "andamal4": "None", "andamal5": "None" }, "geometry": { "type": "Polygon", "coordinates": [ [ [ 11.934544530984878, 57.710004018773986 ], [ 11.935075442320532, 57.709741984435595 ], [ 11.935631840325192, 57.71005705486894 ], [ 11.935103234901067, 57.710317232965188 ], [ 11.935026762417419, 57.710290600407546 ], [ 11.934983545988471, 57.710269851724739 ], [ 11.934887637787194, 57.71022999424553 ], [ 11.934772588583593, 57.710174222568675 ], [ 11.934663053484691, 57.710112625349829 ], [ 11.934502500310156, 57.710023259260254 ], [ 11.934544530984878, 57.710004018773986 ] ] ] } },
{ "type": "Feature", "properties": { "id": "81dc8205-7b7f-455e-a764-9be31e193948", "objektidentitet": "95c81fc2-c8ec-44f4-afd6-91c3e283a73b", "versiongiltigfran": "2021-09-21T08:04:05.211Z", "lagesosakerhetplan": 0.06, "lagesosakerhethojd": 2.5, "ursprunglig_organisation": "Lantmäteriet", "objektversion": 2.0, "objekttypnr": 2063.0, "objekttyp": "Samhällsfunktion", "insamlingslage": "Takkant", "byggnadsnamn1": "None", "byggnadsnamn2": "None", "byggnadsnamn3": "None", "husnummer": 8.0, "huvudbyggnad": "Nej", "andamal1": "Samhällsfunktion;Ospecificerad", "andamal2": "None", "andamal3": "None", "andamal4": "None", "andamal5": "None" }, "geometry": { "type": "Polygon", "coordinates": [ [ [ 11.933974828646404, 57.709720285669967 ], [ 11.934504483261248, 57.71002145578322 ], [ 11.934346091252344, 57.710102689004025 ], [ 11.93381977707485, 57.709799352190672 ], [ 11.933974828646404, 57.709720285669967 ] ] ] } },
{ "type": "Feature", "properties": { "id": "f35d7343-e0c6-4948-95a8-c6f392db8391", "objektidentitet": "a1ff34cb-c50f-41f9-8d01-4413e23b57a1", "versiongiltigfran": "2012-01-03T09:52:49.467Z", "lagesosakerhetplan": 0.06, "lagesosakerhethojd": null, "ursprunglig_organisation": "Kommunsamverkan", "objektversion": 2.0, "objekttypnr": 2062.0, "objekttyp": "Industri", "insamlingslage": "Takkant", "byggnadsnamn1": "None", "byggnadsnamn2": "None", "byggnadsnamn3": "None", "husnummer": 1.0, "huvudbyggnad": "Nej", "andamal1": "Industri;Ospecificerad", "andamal2": "None", "andamal3": "None", "andamal4": "None", "andamal5": "None" }, "geometry": { "type": "Polygon", "coordinates": [ [ [ 11.93344353341522, 57.71007269846401 ], [ 11.933094239997242, 57.71025015695772 ], [ 11.932885919162372, 57.710132361177799 ], [ 11.932864160310221, 57.710120203186356 ], [ 11.93367073595153, 57.709713490695385 ], [ 11.934357873833729, 57.710109508794091 ], [ 11.933879895869905, 57.710349157778744 ], [ 11.933713633315499, 57.710251661977026 ], [ 11.933655357279227, 57.710218773549457 ], [ 11.933680118254424, 57.710206170335468 ], [ 11.93344353341522, 57.71007269846401 ] ] ] } },
{ "type": "Feature", "properties": { "id": "a879b691-946b-42a0-a4ac-431a30f6203c", "objektidentitet": "0f5ac46e-f7c2-4dc1-aa29-456f88107c14", "versiongiltigfran": "2011-03-23T09:08:53.805Z", "lagesosakerhetplan": 0.06, "lagesosakerhethojd": null, "ursprunglig_organisation": "Lantmäteriet", "objektversion": 1.0, "objekttypnr": 2062.0, "objekttyp": "Industri", "insamlingslage": "Takkant", "byggnadsnamn1": "None", "byggnadsnamn2": "None", "byggnadsnamn3": "None", "husnummer": 1.0, "huvudbyggnad": "Nej", "andamal1": "Industri;Ospecificerad", "andamal2": "None", "andamal3": "None", "andamal4": "None", "andamal5": "None" }, "geometry": { "type": "Polygon", "coordinates": [ [ [ 11.935631853291524, 57.710057100122953 ], [ 11.935771052462654, 57.710136096685673 ], [ 11.93528494459251, 57.71038144106835 ], [ 11.935103895661658, 57.71031815675989 ], [ 11.935631853291524, 57.710057100122953 ] ] ] } },
{ "type": "Feature", "properties": { "id": "ebcabc29-5099-416f-bef7-83d0224752d2", "objektidentitet": "0f5ac46e-f7c2-4dc1-aa29-456f88107c14", "versiongiltigfran": "2011-03-23T09:08:53.805Z", "lagesosakerhetplan": 0.06, "lagesosakerhethojd": null, "ursprunglig_organisation": "Lantmäteriet", "objektversion": 1.0, "objekttypnr": 2062.0, "objekttyp": "Industri", "insamlingslage": "Takkant", "byggnadsnamn1": "None", "byggnadsnamn2": "None", "byggnadsnamn3": "None", "husnummer": 1.0, "huvudbyggnad": "Nej", "andamal1": "Industri;Ospecificerad", "andamal2": "None", "andamal3": "None", "andamal4": "None", "andamal5": "None" }, "geometry": { "type": "Polygon", "coordinates": [ [ [ 11.935370623855551, 57.710338720474041 ], [ 11.935731303894231, 57.710157945436379 ], [ 11.935751758641461, 57.710169451161839 ], [ 11.935392050868614, 57.71035104075294 ], [ 11.935370623855551, 57.710338720474041 ] ] ] } },
{ "type": "Feature", "properties": { "id": "ef7c7dc2-0e34-4870-b5a8-07a09845d607", "objektidentitet": "bb291d2a-fcf9-4820-ac9f-4d6548a32397", "versiongiltigfran": "2024-04-15T12:54:55.004Z", "lagesosakerhetplan": 0.05, "lagesosakerhethojd": null, "ursprunglig_organisation": "Göteborg", "objektversion": 1.0, "objekttypnr": 2067.0, "objekttyp": "Övrig byggnad", "insamlingslage": "Fasad", "byggnadsnamn1": "None", "byggnadsnamn2": "None", "byggnadsnamn3": "None", "husnummer": 18.0, "huvudbyggnad": "Nej", "andamal1": "Övrig byggnad;", "andamal2": "None", "andamal3": "None", "andamal4": "None", "andamal5": "None" }, "geometry": { "type": "Polygon", "coordinates": [ [ [ 11.931785474085737, 57.709852655996706 ], [ 11.931803287902918, 57.709843767472478 ], [ 11.93190890396817, 57.709904382397951 ], [ 11.931890454144256, 57.709913444260678 ], [ 11.931785474085737, 57.709852655996706 ] ] ] } },
{ "type": "Feature", "properties": { "id": "a8fd74ac-aacf-40db-924f-aec69000466f", "objektidentitet": "712f74d6-5481-48af-a0b5-99cfac5a115e", "versiongiltigfran": "2016-10-11T07:04:26.071Z", "lagesosakerhetplan": 0.06, "lagesosakerhethojd": null, "ursprunglig_organisation": "Göteborg", "objektversion": 2.0, "objekttypnr": 2066.0, "objekttyp": "Komplementbyggnad", "insamlingslage": "Takkant", "byggnadsnamn1": "None", "byggnadsnamn2": "None", "byggnadsnamn3": "None", "husnummer": 7.0, "huvudbyggnad": "Nej", "andamal1": "Komplementbyggnad;", "andamal2": "None", "andamal3": "None", "andamal4": "None", "andamal5": "None" }, "geometry": { "type": "Polygon", "coordinates": [ [ [ 11.933504301300031, 57.70937375491259 ], [ 11.933436262697137, 57.709408237426189 ], [ 11.933290683389759, 57.709325946699238 ], [ 11.933358721971391, 57.709291464263423 ], [ 11.933504301300031, 57.70937375491259 ] ] ] } },
{ "type": "Feature", "properties": { "id": "0dec87b3-f43c-41ec-87ca-7eed17769dfd", "objektidentitet": "32641149-ab95-41df-8fd0-66cd067b4bd7", "versiongiltigfran": "2011-03-23T08:58:11.941Z", "lagesosakerhetplan": 0.06, "lagesosakerhethojd": null, "ursprunglig_organisation": "Lantmäteriet", "objektversion": 1.0, "objekttypnr": 2066.0, "objekttyp": "Komplementbyggnad", "insamlingslage": "Takkant", "byggnadsnamn1": "None", "byggnadsnamn2": "None", "byggnadsnamn3": "None", "husnummer": 2.0, "huvudbyggnad": "Nej", "andamal1": "Komplementbyggnad;", "andamal2": "None", "andamal3": "None", "andamal4": "None", "andamal5": "None" }, "geometry": { "type": "Polygon", "coordinates": [ [ [ 11.936145708557257, 57.710346933015629 ], [ 11.936255204075762, 57.710410028936231 ], [ 11.936253104960418, 57.710416584270568 ], [ 11.936240655399336, 57.710498298139889 ], [ 11.936183641107821, 57.710494949029219 ], [ 11.936199268491045, 57.710418354382604 ], [ 11.935822418613867, 57.710202270037151 ], [ 11.93585897544969, 57.710186392868039 ], [ 11.935899208441356, 57.710208866584203 ], [ 11.936020179337184, 57.710277444699123 ], [ 11.936145708557257, 57.710346933015629 ] ] ] } },
{ "type": "Feature", "properties": { "id": "60523e1b-4b6d-45fa-9d47-d68a84666938", "objektidentitet": "f56016f2-9907-470e-80ce-ee14c458675a", "versiongiltigfran": "2022-02-11T12:36:04.261Z", "lagesosakerhetplan": 0.1, "lagesosakerhethojd": null, "ursprunglig_organisation": "Göteborg", "objektversion": 3.0, "objekttypnr": 2062.0, "objekttyp": "Industri", "insamlingslage": "Takkant", "byggnadsnamn1": "None", "byggnadsnamn2": "None", "byggnadsnamn3": "None", "husnummer": 5.0, "huvudbyggnad": "Nej", "andamal1": "Industri;Ospecificerad", "andamal2": "None", "andamal3": "None", "andamal4": "None", "andamal5": "None" }, "geometry": { "type": "Polygon", "coordinates": [ [ [ 11.934415121707053, 57.709502795436904 ], [ 11.934130890954842, 57.709645341987738 ], [ 11.934038635577743, 57.709689376401592 ], [ 11.93391936077203, 57.709618680290625 ], [ 11.934288936061423, 57.709433397253186 ], [ 11.934415121707053, 57.709502795436904 ] ] ] } },
{ "type": "Feature", "properties": { "id": "29b308cc-eb97-45ec-bf78-7bed4873373b", "objektidentitet": "61b71cc5-d035-4e59-95c0-0faadfc8b13a", "versiongiltigfran": "2024-04-15T12:54:56.806Z", "lagesosakerhetplan": 0.05, "lagesosakerhethojd": null, "ursprunglig_organisation": "Göteborg", "objektversion": 1.0, "objekttypnr": 2067.0, "objekttyp": "Övrig byggnad", "insamlingslage": "Fasad", "byggnadsnamn1": "None", "byggnadsnamn2": "None", "byggnadsnamn3": "None", "husnummer": 19.0, "huvudbyggnad": "Nej", "andamal1": "Övrig byggnad;", "andamal2": "None", "andamal3": "None", "andamal4": "None", "andamal5": "None" }, "geometry": { "type": "Polygon", "coordinates": [ [ [ 11.931827974517658, 57.709830857219551 ], [ 11.931846207163867, 57.709821583375138 ], [ 11.931951890325015, 57.709882397627986 ], [ 11.931933730728627, 57.709891403619196 ], [ 11.931827974517658, 57.709830857219551 ] ] ] } },
{ "type": "Feature", "properties": { "id": "fd6df60e-2c8e-4158-be5e-2d11a7dfcbca", "objektidentitet": "41c06872-8929-4226-bdc5-73f54a721a69", "versiongiltigfran": "2011-03-23T09:01:30.066Z", "lagesosakerhetplan": 0.06, "lagesosakerhethojd": 2.5, "ursprunglig_organisation": "Lantmäteriet", "objektversion": 1.0, "objekttypnr": 2062.0, "objekttyp": "Industri", "insamlingslage": "Takkant", "byggnadsnamn1": "None", "byggnadsnamn2": "None", "byggnadsnamn3": "None", "husnummer": 3.0, "huvudbyggnad": "Nej", "andamal1": "Industri;Ospecificerad", "andamal2": "None", "andamal3": "None", "andamal4": "None", "andamal5": "None" }, "geometry": { "type": "Polygon", "coordinates": [ [ [ 11.936253122477254, 57.710416575706788 ], [ 11.936430303089653, 57.710428308447966 ], [ 11.936414131020166, 57.71051135228668 ], [ 11.936240692707916, 57.710498254103491 ], [ 11.936253122477254, 57.710416575706788 ] ] ] } },
{ "type": "Feature", "properties": { "id": "83eeed78-850d-450f-a55d-f5c487821c14", "objektidentitet": "41c06872-8929-4226-bdc5-73f54a721a69", "versiongiltigfran": "2011-03-23T09:01:30.066Z", "lagesosakerhetplan": 0.06, "lagesosakerhethojd": null, "ursprunglig_organisation": "Lantmäteriet", "objektversion": 1.0, "objekttypnr": 2062.0, "objekttyp": "Industri", "insamlingslage": "Takkant", "byggnadsnamn1": "None", "byggnadsnamn2": "None", "byggnadsnamn3": "None", "husnummer": 3.0, "huvudbyggnad": "Nej", "andamal1": "Industri;Ospecificerad", "andamal2": "None", "andamal3": "None", "andamal4": "None", "andamal5": "None" }, "geometry": { "type": "Polygon", "coordinates": [ [ [ 11.936430139784493, 57.710423684669436 ], [ 11.936594540940593, 57.710432240547284 ], [ 11.936578308588619, 57.710521763278074 ], [ 11.936413840755501, 57.710513196782451 ], [ 11.936430139784493, 57.710423684669436 ] ] ] } },
{ "type": "Feature", "properties": { "id": "33541226-cc83-4efd-8259-8ade70e025f1", "objektidentitet": "0bda71db-6565-4ff5-b473-c73ec8445fcb", "versiongiltigfran": "2022-03-25T21:46:23.989Z", "lagesosakerhetplan": 0.1, "lagesosakerhethojd": null, "ursprunglig_organisation": "Göteborg", "objektversion": 2.0, "objekttypnr": 2066.0, "objekttyp": "Komplementbyggnad", "insamlingslage": "Takkant", "byggnadsnamn1": "None", "byggnadsnamn2": "None", "byggnadsnamn3": "None", "husnummer": 17.0, "huvudbyggnad": "Nej", "andamal1": "Komplementbyggnad;", "andamal2": "None", "andamal3": "None", "andamal4": "None", "andamal5": "None" }, "geometry": { "type": "Polygon", "coordinates": [ [ [ 11.933035281823591, 57.709349235862994 ], [ 11.9330062523146, 57.709333108690245 ], [ 11.933079243700183, 57.709295465854034 ], [ 11.93310827321263, 57.709311593010156 ], [ 11.933035281823591, 57.709349235862994 ] ] ] } },
{ "type": "Feature", "properties": { "id": "f0dacd99-cbd1-4ac5-bb46-bbb3ce6fd745", "objektidentitet": "cec3c7e4-ef63-478b-99d0-8616aea61337", "versiongiltigfran": "2012-01-26T15:30:20.867Z", "lagesosakerhetplan": 0.06, "lagesosakerhethojd": null, "ursprunglig_organisation": "Göteborg", "objektversion": 2.0, "objekttypnr": 2064.0, "objekttyp": "Verksamhet", "insamlingslage": "Takkant", "byggnadsnamn1": "None", "byggnadsnamn2": "None", "byggnadsnamn3": "None", "husnummer": 3.0, "huvudbyggnad": "Nej", "andamal1": "Verksamhet;", "andamal2": "None", "andamal3": "None", "andamal4": "None", "andamal5": "None" }, "geometry": { "type": "Polygon", "coordinates": [ [ [ 11.933935599537444, 57.709323710382094 ], [ 11.934033677735616, 57.70927356152685 ], [ 11.934077206787999, 57.70930051985416 ], [ 11.933977073535161, 57.70935094250548 ], [ 11.933935599537444, 57.709323710382094 ] ] ] } },
{ "type": "Feature", "properties": { "id": "a3c82b6d-aa0e-483c-95ee-7f5f5732ade5", "objektidentitet": "51772d65-e836-4f41-b40d-d547b7150990", "versiongiltigfran": "2011-03-23T09:08:54.254Z", "lagesosakerhetplan": 0.06, "lagesosakerhethojd": null, "ursprunglig_organisation": "Lantmäteriet", "objektversion": 1.0, "objekttypnr": 2066.0, "objekttyp": "Komplementbyggnad", "insamlingslage": "Takkant", "byggnadsnamn1": "None", "byggnadsnamn2": "None", "byggnadsnamn3": "None", "husnummer": 13.0, "huvudbyggnad": "Nej", "andamal1": "Komplementbyggnad;", "andamal2": "None", "andamal3": "None", "andamal4": "None", "andamal5": "None" }, "geometry": { "type": "Polygon", "coordinates": [ [ [ 11.932370173443008, 57.709337469003685 ], [ 11.932414987454777, 57.709301021774351 ], [ 11.932573364328709, 57.709355689138228 ], [ 11.932511250962341, 57.709387016238132 ], [ 11.932370173443008, 57.709337469003685 ] ] ] } },
{ "type": "Feature", "properties": { "id": "1fdcfbb2-b484-4e67-9f0d-3ef254262e03", "objektidentitet": "a1ff34cb-c50f-41f9-8d01-4413e23b57a1", "versiongiltigfran": "2012-01-03T09:52:49.467Z", "lagesosakerhetplan": 0.06, "lagesosakerhethojd": null, "ursprunglig_organisation": "Kommunsamverkan", "objektversion": 2.0, "objekttypnr": 2062.0, "objekttyp": "Industri", "insamlingslage": "Takkant", "byggnadsnamn1": "None", "byggnadsnamn2": "None", "byggnadsnamn3": "None", "husnummer": 1.0, "huvudbyggnad": "Nej", "andamal1": "Industri;Ospecificerad", "andamal2": "None", "andamal3": "None", "andamal4": "None", "andamal5": "None" }, "geometry": { "type": "Polygon", "coordinates": [ [ [ 11.933757601414756, 57.709763538066916 ], [ 11.93379809471425, 57.709743415693701 ], [ 11.933860380859253, 57.709779313367257 ], [ 11.933819887552888, 57.709799435760267 ], [ 11.933757601414756, 57.709763538066916 ] ] ] } },
{ "type": "Feature", "properties": { "id": "32ab4811-fc81-405a-a8ad-d18aaf52e510", "objektidentitet": "0ded4b62-50a3-476e-a442-d95efaa826ff", "versiongiltigfran": "2022-03-25T21:44:27.031Z", "lagesosakerhetplan": 0.1, "lagesosakerhethojd": null, "ursprunglig_organisation": "Göteborg", "objektversion": 2.0, "objekttypnr": 2066.0, "objekttyp": "Komplementbyggnad", "insamlingslage": "Takkant", "byggnadsnamn1": "None", "byggnadsnamn2": "None", "byggnadsnamn3": "None", "husnummer": 21.0, "huvudbyggnad": "Nej", "andamal1": "Komplementbyggnad;", "andamal2": "None", "andamal3": "None", "andamal4": "None", "andamal5": "None" }, "geometry": { "type": "Polygon", "coordinates": [ [ [ 11.931496410573626, 57.709433904652506 ], [ 11.931434284080622, 57.70941202193994 ], [ 11.931461552674698, 57.709389835852647 ], [ 11.931494409542257, 57.709401409425396 ], [ 11.931513634459947, 57.709385769227922 ], [ 11.931542920815893, 57.7093960787562 ], [ 11.931496410573626, 57.709433904652506 ] ] ] } },
{ "type": "Feature", "properties": { "id": "46a2d8dd-0614-425e-ad76-36cee5720588", "objektidentitet": "950a9322-531f-4ee1-8d9b-ed424b27ecbf", "versiongiltigfran": "2022-03-25T21:47:15.445Z", "lagesosakerhetplan": 0.1, "lagesosakerhethojd": null, "ursprunglig_organisation": "Göteborg", "objektversion": 2.0, "objekttypnr": 2066.0, "objekttyp": "Komplementbyggnad", "insamlingslage": "Takkant", "byggnadsnamn1": "None", "byggnadsnamn2": "None", "byggnadsnamn3": "None", "husnummer": 15.0, "huvudbyggnad": "Nej", "andamal1": "Komplementbyggnad;", "andamal2": "None", "andamal3": "None", "andamal4": "None", "andamal5": "None" }, "geometry": { "type": "Polygon", "coordinates": [ [ [ 11.933482250400628, 57.709606387001898 ], [ 11.933516911945903, 57.709588900650665 ], [ 11.933586849557832, 57.709628633058649 ], [ 11.933552172007756, 57.709646110053079 ], [ 11.933482250400628, 57.709606387001898 ] ] ] } },
{ "type": "Feature", "properties": { "id": "f65d3f77-049e-4288-8a94-173cc89741ea", "objektidentitet": "6f58cfb7-5acb-43dc-8bbe-5b060ebed67f", "versiongiltigfran": "2012-01-26T15:26:41.828Z", "lagesosakerhetplan": 0.06, "lagesosakerhethojd": null, "ursprunglig_organisation": "Göteborg", "objektversion": 2.0, "objekttypnr": 2064.0, "objekttyp": "Verksamhet", "insamlingslage": "Takkant", "byggnadsnamn1": "None", "byggnadsnamn2": "None", "byggnadsnamn3": "None", "husnummer": 1.0, "huvudbyggnad": "Nej", "andamal1": "Verksamhet;", "andamal2": "None", "andamal3": "None", "andamal4": "None", "andamal5": "None" }, "geometry": { "type": "Polygon", "coordinates": [ [ [ 11.932660680282453, 57.708915461851255 ], [ 11.932939299742172, 57.708687225793042 ], [ 11.933097454070998, 57.708742516296198 ], [ 11.932818835158596, 57.708970752706477 ], [ 11.932660680282453, 57.708915461851255 ] ] ] } },
{ "type": "Feature", "properties": { "id": "4c27b059-73c2-45e1-adcd-b7e5856f772d", "objektidentitet": "0e245151-059c-4bfd-9a93-799a2f4af2e1", "versiongiltigfran": "2012-01-27T13:20:45.285Z", "lagesosakerhetplan": 0.06, "lagesosakerhethojd": 2.5, "ursprunglig_organisation": "Göteborg", "objektversion": 2.0, "objekttypnr": 2064.0, "objekttyp": "Verksamhet", "insamlingslage": "Takkant", "byggnadsnamn1": "None", "byggnadsnamn2": "None", "byggnadsnamn3": "None", "husnummer": 11.0, "huvudbyggnad": "Nej", "andamal1": "Verksamhet;", "andamal2": "None", "andamal3": "None", "andamal4": "None", "andamal5": "None" }, "geometry": { "type": "Polygon", "coordinates": [ [ [ 11.931850395692727, 57.709697920174882 ], [ 11.931828156368379, 57.709601191222362 ], [ 11.931928975923999, 57.709523067868275 ], [ 11.932262478122089, 57.709712488355905 ], [ 11.932058245927157, 57.709815454675997 ], [ 11.931850395692727, 57.709697920174882 ] ] ] } },
{ "type": "Feature", "properties": { "id": "e51fa3fd-b220-4f08-8948-3999efcf39cd", "objektidentitet": "0e245151-059c-4bfd-9a93-799a2f4af2e1", "versiongiltigfran": "2012-01-27T13:20:45.285Z", "lagesosakerhetplan": 0.06, "lagesosakerhethojd": 2.5, "ursprunglig_organisation": "Göteborg", "objektversion": 2.0, "objekttypnr": 2064.0, "objekttyp": "Verksamhet", "insamlingslage": "Takkant", "byggnadsnamn1": "None", "byggnadsnamn2": "None", "byggnadsnamn3": "None", "husnummer": 11.0, "huvudbyggnad": "Nej", "andamal1": "Verksamhet;", "andamal2": "None", "andamal3": "None", "andamal4": "None", "andamal5": "None" }, "geometry": { "type": "Polygon", "coordinates": [ [ [ 11.932787524177275, 57.709545306378118 ], [ 11.933098581381728, 57.709388421145704 ], [ 11.93367073595153, 57.709713490695385 ], [ 11.932809446594552, 57.710147818040312 ], [ 11.932427009534702, 57.710024991060713 ], [ 11.932058245927157, 57.709815454675997 ], [ 11.932696533844686, 57.709493621353509 ], [ 11.932787524177275, 57.709545306378118 ] ] ] } },
{ "type": "Feature", "properties": { "id": "b7e1910a-d302-4c47-8b82-086d7f45a003", "objektidentitet": "0e245151-059c-4bfd-9a93-799a2f4af2e1", "versiongiltigfran": "2012-01-27T13:20:45.285Z", "lagesosakerhetplan": 0.06, "lagesosakerhethojd": null, "ursprunglig_organisation": "Göteborg", "objektversion": 2.0, "objekttypnr": 2064.0, "objekttyp": "Verksamhet", "insamlingslage": "Takkant", "byggnadsnamn1": "None", "byggnadsnamn2": "None", "byggnadsnamn3": "None", "husnummer": 11.0, "huvudbyggnad": "Nej", "andamal1": "Verksamhet;", "andamal2": "None", "andamal3": "None", "andamal4": "None", "andamal5": "None" }, "geometry": { "type": "Polygon", "coordinates": [ [ [ 11.932787458663034, 57.709545286813722 ], [ 11.932718197093408, 57.709505911883006 ], [ 11.932844100874101, 57.709442489190373 ], [ 11.93291336246396, 57.709481864052655 ], [ 11.932787458663034, 57.709545286813722 ] ] ] } },
{ "type": "Feature", "properties": { "id": "06105e1d-a3d3-4b48-8f45-6681e7543acd", "objektidentitet": "cec3c7e4-ef63-478b-99d0-8616aea61337", "versiongiltigfran": "2012-01-26T15:30:20.867Z", "lagesosakerhetplan": 0.06, "lagesosakerhethojd": null, "ursprunglig_organisation": "Göteborg", "objektversion": 2.0, "objekttypnr": 2064.0, "objekttyp": "Verksamhet", "insamlingslage": "Takkant", "byggnadsnamn1": "None", "byggnadsnamn2": "None", "byggnadsnamn3": "None", "husnummer": 3.0, "huvudbyggnad": "Nej", "andamal1": "Verksamhet;", "andamal2": "None", "andamal3": "None", "andamal4": "None", "andamal5": "None" }, "geometry": { "type": "Polygon", "coordinates": [ [ [ 11.933614983807834, 57.708943216340046 ], [ 11.933771601381324, 57.709033369104191 ], [ 11.933761347831492, 57.709037857258053 ], [ 11.933578126576705, 57.708962051616027 ], [ 11.933614983807834, 57.708943216340046 ] ] ] } },
{ "type": "Feature", "properties": { "id": "0a748365-9602-4578-bfd8-a9f5e99f6bfd", "objektidentitet": "cec3c7e4-ef63-478b-99d0-8616aea61337", "versiongiltigfran": "2012-01-26T15:30:20.867Z", "lagesosakerhetplan": 0.06, "lagesosakerhethojd": 2.5, "ursprunglig_organisation": "Göteborg", "objektversion": 2.0, "objekttypnr": 2064.0, "objekttyp": "Verksamhet", "insamlingslage": "Takkant", "byggnadsnamn1": "None", "byggnadsnamn2": "None", "byggnadsnamn3": "None", "husnummer": 3.0, "huvudbyggnad": "Nej", "andamal1": "Verksamhet;", "andamal2": "None", "andamal3": "None", "andamal4": "None", "andamal5": "None" }, "geometry": { "type": "Polygon", "coordinates": [ [ [ 11.933082962491111, 57.709126303023353 ], [ 11.933148518529277, 57.70916243314317 ], [ 11.933066040756822, 57.709204232180653 ], [ 11.932997290793033, 57.709167943694354 ], [ 11.933082962491111, 57.709126303023353 ] ] ] } },
{ "type": "Feature", "properties": { "id": "986de8ce-62e3-4284-b21c-27737fdc3809", "objektidentitet": "07a5d5ed-e7c3-41e4-9f3a-c2232d50ac4a", "versiongiltigfran": "2019-09-30T13:24:44.867Z", "lagesosakerhetplan": 0.06, "lagesosakerhethojd": null, "ursprunglig_organisation": "Lantmäteriet", "objektversion": 7.0, "objekttypnr": 2063.0, "objekttyp": "Samhällsfunktion", "insamlingslage": "Takkant", "byggnadsnamn1": "Lindholmens kunskapscentrum", "byggnadsnamn2": "None", "byggnadsnamn3": "None", "husnummer": 8.0, "huvudbyggnad": "Nej", "andamal1": "Samhällsfunktion;Skola", "andamal2": "None", "andamal3": "None", "andamal4": "None", "andamal5": "None" }, "geometry": { "type": "Polygon", "coordinates": [ [ [ 11.937228010856659, 57.704704804333332 ], [ 11.937208193262947, 57.704682807270963 ], [ 11.937371496876482, 57.704640652688646 ], [ 11.937391314547957, 57.704662649726345 ], [ 11.937228010856659, 57.704704804333332 ] ] ] } },
{ "type": "Feature", "properties": { "id": "b7ed8a57-d62e-4423-8cc5-721ec4e29942", "objektidentitet": "0de89507-ec48-435f-a70d-65538ec72dff", "versiongiltigfran": "2019-04-24T11:25:29.699Z", "lagesosakerhetplan": 0.05, "lagesosakerhethojd": null, "ursprunglig_organisation": "Göteborg", "objektversion": 3.0, "objekttypnr": 2061.0, "objekttyp": "Bostad", "insamlingslage": "Fasad", "byggnadsnamn1": "None", "byggnadsnamn2": "None", "byggnadsnamn3": "None", "husnummer": 2.0, "huvudbyggnad": "Nej", "andamal1": "Bostad;Flerfamiljshus", "andamal2": "None", "andamal3": "None", "andamal4": "None", "andamal5": "None" }, "geometry": { "type": "Polygon", "coordinates": [ [ [ 11.932300105635727, 57.704980031091814 ], [ 11.932256971748496, 57.70493260695217 ], [ 11.93250255824444, 57.704868393093882 ], [ 11.932511580302963, 57.704878247011088 ], [ 11.932802679550205, 57.704801986766519 ], [ 11.932859075253239, 57.70486393330799 ], [ 11.932919343507505, 57.704848164574855 ], [ 11.932966157330972, 57.704899731288663 ], [ 11.932608853920367, 57.704992650221563 ], [ 11.932599962819703, 57.704982835439765 ], [ 11.932427534208104, 57.705028169135517 ], [ 11.932468721408043, 57.70507459327726 ], [ 11.932402193924039, 57.705091899763211 ], [ 11.932360033479897, 57.705045667709641 ], [ 11.932300680057017, 57.705061134801205 ], [ 11.932241248959585, 57.704995779840957 ], [ 11.932300105635727, 57.704980031091814 ] ] ] } },
{ "type": "Feature", "properties": { "id": "bf3b982c-cda5-41d7-b041-de208b648660", "objektidentitet": "9def5abe-bec4-4cd1-ab21-3ce0782dc1c0", "versiongiltigfran": "2019-09-30T13:24:46.960Z", "lagesosakerhetplan": 0.06, "lagesosakerhethojd": null, "ursprunglig_organisation": "Lantmäteriet", "objektversion": 6.0, "objekttypnr": 2063.0, "objekttyp": "Samhällsfunktion", "insamlingslage": "Takkant", "byggnadsnamn1": "Lindholmens kunskapscentrum", "byggnadsnamn2": "None", "byggnadsnamn3": "None", "husnummer": 3.0, "huvudbyggnad": "Ja", "andamal1": "Samhällsfunktion;Skola", "andamal2": "None", "andamal3": "None", "andamal4": "None", "andamal5": "None" }, "geometry": { "type": "Polygon", "coordinates": [ [ [ 11.936554567482162, 57.705077173902779 ], [ 11.936648832632704, 57.705052690450586 ], [ 11.936977343510026, 57.705415041666818 ], [ 11.936883093620965, 57.705439534730992 ], [ 11.936554567482162, 57.705077173902779 ] ] ] } },
{ "type": "Feature", "properties": { "id": "2ebd17d5-1371-4fb4-b588-052319c33021", "objektidentitet": "9def5abe-bec4-4cd1-ab21-3ce0782dc1c0", "versiongiltigfran": "2019-09-30T13:24:46.960Z", "lagesosakerhetplan": 0.06, "lagesosakerhethojd": null, "ursprunglig_organisation": "Lantmäteriet", "objektversion": 6.0, "objekttypnr": 2063.0, "objekttyp": "Samhällsfunktion", "insamlingslage": "Takkant", "byggnadsnamn1": "Lindholmens kunskapscentrum", "byggnadsnamn2": "None", "byggnadsnamn3": "None", "husnummer": 3.0, "huvudbyggnad": "Ja", "andamal1": "Samhällsfunktion;Skola", "andamal2": "None", "andamal3": "None", "andamal4": "None", "andamal5": "None" }, "geometry": { "type": "Polygon", "coordinates": [ [ [ 11.936551922698104, 57.705074296613468 ], [ 11.936959305319242, 57.705523593235078 ], [ 11.936567043558028, 57.705625509679358 ], [ 11.936163785529116, 57.705175134215722 ], [ 11.936551922698104, 57.705074296613468 ] ] ] } },
{ "type": "Feature", "properties": { "id": "a866fcaf-bda1-46f7-b4bb-0c7adaa6c598", "objektidentitet": "258c5282-617e-4f5d-aa44-e72b0e369bfa", "versiongiltigfran": "2019-09-30T13:25:25.742Z", "lagesosakerhetplan": 0.1, "lagesosakerhethojd": null, "ursprunglig_organisation": "Lantmäteriet", "objektversion": 6.0, "objekttypnr": 2063.0, "objekttyp": "Samhällsfunktion", "insamlingslage": "Takkant", "byggnadsnamn1": "Backa Teater", "byggnadsnamn2": "None", "byggnadsnamn3": "None", "husnummer": 4.0, "huvudbyggnad": "Ja", "andamal1": "Samhällsfunktion;Kulturbyggnad", "andamal2": "None", "andamal3": "None", "andamal4": "None", "andamal5": "None" }, "geometry": { "type": "Polygon", "coordinates": [ [ [ 11.936565392291628, 57.705946835224246 ], [ 11.936567254854857, 57.70594764430804 ], [ 11.936440852463448, 57.705981829447424 ], [ 11.936436346945031, 57.705977127472678 ], [ 11.936275021900487, 57.706019427730375 ], [ 11.936195042013276, 57.705933075489646 ], [ 11.936014473834389, 57.705981542493866 ], [ 11.936056591484835, 57.706075624263214 ], [ 11.935979464550098, 57.706094770109061 ], [ 11.93598676147325, 57.706103395559275 ], [ 11.935681920278499, 57.706182080628487 ], [ 11.935670359150553, 57.706170071249112 ], [ 11.935218432963268, 57.706286626869399 ], [ 11.934441885396529, 57.705424961681388 ], [ 11.935781036291145, 57.705079129322236 ], [ 11.936565392291628, 57.705946835224246 ] ] ] } },
{ "type": "Feature", "properties": { "id": "6d224311-a3e4-4bdb-bdfe-9051894975cf", "objektidentitet": "9def5abe-bec4-4cd1-ab21-3ce0782dc1c0", "versiongiltigfran": "2019-09-30T13:24:46.960Z", "lagesosakerhetplan": 0.06, "lagesosakerhethojd": null, "ursprunglig_organisation": "Lantmäteriet", "objektversion": 6.0, "objekttypnr": 2063.0, "objekttyp": "Samhällsfunktion", "insamlingslage": "Takkant", "byggnadsnamn1": "Lindholmens kunskapscentrum", "byggnadsnamn2": "None", "byggnadsnamn3": "None", "husnummer": 3.0, "huvudbyggnad": "Ja", "andamal1": "Samhällsfunktion;Skola", "andamal2": "None", "andamal3": "None", "andamal4": "None", "andamal5": "None" }, "geometry": { "type": "Polygon", "coordinates": [ [ [ 11.936564436037411, 57.705622588353535 ], [ 11.9364761274371, 57.705644519618843 ], [ 11.936073930869343, 57.705202851961424 ], [ 11.936166697025516, 57.705178431420769 ], [ 11.936564436037411, 57.705622588353535 ] ] ] } },
{ "type": "Feature", "properties": { "id": "b38191ad-09cb-4693-af0d-ad9304e79b9a", "objektidentitet": "b5ac73e1-9a73-4304-9909-79cbed8133ed", "versiongiltigfran": "2015-10-08T08:32:42.214Z", "lagesosakerhetplan": 0.06, "lagesosakerhethojd": null, "ursprunglig_organisation": "Göteborg", "objektversion": 2.0, "objekttypnr": 2061.0, "objekttyp": "Bostad", "insamlingslage": "Takkant", "byggnadsnamn1": "None", "byggnadsnamn2": "None", "byggnadsnamn3": "None", "husnummer": 1.0, "huvudbyggnad": "Nej", "andamal1": "Bostad;Flerfamiljshus", "andamal2": "None", "andamal3": "None", "andamal4": "None", "andamal5": "None" }, "geometry": { "type": "Polygon", "coordinates": [ [ [ 11.932016169843994, 57.70519341419169 ], [ 11.932173529663944, 57.70515215567174 ], [ 11.932300847913389, 57.705293263079568 ], [ 11.932288501334984, 57.705315945995252 ], [ 11.931930482877913, 57.705408315458797 ], [ 11.931856431213376, 57.70532506113063 ], [ 11.932080202830303, 57.705264902827558 ], [ 11.932016169843994, 57.70519341419169 ] ] ] } },
{ "type": "Feature", "properties": { "id": "222fdb17-5017-4489-a1d1-0bff12947ddb", "objektidentitet": "9def5abe-bec4-4cd1-ab21-3ce0782dc1c0", "versiongiltigfran": "2019-09-30T13:24:46.960Z", "lagesosakerhetplan": 0.06, "lagesosakerhethojd": null, "ursprunglig_organisation": "Lantmäteriet", "objektversion": 6.0, "objekttypnr": 2063.0, "objekttyp": "Samhällsfunktion", "insamlingslage": "Takkant", "byggnadsnamn1": "Lindholmens kunskapscentrum", "byggnadsnamn2": "None", "byggnadsnamn3": "None", "husnummer": 3.0, "huvudbyggnad": "Ja", "andamal1": "Samhällsfunktion;Skola", "andamal2": "None", "andamal3": "None", "andamal4": "None", "andamal5": "None" }, "geometry": { "type": "Polygon", "coordinates": [ [ [ 11.9369788877439, 57.705417829382235 ], [ 11.937055005745364, 57.70538377441774 ], [ 11.937069965603287, 57.705394113303626 ], [ 11.937094382138209, 57.705413947772847 ], [ 11.937115071720143, 57.705434968292771 ], [ 11.937119435797623, 57.705440152169999 ], [ 11.937135205698604, 57.705462365815229 ], [ 11.937146818869255, 57.705485287733886 ], [ 11.93704904865014, 57.705495207052707 ], [ 11.9369788877439, 57.705417829382235 ] ] ] } },
{ "type": "Feature", "properties": { "id": "ed39be73-bf9d-4717-9f5c-35c1c473d013", "objektidentitet": "9def5abe-bec4-4cd1-ab21-3ce0782dc1c0", "versiongiltigfran": "2019-09-30T13:24:46.960Z", "lagesosakerhetplan": 0.06, "lagesosakerhethojd": null, "ursprunglig_organisation": "Lantmäteriet", "objektversion": 6.0, "objekttypnr": 2063.0, "objekttyp": "Samhällsfunktion", "insamlingslage": "Takkant", "byggnadsnamn1": "Lindholmens kunskapscentrum", "byggnadsnamn2": "None", "byggnadsnamn3": "None", "husnummer": 3.0, "huvudbyggnad": "Ja", "andamal1": "Samhällsfunktion;Skola", "andamal2": "None", "andamal3": "None", "andamal4": "None", "andamal5": "None" }, "geometry": { "type": "Polygon", "coordinates": [ [ [ 11.936883093620965, 57.705439534730992 ], [ 11.936976553015151, 57.705415256213854 ], [ 11.937050568065791, 57.70549689763174 ], [ 11.936957108507015, 57.705521176201721 ], [ 11.936883093620965, 57.705439534730992 ] ] ] } },
{ "type": "Feature", "properties": { "id": "e06a1e2d-3835-4380-a876-ffc5b73610fa", "objektidentitet": "109a01a2-18f7-4af6-aabb-a274fc828d70", "versiongiltigfran": "2015-06-30T14:15:59.655Z", "lagesosakerhetplan": 0.06, "lagesosakerhethojd": null, "ursprunglig_organisation": "Kommunsamverkan", "objektversion": 2.0, "objekttypnr": 2061.0, "objekttyp": "Bostad", "insamlingslage": "Takkant", "byggnadsnamn1": "None", "byggnadsnamn2": "None", "byggnadsnamn3": "None", "husnummer": 1.0, "huvudbyggnad": "Nej", "andamal1": "Bostad;Flerfamiljshus", "andamal2": "None", "andamal3": "None", "andamal4": "None", "andamal5": "None" }, "geometry": { "type": "Polygon", "coordinates": [ [ [ 11.933053536599802, 57.705901270655154 ], [ 11.932930846919762, 57.705761759330741 ], [ 11.93294193711364, 57.705738443699623 ], [ 11.93331169704881, 57.705611491553199 ], [ 11.933743960581443, 57.705460185942691 ], [ 11.933794274342619, 57.705466429782113 ], [ 11.933924894715286, 57.705595382814295 ], [ 11.933781771779749, 57.705646785514077 ], [ 11.933708928357619, 57.705579164795147 ], [ 11.93368500253171, 57.705585307871367 ], [ 11.933687758353509, 57.705593023458334 ], [ 11.933406929146321, 57.705691330662887 ], [ 11.933153072110843, 57.70577942467704 ], [ 11.933145527119134, 57.705789020704053 ], [ 11.933200039185675, 57.70584646334099 ], [ 11.933237508767981, 57.705832460625317 ], [ 11.933381469742766, 57.705993851760631 ], [ 11.933183979670472, 57.706044412216393 ], [ 11.933053536599802, 57.705901270655154 ] ] ] } },
{ "type": "Feature", "properties": { "id": "62b35b61-f866-481a-8ef7-5d754d445480", "objektidentitet": "f06a5072-8132-43bd-97bb-a43d2109abfc", "versiongiltigfran": "2011-03-23T09:10:26.877Z", "lagesosakerhetplan": 0.025, "lagesosakerhethojd": null, "ursprunglig_organisation": "Lantmäteriet", "objektversion": 1.0, "objekttypnr": 2061.0, "objekttyp": "Bostad", "insamlingslage": "Takkant", "byggnadsnamn1": "None", "byggnadsnamn2": "None", "byggnadsnamn3": "None", "husnummer": 1.0, "huvudbyggnad": "Nej", "andamal1": "Bostad;Flerfamiljshus", "andamal2": "None", "andamal3": "None", "andamal4": "None", "andamal5": "None" }, "geometry": { "type": "Polygon", "coordinates": [ [ [ 11.933814166002415, 57.705674714459136 ], [ 11.933964700782056, 57.705635535282305 ], [ 11.934115010885392, 57.705800899333788 ], [ 11.933747151884573, 57.705896657607397 ], [ 11.933673964933533, 57.705816022915279 ], [ 11.933891119918275, 57.70575944902113 ], [ 11.933814166002415, 57.705674714459136 ] ] ] } },
{ "type": "Feature", "properties": { "id": "f2b89402-8e4c-484a-bfa6-637734791f96", "objektidentitet": "4ef9783c-3bb2-418c-b9a1-73379ca56628", "versiongiltigfran": "2011-03-23T08:54:58.714Z", "lagesosakerhetplan": 0.06, "lagesosakerhethojd": 2.5, "ursprunglig_organisation": "Lantmäteriet", "objektversion": 1.0, "objekttypnr": 2064.0, "objekttyp": "Verksamhet", "insamlingslage": "Takkant", "byggnadsnamn1": "None", "byggnadsnamn2": "None", "byggnadsnamn3": "None", "husnummer": 1.0, "huvudbyggnad": "Nej", "andamal1": "Verksamhet;", "andamal2": "None", "andamal3": "None", "andamal4": "None", "andamal5": "None" }, "geometry": { "type": "Polygon", "coordinates": [ [ [ 11.932235337042945, 57.705709625586927 ], [ 11.93231938013782, 57.705801022415429 ], [ 11.932032253551483, 57.705876658976528 ], [ 11.931948227774388, 57.705785262369936 ], [ 11.932235337042945, 57.705709625586927 ] ] ] } },
{ "type": "Feature", "properties": { "id": "a5b32a7b-b56f-471e-9350-9dd06d70b519", "objektidentitet": "c0adfbd6-e5d2-4340-ad8b-1b52d3f533a3", "versiongiltigfran": "2011-03-23T08:57:54.344Z", "lagesosakerhetplan": 0.06, "lagesosakerhethojd": 2.5, "ursprunglig_organisation": "Lantmäteriet", "objektversion": 1.0, "objekttypnr": 2061.0, "objekttyp": "Bostad", "insamlingslage": "Takkant", "byggnadsnamn1": "None", "byggnadsnamn2": "None", "byggnadsnamn3": "None", "husnummer": 5.0, "huvudbyggnad": "Nej", "andamal1": "Bostad;Flerfamiljshus", "andamal2": "None", "andamal3": "None", "andamal4": "None", "andamal5": "None" }, "geometry": { "type": "Polygon", "coordinates": [ [ [ 11.932240697241744, 57.706041889293424 ], [ 11.932171722099486, 57.705966083518149 ], [ 11.932724961628097, 57.705821849522799 ], [ 11.932793937673154, 57.705897655006481 ], [ 11.932240697241744, 57.706041889293424 ] ] ] } },
{ "type": "Feature", "properties": { "id": "f6a15f6f-328a-4a22-b956-28e49b1fb4f6", "objektidentitet": "258c5282-617e-4f5d-aa44-e72b0e369bfa", "versiongiltigfran": "2019-09-30T13:25:25.742Z", "lagesosakerhetplan": 0.06, "lagesosakerhethojd": null, "ursprunglig_organisation": "Lantmäteriet", "objektversion": 6.0, "objekttypnr": 2063.0, "objekttyp": "Samhällsfunktion", "insamlingslage": "Takkant", "byggnadsnamn1": "Backa Teater", "byggnadsnamn2": "None", "byggnadsnamn3": "None", "husnummer": 4.0, "huvudbyggnad": "Ja", "andamal1": "Samhällsfunktion;Kulturbyggnad", "andamal2": "None", "andamal3": "None", "andamal4": "None", "andamal5": "None" }, "geometry": { "type": "Polygon", "coordinates": [ [ [ 11.936355604061884, 57.706108194293115 ], [ 11.936321215794726, 57.706117140401844 ], [ 11.936179336340889, 57.705959371459755 ], [ 11.936211675122031, 57.705951031877291 ], [ 11.936275021900487, 57.706019427730375 ], [ 11.936355604061884, 57.706108194293115 ] ] ] } },
{ "type": "Feature", "properties": { "id": "9a4523fe-64b6-49cc-bbaa-d5d8707f5d51", "objektidentitet": "fa22b604-2a8f-42dd-b65c-d19ca6858fe2", "versiongiltigfran": "2023-08-21T16:16:42.929Z", "lagesosakerhetplan": 0.06, "lagesosakerhethojd": 2.5, "ursprunglig_organisation": "Göteborg", "objektversion": 2.0, "objekttypnr": 2063.0, "objekttyp": "Samhällsfunktion", "insamlingslage": "Takkant", "byggnadsnamn1": "None", "byggnadsnamn2": "None", "byggnadsnamn3": "None", "husnummer": 1.0, "huvudbyggnad": "Nej", "andamal1": "Samhällsfunktion;Universitet", "andamal2": "None", "andamal3": "None", "andamal4": "None", "andamal5": "None" }, "geometry": { "type": "Polygon", "coordinates": [ [ [ 11.936816704382609, 57.706032024154261 ], [ 11.936831094612236, 57.706047715099949 ], [ 11.936809183399916, 57.706053467135142 ], [ 11.936707530551809, 57.7060812951363 ], [ 11.936687307524894, 57.706086144292144 ], [ 11.936673202683396, 57.706071646654699 ], [ 11.936816704382609, 57.706032024154261 ] ] ] } },
{ "type": "Feature", "properties": { "id": "65b90e14-1d03-4dbe-8077-0c9242ba13a0", "objektidentitet": "58a769ed-f591-4e2e-b815-71ddea3e92a2", "versiongiltigfran": "2023-08-17T16:07:28.262Z", "lagesosakerhetplan": 0.06, "lagesosakerhethojd": 2.5, "ursprunglig_organisation": "Göteborg", "objektversion": 2.0, "objekttypnr": 2063.0, "objekttyp": "Samhällsfunktion", "insamlingslage": "Takkant", "byggnadsnamn1": "None", "byggnadsnamn2": "None", "byggnadsnamn3": "None", "husnummer": 2.0, "huvudbyggnad": "Nej", "andamal1": "Samhällsfunktion;Universitet", "andamal2": "None", "andamal3": "None", "andamal4": "None", "andamal5": "None" }, "geometry": { "type": "Polygon", "coordinates": [ [ [ 11.936327601959713, 57.706557697532851 ], [ 11.936321054917437, 57.706550528344245 ], [ 11.93631506100437, 57.706551515668878 ], [ 11.93627378087093, 57.706506313000041 ], [ 11.936244622436066, 57.706505229324783 ], [ 11.936222492732503, 57.706480983052025 ], [ 11.936239720374235, 57.706476016481858 ], [ 11.936064157706904, 57.706282486351192 ], [ 11.936043214239858, 57.706282149863227 ], [ 11.936021802988206, 57.706257750180228 ], [ 11.936044208046244, 57.706252118095129 ], [ 11.936005168131308, 57.706207634697691 ], [ 11.936007510644762, 57.706206738708374 ], [ 11.936001579401058, 57.706200231551527 ], [ 11.936635203665249, 57.706035502554315 ], [ 11.93664136360468, 57.706042284857979 ], [ 11.936644251636938, 57.706041887418792 ], [ 11.936687307524894, 57.706086144292144 ], [ 11.936707530551809, 57.7060812951363 ], [ 11.936730416545565, 57.706103348592755 ], [ 11.9367192006167, 57.70611327836302 ], [ 11.936893096853092, 57.70630589536345 ], [ 11.936909820834609, 57.706302714106286 ], [ 11.936931323076541, 57.706326441733829 ], [ 11.936917177278975, 57.706338853167566 ], [ 11.936957168691437, 57.706384410897606 ], [ 11.936952430141245, 57.706385644359877 ], [ 11.936959664631262, 57.706393621102684 ], [ 11.936327601959713, 57.706557697532851 ] ] ] } },
{ "type": "Feature", "properties": { "id": "3e2e6154-2f77-4fba-a6ec-219bc5efbc8d", "objektidentitet": "004bbbed-628f-4344-ae56-0fa0579c0706", "versiongiltigfran": "2011-03-23T08:44:32.078Z", "lagesosakerhetplan": 0.025, "lagesosakerhethojd": null, "ursprunglig_organisation": "Lantmäteriet", "objektversion": 1.0, "objekttypnr": 2066.0, "objekttyp": "Komplementbyggnad", "insamlingslage": "Takkant", "byggnadsnamn1": "None", "byggnadsnamn2": "None", "byggnadsnamn3": "None", "husnummer": 13.0, "huvudbyggnad": "Nej", "andamal1": "Komplementbyggnad;", "andamal2": "None", "andamal3": "None", "andamal4": "None", "andamal5": "None" }, "geometry": { "type": "Polygon", "coordinates": [ [ [ 11.932224957291316, 57.706097520828131 ], [ 11.932336678397288, 57.706068421563387 ], [ 11.932382843783079, 57.706119325614317 ], [ 11.93227120937371, 57.706148391071892 ], [ 11.932224957291316, 57.706097520828131 ] ] ] } },
{ "type": "Feature", "properties": { "id": "55cfddc9-6e42-46ef-87b8-c2dff5b37095", "objektidentitet": "0efb31a0-8ed4-4877-9eb3-9c59ce4596fe", "versiongiltigfran": "2023-08-21T16:17:55.438Z", "lagesosakerhetplan": 0.06, "lagesosakerhethojd": null, "ursprunglig_organisation": "Göteborg", "objektversion": 3.0, "objekttypnr": 2063.0, "objekttyp": "Samhällsfunktion", "insamlingslage": "Takkant", "byggnadsnamn1": "None", "byggnadsnamn2": "None", "byggnadsnamn3": "None", "husnummer": 5.0, "huvudbyggnad": "Nej", "andamal1": "Samhällsfunktion;Universitet", "andamal2": "None", "andamal3": "None", "andamal4": "None", "andamal5": "None" }, "geometry": { "type": "Polygon", "coordinates": [ [ [ 11.936116281760921, 57.706602642672827 ], [ 11.936163951916013, 57.706590324229794 ], [ 11.935856864743963, 57.706246834401078 ], [ 11.935775725817996, 57.706268345660114 ], [ 11.935760212202032, 57.706253831768585 ], [ 11.935865997694576, 57.706226589964359 ], [ 11.936201153871497, 57.706597957238365 ], [ 11.936127774942541, 57.706617445625717 ], [ 11.936116281760921, 57.706602642672827 ] ] ] } },
{ "type": "Feature", "properties": { "id": "5c2576d4-774b-4e1a-8f83-11b6c6553448", "objektidentitet": "0efb31a0-8ed4-4877-9eb3-9c59ce4596fe", "versiongiltigfran": "2023-08-21T16:17:55.438Z", "lagesosakerhetplan": 0.025, "lagesosakerhethojd": 2.5, "ursprunglig_organisation": "Göteborg", "objektversion": 3.0, "objekttypnr": 2063.0, "objekttyp": "Samhällsfunktion", "insamlingslage": "Takkant", "byggnadsnamn1": "None", "byggnadsnamn2": "None", "byggnadsnamn3": "None", "husnummer": 5.0, "huvudbyggnad": "Nej", "andamal1": "Samhällsfunktion;Universitet", "andamal2": "None", "andamal3": "None", "andamal4": "None", "andamal5": "None" }, "geometry": { "type": "Polygon", "coordinates": [ [ [ 11.935860181428646, 57.706243948700866 ], [ 11.936172803812989, 57.706587905136551 ], [ 11.935892261545687, 57.7066609595744 ], [ 11.935579641998213, 57.706316993498938 ], [ 11.935860181428646, 57.706243948700866 ] ] ] } },
{ "type": "Feature", "properties": { "id": "afbb458b-c2ff-45f9-81f0-55decf2d6e77", "objektidentitet": "94904441-107f-4a0e-8203-8e1361bf5815", "versiongiltigfran": "2015-10-08T08:34:18.501Z", "lagesosakerhetplan": 0.06, "lagesosakerhethojd": null, "ursprunglig_organisation": "Göteborg", "objektversion": 2.0, "objekttypnr": 2061.0, "objekttyp": "Bostad", "insamlingslage": "Takkant", "byggnadsnamn1": "None", "byggnadsnamn2": "None", "byggnadsnamn3": "None", "husnummer": 3.0, "huvudbyggnad": "Nej", "andamal1": "Bostad;Flerfamiljshus", "andamal2": "None", "andamal3": "None", "andamal4": "None", "andamal5": "None" }, "geometry": { "type": "Polygon", "coordinates": [ [ [ 11.932011487173183, 57.706362046874467 ], [ 11.931942572067459, 57.706286125590758 ], [ 11.932224400865685, 57.70621281443654 ], [ 11.932293333189239, 57.70628873597822 ], [ 11.932011487173183, 57.706362046874467 ] ] ] } },
{ "type": "Feature", "properties": { "id": "f964a619-67df-471c-870f-8db77708603d", "objektidentitet": "8dafd1c1-a571-4e9c-913a-30604a3acfc5", "versiongiltigfran": "2015-10-08T08:32:42.214Z", "lagesosakerhetplan": 0.06, "lagesosakerhethojd": null, "ursprunglig_organisation": "Göteborg", "objektversion": 1.0, "objekttypnr": 2066.0, "objekttyp": "Komplementbyggnad", "insamlingslage": "Takkant", "byggnadsnamn1": "None", "byggnadsnamn2": "None", "byggnadsnamn3": "None", "husnummer": 3.0, "huvudbyggnad": "Nej", "andamal1": "Komplementbyggnad;", "andamal2": "None", "andamal3": "None", "andamal4": "None", "andamal5": "None" }, "geometry": { "type": "Polygon", "coordinates": [ [ [ 11.933939248306714, 57.706335236213853 ], [ 11.934097221581787, 57.706293109309073 ], [ 11.934113367661643, 57.706310460973377 ], [ 11.933955395087079, 57.706352578928062 ], [ 11.933939248306714, 57.706335236213853 ] ] ] } },
{ "type": "Feature", "properties": { "id": "90032ec7-2e4d-434d-a1f9-6bf556405f71", "objektidentitet": "bb07014f-f045-47ee-8ea3-b27e67f09e43", "versiongiltigfran": "2023-08-21T16:18:36.519Z", "lagesosakerhetplan": 0.06, "lagesosakerhethojd": 2.5, "ursprunglig_organisation": "Göteborg", "objektversion": 3.0, "objekttypnr": 2063.0, "objekttyp": "Samhällsfunktion", "insamlingslage": "Takkant", "byggnadsnamn1": "None", "byggnadsnamn2": "None", "byggnadsnamn3": "None", "husnummer": 8.0, "huvudbyggnad": "Nej", "andamal1": "Samhällsfunktion;Universitet", "andamal2": "None", "andamal3": "None", "andamal4": "None", "andamal5": "None" }, "geometry": { "type": "Polygon", "coordinates": [ [ [ 11.935484345199258, 57.706417184036987 ], [ 11.935431330934684, 57.706358457503896 ], [ 11.935502468532924, 57.706340056701677 ], [ 11.935555399104343, 57.706398781176347 ], [ 11.935484345199258, 57.706417184036987 ] ] ] } },
{ "type": "Feature", "properties": { "id": "86c28566-c8cf-4618-9633-92b842a24a92", "objektidentitet": "df937739-2804-4607-aaff-4c043a9c1678", "versiongiltigfran": "2015-10-08T08:34:18.501Z", "lagesosakerhetplan": 0.06, "lagesosakerhethojd": null, "ursprunglig_organisation": "Göteborg", "objektversion": 2.0, "objekttypnr": 2061.0, "objekttyp": "Bostad", "insamlingslage": "Takkant", "byggnadsnamn1": "None", "byggnadsnamn2": "None", "byggnadsnamn3": "None", "husnummer": 1.0, "huvudbyggnad": "Nej", "andamal1": "Bostad;Småhus friliggande", "andamal2": "None", "andamal3": "None", "andamal4": "None", "andamal5": "None" }, "geometry": { "type": "Polygon", "coordinates": [ [ [ 11.934107371042563, 57.706323986383822 ], [ 11.934125857164773, 57.706344243954021 ], [ 11.934177496479469, 57.706331456206229 ], [ 11.934227136108737, 57.706388169092449 ], [ 11.934066015017905, 57.706463736112823 ], [ 11.933763128475862, 57.706513073276355 ], [ 11.933651782272811, 57.706467276912306 ], [ 11.933729745542447, 57.706446804529975 ], [ 11.933710967268768, 57.706427025170072 ], [ 11.934107371042563, 57.706323986383822 ] ] ] } },
{ "type": "Feature", "properties": { "id": "fd6fbf6f-1903-4d44-83bb-c64cec08ff87", "objektidentitet": "58a769ed-f591-4e2e-b815-71ddea3e92a2", "versiongiltigfran": "2023-08-17T16:07:28.262Z", "lagesosakerhetplan": 0.06, "lagesosakerhethojd": null, "ursprunglig_organisation": "Göteborg", "objektversion": 2.0, "objekttypnr": 2063.0, "objekttyp": "Samhällsfunktion", "insamlingslage": "Takkant", "byggnadsnamn1": "None", "byggnadsnamn2": "None", "byggnadsnamn3": "None", "husnummer": 2.0, "huvudbyggnad": "Nej", "andamal1": "Samhällsfunktion;Universitet", "andamal2": "None", "andamal3": "None", "andamal4": "None", "andamal5": "None" }, "geometry": { "type": "Polygon", "coordinates": [ [ [ 11.936422317423856, 57.706611968866945 ], [ 11.93636478720145, 57.706548046186555 ], [ 11.936920934455319, 57.706403675622624 ], [ 11.936978791323122, 57.706467318333537 ], [ 11.936422317423856, 57.706611968866945 ] ] ] } },
{ "type": "Feature", "properties": { "id": "6d1f946c-f738-473e-8ede-5ac06bf7292e", "objektidentitet": "6518ad2a-400a-4a38-8421-719bcb9f3318", "versiongiltigfran": "2023-08-17T16:21:58.295Z", "lagesosakerhetplan": 0.06, "lagesosakerhethojd": null, "ursprunglig_organisation": "Göteborg", "objektversion": 4.0, "objekttypnr": 2063.0, "objekttyp": "Samhällsfunktion", "insamlingslage": "Takkant", "byggnadsnamn1": "None", "byggnadsnamn2": "None", "byggnadsnamn3": "None", "husnummer": 7.0, "huvudbyggnad": "Nej", "andamal1": "Samhällsfunktion;Universitet", "andamal2": "None", "andamal3": "None", "andamal4": "None", "andamal5": "None" }, "geometry": { "type": "Polygon", "coordinates": [ [ [ 11.93563462740804, 57.706584783452804 ], [ 11.935484313202529, 57.706417165285849 ], [ 11.935550248487283, 57.706400121448638 ], [ 11.935602790359059, 57.706433256661057 ], [ 11.935719888315251, 57.706562787900829 ], [ 11.93563462740804, 57.706584783452804 ] ] ] } },
{ "type": "Feature", "properties": { "id": "d3ad071f-ebe5-4528-b761-5c8f2f9486ce", "objektidentitet": "07a5d5ed-e7c3-41e4-9f3a-c2232d50ac4a", "versiongiltigfran": "2019-09-30T13:24:44.867Z", "lagesosakerhetplan": 0.06, "lagesosakerhethojd": null, "ursprunglig_organisation": "Lantmäteriet", "objektversion": 7.0, "objekttypnr": 2063.0, "objekttyp": "Samhällsfunktion", "insamlingslage": "Takkant", "byggnadsnamn1": "Lindholmens kunskapscentrum", "byggnadsnamn2": "None", "byggnadsnamn3": "None", "husnummer": 8.0, "huvudbyggnad": "Nej", "andamal1": "Samhällsfunktion;Skola", "andamal2": "None", "andamal3": "None", "andamal4": "None", "andamal5": "None" }, "geometry": { "type": "Polygon", "coordinates": [ [ [ 11.937416377706441, 57.704668865018888 ], [ 11.937479886458258, 57.704652471535127 ], [ 11.93757522719889, 57.704758330266287 ], [ 11.937511718301517, 57.704774723796277 ], [ 11.937416377706441, 57.704668865018888 ] ] ] } },
{ "type": "Feature", "properties": { "id": "65879f29-80a2-4a69-9055-0bb431c751c6", "objektidentitet": "c9dd5701-3b40-4177-b584-6942ff1b7506", "versiongiltigfran": "2015-06-30T14:17:40.260Z", "lagesosakerhetplan": 0.06, "lagesosakerhethojd": null, "ursprunglig_organisation": "Göteborg", "objektversion": 2.0, "objekttypnr": 2066.0, "objekttyp": "Komplementbyggnad", "insamlingslage": "Takkant", "byggnadsnamn1": "None", "byggnadsnamn2": "None", "byggnadsnamn3": "None", "husnummer": 12.0, "huvudbyggnad": "Nej", "andamal1": "Komplementbyggnad;", "andamal2": "None", "andamal3": "None", "andamal4": "None", "andamal5": "None" }, "geometry": { "type": "Polygon", "coordinates": [ [ [ 11.930690595192697, 57.706677436631395 ], [ 11.930793494959264, 57.706690880614744 ], [ 11.930780915807819, 57.706718474198283 ], [ 11.93067801520875, 57.706705039173606 ], [ 11.930690595192697, 57.706677436631395 ] ] ] } },
{ "type": "Feature", "properties": { "id": "df3c6faa-df0d-448a-8ab2-e06ce1647bf8", "objektidentitet": "19e740a8-cfa8-48c7-995b-3a36303c5606", "versiongiltigfran": "2011-03-23T09:05:22.170Z", "lagesosakerhetplan": 0.025, "lagesosakerhethojd": null, "ursprunglig_organisation": "Lantmäteriet", "objektversion": 1.0, "objekttypnr": 2061.0, "objekttyp": "Bostad", "insamlingslage": "Takkant", "byggnadsnamn1": "None", "byggnadsnamn2": "None", "byggnadsnamn3": "None", "husnummer": 7.0, "huvudbyggnad": "Nej", "andamal1": "Bostad;Flerfamiljshus", "andamal2": "None", "andamal3": "None", "andamal4": "None", "andamal5": "None" }, "geometry": { "type": "Polygon", "coordinates": [ [ [ 11.930812113343354, 57.707007997839867 ], [ 11.930817802375344, 57.706938829334149 ], [ 11.93087043923849, 57.706800657434115 ], [ 11.931018329600784, 57.706816801602315 ], [ 11.930968116155197, 57.706948767707637 ], [ 11.93095616256033, 57.707092321781438 ], [ 11.930654589395896, 57.707085184872803 ], [ 11.930661259326547, 57.707004436650386 ], [ 11.930812113343354, 57.707007997839867 ] ] ] } },
{ "type": "Feature", "properties": { "id": "37e105ba-d5a8-4f04-b25c-ba736ed96cb1", "objektidentitet": "9b77aef7-d376-468f-9c84-b2b4f6505cff", "versiongiltigfran": "2011-03-23T09:12:33.381Z", "lagesosakerhetplan": 0.06, "lagesosakerhethojd": 2.5, "ursprunglig_organisation": "Lantmäteriet", "objektversion": 1.0, "objekttypnr": 2066.0, "objekttyp": "Komplementbyggnad", "insamlingslage": "Takkant", "byggnadsnamn1": "None", "byggnadsnamn2": "None", "byggnadsnamn3": "None", "husnummer": 5.0, "huvudbyggnad": "Nej", "andamal1": "Komplementbyggnad;", "andamal2": "None", "andamal3": "None", "andamal4": "None", "andamal5": "None" }, "geometry": { "type": "Polygon", "coordinates": [ [ [ 11.930806564816924, 57.705972561465927 ], [ 11.930888871981759, 57.705950964861351 ], [ 11.93091998230379, 57.705984912356229 ], [ 11.93083760192952, 57.706006381373484 ], [ 11.930806564816924, 57.705972561465927 ] ] ] } },
{ "type": "Feature", "properties": { "id": "094d4549-4d24-429a-9e4d-b6b62e208359", "objektidentitet": "9cdb1355-5e8b-48e1-abd8-c0a31b900454", "versiongiltigfran": "2011-03-23T08:58:22.204Z", "lagesosakerhetplan": 0.06, "lagesosakerhethojd": 2.5, "ursprunglig_organisation": "Lantmäteriet", "objektversion": 1.0, "objekttypnr": 2066.0, "objekttyp": "Komplementbyggnad", "insamlingslage": "Takkant", "byggnadsnamn1": "None", "byggnadsnamn2": "None", "byggnadsnamn3": "None", "husnummer": 3.0, "huvudbyggnad": "Nej", "andamal1": "Komplementbyggnad;", "andamal2": "None", "andamal3": "None", "andamal4": "None", "andamal5": "None" }, "geometry": { "type": "Polygon", "coordinates": [ [ [ 11.93083760192952, 57.706006381373484 ], [ 11.93091998230379, 57.705984912356229 ], [ 11.930948557982378, 57.706016074982962 ], [ 11.930866300212557, 57.706037681814273 ], [ 11.93083760192952, 57.706006381373484 ] ] ] } },
{ "type": "Feature", "properties": { "id": "7764022f-da31-49d4-affd-fca359df2be9", "objektidentitet": "58800163-6494-4ac8-8bb7-37ad7a810525", "versiongiltigfran": "2011-03-23T08:54:35.058Z", "lagesosakerhetplan": 0.06, "lagesosakerhethojd": null, "ursprunglig_organisation": "Lantmäteriet", "objektversion": 1.0, "objekttypnr": 2066.0, "objekttyp": "Komplementbyggnad", "insamlingslage": "Takkant", "byggnadsnamn1": "None", "byggnadsnamn2": "None", "byggnadsnamn3": "None", "husnummer": 8.0, "huvudbyggnad": "Nej", "andamal1": "Komplementbyggnad;", "andamal2": "None", "andamal3": "None", "andamal4": "None", "andamal5": "None" }, "geometry": { "type": "Polygon", "coordinates": [ [ [ 11.931060148087557, 57.705907420794823 ], [ 11.931219704840505, 57.705866045930286 ], [ 11.931249599580511, 57.705899083027504 ], [ 11.931090170689766, 57.705940532937241 ], [ 11.931060148087557, 57.705907420794823 ] ] ] } },
{ "type": "Feature", "properties": { "id": "17b2d0f3-75c3-4b31-9d08-06db1f9f2b58", "objektidentitet": "6ca7b90b-6c04-4a0b-b559-d9b260367700", "versiongiltigfran": "2011-03-23T08:59:26.614Z", "lagesosakerhetplan": 0.025, "lagesosakerhethojd": null, "ursprunglig_organisation": "Lantmäteriet", "objektversion": 1.0, "objekttypnr": 2061.0, "objekttyp": "Bostad", "insamlingslage": "Takkant", "byggnadsnamn1": "None", "byggnadsnamn2": "None", "byggnadsnamn3": "None", "husnummer": 8.0, "huvudbyggnad": "Nej", "andamal1": "Bostad;Flerfamiljshus", "andamal2": "None", "andamal3": "None", "andamal4": "None", "andamal5": "None" }, "geometry": { "type": "Polygon", "coordinates": [ [ [ 11.931127141551165, 57.706328480424602 ], [ 11.931062675407727, 57.706257547050704 ], [ 11.931340703733357, 57.706185116348919 ], [ 11.931405256362464, 57.706256024709425 ], [ 11.931127141551165, 57.706328480424602 ] ] ] } },
{ "type": "Feature", "properties": { "id": "7fc09e39-1592-40a8-9048-1392d136f801", "objektidentitet": "880a874d-c01e-473a-9ba7-1753b41b00a9", "versiongiltigfran": "2012-01-03T09:48:14.367Z", "lagesosakerhetplan": 0.06, "lagesosakerhethojd": null, "ursprunglig_organisation": "Göteborg", "objektversion": 2.0, "objekttypnr": 2066.0, "objekttyp": "Komplementbyggnad", "insamlingslage": "Takkant", "byggnadsnamn1": "None", "byggnadsnamn2": "None", "byggnadsnamn3": "None", "husnummer": 3.0, "huvudbyggnad": "Nej", "andamal1": "Komplementbyggnad;", "andamal2": "None", "andamal3": "None", "andamal4": "None", "andamal5": "None" }, "geometry": { "type": "Polygon", "coordinates": [ [ [ 11.931176911693354, 57.705917929199941 ], [ 11.931249599580511, 57.705899083027504 ], [ 11.931279309243928, 57.705931926878918 ], [ 11.931206913758292, 57.705950690282371 ], [ 11.931176911693354, 57.705917929199941 ] ] ] } },
{ "type": "Feature", "properties": { "id": "b5284033-ff39-49b4-9276-df4d89814583", "objektidentitet": "0186a4e2-5a63-41fc-a223-0c8b9d14da52", "versiongiltigfran": "2011-03-23T08:38:54.324Z", "lagesosakerhetplan": 0.025, "lagesosakerhethojd": 2.5, "ursprunglig_organisation": "Lantmäteriet", "objektversion": 1.0, "objekttypnr": 2066.0, "objekttyp": "Komplementbyggnad", "insamlingslage": "Takkant", "byggnadsnamn1": "None", "byggnadsnamn2": "None", "byggnadsnamn3": "None", "husnummer": 12.0, "huvudbyggnad": "Nej", "andamal1": "Komplementbyggnad;", "andamal2": "None", "andamal3": "None", "andamal4": "None", "andamal5": "None" }, "geometry": { "type": "Polygon", "coordinates": [ [ [ 11.931167494721528, 57.706372853463421 ], [ 11.931227864476563, 57.706357114918475 ], [ 11.931274028645653, 57.706408019360488 ], [ 11.931213661861987, 57.706423722048378 ], [ 11.931167494721528, 57.706372853463421 ] ] ] } },
{ "type": "Feature", "properties": { "id": "4e52fab2-ab9f-42c2-b9b1-33fd8d2ab1d2", "objektidentitet": "64e36651-1bee-4f77-b8db-b3b0b3e09764", "versiongiltigfran": "2011-03-23T08:56:22.410Z", "lagesosakerhetplan": 0.025, "lagesosakerhethojd": 2.5, "ursprunglig_organisation": "Lantmäteriet", "objektversion": 1.0, "objekttypnr": 2061.0, "objekttyp": "Bostad", "insamlingslage": "Takkant", "byggnadsnamn1": "None", "byggnadsnamn2": "None", "byggnadsnamn3": "None", "husnummer": 4.0, "huvudbyggnad": "Nej", "andamal1": "Bostad;Flerfamiljshus", "andamal2": "None", "andamal3": "None", "andamal4": "None", "andamal5": "None" }, "geometry": { "type": "Polygon", "coordinates": [ [ [ 11.931132454306063, 57.707155595856726 ], [ 11.931429457716089, 57.707184785190499 ], [ 11.931402713151202, 57.707262682635694 ], [ 11.931105709128735, 57.70723349323346 ], [ 11.931132454306063, 57.707155595856726 ] ] ] } },
{ "type": "Feature", "properties": { "id": "0af1853c-e90b-4c33-acd0-e541a8558c4d", "objektidentitet": "884a0af1-7495-422f-8c9b-e93c38f9046f", "versiongiltigfran": "2013-06-17T12:32:12.138Z", "lagesosakerhetplan": 0.06, "lagesosakerhethojd": null, "ursprunglig_organisation": "Göteborg", "objektversion": 2.0, "objekttypnr": 2061.0, "objekttyp": "Bostad", "insamlingslage": "Takkant", "byggnadsnamn1": "None", "byggnadsnamn2": "None", "byggnadsnamn3": "None", "husnummer": 1.0, "huvudbyggnad": "Nej", "andamal1": "Bostad;Flerfamiljshus", "andamal2": "None", "andamal3": "None", "andamal4": "None", "andamal5": "None" }, "geometry": { "type": "Polygon", "coordinates": [ [ [ 11.931341117218484, 57.706059842547639 ], [ 11.931260014529165, 57.705971617236806 ], [ 11.931376950576253, 57.705940820755416 ], [ 11.931364926843653, 57.705927748141548 ], [ 11.931427456381471, 57.705911279947308 ], [ 11.931439126625728, 57.705923966484093 ], [ 11.931555460711078, 57.705893335000134 ], [ 11.931636901468439, 57.705981936822553 ], [ 11.931341117218484, 57.706059842547639 ] ] ] } },
{ "type": "Feature", "properties": { "id": "5374daf4-2c31-4f4e-ae22-f90c98d15a4a", "objektidentitet": "1cb1e6ff-c39a-4cd2-a0a7-0998816034ed", "versiongiltigfran": "2015-10-08T08:32:42.214Z", "lagesosakerhetplan": 0.06, "lagesosakerhethojd": null, "ursprunglig_organisation": "Göteborg", "objektversion": 2.0, "objekttypnr": 2061.0, "objekttyp": "Bostad", "insamlingslage": "Takkant", "byggnadsnamn1": "None", "byggnadsnamn2": "None", "byggnadsnamn3": "None", "husnummer": 1.0, "huvudbyggnad": "Nej", "andamal1": "Bostad;Flerfamiljshus", "andamal2": "None", "andamal3": "None", "andamal4": "None", "andamal5": "None" }, "geometry": { "type": "Polygon", "coordinates": [ [ [ 11.931317365647553, 57.706542497594064 ], [ 11.931248304564846, 57.706466131963801 ], [ 11.931530266434638, 57.706393068221992 ], [ 11.931599327982518, 57.706469433703482 ], [ 11.931317365647553, 57.706542497594064 ] ] ] } },
{ "type": "Feature", "properties": { "id": "f5f678d2-15e6-427e-86f0-d7db2802681e", "objektidentitet": "a30f45be-203e-472b-89c1-3ad3edd4b9cd", "versiongiltigfran": "2011-03-23T08:54:17.326Z", "lagesosakerhetplan": 0.06, "lagesosakerhethojd": null, "ursprunglig_organisation": "Lantmäteriet", "objektversion": 1.0, "objekttypnr": 2061.0, "objekttyp": "Bostad", "insamlingslage": "Takkant", "byggnadsnamn1": "None", "byggnadsnamn2": "None", "byggnadsnamn3": "None", "husnummer": 7.0, "huvudbyggnad": "Nej", "andamal1": "Bostad;Flerfamiljshus", "andamal2": "None", "andamal3": "None", "andamal4": "None", "andamal5": "None" }, "geometry": { "type": "Polygon", "coordinates": [ [ [ 11.931472152990859, 57.706242322869237 ], [ 11.931402397671548, 57.706166623565558 ], [ 11.9316862810867, 57.706091655726013 ], [ 11.931756036865123, 57.706167354878296 ], [ 11.931472152990859, 57.706242322869237 ] ] ] } },
{ "type": "Feature", "properties": { "id": "c324595f-08b2-4cc6-a08e-058a899c2434", "objektidentitet": "35a23f53-024d-431c-895a-ebe2d195644c", "versiongiltigfran": "2011-03-23T08:55:36.172Z", "lagesosakerhetplan": 0.025, "lagesosakerhethojd": 2.5, "ursprunglig_organisation": "Lantmäteriet", "objektversion": 1.0, "objekttypnr": 2066.0, "objekttyp": "Komplementbyggnad", "insamlingslage": "Takkant", "byggnadsnamn1": "None", "byggnadsnamn2": "None", "byggnadsnamn3": "None", "husnummer": 11.0, "huvudbyggnad": "Nej", "andamal1": "Komplementbyggnad;", "andamal2": "None", "andamal3": "None", "andamal4": "None", "andamal5": "None" }, "geometry": { "type": "Polygon", "coordinates": [ [ [ 11.931407885873623, 57.706310250222685 ], [ 11.931453042327362, 57.706298483746991 ], [ 11.93149929356391, 57.70634935426353 ], [ 11.931454134023353, 57.706361156633548 ], [ 11.931407885873623, 57.706310250222685 ] ] ] } },
{ "type": "Feature", "properties": { "id": "39ea788a-6301-4538-9d03-1751c32e7346", "objektidentitet": "e67125b4-10eb-4097-bed7-309b519218df", "versiongiltigfran": "2017-06-21T10:36:41.866Z", "lagesosakerhetplan": 0.06, "lagesosakerhethojd": 2.5, "ursprunglig_organisation": "Göteborg", "objektversion": 2.0, "objekttypnr": 2061.0, "objekttyp": "Bostad", "insamlingslage": "Takkant", "byggnadsnamn1": "None", "byggnadsnamn2": "None", "byggnadsnamn3": "None", "husnummer": 5.0, "huvudbyggnad": "Nej", "andamal1": "Bostad;Flerfamiljshus", "andamal2": "None", "andamal3": "None", "andamal4": "None", "andamal5": "None" }, "geometry": { "type": "Polygon", "coordinates": [ [ [ 11.931455214655024, 57.706996374229306 ], [ 11.931546791446795, 57.706888708178219 ], [ 11.931692080392597, 57.70692408569564 ], [ 11.931600588479839, 57.70703174491733 ], [ 11.931455214655024, 57.706996374229306 ] ] ] } },
{ "type": "Feature", "properties": { "id": "29fff033-b984-464a-ab91-34286f8a6b57", "objektidentitet": "edd66510-47ae-430c-956f-eea81f962490", "versiongiltigfran": "2017-06-21T10:36:41.866Z", "lagesosakerhetplan": 0.06, "lagesosakerhethojd": null, "ursprunglig_organisation": "Göteborg", "objektversion": 2.0, "objekttypnr": 2066.0, "objekttyp": "Komplementbyggnad", "insamlingslage": "Takkant", "byggnadsnamn1": "None", "byggnadsnamn2": "None", "byggnadsnamn3": "None", "husnummer": 6.0, "huvudbyggnad": "Nej", "andamal1": "Komplementbyggnad;", "andamal2": "None", "andamal3": "None", "andamal4": "None", "andamal5": "None" }, "geometry": { "type": "Polygon", "coordinates": [ [ [ 11.931562526021104, 57.707063439163143 ], [ 11.931458664638916, 57.707050826361041 ], [ 11.931478945381491, 57.707014170871886 ], [ 11.931579695072882, 57.707040729471395 ], [ 11.931562526021104, 57.707063439163143 ] ] ] } },
{ "type": "Feature", "properties": { "id": "aa0ec7e6-c2a6-41b6-820f-8484bcc0252d", "objektidentitet": "ea9133f5-e53a-4728-a91a-d2b623b98200", "versiongiltigfran": "2015-10-08T08:34:18.501Z", "lagesosakerhetplan": 0.06, "lagesosakerhethojd": null, "ursprunglig_organisation": "Göteborg", "objektversion": 2.0, "objekttypnr": 2061.0, "objekttyp": "Bostad", "insamlingslage": "Takkant", "byggnadsnamn1": "None", "byggnadsnamn2": "None", "byggnadsnamn3": "None", "husnummer": 2.0, "huvudbyggnad": "Nej", "andamal1": "Bostad;Flerfamiljshus", "andamal2": "None", "andamal3": "None", "andamal4": "None", "andamal5": "None" }, "geometry": { "type": "Polygon", "coordinates": [ [ [ 11.931663619276407, 57.706452792401741 ], [ 11.931593844732427, 57.706376517518578 ], [ 11.931877629045513, 57.706302140037486 ], [ 11.931947387297363, 57.706378414362931 ], [ 11.931663619276407, 57.706452792401741 ] ] ] } },
{ "type": "Feature", "properties": { "id": "8b4f8d5c-7be9-4912-8439-707a5b20a24d", "objektidentitet": "86fa9a1d-1b31-448d-befb-da21f60cb0f9", "versiongiltigfran": "2011-03-23T08:38:54.324Z", "lagesosakerhetplan": 0.025, "lagesosakerhethojd": null, "ursprunglig_organisation": "Lantmäteriet", "objektversion": 1.0, "objekttypnr": 2066.0, "objekttyp": "Komplementbyggnad", "insamlingslage": "Takkant", "byggnadsnamn1": "None", "byggnadsnamn2": "None", "byggnadsnamn3": "None", "husnummer": 2.0, "huvudbyggnad": "Nej", "andamal1": "Komplementbyggnad;", "andamal2": "None", "andamal3": "None", "andamal4": "None", "andamal5": "None" }, "geometry": { "type": "Polygon", "coordinates": [ [ [ 11.931588943896026, 57.706804731047868 ], [ 11.931619868452932, 57.706778804736977 ], [ 11.931702475091672, 57.706807044349468 ], [ 11.931671564288042, 57.706833006965589 ], [ 11.931588943896026, 57.706804731047868 ] ] ] } },
{ "type": "Feature", "properties": { "id": "b60bf2f1-43d2-48d0-a164-1ac8561beb91", "objektidentitet": "2721ddbf-5f91-44fc-bbba-3c11dcd029e5", "versiongiltigfran": "2017-06-21T10:39:29.361Z", "lagesosakerhetplan": 0.06, "lagesosakerhethojd": 2.5, "ursprunglig_organisation": "Göteborg", "objektversion": 2.0, "objekttypnr": 2061.0, "objekttyp": "Bostad", "insamlingslage": "Takkant", "byggnadsnamn1": "None", "byggnadsnamn2": "None", "byggnadsnamn3": "None", "husnummer": 9.0, "huvudbyggnad": "Nej", "andamal1": "Bostad;Flerfamiljshus", "andamal2": "None", "andamal3": "None", "andamal4": "None", "andamal5": "None" }, "geometry": { "type": "Polygon", "coordinates": [ [ [ 11.931919207234216, 57.706492732431649 ], [ 11.931988038885113, 57.70656865169731 ], [ 11.931704534302959, 57.706642281243461 ], [ 11.931635719873121, 57.706566362235158 ], [ 11.931919207234216, 57.706492732431649 ] ] ] } },
{ "type": "Feature", "properties": { "id": "3adeedd7-bb64-49d4-91c2-67738c2f89a9", "objektidentitet": "ce0e07ab-ecef-4487-a377-cfb0c88f0132", "versiongiltigfran": "2011-03-23T09:02:33.423Z", "lagesosakerhetplan": 0.06, "lagesosakerhethojd": 2.5, "ursprunglig_organisation": "Lantmäteriet", "objektversion": 1.0, "objekttypnr": 2061.0, "objekttyp": "Bostad", "insamlingslage": "Takkant", "byggnadsnamn1": "None", "byggnadsnamn2": "None", "byggnadsnamn3": "None", "husnummer": 6.0, "huvudbyggnad": "Nej", "andamal1": "Bostad;Flerfamiljshus", "andamal2": "None", "andamal3": "None", "andamal4": "None", "andamal5": "None" }, "geometry": { "type": "Polygon", "coordinates": [ [ [ 11.931819869315444, 57.706151762960978 ], [ 11.931749879335415, 57.706075060496211 ], [ 11.932031893343327, 57.706001331843595 ], [ 11.93210188302907, 57.7060780431271 ], [ 11.931819869315444, 57.706151762960978 ] ] ] } },
{ "type": "Feature", "properties": { "id": "92028202-7c7f-4356-adef-588b843e499a", "objektidentitet": "b1ec8163-9861-4f85-9352-f1b5459b9ad8", "versiongiltigfran": "2011-03-23T08:47:51.391Z", "lagesosakerhetplan": 0.025, "lagesosakerhethojd": null, "ursprunglig_organisation": "Lantmäteriet", "objektversion": 1.0, "objekttypnr": 2066.0, "objekttyp": "Komplementbyggnad", "insamlingslage": "Takkant", "byggnadsnamn1": "None", "byggnadsnamn2": "None", "byggnadsnamn3": "None", "husnummer": 10.0, "huvudbyggnad": "Nej", "andamal1": "Komplementbyggnad;", "andamal2": "None", "andamal3": "None", "andamal4": "None", "andamal5": "None" }, "geometry": { "type": "Polygon", "coordinates": [ [ [ 11.931753881798748, 57.706220188032979 ], [ 11.931799122573205, 57.706208414493965 ], [ 11.93184531095889, 57.70625923841461 ], [ 11.931800134124233, 57.7062710494736 ], [ 11.931753881798748, 57.706220188032979 ] ] ] } },
{ "type": "Feature", "properties": { "id": "561d4ab1-f060-4940-aaa6-35d02ed0a595", "objektidentitet": "53cb80aa-f913-42e6-bb5b-a5ab3629dc83", "versiongiltigfran": "2011-03-23T08:43:43.828Z", "lagesosakerhetplan": 0.06, "lagesosakerhethojd": null, "ursprunglig_organisation": "Lantmäteriet", "objektversion": 1.0, "objekttypnr": 2066.0, "objekttyp": "Komplementbyggnad", "insamlingslage": "Takkant", "byggnadsnamn1": "None", "byggnadsnamn2": "None", "byggnadsnamn3": "None", "husnummer": 4.0, "huvudbyggnad": "Nej", "andamal1": "Komplementbyggnad;", "andamal2": "None", "andamal3": "None", "andamal4": "None", "andamal5": "None" }, "geometry": { "type": "Polygon", "coordinates": [ [ [ 11.931893797345801, 57.706663984786161 ], [ 11.931914719918581, 57.706687780143895 ], [ 11.931815371810176, 57.706715687150734 ], [ 11.931773310814689, 57.706697823482479 ], [ 11.931893797345801, 57.706663984786161 ] ] ] } },
{ "type": "Feature", "properties": { "id": "03940093-38b9-4aee-8da8-15ae9af68e70", "objektidentitet": "ad3804cf-26e8-4cea-95b4-63db4bdcf6cf", "versiongiltigfran": "2011-03-23T08:43:50.225Z", "lagesosakerhetplan": 0.06, "lagesosakerhethojd": 2.5, "ursprunglig_organisation": "Lantmäteriet", "objektversion": 1.0, "objekttypnr": 2066.0, "objekttyp": "Komplementbyggnad", "insamlingslage": "Takkant", "byggnadsnamn1": "None", "byggnadsnamn2": "None", "byggnadsnamn3": "None", "husnummer": 3.0, "huvudbyggnad": "Nej", "andamal1": "Komplementbyggnad;", "andamal2": "None", "andamal3": "None", "andamal4": "None", "andamal5": "None" }, "geometry": { "type": "Polygon", "coordinates": [ [ [ 11.9320639419796, 57.706621930862475 ], [ 11.932085156503108, 57.706646245587415 ], [ 11.932070911201775, 57.706649495315226 ], [ 11.932034356191771, 57.706648114443965 ], [ 11.931988658213266, 57.706669251473578 ], [ 11.931940759208626, 57.706680088781255 ], [ 11.931920076800671, 57.706657225017167 ], [ 11.9320639419796, 57.706621930862475 ] ] ] } },
{ "type": "Feature", "properties": { "id": "1a7a9c13-6766-46b8-9067-b404911f077f", "objektidentitet": "a91aa77b-11b7-40ad-8be8-66b8761f9079", "versiongiltigfran": "2015-10-08T08:32:42.214Z", "lagesosakerhetplan": 0.06, "lagesosakerhethojd": null, "ursprunglig_organisation": "Göteborg", "objektversion": 2.0, "objekttypnr": 2061.0, "objekttyp": "Bostad", "insamlingslage": "Takkant", "byggnadsnamn1": "None", "byggnadsnamn2": "None", "byggnadsnamn3": "None", "husnummer": 2.0, "huvudbyggnad": "Nej", "andamal1": "Bostad;Flerfamiljshus", "andamal2": "None", "andamal3": "None", "andamal4": "None", "andamal5": "None" }, "geometry": { "type": "Polygon", "coordinates": [ [ [ 11.932143571848322, 57.706814093109067 ], [ 11.932007653892208, 57.706807264578991 ], [ 11.932032841957925, 57.706653506475085 ], [ 11.932169827926437, 57.706660208090881 ], [ 11.932143571848322, 57.706814093109067 ] ] ] } },
{ "type": "Feature", "properties": { "id": "498e7cf3-4460-4c5f-9bf9-0f118ecd518a", "objektidentitet": "8f6ab11d-9151-44c9-9f4f-f274dcd4fca6", "versiongiltigfran": "2011-03-23T08:35:40.620Z", "lagesosakerhetplan": 0.06, "lagesosakerhethojd": null, "ursprunglig_organisation": "Lantmäteriet", "objektversion": 1.0, "objekttypnr": 2066.0, "objekttyp": "Komplementbyggnad", "insamlingslage": "Takkant", "byggnadsnamn1": "None", "byggnadsnamn2": "None", "byggnadsnamn3": "None", "husnummer": 7.0, "huvudbyggnad": "Nej", "andamal1": "Komplementbyggnad;", "andamal2": "None", "andamal3": "None", "andamal4": "None", "andamal5": "None" }, "geometry": { "type": "Polygon", "coordinates": [ [ [ 11.932026579156167, 57.70725756415672 ], [ 11.932124980355633, 57.7072793466481 ], [ 11.932088359699957, 57.707326742103412 ], [ 11.931989958395764, 57.707304959582657 ], [ 11.932026579156167, 57.70725756415672 ] ] ] } },
{ "type": "Feature", "properties": { "id": "cf106bd5-1f9f-49ad-8916-7dd484ea9c47", "objektidentitet": "451a1aad-b28d-48c9-8f62-ecafe5d6ad4c", "versiongiltigfran": "2012-01-03T09:46:37.780Z", "lagesosakerhetplan": 0.06, "lagesosakerhethojd": null, "ursprunglig_organisation": "Göteborg", "objektversion": 2.0, "objekttypnr": 2066.0, "objekttyp": "Komplementbyggnad", "insamlingslage": "Takkant", "byggnadsnamn1": "None", "byggnadsnamn2": "None", "byggnadsnamn3": "None", "husnummer": 2.0, "huvudbyggnad": "Nej", "andamal1": "Komplementbyggnad;", "andamal2": "None", "andamal3": "None", "andamal4": "None", "andamal5": "None" }, "geometry": { "type": "Polygon", "coordinates": [ [ [ 11.931090153173933, 57.705940541500297 ], [ 11.931176911693354, 57.705917929199941 ], [ 11.931206913758292, 57.705950690282371 ], [ 11.931119735507531, 57.705973301409607 ], [ 11.931090153173933, 57.705940541500297 ] ] ] } },
{ "type": "Feature", "properties": { "id": "6e9c902f-755c-4719-99ff-c6fba16dcfd5", "objektidentitet": "bc9efc56-922f-4198-b999-4a44fd916e47", "versiongiltigfran": "2015-10-08T08:34:18.501Z", "lagesosakerhetplan": 0.06, "lagesosakerhethojd": null, "ursprunglig_organisation": "Göteborg", "objektversion": 5.0, "objekttypnr": 2061.0, "objekttyp": "Bostad", "insamlingslage": "Takkant", "byggnadsnamn1": "None", "byggnadsnamn2": "None", "byggnadsnamn3": "None", "husnummer": 4.0, "huvudbyggnad": "Nej", "andamal1": "Bostad;Flerfamiljshus", "andamal2": "None", "andamal3": "None", "andamal4": "None", "andamal5": "None" }, "geometry": { "type": "Polygon", "coordinates": [ [ [ 11.930989912287851, 57.706150550197201 ], [ 11.930908643218652, 57.706061322946901 ], [ 11.931026809142177, 57.706030484715441 ], [ 11.93101499498842, 57.706017516019564 ], [ 11.931075606394709, 57.70600169353682 ], [ 11.931087773308862, 57.706015057269084 ], [ 11.931205149152575, 57.70598442440815 ], [ 11.931286065286411, 57.706073265402587 ], [ 11.930989912287851, 57.706150550197201 ] ] ] } },
{ "type": "Feature", "properties": { "id": "a557151c-5fe0-4dca-aa59-0424130a5b38", "objektidentitet": "8484f8c1-a886-412d-ac0c-d31f6902efcc", "versiongiltigfran": "2011-03-23T08:35:46.030Z", "lagesosakerhetplan": 0.06, "lagesosakerhethojd": 2.5, "ursprunglig_organisation": "Lantmäteriet", "objektversion": 1.0, "objekttypnr": 2066.0, "objekttyp": "Komplementbyggnad", "insamlingslage": "Takkant", "byggnadsnamn1": "None", "byggnadsnamn2": "None", "byggnadsnamn3": "None", "husnummer": 9.0, "huvudbyggnad": "Nej", "andamal1": "Komplementbyggnad;", "andamal2": "None", "andamal3": "None", "andamal4": "None", "andamal5": "None" }, "geometry": { "type": "Polygon", "coordinates": [ [ [ 11.931541150388524, 57.705781123153614 ], [ 11.931571820913119, 57.705814916005941 ], [ 11.93147839202647, 57.705839173357909 ], [ 11.93144778859542, 57.705805382109524 ], [ 11.931541150388524, 57.705781123153614 ] ] ] } },
{ "type": "Feature", "properties": { "id": "35f7f47b-cc4e-4eee-afbb-10804a25b14a", "objektidentitet": "9b9b9d89-4d77-4bdf-8a80-ebf1d47bfba7", "versiongiltigfran": "2011-03-23T08:58:37.572Z", "lagesosakerhetplan": 0.06, "lagesosakerhethojd": null, "ursprunglig_organisation": "Lantmäteriet", "objektversion": 1.0, "objekttypnr": 2066.0, "objekttyp": "Komplementbyggnad", "insamlingslage": "Takkant", "byggnadsnamn1": "None", "byggnadsnamn2": "None", "byggnadsnamn3": "None", "husnummer": 2.0, "huvudbyggnad": "Nej", "andamal1": "Komplementbyggnad;", "andamal2": "None", "andamal3": "None", "andamal4": "None", "andamal5": "None" }, "geometry": { "type": "Polygon", "coordinates": [ [ [ 11.931528918655284, 57.705826045117661 ], [ 11.931558156903963, 57.705858311221746 ], [ 11.931507650033607, 57.705871404001407 ], [ 11.93147839202647, 57.705839173357909 ], [ 11.931528918655284, 57.705826045117661 ] ] ] } },
{ "type": "Feature", "properties": { "id": "be4f813c-b027-4941-ad30-dfdadd029a33", "objektidentitet": "263fff4b-69e4-4154-939a-302705585c30", "versiongiltigfran": "2024-04-15T13:52:13.646Z", "lagesosakerhetplan": 0.1, "lagesosakerhethojd": null, "ursprunglig_organisation": "Göteborg", "objektversion": 1.0, "objekttypnr": 2066.0, "objekttyp": "Komplementbyggnad", "insamlingslage": "Takkant", "byggnadsnamn1": "None", "byggnadsnamn2": "None", "byggnadsnamn3": "None", "husnummer": 6.0, "huvudbyggnad": "Nej", "andamal1": "Komplementbyggnad;", "andamal2": "None", "andamal3": "None", "andamal4": "None", "andamal5": "None" }, "geometry": { "type": "Polygon", "coordinates": [ [ [ 11.931558124150483, 57.705858301439278 ], [ 11.931528883623933, 57.705826062243943 ], [ 11.931579255612954, 57.705812975173131 ], [ 11.93160847941815, 57.705845213950745 ], [ 11.931558124150483, 57.705858301439278 ] ] ] } },
{ "type": "Feature", "properties": { "id": "a2ec7233-cb44-40ec-9741-daa20e65ba47", "objektidentitet": "11a64a59-3ff1-40ef-b045-96ebd3d8ef39", "versiongiltigfran": "2018-01-09T11:59:24.499Z", "lagesosakerhetplan": 0.06, "lagesosakerhethojd": null, "ursprunglig_organisation": "Göteborg", "objektversion": 4.0, "objekttypnr": 2061.0, "objekttyp": "Bostad", "insamlingslage": "Takkant", "byggnadsnamn1": "None", "byggnadsnamn2": "None", "byggnadsnamn3": "None", "husnummer": 2.0, "huvudbyggnad": "Nej", "andamal1": "Bostad;Flerfamiljshus", "andamal2": "None", "andamal3": "None", "andamal4": "None", "andamal5": "None" }, "geometry": { "type": "Polygon", "coordinates": [ [ [ 11.931706175413575, 57.705959780888158 ], [ 11.931629152983566, 57.705874521963608 ], [ 11.931863688800295, 57.705813798188423 ], [ 11.931940728418933, 57.705899057381409 ], [ 11.931706175413575, 57.705959780888158 ] ] ] } },
{ "type": "Feature", "properties": { "id": "7300777d-afc1-44f6-b50b-7a54bed1529b", "objektidentitet": "c397832e-f045-4965-8f89-1d0304b55048", "versiongiltigfran": "2015-06-30T14:14:09.316Z", "lagesosakerhetplan": 0.06, "lagesosakerhethojd": null, "ursprunglig_organisation": "Göteborg", "objektversion": 2.0, "objekttypnr": 2066.0, "objekttyp": "Komplementbyggnad", "insamlingslage": "Takkant", "byggnadsnamn1": "None", "byggnadsnamn2": "None", "byggnadsnamn3": "None", "husnummer": 10.0, "huvudbyggnad": "Nej", "andamal1": "Komplementbyggnad;", "andamal2": "None", "andamal3": "None", "andamal4": "None", "andamal5": "None" }, "geometry": { "type": "Polygon", "coordinates": [ [ [ 11.930724651434225, 57.706731130392335 ], [ 11.930827145075735, 57.706746398045901 ], [ 11.930812405252054, 57.706774721167598 ], [ 11.930709929053801, 57.706759444938413 ], [ 11.930724651434225, 57.706731130392335 ] ] ] } },
{ "type": "Feature", "properties": { "id": "5d5670cb-f093-4626-8610-bee0a9336bf7", "objektidentitet": "0eb4c547-84cd-4e6b-9a13-fefb9217a642", "versiongiltigfran": "2011-03-23T08:56:39.042Z", "lagesosakerhetplan": 0.06, "lagesosakerhethojd": null, "ursprunglig_organisation": "Lantmäteriet", "objektversion": 1.0, "objekttypnr": 2061.0, "objekttyp": "Bostad", "insamlingslage": "Takkant", "byggnadsnamn1": "None", "byggnadsnamn2": "None", "byggnadsnamn3": "None", "husnummer": 3.0, "huvudbyggnad": "Nej", "andamal1": "Bostad;Flerfamiljshus", "andamal2": "None", "andamal3": "None", "andamal4": "None", "andamal5": "None" }, "geometry": { "type": "Polygon", "coordinates": [ [ [ 11.931436036170183, 57.7057752208935 ], [ 11.931155914522952, 57.705848221149608 ], [ 11.931078959280882, 57.705763574680937 ], [ 11.931358996635966, 57.705690572557174 ], [ 11.931436036170183, 57.7057752208935 ] ] ] } },
{ "type": "Feature", "properties": { "id": "a0b1d6e2-e364-48a4-9d8b-33be37e05c12", "objektidentitet": "4909abb4-eb66-44ff-8966-023f2e3dab23", "versiongiltigfran": "2018-01-09T11:59:39.385Z", "lagesosakerhetplan": 0.06, "lagesosakerhethojd": null, "ursprunglig_organisation": "Göteborg", "objektversion": 4.0, "objekttypnr": 2061.0, "objekttyp": "Bostad", "insamlingslage": "Takkant", "byggnadsnamn1": "None", "byggnadsnamn2": "None", "byggnadsnamn3": "None", "husnummer": 4.0, "huvudbyggnad": "Nej", "andamal1": "Bostad;Flerfamiljshus", "andamal2": "None", "andamal3": "None", "andamal4": "None", "andamal5": "None" }, "geometry": { "type": "Polygon", "coordinates": [ [ [ 11.93164283507965, 57.705870980000093 ], [ 11.931636970186217, 57.705864492211404 ], [ 11.931671860445125, 57.705855379779152 ], [ 11.931650706340751, 57.705832144998134 ], [ 11.931798574614396, 57.705793559804803 ], [ 11.931820191244693, 57.705817282142604 ], [ 11.931846186753811, 57.705810497534188 ], [ 11.931851963285919, 57.705816839361617 ], [ 11.93164283507965, 57.705870980000093 ] ] ] } },
{ "type": "Feature", "properties": { "id": "af4499be-1bb7-4cdd-9cc3-0e4ac7da5bf4", "objektidentitet": "2c120f98-87a0-40ad-9d26-ee8bad0f7fe6", "versiongiltigfran": "2023-08-21T16:17:38.272Z", "lagesosakerhetplan": 0.025, "lagesosakerhethojd": null, "ursprunglig_organisation": "Göteborg", "objektversion": 2.0, "objekttypnr": 2063.0, "objekttyp": "Samhällsfunktion", "insamlingslage": "Takkant", "byggnadsnamn1": "None", "byggnadsnamn2": "None", "byggnadsnamn3": "None", "husnummer": 4.0, "huvudbyggnad": "Nej", "andamal1": "Samhällsfunktion;Universitet", "andamal2": "None", "andamal3": "None", "andamal4": "None", "andamal5": "None" }, "geometry": { "type": "Polygon", "coordinates": [ [ [ 11.937301330933073, 57.706758437860429 ], [ 11.937343154495158, 57.706804381352804 ], [ 11.936700587900283, 57.706971683770192 ], [ 11.936658790069554, 57.706925641812298 ], [ 11.936631246016072, 57.706924525420291 ], [ 11.936609702536048, 57.706900886626912 ], [ 11.936631146696593, 57.70689530306872 ], [ 11.936456960041019, 57.706703523579556 ], [ 11.936429432920626, 57.706702407551056 ], [ 11.936407890458597, 57.706678759755491 ], [ 11.936429250732315, 57.706673174201384 ], [ 11.936387958035668, 57.706627719606608 ], [ 11.937030502354732, 57.706460427288064 ], [ 11.937071799470392, 57.70650583683193 ], [ 11.937093273050474, 57.706500298851815 ], [ 11.937114732077493, 57.706523944505967 ], [ 11.937099522923598, 57.706536222358309 ], [ 11.937273792229142, 57.706728047868936 ], [ 11.937295252944937, 57.706722464601789 ], [ 11.93731670844199, 57.706746155071691 ], [ 11.937301330933073, 57.706758437860429 ] ] ] } },
{ "type": "Feature", "properties": { "id": "24e3f46d-162e-459a-857d-cb3c1b6334ba", "objektidentitet": "22a01355-6442-4072-85ba-e2cc853369cc", "versiongiltigfran": "2017-06-21T10:39:29.361Z", "lagesosakerhetplan": 0.06, "lagesosakerhethojd": null, "ursprunglig_organisation": "Göteborg", "objektversion": 2.0, "objekttypnr": 2061.0, "objekttyp": "Bostad", "insamlingslage": "Takkant", "byggnadsnamn1": "None", "byggnadsnamn2": "None", "byggnadsnamn3": "None", "husnummer": 8.0, "huvudbyggnad": "Nej", "andamal1": "Bostad;Flerfamiljshus", "andamal2": "None", "andamal3": "None", "andamal4": "None", "andamal5": "None" }, "geometry": { "type": "Polygon", "coordinates": [ [ [ 11.93205215567594, 57.706551691385911 ], [ 11.931982557722648, 57.706475897379768 ], [ 11.932265112743954, 57.706401561120444 ], [ 11.932334711155788, 57.706477354976265 ], [ 11.93205215567594, 57.706551691385911 ] ] ] } },
{ "type": "Feature", "properties": { "id": "9f5ad941-2e93-4743-aca5-514e0afffbbc", "objektidentitet": "6518ad2a-400a-4a38-8421-719bcb9f3318", "versiongiltigfran": "2023-08-17T16:21:58.295Z", "lagesosakerhetplan": 0.06, "lagesosakerhethojd": 2.5, "ursprunglig_organisation": "Göteborg", "objektversion": 4.0, "objekttypnr": 2063.0, "objekttyp": "Samhällsfunktion", "insamlingslage": "Takkant", "byggnadsnamn1": "None", "byggnadsnamn2": "None", "byggnadsnamn3": "None", "husnummer": 7.0, "huvudbyggnad": "Nej", "andamal1": "Samhällsfunktion;Universitet", "andamal2": "None", "andamal3": "None", "andamal4": "None", "andamal5": "None" }, "geometry": { "type": "Polygon", "coordinates": [ [ [ 11.935738114023431, 57.706699747971399 ], [ 11.935634626649732, 57.706584792422419 ], [ 11.935719872316762, 57.706562778525289 ], [ 11.935823440653746, 57.706677771914833 ], [ 11.935738114023431, 57.706699747971399 ] ] ] } },
{ "type": "Feature", "properties": { "id": "fd7be898-3472-4e1d-ab85-ddba0940d008", "objektidentitet": "42b09b97-2e26-4d46-aff4-72d83ff9017a", "versiongiltigfran": "2023-08-17T08:41:42.255Z", "lagesosakerhetplan": 0.06, "lagesosakerhethojd": null, "ursprunglig_organisation": "Göteborg", "objektversion": 2.0, "objekttypnr": 2063.0, "objekttyp": "Samhällsfunktion", "insamlingslage": "Takkant", "byggnadsnamn1": "None", "byggnadsnamn2": "None", "byggnadsnamn3": "None", "husnummer": 6.0, "huvudbyggnad": "Nej", "andamal1": "Samhällsfunktion;Universitet", "andamal2": "None", "andamal3": "None", "andamal4": "None", "andamal5": "None" }, "geometry": { "type": "Polygon", "coordinates": [ [ [ 11.936465740348677, 57.707035114337216 ], [ 11.93655581566299, 57.707009405921653 ], [ 11.936243253898178, 57.706665443035561 ], [ 11.936182558617308, 57.70668028625591 ], [ 11.936172280698186, 57.70666858663386 ], [ 11.936245830386738, 57.706649264139031 ], [ 11.93658232523928, 57.707019584133505 ], [ 11.936478559098836, 57.707047945033267 ], [ 11.936465740348677, 57.707035114337216 ] ] ] } },
{ "type": "Feature", "properties": { "id": "96d3ba81-94de-435f-a17d-d96d2cc09435", "objektidentitet": "2c120f98-87a0-40ad-9d26-ee8bad0f7fe6", "versiongiltigfran": "2023-08-21T16:17:38.272Z", "lagesosakerhetplan": 0.06, "lagesosakerhethojd": null, "ursprunglig_organisation": "Göteborg", "objektversion": 2.0, "objekttypnr": 2063.0, "objekttyp": "Samhällsfunktion", "insamlingslage": "Takkant", "byggnadsnamn1": "None", "byggnadsnamn2": "None", "byggnadsnamn3": "None", "husnummer": 4.0, "huvudbyggnad": "Nej", "andamal1": "Samhällsfunktion;Universitet", "andamal2": "None", "andamal3": "None", "andamal4": "None", "andamal5": "None" }, "geometry": { "type": "Polygon", "coordinates": [ [ [ 11.93641206092264, 57.706658422068173 ], [ 11.93642590278802, 57.706674045849908 ], [ 11.936404070211026, 57.706679458181711 ], [ 11.936298676315957, 57.706707419983069 ], [ 11.936283682510092, 57.706690923417732 ], [ 11.93641206092264, 57.706658422068173 ] ] ] } },
{ "type": "Feature", "properties": { "id": "895ce8d0-0300-4d01-a1f4-d7150eaba347", "objektidentitet": "42b09b97-2e26-4d46-aff4-72d83ff9017a", "versiongiltigfran": "2023-08-17T08:41:42.255Z", "lagesosakerhetplan": 0.025, "lagesosakerhethojd": null, "ursprunglig_organisation": "Göteborg", "objektversion": 2.0, "objekttypnr": 2063.0, "objekttyp": "Samhällsfunktion", "insamlingslage": "Takkant", "byggnadsnamn1": "None", "byggnadsnamn2": "None", "byggnadsnamn3": "None", "husnummer": 6.0, "huvudbyggnad": "Nej", "andamal1": "Samhällsfunktion;Universitet", "andamal2": "None", "andamal3": "None", "andamal4": "None", "andamal5": "None" }, "geometry": { "type": "Polygon", "coordinates": [ [ [ 11.935962644134806, 57.706738496000924 ], [ 11.936243253898178, 57.706665443035561 ], [ 11.93655581566299, 57.707009405921653 ], [ 11.936275187821336, 57.707082450181737 ], [ 11.935962644134806, 57.706738496000924 ] ] ] } },
{ "type": "Feature", "properties": { "id": "c08568b0-d906-4bd7-9d30-e0f3606eb8f6", "objektidentitet": "0c4e50de-7630-42f9-aab2-1b982ddec3f3", "versiongiltigfran": "2011-03-23T09:03:02.726Z", "lagesosakerhetplan": 0.025, "lagesosakerhethojd": 2.5, "ursprunglig_organisation": "Lantmäteriet", "objektversion": 1.0, "objekttypnr": 2066.0, "objekttyp": "Komplementbyggnad", "insamlingslage": "Takkant", "byggnadsnamn1": "None", "byggnadsnamn2": "None", "byggnadsnamn3": "None", "husnummer": 2.0, "huvudbyggnad": "Nej", "andamal1": "Komplementbyggnad;", "andamal2": "None", "andamal3": "None", "andamal4": "None", "andamal5": "None" }, "geometry": { "type": "Polygon", "coordinates": [ [ [ 11.935276432811216, 57.70666370314602 ], [ 11.935297742704467, 57.706688702697868 ], [ 11.935201746829964, 57.706712145615832 ], [ 11.935180436231802, 57.70668715501801 ], [ 11.935276432811216, 57.70666370314602 ] ] ] } },
{ "type": "Feature", "properties": { "id": "e1e7ed50-bbe0-4872-bcfe-829080556647", "objektidentitet": "5c6ff5d7-5e25-406e-b8db-8ed17ae03ab0", "versiongiltigfran": "2017-06-21T10:39:29.361Z", "lagesosakerhetplan": 0.025, "lagesosakerhethojd": null, "ursprunglig_organisation": "Göteborg", "objektversion": 2.0, "objekttypnr": 2066.0, "objekttyp": "Komplementbyggnad", "insamlingslage": "Takkant", "byggnadsnamn1": "None", "byggnadsnamn2": "None", "byggnadsnamn3": "None", "husnummer": 13.0, "huvudbyggnad": "Nej", "andamal1": "Komplementbyggnad;", "andamal2": "None", "andamal3": "None", "andamal4": "None", "andamal5": "None" }, "geometry": { "type": "Polygon", "coordinates": [ [ [ 11.932096091719522, 57.706643418911334 ], [ 11.932074369173446, 57.70661915478388 ], [ 11.9321697304696, 57.706594701156995 ], [ 11.932191452306794, 57.70661897423826 ], [ 11.932096091719522, 57.706643418911334 ] ] ] } },
{ "type": "Feature", "properties": { "id": "30f764ce-4d8c-4894-a60e-0e7180bbc3d1", "objektidentitet": "6b2b1b6f-96c8-4a89-82b4-560a55f5294f", "versiongiltigfran": "2011-03-23T09:10:55.606Z", "lagesosakerhetplan": 0.025, "lagesosakerhethojd": null, "ursprunglig_organisation": "Lantmäteriet", "objektversion": 1.0, "objekttypnr": 2066.0, "objekttyp": "Komplementbyggnad", "insamlingslage": "Takkant", "byggnadsnamn1": "None", "byggnadsnamn2": "None", "byggnadsnamn3": "None", "husnummer": 1.0, "huvudbyggnad": "Nej", "andamal1": "Komplementbyggnad;", "andamal2": "None", "andamal3": "None", "andamal4": "None", "andamal5": "None" }, "geometry": { "type": "Polygon", "coordinates": [ [ [ 11.935064387708364, 57.706765451085353 ], [ 11.935311674995098, 57.706705038850437 ], [ 11.935345115894421, 57.706744245691816 ], [ 11.935418343741569, 57.706726353951744 ], [ 11.935518650301832, 57.706843973964006 ], [ 11.935594930763767, 57.706825329172844 ], [ 11.935898601977774, 57.707181445858396 ], [ 11.935822304153241, 57.707200090420109 ], [ 11.935869678795402, 57.707255633228016 ], [ 11.93594597595615, 57.707236997608376 ], [ 11.936099203784728, 57.707416693649861 ], [ 11.935652937273668, 57.707525721332253 ], [ 11.935557056760073, 57.707524737983029 ], [ 11.935058565590616, 57.706940144465662 ], [ 11.935064387708364, 57.706765451085353 ] ] ] } },
{ "type": "Feature", "properties": { "id": "86431bbc-2a42-41be-afbf-d30065ed930b", "objektidentitet": "301bd70e-d57c-4ad3-8ef3-b6be8e89cde0", "versiongiltigfran": "2017-01-04T13:29:15.699Z", "lagesosakerhetplan": 0.1, "lagesosakerhethojd": null, "ursprunglig_organisation": "Göteborg", "objektversion": 2.0, "objekttypnr": 2063.0, "objekttyp": "Samhällsfunktion", "insamlingslage": "Takkant", "byggnadsnamn1": "None", "byggnadsnamn2": "None", "byggnadsnamn3": "None", "husnummer": 14.0, "huvudbyggnad": "Nej", "andamal1": "Samhällsfunktion;Ospecificerad", "andamal2": "None", "andamal3": "None", "andamal4": "None", "andamal5": "None" }, "geometry": { "type": "Polygon", "coordinates": [ [ [ 11.937203218754135, 57.70685145197919 ], [ 11.937340875752113, 57.70681565104519 ], [ 11.937334224048627, 57.706808326583271 ], [ 11.937365968509202, 57.706800071178428 ], [ 11.93738406430503, 57.706820004211849 ], [ 11.937214412116688, 57.706863847774279 ], [ 11.937203218754135, 57.70685145197919 ] ] ] } },
{ "type": "Feature", "properties": { "id": "9325f382-8fa4-48ea-9f30-af38483133a1", "objektidentitet": "8ef9d471-6aa1-43c7-afaa-acd02f249dff", "versiongiltigfran": "2023-08-21T16:18:53.892Z", "lagesosakerhetplan": 0.06, "lagesosakerhethojd": 2.5, "ursprunglig_organisation": "Göteborg", "objektversion": 3.0, "objekttypnr": 2063.0, "objekttyp": "Samhällsfunktion", "insamlingslage": "Takkant", "byggnadsnamn1": "None", "byggnadsnamn2": "None", "byggnadsnamn3": "None", "husnummer": 9.0, "huvudbyggnad": "Nej", "andamal1": "Samhällsfunktion;Universitet", "andamal2": "None", "andamal3": "None", "andamal4": "None", "andamal5": "None" }, "geometry": { "type": "Polygon", "coordinates": [ [ [ 11.936030860870883, 57.70702400693974 ], [ 11.935866950072258, 57.706839809687906 ], [ 11.935953028745731, 57.706817878720294 ], [ 11.936116940648297, 57.707002066894773 ], [ 11.936030860870883, 57.70702400693974 ] ] ] } },
{ "type": "Feature", "properties": { "id": "3508ef7e-156a-4f58-b4ba-199f74cd12a5", "objektidentitet": "51a08d1f-189f-4b2c-83dc-7ff4982de6dc", "versiongiltigfran": "2015-06-30T14:14:09.316Z", "lagesosakerhetplan": 0.06, "lagesosakerhethojd": null, "ursprunglig_organisation": "Göteborg", "objektversion": 2.0, "objekttypnr": 2061.0, "objekttyp": "Bostad", "insamlingslage": "Takkant", "byggnadsnamn1": "None", "byggnadsnamn2": "None", "byggnadsnamn3": "None", "husnummer": 1.0, "huvudbyggnad": "Nej", "andamal1": "Bostad;Flerfamiljshus", "andamal2": "None", "andamal3": "None", "andamal4": "None", "andamal5": "None" }, "geometry": { "type": "Polygon", "coordinates": [ [ [ 11.932140601640867, 57.707048563027264 ], [ 11.932095599762793, 57.707084879744031 ], [ 11.931848092665506, 57.706997032326463 ], [ 11.931892736761117, 57.706960976658216 ], [ 11.931810062065171, 57.70693075816618 ], [ 11.931845263563229, 57.706899929214671 ], [ 11.931724623697948, 57.706855829165868 ], [ 11.931818179746637, 57.70678249118933 ], [ 11.93195453734071, 57.706832329199585 ], [ 11.931931893918115, 57.706850088598728 ], [ 11.932001653172073, 57.706873001117266 ], [ 11.93202435964427, 57.706854694966822 ], [ 11.93227187001594, 57.706942497187974 ], [ 11.932249048645289, 57.706960971367444 ], [ 11.932305491969693, 57.706981116059502 ], [ 11.932196945200404, 57.707068498623023 ], [ 11.932140601640867, 57.707048563027264 ] ] ] } },
{ "type": "Feature", "properties": { "id": "8ca7d046-6a2a-49cb-865a-148fd0fe788f", "objektidentitet": "5aac9f11-7898-4b7f-b566-f04a16de51e2", "versiongiltigfran": "2011-03-23T09:04:58.343Z", "lagesosakerhetplan": 0.025, "lagesosakerhethojd": 2.5, "ursprunglig_organisation": "Lantmäteriet", "objektversion": 1.0, "objekttypnr": 2066.0, "objekttyp": "Komplementbyggnad", "insamlingslage": "Takkant", "byggnadsnamn1": "None", "byggnadsnamn2": "None", "byggnadsnamn3": "None", "husnummer": 3.0, "huvudbyggnad": "Nej", "andamal1": "Komplementbyggnad;", "andamal2": "None", "andamal3": "None", "andamal4": "None", "andamal5": "None" }, "geometry": { "type": "Polygon", "coordinates": [ [ [ 11.931952746571319, 57.707151045331877 ], [ 11.932062444855388, 57.707170881822798 ], [ 11.932082539006336, 57.707139003337886 ], [ 11.932138141105622, 57.707149052148992 ], [ 11.932099293573613, 57.707210657563074 ], [ 11.931933976272086, 57.707180771819893 ], [ 11.931952746571319, 57.707151045331877 ] ] ] } },
{ "type": "Feature", "properties": { "id": "5e6965ed-8982-4b5f-9c4e-c78afd072260", "objektidentitet": "4298606b-3172-48fc-a4b2-aabd85da4ef1", "versiongiltigfran": "2011-03-23T08:58:56.587Z", "lagesosakerhetplan": 0.06, "lagesosakerhethojd": null, "ursprunglig_organisation": "Lantmäteriet", "objektversion": 1.0, "objekttypnr": 2066.0, "objekttyp": "Komplementbyggnad", "insamlingslage": "Takkant", "byggnadsnamn1": "None", "byggnadsnamn2": "None", "byggnadsnamn3": "None", "husnummer": 2.0, "huvudbyggnad": "Nej", "andamal1": "Komplementbyggnad;", "andamal2": "None", "andamal3": "None", "andamal4": "None", "andamal5": "None" }, "geometry": { "type": "Polygon", "coordinates": [ [ [ 11.932148388064622, 57.707245616089949 ], [ 11.932167221741471, 57.707219702022634 ], [ 11.932286750479358, 57.707244612255636 ], [ 11.932267916873812, 57.707270526341347 ], [ 11.932148388064622, 57.707245616089949 ] ] ] } },
{ "type": "Feature", "properties": { "id": "9216cf59-9705-45dd-ac1c-d6f814007cda", "objektidentitet": "8f6ab11d-9151-44c9-9f4f-f274dcd4fca6", "versiongiltigfran": "2011-03-23T08:35:40.620Z", "lagesosakerhetplan": 0.06, "lagesosakerhethojd": null, "ursprunglig_organisation": "Lantmäteriet", "objektversion": 1.0, "objekttypnr": 2066.0, "objekttyp": "Komplementbyggnad", "insamlingslage": "Takkant", "byggnadsnamn1": "None", "byggnadsnamn2": "None", "byggnadsnamn3": "None", "husnummer": 7.0, "huvudbyggnad": "Nej", "andamal1": "Komplementbyggnad;", "andamal2": "None", "andamal3": "None", "andamal4": "None", "andamal5": "None" }, "geometry": { "type": "Polygon", "coordinates": [ [ [ 11.932123867940238, 57.707280784715273 ], [ 11.932219794421371, 57.707302048728124 ], [ 11.932200417898418, 57.70732882147508 ], [ 11.932104521344842, 57.707305814501623 ], [ 11.932123867940238, 57.707280784715273 ] ] ] } },
{ "type": "Feature", "properties": { "id": "fdf7eb20-e754-49cc-9825-0f62acd8d914", "objektidentitet": "7af8518f-6cc7-4db4-8b21-613314b2187b", "versiongiltigfran": "2011-03-23T08:53:29.734Z", "lagesosakerhetplan": 0.025, "lagesosakerhethojd": 2.5, "ursprunglig_organisation": "Lantmäteriet", "objektversion": 1.0, "objekttypnr": 2061.0, "objekttyp": "Bostad", "insamlingslage": "Takkant", "byggnadsnamn1": "None", "byggnadsnamn2": "None", "byggnadsnamn3": "None", "husnummer": 2.0, "huvudbyggnad": "Nej", "andamal1": "Bostad;Flerfamiljshus", "andamal2": "None", "andamal3": "None", "andamal4": "None", "andamal5": "None" }, "geometry": { "type": "Polygon", "coordinates": [ [ [ 11.933144653169007, 57.70751892887926 ], [ 11.93360259409792, 57.707464525369453 ], [ 11.933635157433987, 57.707543069845649 ], [ 11.933177232310966, 57.707597473869825 ], [ 11.933144653169007, 57.70751892887926 ] ] ] } },
{ "type": "Feature", "properties": { "id": "cde8645b-d7f0-47c2-b23a-560bc401a83d", "objektidentitet": "5d300127-adf7-4f4a-a316-09eb66b05f27", "versiongiltigfran": "2011-03-23T08:59:53.410Z", "lagesosakerhetplan": 0.025, "lagesosakerhethojd": null, "ursprunglig_organisation": "Lantmäteriet", "objektversion": 1.0, "objekttypnr": 2066.0, "objekttyp": "Komplementbyggnad", "insamlingslage": "Takkant", "byggnadsnamn1": "None", "byggnadsnamn2": "None", "byggnadsnamn3": "None", "husnummer": 5.0, "huvudbyggnad": "Nej", "andamal1": "Komplementbyggnad;", "andamal2": "None", "andamal3": "None", "andamal4": "None", "andamal5": "None" }, "geometry": { "type": "Polygon", "coordinates": [ [ [ 11.933716319490925, 57.707512006223268 ], [ 11.933773723080472, 57.707504939878817 ], [ 11.933794531900714, 57.707553323300282 ], [ 11.933737196025611, 57.707560382308479 ], [ 11.933716319490925, 57.707512006223268 ] ] ] } },
{ "type": "Feature", "properties": { "id": "a144d2fa-58a8-4bfb-8d2d-52e419c1f4ce", "objektidentitet": "4fca95b3-f3bc-441f-ad83-5b6b6d0b0c79", "versiongiltigfran": "2012-10-23T09:06:57.157Z", "lagesosakerhetplan": 0.06, "lagesosakerhethojd": null, "ursprunglig_organisation": "Göteborg", "objektversion": 5.0, "objekttypnr": 2061.0, "objekttyp": "Bostad", "insamlingslage": "Takkant", "byggnadsnamn1": "None", "byggnadsnamn2": "None", "byggnadsnamn3": "None", "husnummer": 2.0, "huvudbyggnad": "Nej", "andamal1": "Bostad;Flerfamiljshus", "andamal2": "None", "andamal3": "None", "andamal4": "None", "andamal5": "None" }, "geometry": { "type": "Polygon", "coordinates": [ [ [ 11.936678352492853, 57.708008233143474 ], [ 11.936560254285652, 57.708007260842635 ], [ 11.936557374619547, 57.708107488048782 ], [ 11.936381216288957, 57.708106044355837 ], [ 11.936384063393669, 57.708007002772369 ], [ 11.936291303081926, 57.708006239368942 ], [ 11.936294163830524, 57.707906443122376 ], [ 11.936401136367564, 57.707907326006314 ], [ 11.936401484880504, 57.707894859120266 ], [ 11.936550122890349, 57.707896076786398 ], [ 11.936549798373479, 57.707907465694838 ], [ 11.936681203079459, 57.707908544513451 ], [ 11.936678352492853, 57.708008233143474 ] ] ] } },
{ "type": "Feature", "properties": { "id": "7fd8a23e-1072-4ce3-aba6-ec1e1ba2b737", "objektidentitet": "cdb54e56-c395-4659-8830-8c25b9ef0042", "versiongiltigfran": "2012-12-14T13:53:46.063Z", "lagesosakerhetplan": 0.55, "lagesosakerhethojd": null, "ursprunglig_organisation": "Göteborg", "objektversion": 6.0, "objekttypnr": 2061.0, "objekttyp": "Bostad", "insamlingslage": "Takkant", "byggnadsnamn1": "None", "byggnadsnamn2": "None", "byggnadsnamn3": "None", "husnummer": 1.0, "huvudbyggnad": "Nej", "andamal1": "Bostad;Flerfamiljshus", "andamal2": "None", "andamal3": "None", "andamal4": "None", "andamal5": "None" }, "geometry": { "type": "Polygon", "coordinates": [ [ [ 11.936974679678601, 57.70814827767353 ], [ 11.936922600714059, 57.70811439032174 ], [ 11.936885841781683, 57.70813268962754 ], [ 11.936882623807451, 57.708129438951666 ], [ 11.936854332090196, 57.708144509855792 ], [ 11.936757823896258, 57.708089143918876 ], [ 11.936786108428175, 57.708075151420552 ], [ 11.936780886711293, 57.708072562274268 ], [ 11.93682086482737, 57.708054916178241 ], [ 11.936760935904223, 57.708020533087506 ], [ 11.936790902771762, 57.707991005146155 ], [ 11.936759098915628, 57.707981471760711 ], [ 11.936821837769632, 57.707922205167776 ], [ 11.936860132607976, 57.707927653377652 ], [ 11.936870644426525, 57.707917517792829 ], [ 11.937110321221969, 57.708055713941008 ], [ 11.937120428409251, 57.708050763594279 ], [ 11.937148976165135, 57.708067633139905 ], [ 11.936987294905069, 57.708148223598187 ], [ 11.936974679678601, 57.70814827767353 ] ] ] } },
{ "type": "Feature", "properties": { "id": "a4dd06c9-7a1b-4b8f-88ad-8f846b5d7afd", "objektidentitet": "22f2f09c-adf3-4369-ad24-4474d82c5741", "versiongiltigfran": "2012-12-14T13:54:52.654Z", "lagesosakerhetplan": 0.55, "lagesosakerhethojd": null, "ursprunglig_organisation": "Göteborg", "objektversion": 6.0, "objekttypnr": 2061.0, "objekttyp": "Bostad", "insamlingslage": "Takkant", "byggnadsnamn1": "None", "byggnadsnamn2": "None", "byggnadsnamn3": "None", "husnummer": 1.0, "huvudbyggnad": "Nej", "andamal1": "Bostad;Flerfamiljshus", "andamal2": "None", "andamal3": "None", "andamal4": "None", "andamal5": "None" }, "geometry": { "type": "Polygon", "coordinates": [ [ [ 11.935897583840665, 57.708383861327874 ], [ 11.935815381541634, 57.70833526757292 ], [ 11.935794756502265, 57.708346245663805 ], [ 11.935682978653455, 57.708282222108323 ], [ 11.935703991314007, 57.708271028725036 ], [ 11.935593788452616, 57.708207447693994 ], [ 11.935572386727538, 57.70821907204602 ], [ 11.935521708447608, 57.70818988279602 ], [ 11.935541912337587, 57.708179119247532 ], [ 11.935311887618012, 57.708046978098331 ], [ 11.935315542371386, 57.708045260050675 ], [ 11.935297032805256, 57.708033801355825 ], [ 11.935366127786329, 57.707998489630597 ], [ 11.935386638859596, 57.708009313714612 ], [ 11.935587057949453, 57.70790771495809 ], [ 11.935591874615714, 57.707913107584453 ], [ 11.935637859208507, 57.707906051397842 ], [ 11.935723704253155, 57.708001318273318 ], [ 11.935683352146357, 57.708012061182437 ], [ 11.935685764201713, 57.708015508080848 ], [ 11.935611811713127, 57.70805167301517 ], [ 11.935683408555878, 57.708093619565339 ], [ 11.935719351995973, 57.708076631070085 ], [ 11.935773648072573, 57.70810712124976 ], [ 11.935740100413696, 57.708124769986753 ], [ 11.935841833248249, 57.708184460660313 ], [ 11.935885895562169, 57.708161215391591 ], [ 11.935891112901949, 57.708164451604738 ], [ 11.935925852584338, 57.708146804735954 ], [ 11.936062181110868, 57.708225515852142 ], [ 11.935981775366999, 57.708267501719746 ], [ 11.936050853205192, 57.708307077124694 ], [ 11.935897583840665, 57.708383861327874 ] ] ] } },
{ "type": "Feature", "properties": { "id": "b6b6436c-12af-4721-9ca8-12438692c777", "objektidentitet": "277c23dc-4ca4-436e-8389-73c337d4334f", "versiongiltigfran": "2016-10-10T12:29:04.205Z", "lagesosakerhetplan": 0.06, "lagesosakerhethojd": null, "ursprunglig_organisation": "Göteborg", "objektversion": 2.0, "objekttypnr": 2062.0, "objekttyp": "Industri", "insamlingslage": "Takkant", "byggnadsnamn1": "None", "byggnadsnamn2": "None", "byggnadsnamn3": "None", "husnummer": 9.0, "huvudbyggnad": "Nej", "andamal1": "Industri;Ospecificerad", "andamal2": "None", "andamal3": "None", "andamal4": "None", "andamal5": "None" }, "geometry": { "type": "Polygon", "coordinates": [ [ [ 11.9344111581179, 57.708141890243404 ], [ 11.934302423869825, 57.70808182198931 ], [ 11.934094952297562, 57.70808430800534 ], [ 11.934091754848751, 57.708114762734056 ], [ 11.9340235235065, 57.708114637072718 ], [ 11.934025378829872, 57.708090917778009 ], [ 11.933991993680976, 57.708090953530643 ], [ 11.933980878123187, 57.708083601592669 ], [ 11.933937267205502, 57.70808363217327 ], [ 11.933813073195468, 57.708182303289 ], [ 11.933633102962755, 57.708120121365482 ], [ 11.93384409112217, 57.707949232360583 ], [ 11.934202178336017, 57.707950981159463 ], [ 11.934514334526725, 57.707954384255892 ], [ 11.934641846003839, 57.708027508486389 ], [ 11.9344111581179, 57.708141890243404 ] ] ] } },
{ "type": "Feature", "properties": { "id": "9594a03f-db0a-4288-b0dd-88c80a45e274", "objektidentitet": "916ff469-00c7-4fdf-b6a8-48cd163b6ab2", "versiongiltigfran": "2017-01-02T13:00:25.454Z", "lagesosakerhetplan": 0.1, "lagesosakerhethojd": null, "ursprunglig_organisation": "Göteborg", "objektversion": 2.0, "objekttypnr": 2062.0, "objekttyp": "Industri", "insamlingslage": "Takkant", "byggnadsnamn1": "None", "byggnadsnamn2": "None", "byggnadsnamn3": "None", "husnummer": 10.0, "huvudbyggnad": "Nej", "andamal1": "Industri;Ospecificerad", "andamal2": "None", "andamal3": "None", "andamal4": "None", "andamal5": "None" }, "geometry": { "type": "Polygon", "coordinates": [ [ [ 11.933640391203793, 57.708317800263089 ], [ 11.93377455179658, 57.708248608823922 ], [ 11.933851257715498, 57.708235898433152 ], [ 11.934022383418837, 57.708333368259453 ], [ 11.934021548809051, 57.708338668925272 ], [ 11.933836495951926, 57.708429249937012 ], [ 11.933640391203793, 57.708317800263089 ] ] ] } },
{ "type": "Feature", "properties": { "id": "f1316d31-37c8-4579-aa8e-4e78eef66099", "objektidentitet": "0bcd1bec-e42a-4428-b351-0efaa492f8ea", "versiongiltigfran": "2016-03-29T13:39:26.375Z", "lagesosakerhetplan": 0.06, "lagesosakerhethojd": null, "ursprunglig_organisation": "Göteborg", "objektversion": 2.0, "objekttypnr": 2066.0, "objekttyp": "Komplementbyggnad", "insamlingslage": "Takkant", "byggnadsnamn1": "None", "byggnadsnamn2": "None", "byggnadsnamn3": "None", "husnummer": 11.0, "huvudbyggnad": "Nej", "andamal1": "Komplementbyggnad;", "andamal2": "None", "andamal3": "None", "andamal4": "None", "andamal5": "None" }, "geometry": { "type": "Polygon", "coordinates": [ [ [ 11.931220280765883, 57.708148914727595 ], [ 11.931228222544858, 57.708186605337431 ], [ 11.9311715964828, 57.708190022303654 ], [ 11.931163654762191, 57.708152331690869 ], [ 11.931220280765883, 57.708148914727595 ] ] ] } },
{ "type": "Feature", "properties": { "id": "8076aa41-b500-4521-bc81-ef6365d6f31b", "objektidentitet": "af8816d1-7f45-4403-9134-d979b4ba88c9", "versiongiltigfran": "2017-04-24T16:27:32.118Z", "lagesosakerhetplan": 0.1, "lagesosakerhethojd": null, "ursprunglig_organisation": "Kommunsamverkan", "objektversion": 4.0, "objekttypnr": 2063.0, "objekttyp": "Samhällsfunktion", "insamlingslage": "Takkant", "byggnadsnamn1": "Lindholmsskolan", "byggnadsnamn2": "None", "byggnadsnamn3": "None", "husnummer": 1.0, "huvudbyggnad": "Nej", "andamal1": "Samhällsfunktion;Skola", "andamal2": "None", "andamal3": "None", "andamal4": "None", "andamal5": "None" }, "geometry": { "type": "Polygon", "coordinates": [ [ [ 11.934030352869526, 57.706088926170182 ], [ 11.93433059323819, 57.706010079616789 ], [ 11.934493787433269, 57.706188122879958 ], [ 11.934193646458553, 57.70626697224445 ], [ 11.934030352869526, 57.706088926170182 ] ] ] } },
{ "type": "Feature", "properties": { "id": "d3cc5e6a-bd56-4ebb-bccb-a2cbaae0e6bc", "objektidentitet": "6b3aef67-f92c-4cff-87a2-f41edad60997", "versiongiltigfran": "2012-10-23T09:06:57.157Z", "lagesosakerhetplan": 0.06, "lagesosakerhethojd": null, "ursprunglig_organisation": "Göteborg", "objektversion": 5.0, "objekttypnr": 2061.0, "objekttyp": "Bostad", "insamlingslage": "Takkant", "byggnadsnamn1": "None", "byggnadsnamn2": "None", "byggnadsnamn3": "None", "husnummer": 1.0, "huvudbyggnad": "Nej", "andamal1": "Bostad;Flerfamiljshus", "andamal2": "None", "andamal3": "None", "andamal4": "None", "andamal5": "None" }, "geometry": { "type": "Polygon", "coordinates": [ [ [ 11.936174618595498, 57.708005229040978 ], [ 11.936058096385976, 57.708004285451445 ], [ 11.93605527576436, 57.708103201850143 ], [ 11.935876718143652, 57.708101735295514 ], [ 11.93587950914567, 57.708003770903076 ], [ 11.935787553980971, 57.708003017643314 ], [ 11.935790436291477, 57.707902188291442 ], [ 11.93589660367582, 57.707903061088366 ], [ 11.935896954712161, 57.707890765034044 ], [ 11.93604681823305, 57.707891986011596 ], [ 11.936046473161507, 57.707903814834665 ], [ 11.936177492401313, 57.707904884841348 ], [ 11.936174618595498, 57.708005229040978 ] ] ] } },
{ "type": "Feature", "properties": { "id": "c474d05c-d16f-4306-8e42-e4f336fee48e", "objektidentitet": "433dd2ee-7729-4f4c-b801-ccb39ccaa683", "versiongiltigfran": "2024-04-15T12:40:21.838Z", "lagesosakerhetplan": 0.1, "lagesosakerhethojd": null, "ursprunglig_organisation": "Göteborg", "objektversion": 1.0, "objekttypnr": 2066.0, "objekttyp": "Komplementbyggnad", "insamlingslage": "Takkant", "byggnadsnamn1": "None", "byggnadsnamn2": "None", "byggnadsnamn3": "None", "husnummer": 2.0, "huvudbyggnad": "Nej", "andamal1": "Komplementbyggnad;", "andamal2": "None", "andamal3": "None", "andamal4": "None", "andamal5": "None" }, "geometry": { "type": "Polygon", "coordinates": [ [ [ 11.936517938178721, 57.708260173699863 ], [ 11.936482864876632, 57.708277399202132 ], [ 11.936430984901579, 57.70824712064573 ], [ 11.936466058198054, 57.708229895157722 ], [ 11.936517938178721, 57.708260173699863 ] ] ] } },
{ "type": "Feature", "properties": { "id": "7626b7d6-51d5-472e-9d65-535800a7c835", "objektidentitet": "8ef65606-9f6c-42ab-8cf1-d98b3e5d80e1", "versiongiltigfran": "2023-02-01T10:35:34.585Z", "lagesosakerhetplan": null, "lagesosakerhethojd": null, "ursprunglig_organisation": "Göteborg", "objektversion": 2.0, "objekttypnr": 2061.0, "objekttyp": "Bostad", "insamlingslage": "Illustrativt läge", "byggnadsnamn1": "None", "byggnadsnamn2": "None", "byggnadsnamn3": "None", "husnummer": 1.0, "huvudbyggnad": "Nej", "andamal1": "Bostad;Flerfamiljshus", "andamal2": "Verksamhet;", "andamal3": "None", "andamal4": "None", "andamal5": "None" }, "geometry": { "type": "Polygon", "coordinates": [ [ [ 11.936517012357491, 57.709535429593871 ], [ 11.936523077765155, 57.709463672590523 ], [ 11.936724175371662, 57.70946854209442 ], [ 11.936718110360635, 57.709540299111204 ], [ 11.936517012357491, 57.709535429593871 ] ] ] } },
{ "type": "Feature", "properties": { "id": "31264077-e49c-4a8f-b1ae-21531ddd2e3a", "objektidentitet": "d8e68345-2bb1-4e41-837e-d7652327bb9f", "versiongiltigfran": "2011-03-23T08:44:47.245Z", "lagesosakerhetplan": 0.06, "lagesosakerhethojd": null, "ursprunglig_organisation": "Lantmäteriet", "objektversion": 1.0, "objekttypnr": 2066.0, "objekttyp": "Komplementbyggnad", "insamlingslage": "Takkant", "byggnadsnamn1": "None", "byggnadsnamn2": "None", "byggnadsnamn3": "None", "husnummer": 9.0, "huvudbyggnad": "Nej", "andamal1": "Komplementbyggnad;", "andamal2": "None", "andamal3": "None", "andamal4": "None", "andamal5": "None" }, "geometry": { "type": "Polygon", "coordinates": [ [ [ 11.936516727176228, 57.709944870333082 ], [ 11.936564652093656, 57.709920648771501 ], [ 11.936874609402992, 57.710096103433223 ], [ 11.936826683694672, 57.710120334081026 ], [ 11.936516727176228, 57.709944870333082 ] ] ] } },
{ "type": "Feature", "properties": { "id": "94803eee-4510-4f24-b46e-0b98fc22de13", "objektidentitet": "fb62ccb0-db68-4bd2-b1c1-43933578a6ae", "versiongiltigfran": "2012-01-03T09:52:49.467Z", "lagesosakerhetplan": 0.06, "lagesosakerhethojd": null, "ursprunglig_organisation": "Göteborg", "objektversion": 2.0, "objekttypnr": 2061.0, "objekttyp": "Bostad", "insamlingslage": "Takkant", "byggnadsnamn1": "None", "byggnadsnamn2": "None", "byggnadsnamn3": "None", "husnummer": 1.0, "huvudbyggnad": "Nej", "andamal1": "Bostad;Flerfamiljshus", "andamal2": "Verksamhet;", "andamal3": "None", "andamal4": "None", "andamal5": "None" }, "geometry": { "type": "Polygon", "coordinates": [ [ [ 11.937450705991679, 57.708418207012954 ], [ 11.937469964222249, 57.70842916220014 ], [ 11.937622087291027, 57.708352591063679 ], [ 11.937810499731064, 57.708459830555135 ], [ 11.937552534214245, 57.708589691087212 ], [ 11.937576406588404, 57.708603274588555 ], [ 11.937256126068174, 57.708764504084378 ], [ 11.937234480720988, 57.708752187816856 ], [ 11.937011201493348, 57.708864587516487 ], [ 11.937038855107051, 57.708880320918063 ], [ 11.937097818557351, 57.70885064109136 ], [ 11.937133931494563, 57.708871190116653 ], [ 11.937179584407097, 57.708848198620075 ], [ 11.937330075378766, 57.708933848342227 ], [ 11.937308538611942, 57.708944687761573 ], [ 11.937352614353724, 57.708969770691148 ], [ 11.937490938363284, 57.708900136894734 ], [ 11.937470687125552, 57.708888609409264 ], [ 11.937791931943488, 57.708726899384608 ], [ 11.93781349746857, 57.708739168682143 ], [ 11.938073935870539, 57.708608064213237 ], [ 11.938264754774703, 57.70871666448754 ], [ 11.937319888919497, 57.709192302836726 ], [ 11.937130208709045, 57.709084339888925 ], [ 11.937153271775767, 57.709072728532291 ], [ 11.937109756807088, 57.709047964701618 ], [ 11.937088587742178, 57.709058624240065 ], [ 11.936934572326722, 57.708970965467245 ], [ 11.936979137228258, 57.70894853191529 ], [ 11.93694331305981, 57.708928142633319 ], [ 11.937003416716596, 57.708897888260665 ], [ 11.936975315868356, 57.708881883371355 ], [ 11.936868069441491, 57.708935866028057 ], [ 11.936678727151785, 57.708828108278304 ], [ 11.936831818452308, 57.708751049177671 ], [ 11.936811969018587, 57.708739738034879 ], [ 11.937450705991679, 57.708418207012954 ] ] ] } },
{ "type": "Feature", "properties": { "id": "d142b2f0-feb0-43f5-b43f-af0744c58940", "objektidentitet": "87417ece-dd08-4d1f-b1e9-de49b262beaa", "versiongiltigfran": "2023-02-01T10:40:59.209Z", "lagesosakerhetplan": null, "lagesosakerhethojd": null, "ursprunglig_organisation": "Göteborg", "objektversion": 2.0, "objekttypnr": 2061.0, "objekttyp": "Bostad", "insamlingslage": "Illustrativt läge", "byggnadsnamn1": "None", "byggnadsnamn2": "None", "byggnadsnamn3": "None", "husnummer": 1.0, "huvudbyggnad": "Nej", "andamal1": "Bostad;Flerfamiljshus", "andamal2": "Verksamhet;", "andamal3": "None", "andamal4": "None", "andamal5": "None" }, "geometry": { "type": "Polygon", "coordinates": [ [ [ 11.936700653283078, 57.709426771611945 ], [ 11.936706718302059, 57.709355014595047 ], [ 11.936907815340748, 57.709359883801575 ], [ 11.936901750718398, 57.709431640831895 ], [ 11.936700653283078, 57.709426771611945 ] ] ] } },
{ "type": "Feature", "properties": { "id": "78cfb277-e194-4d27-93f9-316979c9fb45", "objektidentitet": "cdc48a42-e2ec-4093-b85d-1209a0b0b1c9", "versiongiltigfran": "2019-11-18T10:42:28.694Z", "lagesosakerhetplan": 0.1, "lagesosakerhethojd": null, "ursprunglig_organisation": "Göteborg", "objektversion": 4.0, "objekttypnr": 2063.0, "objekttyp": "Samhällsfunktion", "insamlingslage": "Takkant", "byggnadsnamn1": "None", "byggnadsnamn2": "None", "byggnadsnamn3": "None", "husnummer": 15.0, "huvudbyggnad": "Nej", "andamal1": "Samhällsfunktion;Busstation", "andamal2": "None", "andamal3": "None", "andamal4": "None", "andamal5": "None" }, "geometry": { "type": "Polygon", "coordinates": [ [ [ 11.93717360843538, 57.706874391454825 ], [ 11.937425536542989, 57.706809296890711 ], [ 11.937483463723353, 57.706873516278655 ], [ 11.937231534507765, 57.706938619923861 ], [ 11.93717360843538, 57.706874391454825 ] ] ] } },
{ "type": "Feature", "properties": { "id": "84ac01c7-d345-4370-aa1a-d86c8032100b", "objektidentitet": "0185e53d-b96c-4710-b411-0c1bbf0390a9", "versiongiltigfran": "2022-05-17T08:16:07.425Z", "lagesosakerhetplan": 0.06, "lagesosakerhethojd": 2.5, "ursprunglig_organisation": "Göteborg", "objektversion": 3.0, "objekttypnr": 2066.0, "objekttyp": "Komplementbyggnad", "insamlingslage": "Takkant", "byggnadsnamn1": "None", "byggnadsnamn2": "None", "byggnadsnamn3": "None", "husnummer": 1.0, "huvudbyggnad": "Nej", "andamal1": "Komplementbyggnad;", "andamal2": "None", "andamal3": "None", "andamal4": "None", "andamal5": "None" }, "geometry": { "type": "Polygon", "coordinates": [ [ [ 11.936962087285716, 57.710076776124275 ], [ 11.937152817754223, 57.709979425231715 ], [ 11.93741505951661, 57.710126588593688 ], [ 11.937224275643825, 57.710223974540291 ], [ 11.936962087285716, 57.710076776124275 ] ] ] } },
{ "type": "Feature", "properties": { "id": "04e5e8c2-3ea0-42fa-b06a-4aa1e3da81e7", "objektidentitet": "0185e53d-b96c-4710-b411-0c1bbf0390a9", "versiongiltigfran": "2022-05-17T08:16:07.425Z", "lagesosakerhetplan": 0.06, "lagesosakerhethojd": null, "ursprunglig_organisation": "Göteborg", "objektversion": 3.0, "objekttypnr": 2066.0, "objekttyp": "Komplementbyggnad", "insamlingslage": "Takkant", "byggnadsnamn1": "None", "byggnadsnamn2": "None", "byggnadsnamn3": "None", "husnummer": 1.0, "huvudbyggnad": "Nej", "andamal1": "Komplementbyggnad;", "andamal2": "None", "andamal3": "None", "andamal4": "None", "andamal5": "None" }, "geometry": { "type": "Polygon", "coordinates": [ [ [ 11.937207270953257, 57.710009891570053 ], [ 11.937156450509294, 57.709981346729876 ], [ 11.937241720265035, 57.709935882650647 ], [ 11.937295170758105, 57.70996569551739 ], [ 11.937207270953257, 57.710009891570053 ] ] ] } },
{ "type": "Feature", "properties": { "id": "55d09fef-d43a-4bf4-81ce-3e6fb15cfec1", "objektidentitet": "0185e53d-b96c-4710-b411-0c1bbf0390a9", "versiongiltigfran": "2022-05-17T08:16:07.425Z", "lagesosakerhetplan": 0.06, "lagesosakerhethojd": null, "ursprunglig_organisation": "Göteborg", "objektversion": 3.0, "objekttypnr": 2066.0, "objekttyp": "Komplementbyggnad", "insamlingslage": "Takkant", "byggnadsnamn1": "None", "byggnadsnamn2": "None", "byggnadsnamn3": "None", "husnummer": 1.0, "huvudbyggnad": "Nej", "andamal1": "Komplementbyggnad;", "andamal2": "None", "andamal3": "None", "andamal4": "None", "andamal5": "None" }, "geometry": { "type": "Polygon", "coordinates": [ [ [ 11.937390067786181, 57.710112528581178 ], [ 11.937259962765919, 57.710039542275055 ], [ 11.937301656281829, 57.71001890858166 ], [ 11.937427323185137, 57.71009314459215 ], [ 11.937390067786181, 57.710112528581178 ] ] ] } },
{ "type": "Feature", "properties": { "id": "ae55edaf-dd70-4ee2-b23a-2399d1fe7389", "objektidentitet": "b20acad5-8c62-42e4-8e17-4a9fc00b4b12", "versiongiltigfran": "2019-04-24T11:31:00.867Z", "lagesosakerhetplan": 0.1, "lagesosakerhethojd": null, "ursprunglig_organisation": "Göteborg", "objektversion": 1.0, "objekttypnr": 2063.0, "objekttyp": "Samhällsfunktion", "insamlingslage": "Takkant", "byggnadsnamn1": "None", "byggnadsnamn2": "None", "byggnadsnamn3": "None", "husnummer": 16.0, "huvudbyggnad": "Nej", "andamal1": "Samhällsfunktion;Ospecificerad", "andamal2": "None", "andamal3": "None", "andamal4": "None", "andamal5": "None" }, "geometry": { "type": "Polygon", "coordinates": [ [ [ 11.937985510159725, 57.706867486566317 ], [ 11.938028260296074, 57.706870471713714 ], [ 11.938078618820457, 57.706882179584291 ], [ 11.938119758482253, 57.706901645630893 ], [ 11.938147643100917, 57.706926956599965 ], [ 11.938159559248456, 57.706955647035016 ], [ 11.938159748998446, 57.706957575055696 ], [ 11.938153387491028, 57.70698676684512 ], [ 11.938130477490761, 57.70701348187707 ], [ 11.938093289123598, 57.707035096670509 ], [ 11.938045425702192, 57.707049505361333 ], [ 11.937991372889993, 57.707055288554763 ], [ 11.937936982957645, 57.707051347556337 ], [ 11.937887518001695, 57.707038600679738 ], [ 11.937847842651285, 57.707018298168997 ], [ 11.937821819462265, 57.706992421007236 ], [ 11.937812020930037, 57.706963512156754 ], [ 11.937811978565728, 57.706962423585352 ], [ 11.937819975706843, 57.706933352293397 ], [ 11.937844364455637, 57.706907023640817 ], [ 11.937882760352348, 57.706886022367989 ], [ 11.937931396299577, 57.706872405406436 ], [ 11.937985510159725, 57.706867486566317 ] ] ] } },
{ "type": "Feature", "properties": { "id": "e988428b-1d17-47c3-89cf-44a53e13a56a", "objektidentitet": "fb62ccb0-db68-4bd2-b1c1-43933578a6ae", "versiongiltigfran": "2012-01-03T09:52:49.467Z", "lagesosakerhetplan": 0.06, "lagesosakerhethojd": null, "ursprunglig_organisation": "Göteborg", "objektversion": 2.0, "objekttypnr": 2061.0, "objekttyp": "Bostad", "insamlingslage": "Takkant", "byggnadsnamn1": "None", "byggnadsnamn2": "None", "byggnadsnamn3": "None", "husnummer": 1.0, "huvudbyggnad": "Nej", "andamal1": "Bostad;Flerfamiljshus", "andamal2": "Verksamhet;", "andamal3": "None", "andamal4": "None", "andamal5": "None" }, "geometry": { "type": "Polygon", "coordinates": [ [ [ 11.937720039406161, 57.708505367055785 ], [ 11.937793803738623, 57.708468234638737 ], [ 11.937907476790459, 57.708532931295665 ], [ 11.937833712438319, 57.708570063778524 ], [ 11.937720039406161, 57.708505367055785 ] ] ] } },
{ "type": "Feature", "properties": { "id": "3436f2f2-e68e-4925-960b-6b8502ae5f28", "objektidentitet": "e815cd79-1756-4f00-a8f9-5754f5c9d494", "versiongiltigfran": "2011-03-23T08:56:48.334Z", "lagesosakerhetplan": 0.06, "lagesosakerhethojd": null, "ursprunglig_organisation": "Lantmäteriet", "objektversion": 1.0, "objekttypnr": 2066.0, "objekttyp": "Komplementbyggnad", "insamlingslage": "Takkant", "byggnadsnamn1": "None", "byggnadsnamn2": "None", "byggnadsnamn3": "None", "husnummer": 2.0, "huvudbyggnad": "Nej", "andamal1": "Komplementbyggnad;", "andamal2": "None", "andamal3": "None", "andamal4": "None", "andamal5": "None" }, "geometry": { "type": "Polygon", "coordinates": [ [ [ 11.938775204193851, 57.707139628149328 ], [ 11.938873410286336, 57.707162569049778 ], [ 11.93886202743538, 57.707176665388261 ], [ 11.938706150820396, 57.707140311991004 ], [ 11.939678846933472, 57.706933592614796 ], [ 11.939293931712122, 57.70641450922701 ], [ 11.939448015233372, 57.70644780758569 ], [ 11.939439975957653, 57.706457508850669 ], [ 11.939341638089971, 57.706434556189777 ], [ 11.939714542170734, 57.706941781329988 ], [ 11.938775204193851, 57.707139628149328 ] ] ] } },
{ "type": "Feature", "properties": { "id": "2b2451c9-dbab-4092-9e1f-f66c29151883", "objektidentitet": "bd4d035f-727f-463c-b962-2b574a9ea3bd", "versiongiltigfran": "2011-03-23T08:36:11.065Z", "lagesosakerhetplan": 0.06, "lagesosakerhethojd": null, "ursprunglig_organisation": "Lantmäteriet", "objektversion": 1.0, "objekttypnr": 2064.0, "objekttyp": "Verksamhet", "insamlingslage": "Takkant", "byggnadsnamn1": "None", "byggnadsnamn2": "None", "byggnadsnamn3": "None", "husnummer": 1.0, "huvudbyggnad": "Nej", "andamal1": "Verksamhet;", "andamal2": "None", "andamal3": "None", "andamal4": "None", "andamal5": "None" }, "geometry": { "type": "Polygon", "coordinates": [ [ [ 11.939684523180555, 57.706245871098332 ], [ 11.940080908208225, 57.706338140084171 ], [ 11.940052614546028, 57.706372958202479 ], [ 11.939656246729655, 57.706280680561179 ], [ 11.939684523180555, 57.706245871098332 ] ] ] } },
{ "type": "Feature", "properties": { "id": "d357053a-472a-4cbd-a08e-e91ecb161a3f", "objektidentitet": "bd4d035f-727f-463c-b962-2b574a9ea3bd", "versiongiltigfran": "2011-03-23T08:36:11.065Z", "lagesosakerhetplan": 0.06, "lagesosakerhethojd": 2.5, "ursprunglig_organisation": "Lantmäteriet", "objektversion": 1.0, "objekttypnr": 2064.0, "objekttyp": "Verksamhet", "insamlingslage": "Takkant", "byggnadsnamn1": "None", "byggnadsnamn2": "None", "byggnadsnamn3": "None", "husnummer": 1.0, "huvudbyggnad": "Nej", "andamal1": "Verksamhet;", "andamal2": "None", "andamal3": "None", "andamal4": "None", "andamal5": "None" }, "geometry": { "type": "Polygon", "coordinates": [ [ [ 11.940136439224608, 57.706350035167411 ], [ 11.940385722962208, 57.70640806004365 ], [ 11.940358105463508, 57.706442031734824 ], [ 11.9401088558109, 57.706383998643567 ], [ 11.940136439224608, 57.706350035167411 ] ] ] } },
{ "type": "Feature", "properties": { "id": "778a94a2-f482-4ed0-a9c1-eb6809ad41f6", "objektidentitet": "96be4758-3897-4b67-9031-971cb0d3667c", "versiongiltigfran": "2011-03-23T08:59:55.849Z", "lagesosakerhetplan": 0.06, "lagesosakerhethojd": 2.5, "ursprunglig_organisation": "Lantmäteriet", "objektversion": 1.0, "objekttypnr": 2066.0, "objekttyp": "Komplementbyggnad", "insamlingslage": "Takkant", "byggnadsnamn1": "None", "byggnadsnamn2": "None", "byggnadsnamn3": "None", "husnummer": 2.0, "huvudbyggnad": "Nej", "andamal1": "Komplementbyggnad;", "andamal2": "None", "andamal3": "None", "andamal4": "None", "andamal5": "None" }, "geometry": { "type": "Polygon", "coordinates": [ [ [ 11.93343496962048, 57.70713798175376 ], [ 11.933496173706621, 57.707122109551641 ], [ 11.93354660967597, 57.707177745467497 ], [ 11.933485416961355, 57.707193680886625 ], [ 11.93343496962048, 57.70713798175376 ] ] ] } },
{ "type": "Feature", "properties": { "id": "ecee945a-344a-4338-8d89-bc7456bc17af", "objektidentitet": "ddfc2746-10a7-4b29-a34e-acfc0865fd0c", "versiongiltigfran": "2011-03-23T08:52:21.007Z", "lagesosakerhetplan": 0.06, "lagesosakerhethojd": 2.5, "ursprunglig_organisation": "Lantmäteriet", "objektversion": 1.0, "objekttypnr": 2061.0, "objekttyp": "Bostad", "insamlingslage": "Takkant", "byggnadsnamn1": "None", "byggnadsnamn2": "None", "byggnadsnamn3": "None", "husnummer": 3.0, "huvudbyggnad": "Nej", "andamal1": "Bostad;Flerfamiljshus", "andamal2": "None", "andamal3": "None", "andamal4": "None", "andamal5": "None" }, "geometry": { "type": "Polygon", "coordinates": [ [ [ 11.931828219761787, 57.707249059332788 ], [ 11.93187216514144, 57.707255976345252 ], [ 11.931846423857134, 57.707302790721059 ], [ 11.9318024951833, 57.707295874105647 ], [ 11.931828219761787, 57.707249059332788 ] ] ] } },
{ "type": "Feature", "properties": { "id": "d9338310-075c-4c09-9235-0a2ec261f5d3", "objektidentitet": "ddfc2746-10a7-4b29-a34e-acfc0865fd0c", "versiongiltigfran": "2011-03-23T08:52:21.007Z", "lagesosakerhetplan": 0.06, "lagesosakerhethojd": null, "ursprunglig_organisation": "Lantmäteriet", "objektversion": 1.0, "objekttypnr": 2061.0, "objekttyp": "Bostad", "insamlingslage": "Takkant", "byggnadsnamn1": "None", "byggnadsnamn2": "None", "byggnadsnamn3": "None", "husnummer": 3.0, "huvudbyggnad": "Nej", "andamal1": "Bostad;Flerfamiljshus", "andamal2": "None", "andamal3": "None", "andamal4": "None", "andamal5": "None" }, "geometry": { "type": "Polygon", "coordinates": [ [ [ 11.931525610591967, 57.707185913111509 ], [ 11.931836058934307, 57.707234805737187 ], [ 11.931786836571835, 57.707324345819409 ], [ 11.931780423718246, 57.70732333642276 ], [ 11.93173987321822, 57.707397115131215 ], [ 11.931574332448982, 57.707371052396553 ], [ 11.931614883253188, 57.707297273743848 ], [ 11.931476386777868, 57.707275462036378 ], [ 11.931525610591967, 57.707185913111509 ] ] ] } },
{ "type": "Feature", "properties": { "id": "e778f056-2414-476b-8974-35d6c5f46457", "objektidentitet": "8fb23d24-c79a-4c9e-b229-7f85142d56ff", "versiongiltigfran": "2017-06-21T10:39:29.361Z", "lagesosakerhetplan": 0.025, "lagesosakerhethojd": null, "ursprunglig_organisation": "Göteborg", "objektversion": 2.0, "objekttypnr": 2066.0, "objekttyp": "Komplementbyggnad", "insamlingslage": "Takkant", "byggnadsnamn1": "None", "byggnadsnamn2": "None", "byggnadsnamn3": "None", "husnummer": 10.0, "huvudbyggnad": "Nej", "andamal1": "Komplementbyggnad;", "andamal2": "None", "andamal3": "None", "andamal4": "None", "andamal5": "None" }, "geometry": { "type": "Polygon", "coordinates": [ [ [ 11.932906255409394, 57.706379411771636 ], [ 11.932951499059818, 57.706367601940705 ], [ 11.932995539147825, 57.706416054424089 ], [ 11.932952509561488, 57.706430272807488 ], [ 11.932906255409394, 57.706379411771636 ] ] ] } },
{ "type": "Feature", "properties": { "id": "ebf8ec5c-05ab-4320-aa44-79d61295c354", "objektidentitet": "2a1ffd36-abc8-4855-9f2c-c9cdd6b267bc", "versiongiltigfran": "2021-09-20T12:14:20.361Z", "lagesosakerhetplan": 0.06, "lagesosakerhethojd": null, "ursprunglig_organisation": "Lantmäteriet", "objektversion": 6.0, "objekttypnr": 2063.0, "objekttyp": "Samhällsfunktion", "insamlingslage": "Takkant", "byggnadsnamn1": "None", "byggnadsnamn2": "None", "byggnadsnamn3": "None", "husnummer": 3.0, "huvudbyggnad": "Nej", "andamal1": "Samhällsfunktion;Ospecificerad", "andamal2": "None", "andamal3": "None", "andamal4": "None", "andamal5": "None" }, "geometry": { "type": "Polygon", "coordinates": [ [ [ 11.93425538199565, 57.710354940932739 ], [ 11.934250239836732, 57.710383568909883 ], [ 11.934162827375522, 57.710379068790651 ], [ 11.9341679696026, 57.710350440817699 ], [ 11.93425538199565, 57.710354940932739 ] ] ] } },
{ "type": "Feature", "properties": { "id": "70d3de5e-aba0-4de4-b376-9ed44f2f5def", "objektidentitet": "03d9e70d-be18-4270-b63e-e1f5e245add3", "versiongiltigfran": "2011-03-23T08:36:40.605Z", "lagesosakerhetplan": 0.06, "lagesosakerhethojd": null, "ursprunglig_organisation": "Lantmäteriet", "objektversion": 1.0, "objekttypnr": 2061.0, "objekttyp": "Bostad", "insamlingslage": "Takkant", "byggnadsnamn1": "None", "byggnadsnamn2": "None", "byggnadsnamn3": "None", "husnummer": 4.0, "huvudbyggnad": "Nej", "andamal1": "Bostad;Flerfamiljshus", "andamal2": "None", "andamal3": "None", "andamal4": "None", "andamal5": "None" }, "geometry": { "type": "Polygon", "coordinates": [ [ [ 11.93256529967328, 57.706789895754909 ], [ 11.932634874088944, 57.706867576320604 ], [ 11.932420889098701, 57.706921906139343 ], [ 11.932351858152778, 57.706844355474132 ], [ 11.93256529967328, 57.706789895754909 ] ] ] } },
{ "type": "Feature", "properties": { "id": "92a4c6f1-4b53-4d3e-af1d-fce2ba5b0674", "objektidentitet": "0f5ac46e-f7c2-4dc1-aa29-456f88107c14", "versiongiltigfran": "2011-03-23T09:08:53.805Z", "lagesosakerhetplan": 0.06, "lagesosakerhethojd": 2.5, "ursprunglig_organisation": "Lantmäteriet", "objektversion": 1.0, "objekttypnr": 2062.0, "objekttyp": "Industri", "insamlingslage": "Takkant", "byggnadsnamn1": "None", "byggnadsnamn2": "None", "byggnadsnamn3": "None", "husnummer": 1.0, "huvudbyggnad": "Nej", "andamal1": "Industri;Ospecificerad", "andamal2": "None", "andamal3": "None", "andamal4": "None", "andamal5": "None" }, "geometry": { "type": "Polygon", "coordinates": [ [ [ 11.935361951277924, 57.710342581946193 ], [ 11.935498733571984, 57.710418590167755 ], [ 11.935548002891768, 57.710429922066325 ], [ 11.935533253060445, 57.710450246143303 ], [ 11.935473629920645, 57.710436443402656 ], [ 11.935334747500972, 57.710356276769176 ], [ 11.935361951277924, 57.710342581946193 ] ] ] } },
{ "type": "Feature", "properties": { "id": "6ac50050-abe2-43c1-98c5-2aec4352c08a", "objektidentitet": "277c23dc-4ca4-436e-8389-73c337d4334f", "versiongiltigfran": "2016-10-10T12:29:04.205Z", "lagesosakerhetplan": 0.06, "lagesosakerhethojd": null, "ursprunglig_organisation": "Göteborg", "objektversion": 2.0, "objekttypnr": 2062.0, "objekttyp": "Industri", "insamlingslage": "Takkant", "byggnadsnamn1": "None", "byggnadsnamn2": "None", "byggnadsnamn3": "None", "husnummer": 9.0, "huvudbyggnad": "Nej", "andamal1": "Industri;Ospecificerad", "andamal2": "None", "andamal3": "None", "andamal4": "None", "andamal5": "None" }, "geometry": { "type": "Polygon", "coordinates": [ [ [ 11.93425003540874, 57.708082592693664 ], [ 11.934248677058401, 57.708113739128741 ], [ 11.934116871498947, 57.708159871002756 ], [ 11.934093475779676, 57.70813630372556 ], [ 11.934021681932641, 57.708157051730986 ], [ 11.933989620296126, 57.708121392278059 ], [ 11.933890409062839, 57.70812085725543 ], [ 11.933937232173049, 57.7080836493002 ], [ 11.933980846125804, 57.708083582841176 ], [ 11.933992010438436, 57.708090953936761 ], [ 11.934025345314957, 57.708090916965759 ], [ 11.934023557780192, 57.708114628915382 ], [ 11.934091754848751, 57.708114762734056 ], [ 11.934094952297562, 57.70808430800534 ], [ 11.93425003540874, 57.708082592693664 ] ] ] } },
{ "type": "Feature", "properties": { "id": "1496cbbd-86a3-4d5a-8814-7121f129c0db", "objektidentitet": "68d6017f-784f-4ac9-a945-cd363cafb039", "versiongiltigfran": "2019-04-24T11:31:01.994Z", "lagesosakerhetplan": 0.1, "lagesosakerhethojd": null, "ursprunglig_organisation": "Göteborg", "objektversion": 1.0, "objekttypnr": 2067.0, "objekttyp": "Övrig byggnad", "insamlingslage": "Takkant", "byggnadsnamn1": "None", "byggnadsnamn2": "None", "byggnadsnamn3": "None", "husnummer": 17.0, "huvudbyggnad": "Nej", "andamal1": "Övrig byggnad;", "andamal2": "None", "andamal3": "None", "andamal4": "None", "andamal5": "None" }, "geometry": { "type": "Polygon", "coordinates": [ [ [ 11.937827498297279, 57.707060354823994 ], [ 11.937781425959036, 57.707072442932386 ], [ 11.937715721804047, 57.707000692255697 ], [ 11.937761777314391, 57.70698860376482 ], [ 11.937827498297279, 57.707060354823994 ] ] ] } },
{ "type": "Feature", "properties": { "id": "4eb554cb-d2ff-4128-830f-5fea91a4cb5c", "objektidentitet": "4124a25d-cf33-48d1-97d7-a371b86b65df", "versiongiltigfran": "2011-03-23T08:37:33.160Z", "lagesosakerhetplan": 0.06, "lagesosakerhethojd": null, "ursprunglig_organisation": "Lantmäteriet", "objektversion": 1.0, "objekttypnr": 2066.0, "objekttyp": "Komplementbyggnad", "insamlingslage": "Takkant", "byggnadsnamn1": "None", "byggnadsnamn2": "None", "byggnadsnamn3": "None", "husnummer": 11.0, "huvudbyggnad": "Nej", "andamal1": "Komplementbyggnad;", "andamal2": "None", "andamal3": "None", "andamal4": "None", "andamal5": "None" }, "geometry": { "type": "Polygon", "coordinates": [ [ [ 11.938530507088842, 57.706510587892062 ], [ 11.938541555209921, 57.706522719398642 ], [ 11.938438009197133, 57.706549703043514 ], [ 11.938426970283722, 57.706537661630172 ], [ 11.938530507088842, 57.706510587892062 ] ] ] } },
{ "type": "Feature", "properties": { "id": "b0d04295-66ad-4c87-a046-91a7273eabb6", "objektidentitet": "9b036d5b-fc84-42a9-930f-e9ff6f284aa7", "versiongiltigfran": "2011-03-23T08:42:36.175Z", "lagesosakerhetplan": 0.06, "lagesosakerhethojd": null, "ursprunglig_organisation": "Lantmäteriet", "objektversion": 1.0, "objekttypnr": 2066.0, "objekttyp": "Komplementbyggnad", "insamlingslage": "Takkant", "byggnadsnamn1": "None", "byggnadsnamn2": "None", "byggnadsnamn3": "None", "husnummer": 13.0, "huvudbyggnad": "Nej", "andamal1": "Komplementbyggnad;", "andamal2": "None", "andamal3": "None", "andamal4": "None", "andamal5": "None" }, "geometry": { "type": "Polygon", "coordinates": [ [ [ 11.934410855392152, 57.707920733312839 ], [ 11.934467732456275, 57.707920493750379 ], [ 11.934468351641721, 57.707956056270888 ], [ 11.934411491279189, 57.707956296239132 ], [ 11.934410855392152, 57.707920733312839 ] ] ] } },
{ "type": "Feature", "properties": { "id": "63de3345-78b8-4572-8831-f00e91d17548", "objektidentitet": "a49f0881-1f22-42bd-95f9-98dc0e9c756f", "versiongiltigfran": "2011-03-23T09:00:13.548Z", "lagesosakerhetplan": 0.06, "lagesosakerhethojd": null, "ursprunglig_organisation": "Lantmäteriet", "objektversion": 1.0, "objekttypnr": 2062.0, "objekttyp": "Industri", "insamlingslage": "Takkant", "byggnadsnamn1": "None", "byggnadsnamn2": "None", "byggnadsnamn3": "None", "husnummer": 1.0, "huvudbyggnad": "Nej", "andamal1": "Industri;Ospecificerad", "andamal2": "None", "andamal3": "None", "andamal4": "None", "andamal5": "None" }, "geometry": { "type": "Polygon", "coordinates": [ [ [ 11.936125948786568, 57.710223714539524 ], [ 11.936020109269897, 57.710277478954119 ], [ 11.935631853291524, 57.710057100122953 ], [ 11.93507544004491, 57.709742011344439 ], [ 11.934544919410122, 57.709438962124253 ], [ 11.934742889496764, 57.709333683070348 ], [ 11.936075383527504, 57.710090258677866 ], [ 11.935978903814087, 57.710141966787567 ], [ 11.936125948786568, 57.710223714539524 ] ] ] } },
{ "type": "Feature", "properties": { "id": "f0e91521-ad13-4d42-9db2-92c9afe031d7", "objektidentitet": "a49f0881-1f22-42bd-95f9-98dc0e9c756f", "versiongiltigfran": "2011-03-23T09:00:13.548Z", "lagesosakerhetplan": 0.06, "lagesosakerhethojd": 2.5, "ursprunglig_organisation": "Lantmäteriet", "objektversion": 1.0, "objekttypnr": 2062.0, "objekttyp": "Industri", "insamlingslage": "Takkant", "byggnadsnamn1": "None", "byggnadsnamn2": "None", "byggnadsnamn3": "None", "husnummer": 1.0, "huvudbyggnad": "Nej", "andamal1": "Industri;Ospecificerad", "andamal2": "None", "andamal3": "None", "andamal4": "None", "andamal5": "None" }, "geometry": { "type": "Polygon", "coordinates": [ [ [ 11.936125948786568, 57.710223714539524 ], [ 11.936249102964712, 57.710297261731398 ], [ 11.936149617924109, 57.710349157845386 ], [ 11.936020109269897, 57.710277478954119 ], [ 11.936125948786568, 57.710223714539524 ] ] ] } },
{ "type": "Feature", "properties": { "id": "05f3dedb-9f67-41d8-b2ba-5e223e3e7c15", "objektidentitet": "fa65411d-46d8-4dcb-b834-1de7a72a3f3e", "versiongiltigfran": "2011-03-23T08:41:29.971Z", "lagesosakerhetplan": 0.06, "lagesosakerhethojd": null, "ursprunglig_organisation": "Lantmäteriet", "objektversion": 1.0, "objekttypnr": 2066.0, "objekttyp": "Komplementbyggnad", "insamlingslage": "Takkant", "byggnadsnamn1": "None", "byggnadsnamn2": "None", "byggnadsnamn3": "None", "husnummer": 7.0, "huvudbyggnad": "Nej", "andamal1": "Komplementbyggnad;", "andamal2": "None", "andamal3": "None", "andamal4": "None", "andamal5": "None" }, "geometry": { "type": "Polygon", "coordinates": [ [ [ 11.933276379930099, 57.706732472607797 ], [ 11.933320345630454, 57.706781417499855 ], [ 11.933202765424261, 57.706811678871226 ], [ 11.933158800607641, 57.706762724970069 ], [ 11.933276379930099, 57.706732472607797 ] ] ] } },
{ "type": "Feature", "properties": { "id": "048df5ff-f6c4-41be-a7e0-850334b99448", "objektidentitet": "1b59d272-ec6e-440a-b040-db70aaa131fc", "versiongiltigfran": "2021-02-04T10:42:17.089Z", "lagesosakerhetplan": 0.05, "lagesosakerhethojd": null, "ursprunglig_organisation": "Göteborg", "objektversion": 5.0, "objekttypnr": 2061.0, "objekttyp": "Bostad", "insamlingslage": "Fasad", "byggnadsnamn1": "None", "byggnadsnamn2": "None", "byggnadsnamn3": "None", "husnummer": 4.0, "huvudbyggnad": "Nej", "andamal1": "Bostad;Flerfamiljshus", "andamal2": "None", "andamal3": "None", "andamal4": "None", "andamal5": "None" }, "geometry": { "type": "Polygon", "coordinates": [ [ [ 11.940902893179937, 57.708934664581236 ], [ 11.940754278848052, 57.708909841271598 ], [ 11.940827631099669, 57.708786844063638 ], [ 11.940784995028785, 57.708779494504491 ], [ 11.940996981764943, 57.708429290182849 ], [ 11.941192067811786, 57.708461950889216 ], [ 11.940980613457798, 57.708813228965688 ], [ 11.940976091442064, 57.708812292728325 ], [ 11.940902893179937, 57.708934664581236 ] ] ] } },
{ "type": "Feature", "properties": { "id": "81234254-6396-4c14-b136-02015542305a", "objektidentitet": "0d8d228b-453f-4749-a3fa-b009e60dbe01", "versiongiltigfran": "2022-04-28T13:50:38.963Z", "lagesosakerhetplan": 0.1, "lagesosakerhethojd": null, "ursprunglig_organisation": "Göteborg", "objektversion": 2.0, "objekttypnr": 2062.0, "objekttyp": "Industri", "insamlingslage": "Takkant", "byggnadsnamn1": "None", "byggnadsnamn2": "None", "byggnadsnamn3": "None", "husnummer": 3.0, "huvudbyggnad": "Nej", "andamal1": "Industri;Ospecificerad", "andamal2": "None", "andamal3": "None", "andamal4": "None", "andamal5": "None" }, "geometry": { "type": "Polygon", "coordinates": [ [ [ 11.941662318749433, 57.710870105151841 ], [ 11.941550430181399, 57.710926774789804 ], [ 11.940671613127364, 57.710740992553156 ], [ 11.94126300482, 57.710441827905022 ], [ 11.941567302731642, 57.710613619531344 ], [ 11.941477191779482, 57.710658789670255 ], [ 11.941572209735638, 57.710713073153627 ], [ 11.941473821242147, 57.710762402347363 ], [ 11.941662318749433, 57.710870105151841 ] ] ] } },
{ "type": "Feature", "properties": { "id": "53fdb273-b4ac-4e9c-a4a1-587e4dfb98d6", "objektidentitet": "4880e073-e20d-4a1c-9a33-4f55c85ddb1f", "versiongiltigfran": "2021-02-04T10:42:14.565Z", "lagesosakerhetplan": 0.05, "lagesosakerhethojd": null, "ursprunglig_organisation": "Göteborg", "objektversion": 4.0, "objekttypnr": 2061.0, "objekttyp": "Bostad", "insamlingslage": "Fasad", "byggnadsnamn1": "None", "byggnadsnamn2": "None", "byggnadsnamn3": "None", "husnummer": 2.0, "huvudbyggnad": "Nej", "andamal1": "Bostad;Flerfamiljshus", "andamal2": "None", "andamal3": "None", "andamal4": "None", "andamal5": "None" }, "geometry": { "type": "Polygon", "coordinates": [ [ [ 11.941569640438239, 57.708052150407021 ], [ 11.94125274211487, 57.708377924348454 ], [ 11.941076131299916, 57.708328705219976 ], [ 11.941393030750412, 57.708002931729894 ], [ 11.941569640438239, 57.708052150407021 ] ] ] } },
{ "type": "Feature", "properties": { "id": "7e07c492-d091-48ea-aad3-a6396f675320", "objektidentitet": "b76c2012-4990-4f41-ae10-ba277d7bb020", "versiongiltigfran": "2023-05-03T14:54:50.026Z", "lagesosakerhetplan": null, "lagesosakerhethojd": null, "ursprunglig_organisation": "Göteborg", "objektversion": 5.0, "objekttypnr": 2061.0, "objekttyp": "Bostad", "insamlingslage": "Illustrativt läge", "byggnadsnamn1": "None", "byggnadsnamn2": "None", "byggnadsnamn3": "None", "husnummer": 1.0, "huvudbyggnad": "Nej", "andamal1": "Bostad;Flerfamiljshus", "andamal2": "Verksamhet;", "andamal3": "None", "andamal4": "None", "andamal5": "None" }, "geometry": { "type": "Polygon", "coordinates": [ [ [ 11.941810773939045, 57.709502480885405 ], [ 11.942219749323442, 57.709002551270224 ], [ 11.942440747208558, 57.709054351491744 ], [ 11.942031774239625, 57.709554281841498 ], [ 11.941810773939045, 57.709502480885405 ] ] ] } },
{ "type": "Feature", "properties": { "id": "c3636a12-49f7-4f6a-a2f6-6e5a87b1d21f", "objektidentitet": "9550926e-83f0-4949-be73-e2a396022973", "versiongiltigfran": "2022-02-11T12:36:37.996Z", "lagesosakerhetplan": 0.1, "lagesosakerhethojd": null, "ursprunglig_organisation": "Göteborg", "objektversion": 5.0, "objekttypnr": 2061.0, "objekttyp": "Bostad", "insamlingslage": "Takkant", "byggnadsnamn1": "None", "byggnadsnamn2": "None", "byggnadsnamn3": "None", "husnummer": 4.0, "huvudbyggnad": "Nej", "andamal1": "Bostad;Flerfamiljshus", "andamal2": "None", "andamal3": "None", "andamal4": "None", "andamal5": "None" }, "geometry": { "type": "Polygon", "coordinates": [ [ [ 11.942039902031745, 57.708499255195598 ], [ 11.942315588009759, 57.708585291529403 ], [ 11.942235374973516, 57.708658510127954 ], [ 11.942006655413362, 57.708612481876543 ], [ 11.942039902031745, 57.708499255195598 ] ] ] } },
{ "type": "Feature", "properties": { "id": "8629b675-bc03-4675-8312-fa4350fdd376", "objektidentitet": "44791d5d-27de-42bc-abf0-0ec90da25156", "versiongiltigfran": "2021-02-04T10:42:15.083Z", "lagesosakerhetplan": 0.05, "lagesosakerhethojd": null, "ursprunglig_organisation": "Göteborg", "objektversion": 4.0, "objekttypnr": 2061.0, "objekttyp": "Bostad", "insamlingslage": "Fasad", "byggnadsnamn1": "None", "byggnadsnamn2": "None", "byggnadsnamn3": "None", "husnummer": 1.0, "huvudbyggnad": "Nej", "andamal1": "Bostad;Flerfamiljshus", "andamal2": "None", "andamal3": "None", "andamal4": "None", "andamal5": "None" }, "geometry": { "type": "Polygon", "coordinates": [ [ [ 11.942568138350207, 57.708575351878615 ], [ 11.942743808538339, 57.708357657552433 ], [ 11.942433672533294, 57.708283094042415 ], [ 11.942254254608951, 57.708463388332831 ], [ 11.94208783262545, 57.708415189877414 ], [ 11.942380302947562, 57.708123319346612 ], [ 11.942543551429255, 57.708172699049491 ], [ 11.942526765426868, 57.708189550251966 ], [ 11.942822567481224, 57.708258059792676 ], [ 11.942840717796303, 57.70823757443334 ], [ 11.94301082974814, 57.708279254909613 ], [ 11.942739006460178, 57.708614453453869 ], [ 11.942568138350207, 57.708575351878615 ] ] ] } },
{ "type": "Feature", "properties": { "id": "11165a33-fabe-4d8f-b875-c2c0aabfcefe", "objektidentitet": "af77304b-7295-41d4-a7b9-bb6cd1d13141", "versiongiltigfran": "2017-12-04T14:39:23.410Z", "lagesosakerhetplan": 0.1, "lagesosakerhethojd": null, "ursprunglig_organisation": "Göteborg", "objektversion": 4.0, "objekttypnr": 2061.0, "objekttyp": "Bostad", "insamlingslage": "Takkant", "byggnadsnamn1": "None", "byggnadsnamn2": "None", "byggnadsnamn3": "None", "husnummer": 1.0, "huvudbyggnad": "Nej", "andamal1": "Bostad;Flerfamiljshus", "andamal2": "None", "andamal3": "None", "andamal4": "None", "andamal5": "None" }, "geometry": { "type": "Polygon", "coordinates": [ [ [ 11.943719956412091, 57.708102734029922 ], [ 11.944142067593905, 57.707706198983651 ], [ 11.944450031289739, 57.707800137825231 ], [ 11.944028006858328, 57.708196666970132 ], [ 11.943719956412091, 57.708102734029922 ] ] ] } },
{ "type": "Feature", "properties": { "id": "7f44878d-60ee-4d33-9d2d-cab14dd30ab3", "objektidentitet": "8f68befb-6beb-4b1b-82f0-de760639e7a9", "versiongiltigfran": "2011-03-23T08:39:06.594Z", "lagesosakerhetplan": 0.06, "lagesosakerhethojd": 2.5, "ursprunglig_organisation": "Lantmäteriet", "objektversion": 1.0, "objekttypnr": 2064.0, "objekttyp": "Verksamhet", "insamlingslage": "Takkant", "byggnadsnamn1": "None", "byggnadsnamn2": "None", "byggnadsnamn3": "None", "husnummer": 1.0, "huvudbyggnad": "Nej", "andamal1": "Verksamhet;", "andamal2": "None", "andamal3": "None", "andamal4": "None", "andamal5": "None" }, "geometry": { "type": "Polygon", "coordinates": [ [ [ 11.943852445673304, 57.710842085066751 ], [ 11.944079441280941, 57.710728118414828 ], [ 11.944848937813688, 57.711167249654757 ], [ 11.944623614056598, 57.711280305340367 ], [ 11.944312362635165, 57.711102717978633 ], [ 11.944251003921911, 57.711133547661838 ], [ 11.944043227318986, 57.711014993084653 ], [ 11.944102935025546, 57.71098502241815 ], [ 11.943852445673304, 57.710842085066751 ] ] ] } },
{ "type": "Feature", "properties": { "id": "a92d22c0-7794-489d-a089-ad0ad6e25625", "objektidentitet": "ffe06a66-2c2a-4a7b-baaa-7af6080b4e2b", "versiongiltigfran": "2016-11-07T14:45:31.400Z", "lagesosakerhetplan": 0.025, "lagesosakerhethojd": 2.5, "ursprunglig_organisation": "Göteborg", "objektversion": 3.0, "objekttypnr": 2066.0, "objekttyp": "Komplementbyggnad", "insamlingslage": "Takkant", "byggnadsnamn1": "None", "byggnadsnamn2": "None", "byggnadsnamn3": "None", "husnummer": 1.0, "huvudbyggnad": "Nej", "andamal1": "Komplementbyggnad;", "andamal2": "None", "andamal3": "None", "andamal4": "None", "andamal5": "None" }, "geometry": { "type": "Polygon", "coordinates": [ [ [ 11.944342129320818, 57.707560716853841 ], [ 11.944424766622332, 57.707585937755113 ], [ 11.944377668889333, 57.707630126441515 ], [ 11.9442951115279, 57.707604952381288 ], [ 11.944342129320818, 57.707560716853841 ] ] ] } },
{ "type": "Feature", "properties": { "id": "53876c1d-c29e-4bfe-8da2-d650568153c2", "objektidentitet": "8f68befb-6beb-4b1b-82f0-de760639e7a9", "versiongiltigfran": "2011-03-23T08:39:06.594Z", "lagesosakerhetplan": 0.06, "lagesosakerhethojd": null, "ursprunglig_organisation": "Lantmäteriet", "objektversion": 1.0, "objekttypnr": 2064.0, "objekttyp": "Verksamhet", "insamlingslage": "Takkant", "byggnadsnamn1": "None", "byggnadsnamn2": "None", "byggnadsnamn3": "None", "husnummer": 1.0, "huvudbyggnad": "Nej", "andamal1": "Verksamhet;", "andamal2": "None", "andamal3": "None", "andamal4": "None", "andamal5": "None" }, "geometry": { "type": "Polygon", "coordinates": [ [ [ 11.944075097360567, 57.711033154604458 ], [ 11.944218715365089, 57.711115169357427 ], [ 11.944184124826053, 57.711128274178499 ], [ 11.944138841282074, 57.711132366438456 ], [ 11.944103610915798, 57.711127965221173 ], [ 11.944086569187782, 57.711122349555318 ], [ 11.944063129869139, 57.711111150627637 ], [ 11.944043374213205, 57.711094504094049 ], [ 11.944037429822092, 57.711076177870375 ], [ 11.944048327831473, 57.711051292812648 ], [ 11.944075097360567, 57.711033154604458 ] ] ] } },
{ "type": "Feature", "properties": { "id": "ee627a0f-eb7c-49fd-9f6b-f7e1ab1e8ee7", "objektidentitet": "8f68befb-6beb-4b1b-82f0-de760639e7a9", "versiongiltigfran": "2011-03-23T08:39:06.594Z", "lagesosakerhetplan": 0.06, "lagesosakerhethojd": 2.5, "ursprunglig_organisation": "Lantmäteriet", "objektversion": 1.0, "objekttypnr": 2064.0, "objekttyp": "Verksamhet", "insamlingslage": "Takkant", "byggnadsnamn1": "None", "byggnadsnamn2": "None", "byggnadsnamn3": "None", "husnummer": 1.0, "huvudbyggnad": "Nej", "andamal1": "Verksamhet;", "andamal2": "None", "andamal3": "None", "andamal4": "None", "andamal5": "None" }, "geometry": { "type": "Polygon", "coordinates": [ [ [ 11.944404494774028, 57.710913643585172 ], [ 11.944512085704552, 57.710864471501665 ], [ 11.94451659647671, 57.710853992633204 ], [ 11.944524605873989, 57.7108470316604 ], [ 11.94453439558797, 57.710841461877557 ], [ 11.944542560564591, 57.710836041601397 ], [ 11.944553397226702, 57.71083219582583 ], [ 11.944626919608289, 57.710873994824631 ], [ 11.944568531809534, 57.710897679075288 ], [ 11.944556581993886, 57.710895008665183 ], [ 11.944452529007219, 57.7109410575355 ], [ 11.944404494774028, 57.710913643585172 ] ] ] } },
{ "type": "Feature", "properties": { "id": "41dd3e30-debd-4a97-b50c-84632edc5d59", "objektidentitet": "498735f8-2f1a-4ee5-b678-4e2f99bde311", "versiongiltigfran": "2011-03-23T09:05:36.455Z", "lagesosakerhetplan": 0.06, "lagesosakerhethojd": null, "ursprunglig_organisation": "Lantmäteriet", "objektversion": 1.0, "objekttypnr": 2066.0, "objekttyp": "Komplementbyggnad", "insamlingslage": "Takkant", "byggnadsnamn1": "None", "byggnadsnamn2": "None", "byggnadsnamn3": "None", "husnummer": 2.0, "huvudbyggnad": "Nej", "andamal1": "Komplementbyggnad;", "andamal2": "None", "andamal3": "None", "andamal4": "None", "andamal5": "None" }, "geometry": { "type": "Polygon", "coordinates": [ [ [ 11.94457603997744, 57.711293438250728 ], [ 11.944499710900855, 57.711332921424969 ], [ 11.944454033561913, 57.711307622666858 ], [ 11.944530362633124, 57.711268139520001 ], [ 11.94457603997744, 57.711293438250728 ] ] ] } },
{ "type": "Feature", "properties": { "id": "063379e6-3e0d-4d48-8ae8-c57dd462557f", "objektidentitet": "42a025f2-bdfc-48dc-9c3b-ecf9ee9e6207", "versiongiltigfran": "2018-01-04T14:20:43.167Z", "lagesosakerhetplan": 0.1, "lagesosakerhethojd": null, "ursprunglig_organisation": "Göteborg", "objektversion": 1.0, "objekttypnr": 2067.0, "objekttyp": "Övrig byggnad", "insamlingslage": "Takkant", "byggnadsnamn1": "None", "byggnadsnamn2": "None", "byggnadsnamn3": "None", "husnummer": 72.0, "huvudbyggnad": "Nej", "andamal1": "Övrig byggnad;", "andamal2": "None", "andamal3": "None", "andamal4": "None", "andamal5": "None" }, "geometry": { "type": "Polygon", "coordinates": [ [ [ 11.945585354190195, 57.708367514840077 ], [ 11.945523946767953, 57.708423698908987 ], [ 11.94535906986097, 57.708372063787017 ], [ 11.945420494203649, 57.708315880203955 ], [ 11.945585354190195, 57.708367514840077 ] ] ] } },
{ "type": "Feature", "properties": { "id": "45ad7271-1e21-444e-8056-f8a823d4ff5e", "objektidentitet": "1cd9f29f-dd8c-4437-b8e3-e9fe60dbabf9", "versiongiltigfran": "2019-08-22T12:32:18.044Z", "lagesosakerhetplan": null, "lagesosakerhethojd": null, "ursprunglig_organisation": "Göteborg", "objektversion": 3.0, "objekttypnr": 2066.0, "objekttyp": "Komplementbyggnad", "insamlingslage": "Illustrativt läge", "byggnadsnamn1": "None", "byggnadsnamn2": "None", "byggnadsnamn3": "None", "husnummer": 11.0, "huvudbyggnad": "Nej", "andamal1": "Komplementbyggnad;", "andamal2": "None", "andamal3": "None", "andamal4": "None", "andamal5": "None" }, "geometry": { "type": "Polygon", "coordinates": [ [ [ 11.945562646415173, 57.711039740884154 ], [ 11.9456121511543, 57.711014053116926 ], [ 11.945681278951419, 57.711052222104456 ], [ 11.945631774963301, 57.711077900928863 ], [ 11.945562646415173, 57.711039740884154 ] ] ] } },
{ "type": "Feature", "properties": { "id": "d51b4224-2b79-42d0-bb00-589e3a13baa3", "objektidentitet": "909638fd-caab-46bf-94ee-14e95f15db6c", "versiongiltigfran": "2021-02-04T10:42:19.230Z", "lagesosakerhetplan": 0.05, "lagesosakerhethojd": null, "ursprunglig_organisation": "Göteborg", "objektversion": 3.0, "objekttypnr": 2064.0, "objekttyp": "Verksamhet", "insamlingslage": "Fasad", "byggnadsnamn1": "None", "byggnadsnamn2": "None", "byggnadsnamn3": "None", "husnummer": 1.0, "huvudbyggnad": "Nej", "andamal1": "Verksamhet;", "andamal2": "None", "andamal3": "None", "andamal4": "None", "andamal5": "None" }, "geometry": { "type": "Polygon", "coordinates": [ [ [ 11.945972811062141, 57.710899930631527 ], [ 11.9461894035601, 57.710790967101524 ], [ 11.946334900995755, 57.710717389451077 ], [ 11.946630106692151, 57.710811239252045 ], [ 11.946386057910438, 57.711031225058257 ], [ 11.945972811062141, 57.710899930631527 ] ] ] } },
{ "type": "Feature", "properties": { "id": "ba01eb4b-d625-4fa8-88cd-ef3147e133e0", "objektidentitet": "b52cbaf9-80da-42c0-bcea-ba44101d3bf0", "versiongiltigfran": "2020-01-23T15:51:01.529Z", "lagesosakerhetplan": 0.06, "lagesosakerhethojd": null, "ursprunglig_organisation": "Göteborg", "objektversion": 2.0, "objekttypnr": 2062.0, "objekttyp": "Industri", "insamlingslage": "Takkant", "byggnadsnamn1": "None", "byggnadsnamn2": "None", "byggnadsnamn3": "None", "husnummer": 27.0, "huvudbyggnad": "Nej", "andamal1": "Industri;Tillverkning", "andamal2": "None", "andamal3": "None", "andamal4": "None", "andamal5": "None" }, "geometry": { "type": "Polygon", "coordinates": [ [ [ 11.946612248558317, 57.709042959732351 ], [ 11.94677740924468, 57.708892946381162 ], [ 11.94746561886179, 57.709107648392255 ], [ 11.947441186105031, 57.70912758732284 ], [ 11.947262709113579, 57.709285396300814 ], [ 11.947205687835325, 57.709267590372527 ], [ 11.946920281540756, 57.709528984186313 ], [ 11.946980723619573, 57.70954844568238 ], [ 11.946976997878554, 57.709551609407526 ], [ 11.946934901553664, 57.709539223753254 ], [ 11.946292007646237, 57.709336299453454 ], [ 11.946612248558317, 57.709042959732351 ] ] ] } },
{ "type": "Feature", "properties": { "id": "79715e5f-b76a-4b80-84c4-fe14e5302256", "objektidentitet": "cb40af3f-13d3-4850-8afa-0157f89b5012", "versiongiltigfran": "2018-08-28T09:00:46.409Z", "lagesosakerhetplan": 0.1, "lagesosakerhethojd": null, "ursprunglig_organisation": "Göteborg", "objektversion": 4.0, "objekttypnr": 2062.0, "objekttyp": "Industri", "insamlingslage": "Takkant", "byggnadsnamn1": "None", "byggnadsnamn2": "None", "byggnadsnamn3": "None", "husnummer": 7.0, "huvudbyggnad": "Nej", "andamal1": "Industri;Tillverkning", "andamal2": "None", "andamal3": "None", "andamal4": "None", "andamal5": "None" }, "geometry": { "type": "Polygon", "coordinates": [ [ [ 11.949951464525601, 57.709080538491776 ], [ 11.949963598552284, 57.70909718009063 ], [ 11.949183272082637, 57.709256901118295 ], [ 11.949038834833447, 57.709054712512796 ], [ 11.948851635338618, 57.709093016333533 ], [ 11.948707724429266, 57.708891586003091 ], [ 11.947769105004641, 57.709083710744416 ], [ 11.947643016732171, 57.708907201263976 ], [ 11.947553668034598, 57.708925520004605 ], [ 11.947535612120944, 57.708900250650558 ], [ 11.947341800381444, 57.708939893691642 ], [ 11.947198157697056, 57.708738773571348 ], [ 11.947106645430789, 57.708757462217726 ], [ 11.94695474989156, 57.708544898705917 ], [ 11.949235340790315, 57.708078139097253 ], [ 11.949951464525601, 57.709080538491776 ] ] ] } },
{ "type": "Feature", "properties": { "id": "4e135508-951a-4e83-8b1b-65798fb87602", "objektidentitet": "b52cbaf9-80da-42c0-bcea-ba44101d3bf0", "versiongiltigfran": "2020-01-23T15:51:01.529Z", "lagesosakerhetplan": 0.06, "lagesosakerhethojd": 2.5, "ursprunglig_organisation": "Göteborg", "objektversion": 2.0, "objekttypnr": 2062.0, "objekttyp": "Industri", "insamlingslage": "Takkant", "byggnadsnamn1": "None", "byggnadsnamn2": "None", "byggnadsnamn3": "None", "husnummer": 27.0, "huvudbyggnad": "Nej", "andamal1": "Industri;Tillverkning", "andamal2": "None", "andamal3": "None", "andamal4": "None", "andamal5": "None" }, "geometry": { "type": "Polygon", "coordinates": [ [ [ 11.947205687835325, 57.709267590372527 ], [ 11.949856990968861, 57.710095371658518 ], [ 11.949572132839595, 57.710358384320237 ], [ 11.946920281540756, 57.709528984186313 ], [ 11.947205687835325, 57.709267590372527 ] ] ] } },
{ "type": "Feature", "properties": { "id": "19a0cf3a-4e6c-419a-95df-70d653374ef7", "objektidentitet": "b52cbaf9-80da-42c0-bcea-ba44101d3bf0", "versiongiltigfran": "2020-01-23T15:51:01.529Z", "lagesosakerhetplan": 0.06, "lagesosakerhethojd": 2.5, "ursprunglig_organisation": "Göteborg", "objektversion": 2.0, "objekttypnr": 2062.0, "objekttyp": "Industri", "insamlingslage": "Takkant", "byggnadsnamn1": "None", "byggnadsnamn2": "None", "byggnadsnamn3": "None", "husnummer": 27.0, "huvudbyggnad": "Nej", "andamal1": "Industri;Tillverkning", "andamal2": "None", "andamal3": "None", "andamal4": "None", "andamal5": "None" }, "geometry": { "type": "Polygon", "coordinates": [ [ [ 11.947441169346884, 57.709127586918484 ], [ 11.948072335022069, 57.709329629204021 ], [ 11.94824212108537, 57.709174683359691 ], [ 11.950194306787425, 57.70978643635484 ], [ 11.949967763124803, 57.709994510244556 ], [ 11.949856990968861, 57.710095371658518 ], [ 11.947262709113579, 57.709285396300814 ], [ 11.947441169346884, 57.709127586918484 ] ] ] } },
{ "type": "Feature", "properties": { "id": "e1ea65d2-0351-4257-a35f-9c209b8ab83e", "objektidentitet": "cb40af3f-13d3-4850-8afa-0157f89b5012", "versiongiltigfran": "2018-08-28T09:00:46.409Z", "lagesosakerhetplan": 0.1, "lagesosakerhethojd": null, "ursprunglig_organisation": "Göteborg", "objektversion": 4.0, "objekttypnr": 2062.0, "objekttyp": "Industri", "insamlingslage": "Takkant", "byggnadsnamn1": "None", "byggnadsnamn2": "None", "byggnadsnamn3": "None", "husnummer": 7.0, "huvudbyggnad": "Nej", "andamal1": "Industri;Tillverkning", "andamal2": "None", "andamal3": "None", "andamal4": "None", "andamal5": "None" }, "geometry": { "type": "Polygon", "coordinates": [ [ [ 11.947728683241346, 57.70902711809763 ], [ 11.947636466801065, 57.70904598787881 ], [ 11.947603584578882, 57.708999967164083 ], [ 11.947571274068528, 57.709006575667829 ], [ 11.947529858470617, 57.708948628755849 ], [ 11.94756504019244, 57.708941424432474 ], [ 11.947553668790027, 57.708925511034892 ], [ 11.947643048737449, 57.708907220012058 ], [ 11.947728683241346, 57.70902711809763 ] ] ] } },
{ "type": "Feature", "properties": { "id": "eaf3bcd6-d4cc-4b95-b98e-7a765e6aa02e", "objektidentitet": "b52cbaf9-80da-42c0-bcea-ba44101d3bf0", "versiongiltigfran": "2020-01-23T15:51:01.529Z", "lagesosakerhetplan": 0.06, "lagesosakerhethojd": null, "ursprunglig_organisation": "Göteborg", "objektversion": 2.0, "objekttypnr": 2062.0, "objekttyp": "Industri", "insamlingslage": "Takkant", "byggnadsnamn1": "None", "byggnadsnamn2": "None", "byggnadsnamn3": "None", "husnummer": 27.0, "huvudbyggnad": "Nej", "andamal1": "Industri;Tillverkning", "andamal2": "None", "andamal3": "None", "andamal4": "None", "andamal5": "None" }, "geometry": { "type": "Polygon", "coordinates": [ [ [ 11.947787402137777, 57.709800221723512 ], [ 11.947933739640778, 57.709845995523786 ], [ 11.947914758111544, 57.709863414614532 ], [ 11.947768420563666, 57.709817640791975 ], [ 11.947787402137777, 57.709800221723512 ] ] ] } },
{ "type": "Feature", "properties": { "id": "cbee4224-4d8a-4eeb-af4d-a77e43806d9f", "objektidentitet": "b52cbaf9-80da-42c0-bcea-ba44101d3bf0", "versiongiltigfran": "2020-01-23T15:51:01.529Z", "lagesosakerhetplan": 0.1, "lagesosakerhethojd": null, "ursprunglig_organisation": "Göteborg", "objektversion": 2.0, "objekttypnr": 2062.0, "objekttyp": "Industri", "insamlingslage": "Takkant", "byggnadsnamn1": "None", "byggnadsnamn2": "None", "byggnadsnamn3": "None", "husnummer": 27.0, "huvudbyggnad": "Nej", "andamal1": "Industri;Tillverkning", "andamal2": "None", "andamal3": "None", "andamal4": "None", "andamal5": "None" }, "geometry": { "type": "Polygon", "coordinates": [ [ [ 11.947938386314011, 57.709286715979296 ], [ 11.948065914880784, 57.709170360757874 ], [ 11.948200572024138, 57.709212634821895 ], [ 11.948072335022069, 57.709329629204021 ], [ 11.947938386314011, 57.709286715979296 ] ] ] } },
{ "type": "Feature", "properties": { "id": "442ce519-f134-471c-b4d2-4c013f9f4c19", "objektidentitet": "e66d2ffd-5bbf-48c8-9ce9-0844eef7a52e", "versiongiltigfran": "2022-02-09T12:59:23.480Z", "lagesosakerhetplan": 0.1, "lagesosakerhethojd": null, "ursprunglig_organisation": "Göteborg", "objektversion": 3.0, "objekttypnr": 2064.0, "objekttyp": "Verksamhet", "insamlingslage": "Takkant", "byggnadsnamn1": "None", "byggnadsnamn2": "None", "byggnadsnamn3": "None", "husnummer": 1.0, "huvudbyggnad": "Nej", "andamal1": "Verksamhet;", "andamal2": "None", "andamal3": "None", "andamal4": "None", "andamal5": "None" }, "geometry": { "type": "Polygon", "coordinates": [ [ [ 11.948081352063481, 57.710673894712095 ], [ 11.948365143132779, 57.710415937674142 ], [ 11.949039820984295, 57.710633440910811 ], [ 11.948617623587365, 57.71084733689991 ], [ 11.948081352063481, 57.710673894712095 ] ] ] } },
{ "type": "Feature", "properties": { "id": "e0544dba-b645-4afd-8dd6-c1c52fefb4c8", "objektidentitet": "cb40af3f-13d3-4850-8afa-0157f89b5012", "versiongiltigfran": "2018-08-28T09:00:46.409Z", "lagesosakerhetplan": 0.1, "lagesosakerhethojd": null, "ursprunglig_organisation": "Göteborg", "objektversion": 4.0, "objekttypnr": 2062.0, "objekttyp": "Industri", "insamlingslage": "Takkant", "byggnadsnamn1": "None", "byggnadsnamn2": "None", "byggnadsnamn3": "None", "husnummer": 7.0, "huvudbyggnad": "Nej", "andamal1": "Industri;Tillverkning", "andamal2": "None", "andamal3": "None", "andamal4": "None", "andamal5": "None" }, "geometry": { "type": "Polygon", "coordinates": [ [ [ 11.948851616315119, 57.709093042838546 ], [ 11.948607602787735, 57.709142981605943 ], [ 11.948463693809943, 57.708941542040733 ], [ 11.948707706916062, 57.708891594568634 ], [ 11.948851616315119, 57.709093042838546 ] ] ] } },
{ "type": "Feature", "properties": { "id": "59b39899-38c6-4c56-97f3-c15e7ab1ac3e", "objektidentitet": "cb40af3f-13d3-4850-8afa-0157f89b5012", "versiongiltigfran": "2018-08-28T09:00:46.409Z", "lagesosakerhetplan": 0.1, "lagesosakerhethojd": null, "ursprunglig_organisation": "Göteborg", "objektversion": 4.0, "objekttypnr": 2062.0, "objekttyp": "Industri", "insamlingslage": "Takkant", "byggnadsnamn1": "None", "byggnadsnamn2": "None", "byggnadsnamn3": "None", "husnummer": 7.0, "huvudbyggnad": "Nej", "andamal1": "Industri;Tillverkning", "andamal2": "None", "andamal3": "None", "andamal4": "None", "andamal5": "None" }, "geometry": { "type": "Polygon", "coordinates": [ [ [ 11.949044676048674, 57.708117177469184 ], [ 11.948650686987378, 57.708197815174387 ], [ 11.948639765954526, 57.708182532907593 ], [ 11.94903375562677, 57.708101886265148 ], [ 11.949044676048674, 57.708117177469184 ] ] ] } },
{ "type": "Feature", "properties": { "id": "c809e651-c5b8-4d0c-a476-8699cf4cc7a6", "objektidentitet": "cb40af3f-13d3-4850-8afa-0157f89b5012", "versiongiltigfran": "2018-08-28T09:00:46.409Z", "lagesosakerhetplan": 0.1, "lagesosakerhethojd": null, "ursprunglig_organisation": "Göteborg", "objektversion": 4.0, "objekttypnr": 2062.0, "objekttyp": "Industri", "insamlingslage": "Takkant", "byggnadsnamn1": "None", "byggnadsnamn2": "None", "byggnadsnamn3": "None", "husnummer": 7.0, "huvudbyggnad": "Nej", "andamal1": "Industri;Tillverkning", "andamal2": "None", "andamal3": "None", "andamal4": "None", "andamal5": "None" }, "geometry": { "type": "Polygon", "coordinates": [ [ [ 11.949098110339426, 57.70913770757123 ], [ 11.949032019682839, 57.709151231429281 ], [ 11.948972742797979, 57.709068254280709 ], [ 11.949038816565176, 57.709054730048081 ], [ 11.949098110339426, 57.70913770757123 ] ] ] } },
{ "type": "Feature", "properties": { "id": "ba49ddba-dc44-4bcf-a875-00dd7c5cbfbf", "objektidentitet": "eab8888b-12a0-4119-8518-0be7867fafe7", "versiongiltigfran": "2011-03-23T08:44:42.087Z", "lagesosakerhetplan": 0.06, "lagesosakerhethojd": 2.5, "ursprunglig_organisation": "Lantmäteriet", "objektversion": 1.0, "objekttypnr": 2066.0, "objekttyp": "Komplementbyggnad", "insamlingslage": "Takkant", "byggnadsnamn1": "None", "byggnadsnamn2": "None", "byggnadsnamn3": "None", "husnummer": 59.0, "huvudbyggnad": "Nej", "andamal1": "Komplementbyggnad;", "andamal2": "None", "andamal3": "None", "andamal4": "None", "andamal5": "None" }, "geometry": { "type": "Polygon", "coordinates": [ [ [ 11.947399940936622, 57.708133549830933 ], [ 11.947466873080613, 57.708154282237018 ], [ 11.94735875682891, 57.708254297804864 ], [ 11.947291824565927, 57.708233565340713 ], [ 11.947399940936622, 57.708133549830933 ] ] ] } },
{ "type": "Feature", "properties": { "id": "52118b7c-69fe-411c-ad77-481766b96ba2", "objektidentitet": "7cd5a1c6-d8b4-4096-954e-f7fadf0d1aec", "versiongiltigfran": "2011-03-23T08:58:08.869Z", "lagesosakerhetplan": 0.06, "lagesosakerhethojd": null, "ursprunglig_organisation": "Lantmäteriet", "objektversion": 1.0, "objekttypnr": 2066.0, "objekttyp": "Komplementbyggnad", "insamlingslage": "Takkant", "byggnadsnamn1": "None", "byggnadsnamn2": "None", "byggnadsnamn3": "None", "husnummer": 64.0, "huvudbyggnad": "Nej", "andamal1": "Komplementbyggnad;", "andamal2": "None", "andamal3": "None", "andamal4": "None", "andamal5": "None" }, "geometry": { "type": "Polygon", "coordinates": [ [ [ 11.946811663178989, 57.710170897552452 ], [ 11.946782438800012, 57.710155011614816 ], [ 11.946835123360851, 57.710127234042403 ], [ 11.946864347741341, 57.710143119967931 ], [ 11.946811663178989, 57.710170897552452 ] ] ] } },
{ "type": "Feature", "properties": { "id": "a6277430-3948-42e7-ae8b-ac65ef7530a0", "objektidentitet": "4c070b4f-f8a8-4a07-bfd6-399d23d9a87f", "versiongiltigfran": "2011-03-23T08:44:42.087Z", "lagesosakerhetplan": 0.06, "lagesosakerhethojd": null, "ursprunglig_organisation": "Lantmäteriet", "objektversion": 1.0, "objekttypnr": 2066.0, "objekttyp": "Komplementbyggnad", "insamlingslage": "Takkant", "byggnadsnamn1": "None", "byggnadsnamn2": "None", "byggnadsnamn3": "None", "husnummer": 5.0, "huvudbyggnad": "Nej", "andamal1": "Komplementbyggnad;", "andamal2": "None", "andamal3": "None", "andamal4": "None", "andamal5": "None" }, "geometry": { "type": "Polygon", "coordinates": [ [ [ 11.943023079686128, 57.710796998046106 ], [ 11.94308916311371, 57.710833396210703 ], [ 11.943065481149597, 57.710845784622528 ], [ 11.942999381721801, 57.710809377070994 ], [ 11.943023079686128, 57.710796998046106 ] ] ] } },
{ "type": "Feature", "properties": { "id": "b7eebf3b-4454-421a-8be5-67d6c0c37b32", "objektidentitet": "9ae7f74d-91ab-41d7-8e20-6b3ac258bcb9", "versiongiltigfran": "2022-05-06T11:39:00.381Z", "lagesosakerhetplan": 0.05, "lagesosakerhethojd": null, "ursprunglig_organisation": "Göteborg", "objektversion": 2.0, "objekttypnr": 2067.0, "objekttyp": "Övrig byggnad", "insamlingslage": "Fasad", "byggnadsnamn1": "None", "byggnadsnamn2": "None", "byggnadsnamn3": "None", "husnummer": 73.0, "huvudbyggnad": "Nej", "andamal1": "Övrig byggnad;", "andamal2": "None", "andamal3": "None", "andamal4": "None", "andamal5": "None" }, "geometry": { "type": "Polygon", "coordinates": [ [ [ 11.947840119995465, 57.709989179830167 ], [ 11.947866211832185, 57.709965496920908 ], [ 11.947957023916004, 57.709994238149733 ], [ 11.947930949630605, 57.71001791251259 ], [ 11.947840119995465, 57.709989179830167 ] ] ] } },
{ "type": "Feature", "properties": { "id": "895da4e9-312c-42fa-b56e-95d70c71e56a", "objektidentitet": "5cac6f70-3527-4b8f-a0ec-5558d60b3b37", "versiongiltigfran": "2011-03-23T08:51:13.178Z", "lagesosakerhetplan": 0.06, "lagesosakerhethojd": null, "ursprunglig_organisation": "Lantmäteriet", "objektversion": 1.0, "objekttypnr": 2066.0, "objekttyp": "Komplementbyggnad", "insamlingslage": "Takkant", "byggnadsnamn1": "None", "byggnadsnamn2": "None", "byggnadsnamn3": "None", "husnummer": 7.0, "huvudbyggnad": "Nej", "andamal1": "Komplementbyggnad;", "andamal2": "None", "andamal3": "None", "andamal4": "None", "andamal5": "None" }, "geometry": { "type": "Polygon", "coordinates": [ [ [ 11.949379582512606, 57.706376335402346 ], [ 11.949306088475394, 57.706417435567097 ], [ 11.949190546882138, 57.706358222877228 ], [ 11.949264040170855, 57.706317131749095 ], [ 11.949379582512606, 57.706376335402346 ] ] ] } },
{ "type": "Feature", "properties": { "id": "ab588b75-4dc2-44e5-b8a9-de0f6e9f270e", "objektidentitet": "5cac6f70-3527-4b8f-a0ec-5558d60b3b37", "versiongiltigfran": "2011-03-23T08:51:13.178Z", "lagesosakerhetplan": 0.06, "lagesosakerhethojd": null, "ursprunglig_organisation": "Lantmäteriet", "objektversion": 1.0, "objekttypnr": 2066.0, "objekttyp": "Komplementbyggnad", "insamlingslage": "Takkant", "byggnadsnamn1": "None", "byggnadsnamn2": "None", "byggnadsnamn3": "None", "husnummer": 7.0, "huvudbyggnad": "Nej", "andamal1": "Komplementbyggnad;", "andamal2": "None", "andamal3": "None", "andamal4": "None", "andamal5": "None" }, "geometry": { "type": "Polygon", "coordinates": [ [ [ 11.949361573710309, 57.706386417013547 ], [ 11.949509695593783, 57.706462323836284 ], [ 11.949454227876917, 57.706493333888901 ], [ 11.949306105987244, 57.706417427001469 ], [ 11.949361573710309, 57.706386417013547 ] ] ] } },
{ "type": "Feature", "properties": { "id": "900f6d28-db8c-4e7b-aa64-3d74dddc2c5c", "objektidentitet": "ba4c0a26-7664-494f-a8fc-215c5fe48178", "versiongiltigfran": "2017-01-02T13:33:13.815Z", "lagesosakerhetplan": 0.06, "lagesosakerhethojd": null, "ursprunglig_organisation": "Göteborg", "objektversion": 5.0, "objekttypnr": 2064.0, "objekttyp": "Verksamhet", "insamlingslage": "Takkant", "byggnadsnamn1": "None", "byggnadsnamn2": "None", "byggnadsnamn3": "None", "husnummer": 33.0, "huvudbyggnad": "Nej", "andamal1": "Verksamhet;", "andamal2": "None", "andamal3": "None", "andamal4": "None", "andamal5": "None" }, "geometry": { "type": "Polygon", "coordinates": [ [ [ 11.949356763477422, 57.707685094481612 ], [ 11.948247157052354, 57.70790593188574 ], [ 11.948184927015472, 57.707816591499508 ], [ 11.947864123677746, 57.707717885117141 ], [ 11.948300231188533, 57.707310268871574 ], [ 11.949311829270778, 57.707620457177995 ], [ 11.949356763477422, 57.707685094481612 ] ] ] } },
{ "type": "Feature", "properties": { "id": "e89d1212-5915-4c27-8ede-14eb7c207447", "objektidentitet": "96251e47-ed74-463c-8d28-d71e3d6aed5c", "versiongiltigfran": "2012-01-03T09:52:49.467Z", "lagesosakerhetplan": 0.06, "lagesosakerhethojd": null, "ursprunglig_organisation": "Göteborg", "objektversion": 2.0, "objekttypnr": 2066.0, "objekttyp": "Komplementbyggnad", "insamlingslage": "Takkant", "byggnadsnamn1": "None", "byggnadsnamn2": "None", "byggnadsnamn3": "None", "husnummer": 51.0, "huvudbyggnad": "Nej", "andamal1": "Komplementbyggnad;", "andamal2": "None", "andamal3": "None", "andamal4": "None", "andamal5": "None" }, "geometry": { "type": "Polygon", "coordinates": [ [ [ 11.950529584069749, 57.707596078445604 ], [ 11.950646261295361, 57.707572008008739 ], [ 11.9507614271576, 57.707731964970819 ], [ 11.950644766998678, 57.707756026943301 ], [ 11.950529584069749, 57.707596078445604 ] ] ] } },
{ "type": "Feature", "properties": { "id": "edc12b88-a940-4814-8c5f-a80a9063c0d7", "objektidentitet": "99272486-9c90-4490-9437-b606598e74ee", "versiongiltigfran": "2011-03-23T08:54:17.326Z", "lagesosakerhetplan": 0.06, "lagesosakerhethojd": null, "ursprunglig_organisation": "Lantmäteriet", "objektversion": 1.0, "objekttypnr": 2062.0, "objekttyp": "Industri", "insamlingslage": "Takkant", "byggnadsnamn1": "None", "byggnadsnamn2": "None", "byggnadsnamn3": "None", "husnummer": 4.0, "huvudbyggnad": "Nej", "andamal1": "Industri;Tillverkning", "andamal2": "None", "andamal3": "None", "andamal4": "None", "andamal5": "None" }, "geometry": { "type": "Polygon", "coordinates": [ [ [ 11.949666000255361, 57.707662100055217 ], [ 11.949655699423536, 57.707647426037447 ], [ 11.949749292942551, 57.707628498171118 ], [ 11.949890919375937, 57.707829350954135 ], [ 11.94979766810555, 57.707848197303889 ], [ 11.949787151434695, 57.707833293396135 ], [ 11.949617011206723, 57.707867704344878 ], [ 11.94949618742371, 57.707696419858898 ], [ 11.949666000255361, 57.707662100055217 ] ] ] } },
{ "type": "Feature", "properties": { "id": "ccc8f2c4-3342-414a-b958-4b720f6d63c6", "objektidentitet": "96251e47-ed74-463c-8d28-d71e3d6aed5c", "versiongiltigfran": "2012-01-03T09:52:49.467Z", "lagesosakerhetplan": 0.06, "lagesosakerhethojd": null, "ursprunglig_organisation": "Göteborg", "objektversion": 2.0, "objekttypnr": 2066.0, "objekttyp": "Komplementbyggnad", "insamlingslage": "Takkant", "byggnadsnamn1": "None", "byggnadsnamn2": "None", "byggnadsnamn3": "None", "husnummer": 51.0, "huvudbyggnad": "Nej", "andamal1": "Komplementbyggnad;", "andamal2": "None", "andamal3": "None", "andamal4": "None", "andamal5": "None" }, "geometry": { "type": "Polygon", "coordinates": [ [ [ 11.950652821613277, 57.707754693144587 ], [ 11.950800483170436, 57.707723594844907 ], [ 11.950843273958421, 57.707781807470155 ], [ 11.950695612197492, 57.707812905817619 ], [ 11.950652821613277, 57.707754693144587 ] ] ] } },
{ "type": "Feature", "properties": { "id": "b4baa9d2-ee1b-4d86-8505-fcf9bc833299", "objektidentitet": "4fe53a6e-d57e-40e4-aaad-6220cfd90ae4", "versiongiltigfran": "2019-03-13T09:47:52.209Z", "lagesosakerhetplan": 0.1, "lagesosakerhethojd": null, "ursprunglig_organisation": "Göteborg", "objektversion": 5.0, "objekttypnr": 2062.0, "objekttyp": "Industri", "insamlingslage": "Takkant", "byggnadsnamn1": "None", "byggnadsnamn2": "None", "byggnadsnamn3": "None", "husnummer": 34.0, "huvudbyggnad": "Nej", "andamal1": "Industri;Ospecificerad", "andamal2": "None", "andamal3": "None", "andamal4": "None", "andamal5": "None" }, "geometry": { "type": "Polygon", "coordinates": [ [ [ 11.950110382518012, 57.708028538846037 ], [ 11.95009318381137, 57.708004440995964 ], [ 11.950225681525721, 57.707977363880914 ], [ 11.950242863551132, 57.708001461309834 ], [ 11.950110382518012, 57.708028538846037 ] ] ] } },
{ "type": "Feature", "properties": { "id": "6f2adbe4-81b6-4ad3-a774-635458b42d5e", "objektidentitet": "4fe53a6e-d57e-40e4-aaad-6220cfd90ae4", "versiongiltigfran": "2019-03-13T09:47:52.209Z", "lagesosakerhetplan": 0.05, "lagesosakerhethojd": null, "ursprunglig_organisation": "Göteborg", "objektversion": 5.0, "objekttypnr": 2062.0, "objekttyp": "Industri", "insamlingslage": "Fasad", "byggnadsnamn1": "None", "byggnadsnamn2": "None", "byggnadsnamn3": "None", "husnummer": 34.0, "huvudbyggnad": "Nej", "andamal1": "Industri;Ospecificerad", "andamal2": "None", "andamal3": "None", "andamal4": "None", "andamal5": "None" }, "geometry": { "type": "Polygon", "coordinates": [ [ [ 11.950111304340803, 57.708474758230061 ], [ 11.949837405765427, 57.708084342799538 ], [ 11.95027354901814, 57.707995190460849 ], [ 11.950551102298533, 57.708384326821786 ], [ 11.950111304340803, 57.708474758230061 ] ] ] } },
{ "type": "Feature", "properties": { "id": "0a635cd7-c8a4-4609-876b-3e07ec0aabf6", "objektidentitet": "d8e36acd-7eea-49a8-896c-f4ebb147f732", "versiongiltigfran": "2011-03-23T08:43:50.225Z", "lagesosakerhetplan": 0.06, "lagesosakerhethojd": null, "ursprunglig_organisation": "Lantmäteriet", "objektversion": 1.0, "objekttypnr": 2062.0, "objekttyp": "Industri", "insamlingslage": "Takkant", "byggnadsnamn1": "None", "byggnadsnamn2": "None", "byggnadsnamn3": "None", "husnummer": 18.0, "huvudbyggnad": "Nej", "andamal1": "Industri;Tillverkning", "andamal2": "None", "andamal3": "None", "andamal4": "None", "andamal5": "None" }, "geometry": { "type": "Polygon", "coordinates": [ [ [ 11.951290315731892, 57.708535407301802 ], [ 11.951310220982515, 57.70856507081136 ], [ 11.951208923062143, 57.708584542205287 ], [ 11.951189001881374, 57.708554869306923 ], [ 11.951290315731892, 57.708535407301802 ] ] ] } },
{ "type": "Feature", "properties": { "id": "17d370f3-04c0-461a-b04c-5e015cff6955", "objektidentitet": "3ea64d8a-e6dc-41f6-8af7-996ef5858878", "versiongiltigfran": "2019-03-13T10:03:50.632Z", "lagesosakerhetplan": 0.1, "lagesosakerhethojd": null, "ursprunglig_organisation": "Göteborg", "objektversion": 3.0, "objekttypnr": 2062.0, "objekttyp": "Industri", "insamlingslage": "Takkant", "byggnadsnamn1": "None", "byggnadsnamn2": "None", "byggnadsnamn3": "None", "husnummer": 70.0, "huvudbyggnad": "Nej", "andamal1": "Industri;Ospecificerad", "andamal2": "None", "andamal3": "None", "andamal4": "None", "andamal5": "None" }, "geometry": { "type": "Polygon", "coordinates": [ [ [ 11.949963215626935, 57.70788392511276 ], [ 11.950153806774608, 57.707844137613542 ], [ 11.950208990094456, 57.70791989707724 ], [ 11.950018399358243, 57.707959675686162 ], [ 11.949963215626935, 57.70788392511276 ] ] ] } },
{ "type": "Feature", "properties": { "id": "60099e9c-f981-4c3c-ac34-5f4502193abc", "objektidentitet": "cb40af3f-13d3-4850-8afa-0157f89b5012", "versiongiltigfran": "2018-08-28T09:00:46.409Z", "lagesosakerhetplan": 0.1, "lagesosakerhethojd": null, "ursprunglig_organisation": "Göteborg", "objektversion": 4.0, "objekttypnr": 2062.0, "objekttyp": "Industri", "insamlingslage": "Takkant", "byggnadsnamn1": "None", "byggnadsnamn2": "None", "byggnadsnamn3": "None", "husnummer": 7.0, "huvudbyggnad": "Nej", "andamal1": "Industri;Tillverkning", "andamal2": "None", "andamal3": "None", "andamal4": "None", "andamal5": "None" }, "geometry": { "type": "Polygon", "coordinates": [ [ [ 11.949951464525601, 57.709080538491776 ], [ 11.949963598552284, 57.70909718009063 ], [ 11.949183272082637, 57.709256901118295 ], [ 11.949038834833447, 57.709054712512796 ], [ 11.948851635338618, 57.709093016333533 ], [ 11.948707724429266, 57.708891586003091 ], [ 11.947769105004641, 57.709083710744416 ], [ 11.947643016732171, 57.708907201263976 ], [ 11.947553668034598, 57.708925520004605 ], [ 11.947535612120944, 57.708900250650558 ], [ 11.947341800381444, 57.708939893691642 ], [ 11.947198157697056, 57.708738773571348 ], [ 11.947106645430789, 57.708757462217726 ], [ 11.94695474989156, 57.708544898705917 ], [ 11.949235340790315, 57.708078139097253 ], [ 11.949951464525601, 57.709080538491776 ] ] ] } },
{ "type": "Feature", "properties": { "id": "05240456-999a-4468-8da2-98b3dd65ce49", "objektidentitet": "b52cbaf9-80da-42c0-bcea-ba44101d3bf0", "versiongiltigfran": "2020-01-23T15:51:01.529Z", "lagesosakerhetplan": 0.06, "lagesosakerhethojd": 2.5, "ursprunglig_organisation": "Göteborg", "objektversion": 2.0, "objekttypnr": 2062.0, "objekttyp": "Industri", "insamlingslage": "Takkant", "byggnadsnamn1": "None", "byggnadsnamn2": "None", "byggnadsnamn3": "None", "husnummer": 27.0, "huvudbyggnad": "Nej", "andamal1": "Industri;Tillverkning", "andamal2": "None", "andamal3": "None", "andamal4": "None", "andamal5": "None" }, "geometry": { "type": "Polygon", "coordinates": [ [ [ 11.947205687835325, 57.709267590372527 ], [ 11.949856990968861, 57.710095371658518 ], [ 11.949572132839595, 57.710358384320237 ], [ 11.946920281540756, 57.709528984186313 ], [ 11.947205687835325, 57.709267590372527 ] ] ] } },
{ "type": "Feature", "properties": { "id": "c66c3ac6-a812-4f95-85a8-441783e3bdd8", "objektidentitet": "b52cbaf9-80da-42c0-bcea-ba44101d3bf0", "versiongiltigfran": "2020-01-23T15:51:01.529Z", "lagesosakerhetplan": 0.06, "lagesosakerhethojd": 2.5, "ursprunglig_organisation": "Göteborg", "objektversion": 2.0, "objekttypnr": 2062.0, "objekttyp": "Industri", "insamlingslage": "Takkant", "byggnadsnamn1": "None", "byggnadsnamn2": "None", "byggnadsnamn3": "None", "husnummer": 27.0, "huvudbyggnad": "Nej", "andamal1": "Industri;Tillverkning", "andamal2": "None", "andamal3": "None", "andamal4": "None", "andamal5": "None" }, "geometry": { "type": "Polygon", "coordinates": [ [ [ 11.947441169346884, 57.709127586918484 ], [ 11.948072335022069, 57.709329629204021 ], [ 11.94824212108537, 57.709174683359691 ], [ 11.950194306787425, 57.70978643635484 ], [ 11.949967763124803, 57.709994510244556 ], [ 11.949856990968861, 57.710095371658518 ], [ 11.947262709113579, 57.709285396300814 ], [ 11.947441169346884, 57.709127586918484 ] ] ] } },
{ "type": "Feature", "properties": { "id": "c877b141-b9fc-45ae-a9dd-944cb125f5b0", "objektidentitet": "e66d2ffd-5bbf-48c8-9ce9-0844eef7a52e", "versiongiltigfran": "2022-02-09T12:59:23.480Z", "lagesosakerhetplan": 0.1, "lagesosakerhethojd": null, "ursprunglig_organisation": "Göteborg", "objektversion": 3.0, "objekttypnr": 2064.0, "objekttyp": "Verksamhet", "insamlingslage": "Takkant", "byggnadsnamn1": "None", "byggnadsnamn2": "None", "byggnadsnamn3": "None", "husnummer": 1.0, "huvudbyggnad": "Nej", "andamal1": "Verksamhet;", "andamal2": "None", "andamal3": "None", "andamal4": "None", "andamal5": "None" }, "geometry": { "type": "Polygon", "coordinates": [ [ [ 11.948081352063481, 57.710673894712095 ], [ 11.948365143132779, 57.710415937674142 ], [ 11.949039820984295, 57.710633440910811 ], [ 11.948617623587365, 57.71084733689991 ], [ 11.948081352063481, 57.710673894712095 ] ] ] } },
{ "type": "Feature", "properties": { "id": "00381ea1-7c25-4cad-9038-7978de7d5d90", "objektidentitet": "cb40af3f-13d3-4850-8afa-0157f89b5012", "versiongiltigfran": "2018-08-28T09:00:46.409Z", "lagesosakerhetplan": 0.1, "lagesosakerhethojd": null, "ursprunglig_organisation": "Göteborg", "objektversion": 4.0, "objekttypnr": 2062.0, "objekttyp": "Industri", "insamlingslage": "Takkant", "byggnadsnamn1": "None", "byggnadsnamn2": "None", "byggnadsnamn3": "None", "husnummer": 7.0, "huvudbyggnad": "Nej", "andamal1": "Industri;Tillverkning", "andamal2": "None", "andamal3": "None", "andamal4": "None", "andamal5": "None" }, "geometry": { "type": "Polygon", "coordinates": [ [ [ 11.949098110339426, 57.70913770757123 ], [ 11.949032019682839, 57.709151231429281 ], [ 11.948972742797979, 57.709068254280709 ], [ 11.949038816565176, 57.709054730048081 ], [ 11.949098110339426, 57.70913770757123 ] ] ] } },
{ "type": "Feature", "properties": { "id": "9d614c1f-9538-4365-9d89-e36a0ab8927b", "objektidentitet": "522314f3-9fb6-4c95-80b6-884a4602ade5", "versiongiltigfran": "2023-06-09T13:51:30.959Z", "lagesosakerhetplan": 0.1, "lagesosakerhethojd": null, "ursprunglig_organisation": "Göteborg", "objektversion": 1.0, "objekttypnr": 2067.0, "objekttyp": "Övrig byggnad", "insamlingslage": "Takkant", "byggnadsnamn1": "None", "byggnadsnamn2": "None", "byggnadsnamn3": "None", "husnummer": 13.0, "huvudbyggnad": "Nej", "andamal1": "Övrig byggnad;", "andamal2": "None", "andamal3": "None", "andamal4": "None", "andamal5": "None" }, "geometry": { "type": "Polygon", "coordinates": [ [ [ 11.949549571648639, 57.706555528632428 ], [ 11.949478619576958, 57.706568018661777 ], [ 11.949438584339687, 57.70650284339203 ], [ 11.949509536296091, 57.706490353383948 ], [ 11.949549571648639, 57.706555528632428 ] ] ] } },
{ "type": "Feature", "properties": { "id": "ec7cdd56-4ec8-4982-95bb-f8ea8b49e5ff", "objektidentitet": "cb40af3f-13d3-4850-8afa-0157f89b5012", "versiongiltigfran": "2018-08-28T09:00:46.409Z", "lagesosakerhetplan": 0.1, "lagesosakerhethojd": null, "ursprunglig_organisation": "Göteborg", "objektversion": 4.0, "objekttypnr": 2062.0, "objekttyp": "Industri", "insamlingslage": "Takkant", "byggnadsnamn1": "None", "byggnadsnamn2": "None", "byggnadsnamn3": "None", "husnummer": 7.0, "huvudbyggnad": "Nej", "andamal1": "Industri;Tillverkning", "andamal2": "None", "andamal3": "None", "andamal4": "None", "andamal5": "None" }, "geometry": { "type": "Polygon", "coordinates": [ [ [ 11.950052289783015, 57.709231135406021 ], [ 11.949431950095292, 57.709359428265948 ], [ 11.949338214235748, 57.70922518007157 ], [ 11.949957342777015, 57.709098485314996 ], [ 11.949975411200191, 57.709122828840783 ], [ 11.950052289783015, 57.709231135406021 ] ] ] } },
{ "type": "Feature", "properties": { "id": "5e21531a-1e33-4d70-95d2-894901060b21", "objektidentitet": "cb40af3f-13d3-4850-8afa-0157f89b5012", "versiongiltigfran": "2018-08-28T09:00:46.409Z", "lagesosakerhetplan": 0.1, "lagesosakerhethojd": null, "ursprunglig_organisation": "Göteborg", "objektversion": 4.0, "objekttypnr": 2062.0, "objekttyp": "Industri", "insamlingslage": "Takkant", "byggnadsnamn1": "None", "byggnadsnamn2": "None", "byggnadsnamn3": "None", "husnummer": 7.0, "huvudbyggnad": "Nej", "andamal1": "Industri;Tillverkning", "andamal2": "None", "andamal3": "None", "andamal4": "None", "andamal5": "None" }, "geometry": { "type": "Polygon", "coordinates": [ [ [ 11.950052289783015, 57.709231135406021 ], [ 11.95010653241993, 57.709314502954477 ], [ 11.94980157575508, 57.709376663424749 ], [ 11.949742005509288, 57.709295351353255 ], [ 11.950052289783015, 57.709231135406021 ] ] ] } }
]
}
