{"type": "FeatureCollection", "features": [{"type": "Feature", "geometry": {"type": "LineString", "coordinates": [[11.942481, 57.7115261], [11.9425462, 57.7114766], [11.9427422, 57.7113832], [11.9429392, 57.7112837], [11.942987, 57.7112461], [11.9429976, 57.7111872]]}, "properties": {"osm_id": 4334668, "highway": "unclassified", "name": "Regnb\u00e5gsgatan"}}, {"type": "Feature", "geometry": {"type": "LineString", "coordinates": [[11.9351944, 57.708249], [11.9350302, 57.7081583], [11.9349351, 57.7081036], [11.9348711, 57.7080528], [11.9348429, 57.7080077], [11.9348087, 57.7079451], [11.9347876, 57.7079253], [11.9347383, 57.7078864]]}, "properties": {"osm_id": 4334669, "highway": "unclassified", "name": "Karlavagnsgatan"}}, {"type": "Feature", "geometry": {"type": "LineString", "coordinates": [[11.9406148, 57.7075396], [11.9412963, 57.7066887], [11.9416833, 57.7062074], [11.94179, 57.7060757], [11.941878, 57.7059671], [11.9426684, 57.7049811]]}, "properties": {"osm_id": 4334671, "highway": "unclassified", "name": "Lindholmspiren"}}, {"type": "Feature", "geometry": {"type": "LineString", "coordinates": [[11.9387319, 57.7083159], [11.938801, 57.708319], [11.9388625, 57.708323], [11.9388919, 57.7083243]]}, "properties": {"osm_id": 4334672, "highway": "unclassified", "name": "Lindholmsall\u00e9n"}}, {"type": "Feature", "geometry": {"type": "LineString", "coordinates": [[11.943186, 57.7082484], [11.9433046, 57.7082759], [11.9434169, 57.7083002]]}, "properties": {"osm_id": 4334674, "highway": "unclassified", "name": "G\u00f6taverksgatan"}}, {"type": "Feature", "geometry": {"type": "LineString", "coordinates": [[11.9434169, 57.7083002], [11.9435032, 57.7083189], [11.943727, 57.7083673], [11.9437941, 57.7083814], [11.9438448, 57.7083886], [11.9441178, 57.7083879], [11.9446121, 57.7083866], [11.9447339, 57.7083975], [11.9450807, 57.7084452], [11.9452279, 57.708465], [11.9454034, 57.7084759], [11.945526, 57.7084755], [11.9457068, 57.7084698], [11.9460419, 57.7084694], [11.9464974, 57.7084622], [11.9466517, 57.708465], [11.9468149, 57.7084727]]}, "properties": {"osm_id": 4337080, "highway": "unclassified", "name": "Anders Carlssons Gata"}}, {"type": "Feature", "geometry": {"type": "LineString", "coordinates": [[11.943186, 57.7082484], [11.9436729, 57.7076474], [11.9441544, 57.707053], [11.9442523, 57.7069306], [11.9443059, 57.7068635], [11.944503, 57.7066142], [11.944955, 57.706046], [11.945185, 57.7060919]]}, "properties": {"osm_id": 4337081, "highway": "unclassified", "name": "Theres Svenssons Gata"}}, {"type": "Feature", "geometry": {"type": "LineString", "coordinates": [[11.9424674, 57.7091557], [11.9425846, 57.7090075], [11.942838, 57.7086872], [11.9429769, 57.7085063], [11.943186, 57.7082484]]}, "properties": {"osm_id": 4337082, "highway": "unclassified", "name": "G\u00f6taverksgatan"}}, {"type": "Feature", "geometry": {"type": "LineString", "coordinates": [[11.9434169, 57.7083002], [11.9433514, 57.7083814], [11.9430501, 57.7087547], [11.9426921, 57.7092013], [11.942076, 57.7099875], [11.9420626, 57.7100042], [11.9420483, 57.7100404], [11.9420483, 57.7100792], [11.9420673, 57.7101172]]}, "properties": {"osm_id": 4337083, "highway": "unclassified", "name": "G\u00f6taverksgatan"}}, {"type": "Feature", "geometry": {"type": "LineString", "coordinates": [[11.9293109, 57.7113165], [11.9296592, 57.7113748], [11.9298266, 57.7113939], [11.9300085, 57.7114065], [11.9302178, 57.7114093], [11.930632, 57.7114014], [11.9307585, 57.711409], [11.9308458, 57.7114178], [11.9309114, 57.7114351], [11.9309778, 57.7114674], [11.9310149, 57.7115079], [11.9310509, 57.7115944], [11.9310545, 57.711647], [11.9310547, 57.7117452]]}, "properties": {"osm_id": 4772393, "highway": "service", "name": ""}}, {"type": "Feature", "geometry": {"type": "LineString", "coordinates": [[11.9313903, 57.7100761], [11.9315398, 57.7101772], [11.9316794, 57.7102402], [11.9317746, 57.71029]]}, "properties": {"osm_id": 8099788, "highway": "unclassified", "name": "Polstj\u00e4rnegatan"}}, {"type": "Feature", "geometry": {"type": "LineString", "coordinates": [[11.9309302, 57.7101625], [11.9308935, 57.7101311], [11.9308773, 57.7101137], [11.9308658, 57.7100953], [11.9308593, 57.7100762], [11.9308578, 57.7100568], [11.9308624, 57.7100349], [11.9308735, 57.7100136], [11.9308907, 57.7099935], [11.9309138, 57.7099752], [11.9309421, 57.709959], [11.9309748, 57.7099455], [11.9310111, 57.709935], [11.9310435, 57.7099286]]}, "properties": {"osm_id": 8099789, "highway": "unclassified", "name": "Polstj\u00e4rnegatan"}}, {"type": "Feature", "geometry": {"type": "LineString", "coordinates": [[11.92985, 57.7108692], [11.9300229, 57.7108651], [11.9301782, 57.7108701], [11.9302818, 57.7108643], [11.930385, 57.7108525], [11.9305517, 57.7107977], [11.9307171, 57.710673], [11.9308612, 57.710475], [11.930913, 57.7103503], [11.9309379, 57.7102483], [11.9309302, 57.7101625]]}, "properties": {"osm_id": 8099791, "highway": "unclassified", "name": "Cronackersgatan"}}, {"type": "Feature", "geometry": {"type": "LineString", "coordinates": [[11.9327311, 57.7041676], [11.9327901, 57.7042462], [11.9328175, 57.7043238], [11.9328171, 57.7043807], [11.9327986, 57.7045336], [11.9327947, 57.704627], [11.9328004, 57.7046668], [11.9328394, 57.7047116], [11.9328867, 57.7047627], [11.9329475, 57.7048173], [11.9330655, 57.7048906], [11.9333586, 57.7050227], [11.9334252, 57.7050748], [11.9336338, 57.7051651], [11.9339509, 57.7053979], [11.9339977, 57.7054314], [11.9343235, 57.7056716], [11.9347083, 57.7059722], [11.9347948, 57.7060677], [11.9348505, 57.7061813], [11.9348774, 57.7063001], [11.9348701, 57.7064412]]}, "properties": {"osm_id": 8288396, "highway": "residential", "name": "Plejadgatan"}}, {"type": "Feature", "geometry": {"type": "LineString", "coordinates": [[11.9334252, 57.7050748], [11.9324372, 57.7053355], [11.9318165, 57.705498], [11.9315705, 57.7055624], [11.9307163, 57.7057861]]}, "properties": {"osm_id": 8288401, "highway": "residential", "name": "F\u00f6rmansgatan"}}, {"type": "Feature", "geometry": {"type": "LineString", "coordinates": [[11.9327906, 57.7071059], [11.9325428, 57.7070047], [11.932426, 57.7069643], [11.9321162, 57.706857], [11.9320187, 57.7068306], [11.9317, 57.7067177], [11.9316445, 57.706698], [11.9316251, 57.7066917], [11.9314037, 57.70662], [11.9313117, 57.7065982], [11.9312083, 57.7065729], [11.9311722, 57.706564], [11.9310242, 57.7065212], [11.930918, 57.7064737], [11.9308197, 57.7064215], [11.930739, 57.7063576], [11.9306753, 57.7062911], [11.9306257, 57.7061849], [11.9306073, 57.7060944], [11.930611, 57.7059785], [11.9306352, 57.7058591], [11.9306449, 57.7058112], [11.9307163, 57.7057861]]}, "properties": {"osm_id": 8288405, "highway": "residential", "name": "Pl\u00e5tslagaregatan"}}, {"type": "Feature", "geometry": {"type": "LineString", "coordinates": [[11.9320963, 57.7046299], [11.9320277, 57.7046396], [11.9319738, 57.7046527], [11.9319343, 57.7046676], [11.9319155, 57.7046786], [11.931908, 57.7046915], [11.9319015, 57.7047051], [11.931904, 57.7047223], [11.9319063, 57.7047348], [11.9319132, 57.7047504], [11.9319387, 57.704778], [11.9324372, 57.7053355], [11.9325842, 57.7054925], [11.9328055, 57.7057287], [11.9330099, 57.7059701], [11.9331297, 57.7061116], [11.933328, 57.7063428], [11.9334581, 57.7064944], [11.9334873, 57.7065339], [11.9337719, 57.70686], [11.9340868, 57.7072094]]}, "properties": {"osm_id": 13550149, "highway": "residential", "name": "Verkm\u00e4staregatan"}}, {"type": "Feature", "geometry": {"type": "LineString", "coordinates": [[11.928617, 57.7065186], [11.9294897, 57.7064427], [11.9296168, 57.7064293], [11.9300025, 57.7063912], [11.9300897, 57.7063826], [11.9302511, 57.7063666], [11.9302604, 57.7063652], [11.9303674, 57.7063489], [11.9304097, 57.7063424], [11.9306753, 57.7062911], [11.9308785, 57.7062381], [11.9309276, 57.7062253], [11.9320569, 57.7059307], [11.9326831, 57.7057673], [11.9328055, 57.7057287], [11.9328544, 57.7057116], [11.933682, 57.7054221]]}, "properties": {"osm_id": 13550150, "highway": "residential", "name": "Lindholmsv\u00e4gen"}}, {"type": "Feature", "geometry": {"type": "LineString", "coordinates": [[11.930834, 57.707648], [11.9308441, 57.7075593], [11.9308518, 57.7075132], [11.9308836, 57.707449], [11.9309395, 57.7073262], [11.9309621, 57.7072765], [11.9309826, 57.707212], [11.9310109, 57.7071186], [11.9310209, 57.7070827], [11.9310378, 57.7069748], [11.9310548, 57.7069084], [11.9310842, 57.7068517], [11.9311178, 57.706812], [11.9311503, 57.7067736], [11.9312448, 57.7066648], [11.9313117, 57.7065982], [11.9316709, 57.706502], [11.9320197, 57.7064087], [11.9324006, 57.7063068], [11.9331297, 57.7061116], [11.93318, 57.7060983], [11.9337375, 57.7059507], [11.9338847, 57.7059117]]}, "properties": {"osm_id": 13550155, "highway": "residential", "name": "Arbetaregatan"}}, {"type": "Feature", "geometry": {"type": "LineString", "coordinates": [[11.9323679, 57.7076838], [11.9323881, 57.7076197], [11.9325073, 57.7073532], [11.9325335, 57.7073099], [11.9325798, 57.7072545], [11.9326353, 57.7071942], [11.9327181, 57.707137], [11.932766, 57.7071164], [11.9327906, 57.7071059], [11.9329267, 57.7070718], [11.9337719, 57.70686]]}, "properties": {"osm_id": 13550157, "highway": "residential", "name": "Gjutaregatan"}}, {"type": "Feature", "geometry": {"type": "LineString", "coordinates": [[11.9339713, 57.7075918], [11.9338114, 57.7076393], [11.9336985, 57.7076575], [11.9336073, 57.707668], [11.933505, 57.7076817], [11.9334172, 57.707687], [11.9331771, 57.7076892], [11.9323679, 57.7076838], [11.9320134, 57.7076891], [11.9316589, 57.707682], [11.9314287, 57.7076728], [11.9311613, 57.7076572], [11.9309846, 57.7076499], [11.930834, 57.707648], [11.930327, 57.7076572], [11.9301351, 57.7076618]]}, "properties": {"osm_id": 13550158, "highway": "residential", "name": "Gamla Ceresgatan"}}, {"type": "Feature", "geometry": {"type": "LineString", "coordinates": [[11.930815, 57.7053304], [11.930379, 57.7053112], [11.9296615, 57.7052795], [11.9293212, 57.7052652], [11.929256, 57.7052675]]}, "properties": {"osm_id": 13550161, "highway": "footway", "name": ""}}, {"type": "Feature", "geometry": {"type": "LineString", "coordinates": [[11.9309492, 57.7045546], [11.9309512, 57.704532], [11.9309451, 57.7045068], [11.9309337, 57.7044819], [11.9309231, 57.7044662], [11.9309024, 57.7044489], [11.9308741, 57.7044333], [11.9308352, 57.7044181], [11.9307773, 57.7044064], [11.9307225, 57.7043995], [11.9306018, 57.7043952], [11.9295095, 57.704412], [11.929307, 57.7044066], [11.9292574, 57.7044027], [11.9292339, 57.7043912], [11.9292057, 57.7043587], [11.9291903, 57.7043024], [11.9291534, 57.7041666], [11.9291447, 57.7041365], [11.9291474, 57.7041114], [11.9291608, 57.704087], [11.9291997, 57.7040541], [11.9292694, 57.7040118], [11.9292942, 57.7039839], [11.9292909, 57.7039484], [11.9291709, 57.7038259], [11.9291172, 57.7037556], [11.9290964, 57.7036811], [11.9290911, 57.7036431], [11.9290287, 57.703517]]}, "properties": {"osm_id": 13550165, "highway": "residential", "name": "Slottsberget"}}, {"type": "Feature", "geometry": {"type": "LineString", "coordinates": [[11.9306119, 57.7030221], [11.9306237, 57.7030496], [11.930671, 57.7031558], [11.9310373, 57.7039745], [11.931198, 57.7042635], [11.9312481, 57.7043389], [11.9313593, 57.704444], [11.9314123, 57.7044919], [11.9315264, 57.7045452], [11.9315644, 57.7045442], [11.9315788, 57.7045304], [11.9316151, 57.7044617], [11.9316606, 57.70429], [11.9316456, 57.7041958], [11.9313847, 57.7035556], [11.9311692, 57.7029536]]}, "properties": {"osm_id": 13550171, "highway": "path", "name": ""}}, {"type": "Feature", "geometry": {"type": "LineString", "coordinates": [[11.9434809, 57.7109157], [11.9435951, 57.7108693], [11.9436372, 57.7108564], [11.9436884, 57.710843]]}, "properties": {"osm_id": 15421330, "highway": "unclassified", "name": "Regnb\u00e5gsgatan"}}, {"type": "Feature", "geometry": {"type": "LineString", "coordinates": [[11.9488929, 57.7081149], [11.9492716, 57.7080295], [11.9492939, 57.7080256], [11.9493502, 57.708097], [11.9498114, 57.7087505], [11.9499319, 57.7089251], [11.9501728, 57.7088741]]}, "properties": {"osm_id": 15421333, "highway": "unclassified", "name": "Valdemar Nor\u00e9ns Gata"}}, {"type": "Feature", "geometry": {"type": "LineString", "coordinates": [[11.9468149, 57.7084727], [11.946865, 57.7084324], [11.9475912, 57.707756], [11.9482025, 57.7071865], [11.9482215, 57.7071688]]}, "properties": {"osm_id": 15421334, "highway": "unclassified", "name": "Anders Carlssons Gata"}}, {"type": "Feature", "geometry": {"type": "LineString", "coordinates": [[11.9321162, 57.706857], [11.9322288, 57.7068247], [11.9326873, 57.7067015], [11.9330672, 57.7065994], [11.9334581, 57.7064944]]}, "properties": {"osm_id": 18365104, "highway": "residential", "name": "Sl\u00e4ggaregatan"}}, {"type": "Feature", "geometry": {"type": "LineString", "coordinates": [[11.9363283, 57.7074962], [11.9362982, 57.7074575], [11.9361862, 57.7073282], [11.9360782, 57.7072071]]}, "properties": {"osm_id": 18365105, "highway": "unclassified", "name": "Kunskapsgatan"}}, {"type": "Feature", "geometry": {"type": "LineString", "coordinates": [[11.9348701, 57.7064412], [11.9352109, 57.7063555]]}, "properties": {"osm_id": 18365106, "highway": "unclassified", "name": "L\u00e4rdomsgatan"}}, {"type": "Feature", "geometry": {"type": "LineString", "coordinates": [[11.9342503, 57.7053087], [11.9339509, 57.7053979]]}, "properties": {"osm_id": 18365107, "highway": "steps", "name": ""}}, {"type": "Feature", "geometry": {"type": "LineString", "coordinates": [[11.9334687, 57.704841], [11.9333792, 57.7048633], [11.932946, 57.704616], [11.9327947, 57.704627]]}, "properties": {"osm_id": 18365108, "highway": "steps", "name": ""}}, {"type": "Feature", "geometry": {"type": "LineString", "coordinates": [[11.9310209, 57.7070827], [11.931326, 57.7071104], [11.9315113, 57.7071294], [11.9315596, 57.7071344], [11.931777, 57.7071706], [11.9318697, 57.7071901], [11.9319363, 57.7072041], [11.9320298, 57.7072237]]}, "properties": {"osm_id": 18365110, "highway": "residential", "name": "Arbetaregatan"}}, {"type": "Feature", "geometry": {"type": "LineString", "coordinates": [[11.9336542, 57.7077953], [11.9331082, 57.7077981], [11.9323122, 57.7077953], [11.9316458, 57.7077862], [11.9312583, 57.7077848], [11.9310095, 57.7077876], [11.9308189, 57.7077972], [11.9307184, 57.7078105]]}, "properties": {"osm_id": 24382960, "highway": "service", "name": "Ceresgatan"}}, {"type": "Feature", "geometry": {"type": "LineString", "coordinates": [[11.9458995, 57.712311], [11.9460224, 57.7122734], [11.9460518, 57.7122599], [11.9473386, 57.7116141], [11.9473999, 57.7115834], [11.9475585, 57.7115103], [11.9476133, 57.711483], [11.9481964, 57.7111961], [11.948643, 57.7109772], [11.94907, 57.7107632], [11.9491927, 57.7107405]]}, "properties": {"osm_id": 26406945, "highway": "unclassified", "name": "Pumpgatan"}}, {"type": "Feature", "geometry": {"type": "LineString", "coordinates": [[11.9475307, 57.7116797], [11.9474864, 57.7116823], [11.947446, 57.7116728], [11.9473945, 57.7116407], [11.9473884, 57.7116144], [11.9473999, 57.7115834]]}, "properties": {"osm_id": 26406950, "highway": "unclassified", "name": "Pumpgatan"}}, {"type": "Feature", "geometry": {"type": "LineString", "coordinates": [[11.9475585, 57.7115103], [11.9476385, 57.7115133], [11.947703, 57.7115494], [11.9477023, 57.7115924]]}, "properties": {"osm_id": 26406954, "highway": "unclassified", "name": "Pumpgatan"}}, {"type": "Feature", "geometry": {"type": "LineString", "coordinates": [[11.9493314, 57.7106707], [11.9494808, 57.7106198], [11.9495423, 57.7105939], [11.949828, 57.7104532], [11.9506351, 57.7099501], [11.9506825, 57.709851]]}, "properties": {"osm_id": 26406973, "highway": "unclassified", "name": "Pumpgatan"}}, {"type": "Feature", "geometry": {"type": "LineString", "coordinates": [[11.9483419, 57.711301], [11.9483639, 57.7113388], [11.9484786, 57.7115219], [11.95083, 57.7153668], [11.9506671, 57.7154394]]}, "properties": {"osm_id": 26407049, "highway": "footway", "name": ""}}, {"type": "Feature", "geometry": {"type": "LineString", "coordinates": [[11.9275984, 57.7098687], [11.9276457, 57.7099467], [11.9276655, 57.709973], [11.9276916, 57.7100163], [11.9277017, 57.7100471], [11.927697, 57.7100804], [11.9276856, 57.710123], [11.9276842, 57.7101517], [11.9277003, 57.71018], [11.9277272, 57.7102079], [11.9277889, 57.7102484], [11.9278854, 57.7102964], [11.9279934, 57.7103408], [11.928216, 57.7104187], [11.9288735, 57.7105948], [11.9294039, 57.7107003], [11.9300409, 57.710789], [11.9302521, 57.7107845], [11.9304235, 57.7107401], [11.9305592, 57.7106514], [11.9307081, 57.7104827], [11.9307437, 57.7104295], [11.9307723, 57.7103749], [11.9307851, 57.7103236], [11.9307951, 57.7102417], [11.9307755, 57.7101513], [11.930691, 57.7099753], [11.9307256, 57.7099611], [11.9307646, 57.7099406], [11.9308707, 57.7098836], [11.9309538, 57.7098317], [11.9309685, 57.7098033]]}, "properties": {"osm_id": 26733384, "highway": "path", "name": ""}}, {"type": "Feature", "geometry": {"type": "LineString", "coordinates": [[11.9379672, 57.7076223], [11.9382848, 57.7073033], [11.9383828, 57.7072566], [11.938465, 57.7072351], [11.9387076, 57.7072054], [11.9388522, 57.7072013], [11.9396799, 57.7073693], [11.9396005, 57.7074629], [11.9395686, 57.7075137], [11.9393921, 57.7077613], [11.9392928, 57.7078473], [11.9392151, 57.7078831], [11.9387813, 57.708114]]}, "properties": {"osm_id": 26776319, "highway": "path", "name": ""}}, {"type": "Feature", "geometry": {"type": "LineString", "coordinates": [[11.9387813, 57.708114], [11.9387617, 57.7081238], [11.9386752, 57.7081833], [11.9385921, 57.7082282], [11.9384897, 57.708282], [11.9384188, 57.7083126], [11.938314, 57.7083631], [11.9383071, 57.708366], [11.9381605, 57.7084327], [11.9380557, 57.7084807]]}, "properties": {"osm_id": 26776345, "highway": "path", "name": ""}}, {"type": "Feature", "geometry": {"type": "LineString", "coordinates": [[11.940641, 57.7098456], [11.9405251, 57.7097528], [11.9404934, 57.7097098], [11.9404859, 57.7096858], [11.9404859, 57.7096295], [11.9405173, 57.7095755], [11.9405709, 57.7095357]]}, "properties": {"osm_id": 26798606, "highway": "unclassified", "name": "Lindholmsall\u00e9n"}}, {"type": "Feature", "geometry": {"type": "LineString", "coordinates": [[11.9423747, 57.7102908], [11.9424426, 57.7103955], [11.9424426, 57.7104605], [11.9424127, 57.710509], [11.9423453, 57.7105477], [11.942287, 57.7105767], [11.9422061, 57.7105911], [11.9421849, 57.7105927], [11.9420984, 57.7105991], [11.9419913, 57.7105815], [11.9418656, 57.7105563]]}, "properties": {"osm_id": 26798637, "highway": "unclassified", "name": "Lindholmsall\u00e9n"}}, {"type": "Feature", "geometry": {"type": "LineString", "coordinates": [[11.9417418, 57.7062237], [11.9416833, 57.7062074], [11.9411779, 57.7060838], [11.9411113, 57.706069]]}, "properties": {"osm_id": 26799037, "highway": "path", "name": "Lindholmspiren"}}, {"type": "Feature", "geometry": {"type": "LineString", "coordinates": [[11.9435864, 57.7076886], [11.9426941, 57.7074776]]}, "properties": {"osm_id": 27016935, "highway": "footway", "name": ""}}, {"type": "Feature", "geometry": {"type": "LineString", "coordinates": [[11.9428482, 57.7112295], [11.9429392, 57.7112837], [11.943081, 57.7113615], [11.9432005, 57.7114256], [11.9444959, 57.7121574], [11.9445545, 57.7121905], [11.9456586, 57.7128248], [11.9465112, 57.7133077], [11.9466834, 57.7134092], [11.9468157, 57.7134819], [11.946993, 57.7135877], [11.947205, 57.7136966]]}, "properties": {"osm_id": 28573768, "highway": "path", "name": ""}}, {"type": "Feature", "geometry": {"type": "LineString", "coordinates": [[11.9385104, 57.7087327], [11.9380557, 57.7084807], [11.9375165, 57.7081778], [11.9373343, 57.7080659], [11.9372972, 57.7080463], [11.9371361, 57.7079739], [11.9370395, 57.7079431], [11.9369296, 57.7079151], [11.9367518, 57.7078932], [11.936732, 57.7078926], [11.9365574, 57.7078864], [11.9362723, 57.707883], [11.9357094, 57.7078824], [11.93546, 57.707882], [11.9353238, 57.7078788], [11.9352789, 57.7078767], [11.9352313, 57.7078791], [11.9351879, 57.7078833], [11.9351444, 57.7078922], [11.9351111, 57.7079076], [11.9350862, 57.7079271], [11.9350728, 57.707952], [11.9350773, 57.7079809], [11.9350867, 57.7079979], [11.9351194, 57.7080179], [11.9351844, 57.7080584], [11.9354773, 57.7082218], [11.9364635, 57.7087934], [11.9373039, 57.7092674]]}, "properties": {"osm_id": 28573830, "highway": "path", "name": ""}}, {"type": "Feature", "geometry": {"type": "LineString", "coordinates": [[11.9384459, 57.7055147], [11.9383138, 57.7056756], [11.9381539, 57.7058705], [11.937873, 57.7061969], [11.9377854, 57.7063061], [11.9374173, 57.7067664]]}, "properties": {"osm_id": 30950827, "highway": "pedestrian", "name": "Hypotesgatan"}}, {"type": "Feature", "geometry": {"type": "LineString", "coordinates": [[11.9379524, 57.7076346], [11.9379672, 57.7076223], [11.9379779, 57.7075471], [11.9379659, 57.7074403], [11.9379041, 57.7073619], [11.937878, 57.7072999], [11.9377962, 57.7071845], [11.9375277, 57.7068737], [11.9375029, 57.706846], [11.9374885, 57.7068299]]}, "properties": {"osm_id": 30950842, "highway": "path", "name": ""}}, {"type": "Feature", "geometry": {"type": "LineString", "coordinates": [[11.9358906, 57.7061807], [11.936282, 57.7066114], [11.9366895, 57.7070512]]}, "properties": {"osm_id": 30950859, "highway": "pedestrian", "name": "N\u00e4rg\u00e5ngen"}}, {"type": "Feature", "geometry": {"type": "LineString", "coordinates": [[11.9374749, 57.7057642], [11.937873, 57.7061969], [11.9381717, 57.7065404], [11.938217, 57.7065905]]}, "properties": {"osm_id": 30950895, "highway": "pedestrian", "name": "H\u00f6rselg\u00e5ngen"}}, {"type": "Feature", "geometry": {"type": "LineString", "coordinates": [[11.934314, 57.7053906], [11.9342503, 57.7053087]]}, "properties": {"osm_id": 30950966, "highway": "unclassified", "name": "Kunskapsgatan"}}, {"type": "Feature", "geometry": {"type": "LineString", "coordinates": [[11.9360782, 57.7072071], [11.9366895, 57.7070512], [11.937162, 57.7069249]]}, "properties": {"osm_id": 30950978, "highway": "unclassified", "name": "Teknikgatan"}}, {"type": "Feature", "geometry": {"type": "LineString", "coordinates": [[11.936282, 57.7066114], [11.9363963, 57.7065825]]}, "properties": {"osm_id": 30950983, "highway": "path", "name": "Uppfinnaregatan"}}, {"type": "Feature", "geometry": {"type": "LineString", "coordinates": [[11.9384459, 57.7055147], [11.9383691, 57.7054279], [11.9375914, 57.7045567], [11.937395, 57.7043131]]}, "properties": {"osm_id": 30951066, "highway": "pedestrian", "name": "Diagonalen"}}, {"type": "Feature", "geometry": {"type": "LineString", "coordinates": [[11.9375914, 57.7045567], [11.9366866, 57.7047919], [11.9366127, 57.7048102], [11.93581, 57.7050184]]}, "properties": {"osm_id": 32552388, "highway": "pedestrian", "name": "Utvecklingsgatan"}}, {"type": "Feature", "geometry": {"type": "LineString", "coordinates": [[11.9366866, 57.7047919], [11.9364446, 57.7045095]]}, "properties": {"osm_id": 32552395, "highway": "pedestrian", "name": "Tankeg\u00e5ngen"}}, {"type": "Feature", "geometry": {"type": "LineString", "coordinates": [[11.9349479, 57.7052263], [11.9348081, 57.7050797], [11.9342377, 57.7050519], [11.9340896, 57.70505], [11.9340162, 57.7046684], [11.9339594, 57.7046086], [11.9339443, 57.7045664], [11.9339487, 57.7045214], [11.9339764, 57.7044765], [11.9339664, 57.7043866], [11.9339684, 57.7041955], [11.9340218, 57.7041018], [11.9341915, 57.7039959], [11.9343671, 57.7038999], [11.9344354, 57.703891]]}, "properties": {"osm_id": 32552403, "highway": "footway", "name": ""}}, {"type": "Feature", "geometry": {"type": "LineString", "coordinates": [[11.9341214, 57.7052233], [11.9342261, 57.705128], [11.9342377, 57.7050519], [11.9342848, 57.7047751], [11.9342255, 57.7046025], [11.9343419, 57.7044399], [11.9344354, 57.703891], [11.9344779, 57.7036389], [11.9343878, 57.7035972], [11.9341924, 57.7035462], [11.9341917, 57.7034462], [11.9341779, 57.7033168]]}, "properties": {"osm_id": 32552405, "highway": "service", "name": "Insiktsgatan"}}, {"type": "Feature", "geometry": {"type": "LineString", "coordinates": [[11.9313593, 57.704444], [11.9313483, 57.704451], [11.9313102, 57.704429], [11.9312958, 57.7044206], [11.9312699, 57.7044067], [11.9312459, 57.7043991], [11.9312294, 57.7044006]]}, "properties": {"osm_id": 32552415, "highway": "steps", "name": ""}}, {"type": "Feature", "geometry": {"type": "LineString", "coordinates": [[11.9496136, 57.7075728], [11.9494011, 57.7076998], [11.9489458, 57.7077917], [11.9488559, 57.7078252], [11.9487988, 57.7078762], [11.9487756, 57.7079242]]}, "properties": {"osm_id": 32780888, "highway": "path", "name": ""}}, {"type": "Feature", "geometry": {"type": "LineString", "coordinates": [[11.9464917, 57.7090507], [11.9467129, 57.7088498], [11.9468934, 57.7086873], [11.9469145, 57.7086683]]}, "properties": {"osm_id": 32800903, "highway": "pedestrian", "name": "Regnb\u00e5gsgatan"}}, {"type": "Feature", "geometry": {"type": "LineString", "coordinates": [[11.9500955, 57.7087565], [11.9501728, 57.7088741], [11.9504404, 57.709275], [11.9506274, 57.7095319], [11.950643, 57.7095733], [11.9506607, 57.7096394], [11.9506559, 57.7098057]]}, "properties": {"osm_id": 32800928, "highway": "unclassified", "name": "Valdemar Nor\u00e9ns Gata"}}, {"type": "Feature", "geometry": {"type": "LineString", "coordinates": [[11.9506559, 57.7098057], [11.9504321, 57.7097439], [11.9502102, 57.709674], [11.9495725, 57.7094732], [11.9483522, 57.7091109], [11.9479374, 57.7091229], [11.9476696, 57.7090834], [11.9472277, 57.7089598], [11.9470377, 57.7088259], [11.9469145, 57.7086683], [11.9468393, 57.7085462], [11.9468149, 57.7084727]]}, "properties": {"osm_id": 32800938, "highway": "unclassified", "name": "Valdemar Nor\u00e9ns Gata"}}, {"type": "Feature", "geometry": {"type": "LineString", "coordinates": [[11.9431854, 57.7068965], [11.9436863, 57.7070154], [11.9437171, 57.7070227], [11.9437492, 57.7070304], [11.9440644, 57.7071052]]}, "properties": {"osm_id": 38890527, "highway": "footway", "name": ""}}, {"type": "Feature", "geometry": {"type": "LineString", "coordinates": [[11.9308578, 57.7100568], [11.9307646, 57.7099406], [11.9306327, 57.7098221], [11.9305703, 57.7097555]]}, "properties": {"osm_id": 81961166, "highway": "unclassified", "name": "Stenbocksgatan"}}, {"type": "Feature", "geometry": {"type": "LineString", "coordinates": [[11.9337442, 57.710662], [11.9338372, 57.710622], [11.9339821, 57.7105633], [11.9341695, 57.7105387], [11.9343187, 57.7104852], [11.93454, 57.710463], [11.9347098, 57.7104571], [11.9350083, 57.7104764], [11.9351113, 57.7104978], [11.9358409, 57.7105317], [11.9364766, 57.7105685]]}, "properties": {"osm_id": 81961178, "highway": "unclassified", "name": "Polstj\u00e4rnegatan"}}, {"type": "Feature", "geometry": {"type": "LineString", "coordinates": [[11.9317746, 57.71029], [11.9316693, 57.7102638], [11.9314494, 57.7102219], [11.931347, 57.7102082], [11.9312031, 57.7101909]]}, "properties": {"osm_id": 81961238, "highway": "unclassified", "name": "Polstj\u00e4rnegatan"}}, {"type": "Feature", "geometry": {"type": "LineString", "coordinates": [[11.9315708, 57.7101184], [11.9316767, 57.7101682], [11.931731, 57.7101872], [11.9318148, 57.7102112], [11.9319765, 57.7102499], [11.9320904, 57.7102685], [11.9322762, 57.7102918], [11.9323821, 57.7103016], [11.9324968, 57.7103079], [11.9327315, 57.7103193], [11.9330175, 57.7103397], [11.9331899, 57.7103619], [11.9333313, 57.7103887], [11.9334329, 57.7104186], [11.9335435, 57.7104676], [11.9336065, 57.7104914], [11.9336719, 57.7105067], [11.9337366, 57.7105115], [11.9337958, 57.7105066], [11.9339576, 57.7104811], [11.9341018, 57.7104736], [11.9342047, 57.7104368], [11.9343428, 57.7104186], [11.9344702, 57.7104193], [11.9346111, 57.71043], [11.9347098, 57.7104571]]}, "properties": {"osm_id": 81961239, "highway": "path", "name": ""}}, {"type": "Feature", "geometry": {"type": "LineString", "coordinates": [[11.9305703, 57.7097555], [11.9306709, 57.709796], [11.9308707, 57.7098836], [11.9309679, 57.7099092], [11.9310435, 57.7099286]]}, "properties": {"osm_id": 81961261, "highway": "unclassified", "name": "Stenbocksgatan"}}, {"type": "Feature", "geometry": {"type": "LineString", "coordinates": [[11.9293445, 57.7081887], [11.9293975, 57.7083205], [11.9294867, 57.7084967], [11.9296999, 57.708812], [11.9300158, 57.7091677], [11.9302974, 57.7094184], [11.9305944, 57.7096473], [11.9307243, 57.7097258], [11.9307723, 57.7097507], [11.9308598, 57.7097825], [11.9309257, 57.7097965], [11.9309685, 57.7098033], [11.931083, 57.7098057], [11.9311834, 57.7097989], [11.9312678, 57.7097835], [11.9313432, 57.7097582], [11.9314379, 57.7097073], [11.9320293, 57.7092233], [11.9322, 57.7090792], [11.9324053, 57.7089193], [11.9331482, 57.7083057], [11.9334473, 57.7080586], [11.9336079, 57.707926], [11.9336611, 57.7078661]]}, "properties": {"osm_id": 81961298, "highway": "path", "name": ""}}, {"type": "Feature", "geometry": {"type": "LineString", "coordinates": [[11.9311803, 57.7101946], [11.9311226, 57.7102359], [11.9310439, 57.7102923], [11.9309994, 57.7103453], [11.9309318, 57.7104752], [11.9308413, 57.7106282], [11.9307494, 57.7107271], [11.9305788, 57.7108351], [11.9304084, 57.7108889], [11.9301785, 57.7109138], [11.9300122, 57.7109093], [11.92985, 57.7108692]]}, "properties": {"osm_id": 81961315, "highway": "unclassified", "name": "Cronackersgatan"}}, {"type": "Feature", "geometry": {"type": "LineString", "coordinates": [[11.9316405, 57.7096703], [11.9323339, 57.7100596], [11.9326504, 57.7102158], [11.9329065, 57.7102807], [11.9333361, 57.7103433], [11.933452, 57.7103582], [11.9336361, 57.7103799], [11.9339184, 57.7104168], [11.9340424, 57.7104397], [11.9341018, 57.7104736], [11.9341695, 57.7105387]]}, "properties": {"osm_id": 81961324, "highway": "service", "name": "Polstj\u00e4rnegatan"}}, {"type": "Feature", "geometry": {"type": "LineString", "coordinates": [[11.931146, 57.709924], [11.9312737, 57.709859], [11.9315385, 57.7097126]]}, "properties": {"osm_id": 82103286, "highway": "unclassified", "name": "Polstj\u00e4rnegatan"}}, {"type": "Feature", "geometry": {"type": "LineString", "coordinates": [[11.9315385, 57.7097126], [11.9313945, 57.7098982], [11.9313685, 57.7099295], [11.9313393, 57.7099918]]}, "properties": {"osm_id": 82103287, "highway": "unclassified", "name": "Polstj\u00e4rnegatan"}}, {"type": "Feature", "geometry": {"type": "LineString", "coordinates": [[11.934443, 57.707824], [11.9343241, 57.7078292], [11.9339952, 57.7078471], [11.9338774, 57.7078691], [11.9338499, 57.707878], [11.9336662, 57.7079675]]}, "properties": {"osm_id": 83253538, "highway": "unclassified", "name": "Polstj\u00e4rnegatan"}}, {"type": "Feature", "geometry": {"type": "LineString", "coordinates": [[11.9336662, 57.7079675], [11.9335347, 57.7080788], [11.9332633, 57.7083083], [11.9332331, 57.7083339], [11.9325146, 57.7089273], [11.9324896, 57.708948], [11.932294, 57.7091106], [11.9321086, 57.709263], [11.9316405, 57.7096703], [11.9315385, 57.7097126]]}, "properties": {"osm_id": 83253539, "highway": "unclassified", "name": "Polstj\u00e4rnegatan"}}, {"type": "Feature", "geometry": {"type": "LineString", "coordinates": [[11.940009, 57.7079583], [11.9402082, 57.7080339]]}, "properties": {"osm_id": 88216433, "highway": "service", "name": ""}}, {"type": "Feature", "geometry": {"type": "LineString", "coordinates": [[11.9406148, 57.7075396], [11.9409296, 57.7076414]]}, "properties": {"osm_id": 88219488, "highway": "footway", "name": ""}}, {"type": "Feature", "geometry": {"type": "LineString", "coordinates": [[11.9432207, 57.7113145], [11.943081, 57.7113615], [11.943024, 57.7113924], [11.9429373, 57.7114315], [11.9427722, 57.7115136], [11.9427026, 57.7115664], [11.9426605, 57.7116313]]}, "properties": {"osm_id": 88219489, "highway": "unclassified", "name": "Regnb\u00e5gsgatan"}}, {"type": "Feature", "geometry": {"type": "LineString", "coordinates": [[11.9429976, 57.7111872], [11.9429567, 57.7111646], [11.94288, 57.7111257], [11.9428055, 57.7110828], [11.9421675, 57.7107221], [11.9418656, 57.7105563], [11.9412256, 57.7101739], [11.9410658, 57.7100822], [11.940641, 57.7098456], [11.9405658, 57.7098024], [11.940223, 57.7096068], [11.9401904, 57.7095882], [11.9398072, 57.7093694], [11.9386172, 57.7086843], [11.9384313, 57.7085681]]}, "properties": {"osm_id": 88219491, "highway": "unclassified", "name": "Lindholmsall\u00e9n"}}, {"type": "Feature", "geometry": {"type": "LineString", "coordinates": [[11.9399742, 57.7057482], [11.9401032, 57.7056009], [11.9409348, 57.704598], [11.941818, 57.7047936]]}, "properties": {"osm_id": 113189572, "highway": "pedestrian", "name": "Lindholmspiren"}}, {"type": "Feature", "geometry": {"type": "LineString", "coordinates": [[11.9464641, 57.7063736], [11.945667, 57.7071073], [11.9453428, 57.7074056]]}, "properties": {"osm_id": 114191381, "highway": "unclassified", "name": "Bror Nilssons Gata"}}, {"type": "Feature", "geometry": {"type": "LineString", "coordinates": [[11.9464641, 57.7063736], [11.9466563, 57.7064334], [11.9472447, 57.7066223], [11.9484215, 57.7069825], [11.9483753, 57.7070256]]}, "properties": {"osm_id": 114191386, "highway": "service", "name": ""}}, {"type": "Feature", "geometry": {"type": "LineString", "coordinates": [[11.9446143, 57.7077312], [11.9441143, 57.7082217], [11.944041, 57.7082059], [11.9438564, 57.7081627]]}, "properties": {"osm_id": 114191387, "highway": "footway", "name": ""}}, {"type": "Feature", "geometry": {"type": "LineString", "coordinates": [[11.9458757, 57.70717], [11.9466563, 57.7064334]]}, "properties": {"osm_id": 114191389, "highway": "service", "name": ""}}, {"type": "Feature", "geometry": {"type": "LineString", "coordinates": [[11.945667, 57.7071073], [11.9458757, 57.70717], [11.946333, 57.7073143], [11.9463723, 57.7073353], [11.9463664, 57.707364], [11.9462218, 57.7075001], [11.9460817, 57.7076321], [11.9459445, 57.7077613], [11.9458071, 57.7078908], [11.9456758, 57.7080144], [11.9456108, 57.7080796], [11.9455792, 57.7081112], [11.9455372, 57.7081536], [11.9455013, 57.708187], [11.9454012, 57.7082807], [11.9453384, 57.7083395], [11.9452737, 57.7083999], [11.9452279, 57.708465]]}, "properties": {"osm_id": 114191390, "highway": "unclassified", "name": "Bror Nilssons Gata"}}, {"type": "Feature", "geometry": {"type": "LineString", "coordinates": [[11.9441544, 57.707053], [11.944378, 57.7071091], [11.9444091, 57.7071188], [11.9448215, 57.7072407], [11.9450025, 57.7073046], [11.9453428, 57.7074056], [11.9454995, 57.7074589], [11.9451114, 57.7078118], [11.94505, 57.7078676], [11.9450266, 57.7078998], [11.9450227, 57.7079274], [11.9450588, 57.7079461], [11.945251, 57.7080071], [11.9455792, 57.7081112]]}, "properties": {"osm_id": 114191391, "highway": "unclassified", "name": "Bror Nilssons Gata"}}, {"type": "Feature", "geometry": {"type": "LineString", "coordinates": [[11.9483753, 57.7070256], [11.9497347, 57.7074575], [11.9496136, 57.7075728]]}, "properties": {"osm_id": 114191392, "highway": "service", "name": ""}}, {"type": "Feature", "geometry": {"type": "LineString", "coordinates": [[11.94505, 57.7078676], [11.9446143, 57.7077312], [11.9440474, 57.7075647]]}, "properties": {"osm_id": 114191393, "highway": "footway", "name": ""}}, {"type": "Feature", "geometry": {"type": "LineString", "coordinates": [[11.946333, 57.7073143], [11.9467171, 57.7069672], [11.9468056, 57.7069518]]}, "properties": {"osm_id": 114191394, "highway": "footway", "name": ""}}, {"type": "Feature", "geometry": {"type": "LineString", "coordinates": [[11.9433185, 57.7066294], [11.9417418, 57.7062237]]}, "properties": {"osm_id": 128563656, "highway": "path", "name": ""}}, {"type": "Feature", "geometry": {"type": "LineString", "coordinates": [[11.9398246, 57.7055056], [11.9398023, 57.7055362], [11.9399172, 57.7055595], [11.9397957, 57.7057088], [11.9399001, 57.7057313], [11.9399742, 57.7057482], [11.9401373, 57.7057946], [11.9405859, 57.705879]]}, "properties": {"osm_id": 140645260, "highway": "path", "name": ""}}, {"type": "Feature", "geometry": {"type": "LineString", "coordinates": [[11.94823, 57.7113239], [11.9477421, 57.7115721], [11.9477023, 57.7115924], [11.9475307, 57.7116797], [11.9474944, 57.7116982], [11.9462783, 57.7123169], [11.9462154, 57.7123526], [11.9461871, 57.7123668], [11.9461102, 57.7124301]]}, "properties": {"osm_id": 152049783, "highway": "unclassified", "name": "Pumpgatan"}}, {"type": "Feature", "geometry": {"type": "LineString", "coordinates": [[11.936679, 57.7059726], [11.9370705, 57.7064057], [11.9374173, 57.7067664], [11.9374368, 57.706789], [11.9374885, 57.7068299]]}, "properties": {"osm_id": 155516485, "highway": "pedestrian", "name": "Forskningsg\u00e5ngen"}}, {"type": "Feature", "geometry": {"type": "LineString", "coordinates": [[11.9310109, 57.7071186], [11.9308721, 57.7071139], [11.9307031, 57.7071288], [11.9306776, 57.7071311], [11.9306412, 57.7071339], [11.9305532, 57.7071406], [11.9304419, 57.7071311], [11.9303727, 57.7071141], [11.9302923, 57.7070741], [11.93018, 57.7070556]]}, "properties": {"osm_id": 155516510, "highway": "footway", "name": ""}}, {"type": "Feature", "geometry": {"type": "LineString", "coordinates": [[11.9363963, 57.7065825], [11.9369511, 57.7064376]]}, "properties": {"osm_id": 155516526, "highway": "footway", "name": "Uppfinnaregatan"}}, {"type": "Feature", "geometry": {"type": "LineString", "coordinates": [[11.9369511, 57.7064376], [11.9370705, 57.7064057], [11.937873, 57.7061969]]}, "properties": {"osm_id": 155516557, "highway": "pedestrian", "name": "Uppfinnaregatan"}}, {"type": "Feature", "geometry": {"type": "LineString", "coordinates": [[11.9378377, 57.7078539], [11.9382689, 57.7081002], [11.9384939, 57.7082285]]}, "properties": {"osm_id": 163986920, "highway": "platform", "name": "A"}}, {"type": "Feature", "geometry": {"type": "LineString", "coordinates": [[11.9383261, 57.7083074], [11.9376974, 57.7079437]]}, "properties": {"osm_id": 163986924, "highway": "platform", "name": "B"}}, {"type": "Feature", "geometry": {"type": "LineString", "coordinates": [[11.9385877, 57.7081658], [11.9379856, 57.7078235]]}, "properties": {"osm_id": 163986928, "highway": "platform", "name": "C"}}, {"type": "Feature", "geometry": {"type": "LineString", "coordinates": [[11.938228, 57.7083707], [11.9375717, 57.7080062]]}, "properties": {"osm_id": 163986934, "highway": "platform", "name": "D"}}, {"type": "Feature", "geometry": {"type": "LineString", "coordinates": [[11.9309061, 57.7078394], [11.9312517, 57.7078243]]}, "properties": {"osm_id": 163986975, "highway": "platform", "name": "B"}}, {"type": "Feature", "geometry": {"type": "LineString", "coordinates": [[11.9349811, 57.7078543], [11.9349555, 57.7079014], [11.9349493, 57.7079321], [11.9349602, 57.707995], [11.9349875, 57.7080265], [11.9350301, 57.7080634], [11.9351059, 57.7081144], [11.9352736, 57.7082056]]}, "properties": {"osm_id": 177603651, "highway": "unclassified", "name": "Karlavagnsgatan"}}, {"type": "Feature", "geometry": {"type": "LineString", "coordinates": [[11.9371645, 57.7092723], [11.9372179, 57.7093009]]}, "properties": {"osm_id": 177603653, "highway": "unclassified", "name": "Karlavagnsgatan"}}, {"type": "Feature", "geometry": {"type": "LineString", "coordinates": [[11.9362931, 57.7088768], [11.9363883, 57.7088313], [11.9364635, 57.7087934], [11.9374401, 57.7082976]]}, "properties": {"osm_id": 177603661, "highway": "residential", "name": "Lindholmsall\u00e9n"}}, {"type": "Feature", "geometry": {"type": "LineString", "coordinates": [[11.9348931, 57.7071961], [11.9349093, 57.7072398], [11.93492, 57.7072634], [11.9349587, 57.7073085], [11.9350101, 57.7073743]]}, "properties": {"osm_id": 177603664, "highway": "residential", "name": "Plejadgatan"}}, {"type": "Feature", "geometry": {"type": "LineString", "coordinates": [[11.9347166, 57.7073092], [11.9347619, 57.707238], [11.9347844, 57.7071956], [11.9347939, 57.7071301], [11.9348483, 57.7070609]]}, "properties": {"osm_id": 177603665, "highway": "residential", "name": "Plejadgatan"}}, {"type": "Feature", "geometry": {"type": "LineString", "coordinates": [[11.9372179, 57.7093009], [11.9373039, 57.7092674], [11.9382324, 57.7088034], [11.9382662, 57.7087957], [11.9383019, 57.7087968], [11.9383408, 57.7087983], [11.9384121, 57.708782]]}, "properties": {"osm_id": 177603686, "highway": "service", "name": ""}}, {"type": "Feature", "geometry": {"type": "LineString", "coordinates": [[11.9308098, 57.7076799], [11.9310691, 57.7076827], [11.9314114, 57.7077002], [11.9318195, 57.7077115], [11.9323587, 57.7077179], [11.932993, 57.7077179], [11.9331694, 57.7077183], [11.9331771, 57.7076892]]}, "properties": {"osm_id": 177603688, "highway": "path", "name": ""}}, {"type": "Feature", "geometry": {"type": "LineString", "coordinates": [[11.9410658, 57.7100822], [11.9409609, 57.710143], [11.9408706, 57.7101909], [11.9405194, 57.7103647], [11.9404443, 57.7104024]]}, "properties": {"osm_id": 177603695, "highway": "unclassified", "name": "Lilla Karlavagnsgatan"}}, {"type": "Feature", "geometry": {"type": "LineString", "coordinates": [[11.9405194, 57.7103647], [11.9404779, 57.7103416], [11.940333, 57.7102611]]}, "properties": {"osm_id": 177603696, "highway": "service", "name": ""}}, {"type": "Feature", "geometry": {"type": "LineString", "coordinates": [[11.9356148, 57.7067089], [11.9355545, 57.7067252], [11.9354446, 57.7067563]]}, "properties": {"osm_id": 177603698, "highway": "service", "name": ""}}, {"type": "Feature", "geometry": {"type": "LineString", "coordinates": [[11.9406877, 57.7106075], [11.9412037, 57.7103604]]}, "properties": {"osm_id": 177603699, "highway": "service", "name": ""}}, {"type": "Feature", "geometry": {"type": "LineString", "coordinates": [[11.940333, 57.7102611], [11.9399228, 57.7104621], [11.9398725, 57.7104868], [11.9397952, 57.7105247]]}, "properties": {"osm_id": 177603701, "highway": "service", "name": ""}}, {"type": "Feature", "geometry": {"type": "LineString", "coordinates": [[11.9404323, 57.7104699], [11.9404948, 57.7105034], [11.9406877, 57.7106075]]}, "properties": {"osm_id": 177603702, "highway": "service", "name": ""}}, {"type": "Feature", "geometry": {"type": "LineString", "coordinates": [[11.9374401, 57.7082976], [11.9374388, 57.7082186], [11.9374871, 57.7081928], [11.9375165, 57.7081778]]}, "properties": {"osm_id": 177603706, "highway": "path", "name": ""}}, {"type": "Feature", "geometry": {"type": "LineString", "coordinates": [[11.9427824, 57.7104107], [11.942677, 57.7104616], [11.9425251, 57.7105428], [11.9424252, 57.7105923], [11.9423471, 57.7106298], [11.9422924, 57.71066], [11.9421675, 57.7107221], [11.9420987, 57.7107526]]}, "properties": {"osm_id": 177603708, "highway": "footway", "name": ""}}, {"type": "Feature", "geometry": {"type": "LineString", "coordinates": [[11.9360702, 57.7081341], [11.9360685, 57.7081582], [11.9364053, 57.7083518], [11.9366662, 57.7082254], [11.9366858, 57.7081387]]}, "properties": {"osm_id": 177603710, "highway": "footway", "name": ""}}, {"type": "Feature", "geometry": {"type": "LineString", "coordinates": [[11.940439, 57.71053], [11.9404577, 57.7105046], [11.9404485, 57.7104865], [11.9404323, 57.7104699]]}, "properties": {"osm_id": 177603711, "highway": "unclassified", "name": ""}}, {"type": "Feature", "geometry": {"type": "LineString", "coordinates": [[11.9404443, 57.7104024], [11.9404176, 57.7104306], [11.9404139, 57.7104473], [11.9404323, 57.7104699]]}, "properties": {"osm_id": 177603713, "highway": "unclassified", "name": ""}}, {"type": "Feature", "geometry": {"type": "LineString", "coordinates": [[11.9357094, 57.7078824], [11.9356994, 57.7079076], [11.9357424, 57.7079939], [11.9357875, 57.7080636], [11.9358292, 57.7081255], [11.9360702, 57.7081341], [11.9366858, 57.7081387], [11.9367, 57.7080887], [11.936732, 57.7078926]]}, "properties": {"osm_id": 177603715, "highway": "footway", "name": ""}}, {"type": "Feature", "geometry": {"type": "LineString", "coordinates": [[11.9352109, 57.7063555], [11.9358906, 57.7061807], [11.936679, 57.7059726], [11.9374749, 57.7057642], [11.9384459, 57.7055147]]}, "properties": {"osm_id": 177806140, "highway": "unclassified", "name": "L\u00e4rdomsgatan"}}, {"type": "Feature", "geometry": {"type": "LineString", "coordinates": [[11.9342982, 57.7073174], [11.9342458, 57.7072649], [11.9341256, 57.7072353]]}, "properties": {"osm_id": 177806145, "highway": "steps", "name": ""}}, {"type": "Feature", "geometry": {"type": "LineString", "coordinates": [[11.9348701, 57.7064412], [11.9348702, 57.7065574], [11.9348695, 57.7065801], [11.9348597, 57.7067145], [11.9348585, 57.706862], [11.9348483, 57.7070609]]}, "properties": {"osm_id": 177806149, "highway": "residential", "name": "Plejadgatan"}}, {"type": "Feature", "geometry": {"type": "LineString", "coordinates": [[11.933628, 57.7077093], [11.9336073, 57.707668], [11.9335849, 57.707623]]}, "properties": {"osm_id": 177806159, "highway": "path", "name": ""}}, {"type": "Feature", "geometry": {"type": "LineString", "coordinates": [[11.9402862, 57.7066353], [11.9403773, 57.7065266], [11.9404103, 57.7064858], [11.9408094, 57.7059932]]}, "properties": {"osm_id": 179641132, "highway": "pedestrian", "name": "Lindholmspiren"}}, {"type": "Feature", "geometry": {"type": "LineString", "coordinates": [[11.9402862, 57.7066353], [11.9396963, 57.7073494], [11.9396799, 57.7073693]]}, "properties": {"osm_id": 179642361, "highway": "corridor", "name": ""}}, {"type": "Feature", "geometry": {"type": "LineString", "coordinates": [[11.9385673, 57.7081214], [11.9386457, 57.7081084], [11.9387079, 57.7080901], [11.9387306, 57.7080837], [11.9388027, 57.7080566], [11.9389067, 57.7080067]]}, "properties": {"osm_id": 179642500, "highway": "service", "name": ""}}, {"type": "Feature", "geometry": {"type": "LineString", "coordinates": [[11.9394865, 57.7063289], [11.9391504, 57.7062907], [11.9388331, 57.705933], [11.9384459, 57.7055147]]}, "properties": {"osm_id": 179749796, "highway": "pedestrian", "name": "Diagonalen"}}, {"type": "Feature", "geometry": {"type": "LineString", "coordinates": [[11.9389067, 57.7080067], [11.9391652, 57.7078795], [11.939356, 57.7077245], [11.9393791, 57.7077004], [11.9393924, 57.7076783], [11.939411, 57.7076511], [11.9394189, 57.7076298], [11.9394109, 57.7075809], [11.9393975, 57.7075457], [11.9393759, 57.7075059], [11.9393499, 57.7074712], [11.9393115, 57.707431], [11.9392602, 57.7073908], [11.9392007, 57.7073572], [11.9391307, 57.707331], [11.9390546, 57.7073107], [11.9389673, 57.7072931], [11.938881, 57.7072837], [11.9387931, 57.7072804], [11.9387075, 57.7072856], [11.9386195, 57.7072995]]}, "properties": {"osm_id": 179751345, "highway": "service", "name": ""}}, {"type": "Feature", "geometry": {"type": "LineString", "coordinates": [[11.9381626, 57.7075614], [11.9380979, 57.7076312], [11.9380641, 57.7076887], [11.9380416, 57.7077766]]}, "properties": {"osm_id": 179751346, "highway": "service", "name": "Lindholmsplatsen"}}, {"type": "Feature", "geometry": {"type": "LineString", "coordinates": [[11.939356, 57.7077245], [11.9386195, 57.7072995]]}, "properties": {"osm_id": 179751347, "highway": "service", "name": ""}}, {"type": "Feature", "geometry": {"type": "LineString", "coordinates": [[11.9383401, 57.7074027], [11.9391652, 57.7078795]]}, "properties": {"osm_id": 179751348, "highway": "service", "name": ""}}, {"type": "Feature", "geometry": {"type": "LineString", "coordinates": [[11.93897, 57.7068438], [11.9391933, 57.7070516]]}, "properties": {"osm_id": 179752099, "highway": "footway", "name": ""}}, {"type": "Feature", "geometry": {"type": "LineString", "coordinates": [[11.9387184, 57.7064614], [11.9387606, 57.7065169]]}, "properties": {"osm_id": 179752100, "highway": "footway", "name": ""}}, {"type": "Feature", "geometry": {"type": "LineString", "coordinates": [[11.9405385, 57.7108662], [11.9409652, 57.7109582], [11.9413052, 57.7110288], [11.941522, 57.711085], [11.9416538, 57.7111322], [11.9420917, 57.7113786]]}, "properties": {"osm_id": 179958156, "highway": "unclassified", "name": "Cassiopejagatan"}}, {"type": "Feature", "geometry": {"type": "LineString", "coordinates": [[11.9381626, 57.7075614], [11.9389067, 57.7080067]]}, "properties": {"osm_id": 179977281, "highway": "service", "name": ""}}, {"type": "Feature", "geometry": {"type": "LineString", "coordinates": [[11.935472, 57.7074878], [11.9353686, 57.7075147], [11.9353124, 57.7075256], [11.9352888, 57.7075404], [11.935291, 57.7076073], [11.9352833, 57.7076942], [11.935282, 57.7077158], [11.9352834, 57.707722], [11.9352823, 57.7077595], [11.9352816, 57.7077967], [11.9352789, 57.7078767]]}, "properties": {"osm_id": 192502413, "highway": "path", "name": ""}}, {"type": "Feature", "geometry": {"type": "LineString", "coordinates": [[11.9336611, 57.7078661], [11.9337367, 57.7078656], [11.9338499, 57.707878], [11.9339406, 57.7078882], [11.9341217, 57.7078888], [11.9343417, 57.70789], [11.9344833, 57.7079029], [11.934622, 57.7080005], [11.9346588, 57.7080152], [11.9346914, 57.7080212], [11.9347297, 57.7080205], [11.9348429, 57.7080077], [11.9349602, 57.707995], [11.9350773, 57.7079809]]}, "properties": {"osm_id": 192507764, "highway": "path", "name": ""}}, {"type": "Feature", "geometry": {"type": "LineString", "coordinates": [[11.9355545, 57.7067252], [11.9354466, 57.7065938], [11.935399, 57.7065676], [11.9353762, 57.706564], [11.9353326, 57.7065705], [11.9351341, 57.7066203], [11.9350027, 57.7066482], [11.9349544, 57.706664], [11.9349369, 57.7066873], [11.9349282, 57.706731], [11.9349202, 57.7069621], [11.9349182, 57.7071118], [11.9349199, 57.7071713], [11.9349258, 57.7071967]]}, "properties": {"osm_id": 192508224, "highway": "footway", "name": ""}}, {"type": "Feature", "geometry": {"type": "LineString", "coordinates": [[11.943642, 57.7108952], [11.9438169, 57.7110044], [11.943828, 57.7110243], [11.9438318, 57.7110484], [11.9438424, 57.7110719], [11.9438691, 57.7110926], [11.9441179, 57.7112326], [11.9441482, 57.7112395], [11.9441916, 57.7112444], [11.9442456, 57.7112495], [11.944285, 57.711264], [11.9444955, 57.7113947], [11.9446655, 57.7114968]]}, "properties": {"osm_id": 192511148, "highway": "path", "name": ""}}, {"type": "Feature", "geometry": {"type": "LineString", "coordinates": [[11.9380009, 57.7076561], [11.9379406, 57.7077226], [11.9378367, 57.7077922], [11.9377294, 57.707851], [11.9376807, 57.7078786], [11.937572, 57.7079373], [11.9374659, 57.7079911], [11.9374308, 57.7080124], [11.9373343, 57.7080659]]}, "properties": {"osm_id": 193167729, "highway": "path", "name": ""}}, {"type": "Feature", "geometry": {"type": "LineString", "coordinates": [[11.936363, 57.7075526], [11.9363603, 57.7075346], [11.9363283, 57.7074962]]}, "properties": {"osm_id": 196940261, "highway": "path", "name": ""}}, {"type": "Feature", "geometry": {"type": "LineString", "coordinates": [[11.9409296, 57.7076414], [11.9411871, 57.7077006]]}, "properties": {"osm_id": 211382504, "highway": "footway", "name": ""}}, {"type": "Feature", "geometry": {"type": "LineString", "coordinates": [[11.9395686, 57.7075137], [11.9401926, 57.707658], [11.9402954, 57.7076806], [11.9404666, 57.707722], [11.940647, 57.7077685], [11.9407206, 57.7077875]]}, "properties": {"osm_id": 211382506, "highway": "footway", "name": ""}}, {"type": "Feature", "geometry": {"type": "LineString", "coordinates": [[11.9403819, 57.7091564], [11.9407145, 57.7093354], [11.9407357, 57.7093468], [11.9411374, 57.7095821], [11.9416378, 57.7098709], [11.9420291, 57.7100953], [11.9420673, 57.7101172]]}, "properties": {"osm_id": 211442630, "highway": "unclassified", "name": "Lindholmsall\u00e9n"}}, {"type": "Feature", "geometry": {"type": "LineString", "coordinates": [[11.9407206, 57.7077875], [11.9407827, 57.7078221]]}, "properties": {"osm_id": 216523662, "highway": "steps", "name": ""}}, {"type": "Feature", "geometry": {"type": "LineString", "coordinates": [[11.9322581, 57.7106789], [11.9322482, 57.7106294], [11.9322217, 57.7105939], [11.9322003, 57.7105703], [11.9321965, 57.7105444], [11.9322224, 57.710465], [11.9322595, 57.7104501], [11.9323206, 57.7104424], [11.9328061, 57.7104917], [11.9328521, 57.7105099], [11.9328645, 57.7105359], [11.9328592, 57.7105643], [11.9328196, 57.7106761]]}, "properties": {"osm_id": 216681830, "highway": "service", "name": ""}}, {"type": "Feature", "geometry": {"type": "LineString", "coordinates": [[11.9321555, 57.7103415], [11.9320532, 57.7106588], [11.9320163, 57.7107786], [11.9319781, 57.7108935], [11.9319659, 57.7109304], [11.9324268, 57.710982], [11.9325104, 57.7109648], [11.9325533, 57.7109293], [11.9325618, 57.7108915], [11.9325383, 57.7108617], [11.9324782, 57.7108365], [11.9320163, 57.7107786]]}, "properties": {"osm_id": 216681831, "highway": "service", "name": ""}}, {"type": "Feature", "geometry": {"type": "LineString", "coordinates": [[11.9328196, 57.7106761], [11.932802, 57.710729], [11.9322581, 57.7106789], [11.9320532, 57.7106588]]}, "properties": {"osm_id": 216681834, "highway": "service", "name": ""}}, {"type": "Feature", "geometry": {"type": "LineString", "coordinates": [[11.9309318, 57.7104752], [11.9308612, 57.710475], [11.9307437, 57.7104295]]}, "properties": {"osm_id": 216681835, "highway": "service", "name": ""}}, {"type": "Feature", "geometry": {"type": "LineString", "coordinates": [[11.9447907, 57.7102861], [11.9452615, 57.7100456], [11.9456667, 57.7098385], [11.9457922, 57.7097651], [11.9459012, 57.7096551], [11.9460281, 57.7095483], [11.9462251, 57.7093124]]}, "properties": {"osm_id": 239469417, "highway": "unclassified", "name": "Regnb\u00e5gsgatan"}}, {"type": "Feature", "geometry": {"type": "LineString", "coordinates": [[11.9436884, 57.710843], [11.9436455, 57.7108894], [11.943642, 57.7108952], [11.9436166, 57.7109219], [11.943593, 57.7109511], [11.9435791, 57.7109792]]}, "properties": {"osm_id": 239469419, "highway": "unclassified", "name": "Regnb\u00e5gsgatan"}}, {"type": "Feature", "geometry": {"type": "LineString", "coordinates": [[11.9398662, 57.7106596], [11.9398897, 57.7106388], [11.9404779, 57.7103416], [11.9408177, 57.7101736], [11.940915, 57.7101217]]}, "properties": {"osm_id": 246500718, "highway": "path", "name": ""}}, {"type": "Feature", "geometry": {"type": "LineString", "coordinates": [[11.9361862, 57.7073282], [11.9374273, 57.7069926], [11.9374972, 57.7070267], [11.9375535, 57.707089], [11.9375476, 57.7071303], [11.9362982, 57.7074575]]}, "properties": {"osm_id": 308650260, "highway": "service", "name": ""}}, {"type": "Feature", "geometry": {"type": "LineString", "coordinates": [[11.934613, 57.7071552], [11.9346145, 57.7069948], [11.9345859, 57.7068384], [11.9345945, 57.7066428]]}, "properties": {"osm_id": 308797158, "highway": "service", "name": ""}}, {"type": "Feature", "geometry": {"type": "LineString", "coordinates": [[11.9358966, 57.7039671], [11.9358073, 57.7038628], [11.9355217, 57.7038549], [11.9352377, 57.7038412], [11.9351351, 57.7038397], [11.9349825, 57.703878], [11.9348951, 57.7044766]]}, "properties": {"osm_id": 308797162, "highway": "service", "name": ""}}, {"type": "Feature", "geometry": {"type": "LineString", "coordinates": [[11.93581, 57.7050184], [11.9349479, 57.7052263], [11.9348561, 57.7052485], [11.934314, 57.7053906]]}, "properties": {"osm_id": 308797164, "highway": "unclassified", "name": "Utvecklingsgatan"}}, {"type": "Feature", "geometry": {"type": "LineString", "coordinates": [[11.93581, 57.7050184], [11.9354691, 57.7046346]]}, "properties": {"osm_id": 308797171, "highway": "service", "name": ""}}, {"type": "Feature", "geometry": {"type": "LineString", "coordinates": [[11.9328004, 57.7046668], [11.9320963, 57.7046299], [11.9321479, 57.7044861], [11.9321767, 57.7043015], [11.9322181, 57.704032], [11.9322389, 57.7039526], [11.9322539, 57.7039064], [11.9323338, 57.7037935], [11.9324295, 57.703722], [11.9325227, 57.7036605], [11.9325705, 57.7036191], [11.9326092, 57.7035482], [11.9326264, 57.7034995], [11.9326358, 57.7034508]]}, "properties": {"osm_id": 308901235, "highway": "service", "name": ""}}, {"type": "Feature", "geometry": {"type": "LineString", "coordinates": [[11.933682, 57.7054221], [11.9337906, 57.7054415], [11.9339509, 57.7053979]]}, "properties": {"osm_id": 308971064, "highway": "footway", "name": ""}}, {"type": "Feature", "geometry": {"type": "LineString", "coordinates": [[11.9309367, 57.7047512], [11.9307429, 57.7047614], [11.9307076, 57.7047646], [11.9306831, 57.7047703], [11.9306484, 57.7047778], [11.9306085, 57.7047842], [11.9302692, 57.704794]]}, "properties": {"osm_id": 309533368, "highway": "service", "name": ""}}, {"type": "Feature", "geometry": {"type": "LineString", "coordinates": [[11.937873, 57.7061969], [11.9386967, 57.7059694], [11.9388331, 57.705933]]}, "properties": {"osm_id": 333260109, "highway": "pedestrian", "name": "Uppfinnaregatan"}}, {"type": "Feature", "geometry": {"type": "LineString", "coordinates": [[11.9450025, 57.7073046], [11.9448804, 57.7074223]]}, "properties": {"osm_id": 370621761, "highway": "service", "name": ""}}, {"type": "Feature", "geometry": {"type": "LineString", "coordinates": [[11.9447335, 57.7075666], [11.9446261, 57.7076616]]}, "properties": {"osm_id": 370621762, "highway": "service", "name": ""}}, {"type": "Feature", "geometry": {"type": "LineString", "coordinates": [[11.944403, 57.7074629], [11.9447335, 57.7075666], [11.9450598, 57.7076689]]}, "properties": {"osm_id": 370621763, "highway": "service", "name": ""}}, {"type": "Feature", "geometry": {"type": "LineString", "coordinates": [[11.9449478, 57.7077725], [11.9450598, 57.7076689], [11.9452142, 57.7075258], [11.9448804, 57.7074223], [11.9445552, 57.7073206], [11.944403, 57.7074629], [11.9443407, 57.7075221]]}, "properties": {"osm_id": 370621764, "highway": "service", "name": ""}}, {"type": "Feature", "geometry": {"type": "LineString", "coordinates": [[11.9311057, 57.7103643], [11.9309994, 57.7103453], [11.930913, 57.7103503], [11.9307851, 57.7103236]]}, "properties": {"osm_id": 374366263, "highway": "path", "name": ""}}, {"type": "Feature", "geometry": {"type": "LineString", "coordinates": [[11.94277, 57.7086751], [11.942838, 57.7086872], [11.9429461, 57.7087212], [11.9430501, 57.7087547]]}, "properties": {"osm_id": 375142403, "highway": "footway", "name": ""}}, {"type": "Feature", "geometry": {"type": "LineString", "coordinates": [[11.9417476, 57.7098267], [11.9417847, 57.7098196], [11.9418512, 57.7097962], [11.9421277, 57.7094585], [11.9424444, 57.7090585], [11.9425002, 57.7089897], [11.9426556, 57.7088085], [11.94277, 57.7086751], [11.9429078, 57.7084971], [11.9431384, 57.7082372]]}, "properties": {"osm_id": 375142405, "highway": "footway", "name": ""}}, {"type": "Feature", "geometry": {"type": "LineString", "coordinates": [[11.9311834, 57.7097989], [11.9312268, 57.7098415], [11.9312737, 57.709859], [11.9313945, 57.7098982], [11.9314749, 57.709926], [11.9314568, 57.7099808], [11.9314709, 57.7100159], [11.9315046, 57.710068], [11.9315708, 57.7101184], [11.9315398, 57.7101772], [11.9314494, 57.7102219], [11.9314034, 57.7102574], [11.9313656, 57.7102599], [11.9312905, 57.7102566], [11.9312368, 57.7102635], [11.9311885, 57.7102774], [11.9311631, 57.7102907], [11.9311517, 57.7103039], [11.9311057, 57.7103643], [11.9309974, 57.7105497], [11.9309203, 57.7106711], [11.930913, 57.710765], [11.9309746, 57.7108785], [11.9310839, 57.7109612], [11.9312429, 57.7110254], [11.9313806, 57.7110604], [11.9316577, 57.7111065], [11.9317455, 57.7111202]]}, "properties": {"osm_id": 382047914, "highway": "path", "name": ""}}, {"type": "Feature", "geometry": {"type": "LineString", "coordinates": [[11.9320181, 57.7120325], [11.9329321, 57.7120656], [11.9330225, 57.7113518], [11.9330153, 57.7113329], [11.9329655, 57.7113183], [11.9317455, 57.7111202]]}, "properties": {"osm_id": 382047927, "highway": "path", "name": ""}}, {"type": "Feature", "geometry": {"type": "LineString", "coordinates": [[11.9330798, 57.7112353], [11.9330594, 57.7113273], [11.9330153, 57.7113329]]}, "properties": {"osm_id": 388889804, "highway": "steps", "name": ""}}, {"type": "Feature", "geometry": {"type": "LineString", "coordinates": [[11.9332979, 57.7105204], [11.9331244, 57.7104755], [11.9329789, 57.7104536], [11.9329534, 57.7105496], [11.9329291, 57.7106646]]}, "properties": {"osm_id": 388889809, "highway": "footway", "name": ""}}, {"type": "Feature", "geometry": {"type": "LineString", "coordinates": [[11.9352109, 57.7063555], [11.9351395, 57.7063045], [11.9343617, 57.7054434], [11.934314, 57.7053906]]}, "properties": {"osm_id": 392163907, "highway": "unclassified", "name": "Kunskapsgatan"}}, {"type": "Feature", "geometry": {"type": "LineString", "coordinates": [[11.9374885, 57.7068299], [11.9381294, 57.7066596], [11.9381603, 57.7066454], [11.9382415, 57.7066208], [11.9392832, 57.706352], [11.9394865, 57.7063289]]}, "properties": {"osm_id": 392163911, "highway": "pedestrian", "name": "Teknikgatan"}}, {"type": "Feature", "geometry": {"type": "LineString", "coordinates": [[11.9350879, 57.7078061], [11.9350411, 57.7078288], [11.9350094, 57.7078421], [11.9349811, 57.7078543], [11.934945, 57.7078664], [11.9349062, 57.707876], [11.9348655, 57.7078829], [11.9348235, 57.707887], [11.9347809, 57.7078881], [11.9347383, 57.7078864], [11.9346979, 57.707882], [11.9346419, 57.7078734], [11.9345937, 57.7078636], [11.9345132, 57.7078456], [11.934443, 57.707824]]}, "properties": {"osm_id": 392163913, "highway": "unclassified", "name": "Ceresgatan"}}, {"type": "Feature", "geometry": {"type": "LineString", "coordinates": [[11.9399172, 57.7055595], [11.9399882, 57.705575], [11.9401032, 57.7056009]]}, "properties": {"osm_id": 392163916, "highway": "path", "name": ""}}, {"type": "Feature", "geometry": {"type": "LineString", "coordinates": [[11.9386195, 57.7072995], [11.9384688, 57.7073387], [11.9383401, 57.7074027], [11.938286, 57.7074325], [11.9382302, 57.7074862], [11.9381626, 57.7075614]]}, "properties": {"osm_id": 392163918, "highway": "service", "name": "Lindholmsplatsen"}}, {"type": "Feature", "geometry": {"type": "LineString", "coordinates": [[11.9386801, 57.707157], [11.9387076, 57.7072054], [11.9386832, 57.7072589], [11.9386195, 57.7072995]]}, "properties": {"osm_id": 392163919, "highway": "service", "name": "Lindholmsplatsen"}}, {"type": "Feature", "geometry": {"type": "LineString", "coordinates": [[11.9482215, 57.7071688], [11.9496136, 57.7075728]]}, "properties": {"osm_id": 398239974, "highway": "service", "name": "Anders Carlssons Gata"}}, {"type": "Feature", "geometry": {"type": "LineString", "coordinates": [[11.9455139, 57.7060799], [11.9464641, 57.7063736]]}, "properties": {"osm_id": 398239975, "highway": "service", "name": "Theres Svenssons Gata"}}, {"type": "Feature", "geometry": {"type": "LineString", "coordinates": [[11.9495725, 57.7094732], [11.9504404, 57.709275]]}, "properties": {"osm_id": 398239976, "highway": "service", "name": "Valdemar Nor\u00e9ns Gata"}}, {"type": "Feature", "geometry": {"type": "LineString", "coordinates": [[11.9460419, 57.7084694], [11.9461575, 57.7083696]]}, "properties": {"osm_id": 398239982, "highway": "service", "name": ""}}, {"type": "Feature", "geometry": {"type": "LineString", "coordinates": [[11.9453384, 57.7083395], [11.9448036, 57.708179], [11.9449645, 57.708026], [11.9455013, 57.708187]]}, "properties": {"osm_id": 398239984, "highway": "service", "name": ""}}, {"type": "Feature", "geometry": {"type": "LineString", "coordinates": [[11.9457068, 57.7084698], [11.9460143, 57.7081695], [11.9460697, 57.7081183], [11.9461519, 57.7080849], [11.9462098, 57.7080333]]}, "properties": {"osm_id": 398239985, "highway": "service", "name": ""}}, {"type": "Feature", "geometry": {"type": "LineString", "coordinates": [[11.9452615, 57.7100456], [11.945453, 57.7101553], [11.945705, 57.7102978], [11.9457267, 57.7103101], [11.9457426, 57.7103192], [11.946032, 57.7104854], [11.946152, 57.7105543], [11.946327, 57.7106547]]}, "properties": {"osm_id": 401792024, "highway": "service", "name": ""}}, {"type": "Feature", "geometry": {"type": "LineString", "coordinates": [[11.9422507, 57.7080282], [11.9426941, 57.7074776], [11.9431854, 57.7068965], [11.943212, 57.7068625], [11.9433809, 57.7066466], [11.9441358, 57.7056797], [11.945243, 57.7060013], [11.9453882, 57.7060553]]}, "properties": {"osm_id": 421118203, "highway": "pedestrian", "name": ""}}, {"type": "Feature", "geometry": {"type": "LineString", "coordinates": [[11.9319132, 57.7047504], [11.9318072, 57.7047278], [11.9313634, 57.7046738], [11.9312411, 57.704663], [11.9312052, 57.7046598], [11.9309457, 57.704637]]}, "properties": {"osm_id": 421118205, "highway": "footway", "name": ""}}, {"type": "Feature", "geometry": {"type": "LineString", "coordinates": [[11.9320331, 57.7090218], [11.9319181, 57.7089885], [11.9318173, 57.708992], [11.9316942, 57.7090116], [11.9314704, 57.7090816], [11.9313093, 57.70912], [11.9311876, 57.7091375], [11.9311417, 57.7091305], [11.9308917, 57.7090606], [11.930766, 57.7090158], [11.9304662, 57.7088899], [11.9302953, 57.708791], [11.9302152, 57.7087168], [11.930183, 57.7086193], [11.9300489, 57.7084187], [11.9299041, 57.7083213], [11.9298075, 57.7082353], [11.9296518, 57.7082108], [11.929585, 57.708101], [11.9293458, 57.7081666], [11.9293358, 57.7081693]]}, "properties": {"osm_id": 438160964, "highway": "footway", "name": ""}}, {"type": "Feature", "geometry": {"type": "LineString", "coordinates": [[11.9311876, 57.7091375], [11.9311849, 57.709169], [11.9311679, 57.7092347]]}, "properties": {"osm_id": 438160965, "highway": "footway", "name": ""}}, {"type": "Feature", "geometry": {"type": "LineString", "coordinates": [[11.948313, 57.7081987], [11.9483838, 57.7082413], [11.9484225, 57.7082331]]}, "properties": {"osm_id": 478644994, "highway": "footway", "name": ""}}, {"type": "Feature", "geometry": {"type": "LineString", "coordinates": [[11.9488929, 57.7081149], [11.9488677, 57.7081285], [11.94862, 57.7081784], [11.9486282, 57.7081916], [11.9484894, 57.7082195]]}, "properties": {"osm_id": 478644995, "highway": "footway", "name": ""}}, {"type": "Feature", "geometry": {"type": "LineString", "coordinates": [[11.9433809, 57.7066466], [11.9433185, 57.7066294]]}, "properties": {"osm_id": 478644998, "highway": "path", "name": ""}}, {"type": "Feature", "geometry": {"type": "LineString", "coordinates": [[11.9424674, 57.7091557], [11.9425827, 57.7091825], [11.9426921, 57.7092013], [11.9427706, 57.7092196], [11.9429269, 57.7092521], [11.9435911, 57.7096078], [11.943851, 57.7097449], [11.9439806, 57.7098195], [11.9447907, 57.7102861]]}, "properties": {"osm_id": 480503990, "highway": "unclassified", "name": "G\u00f6taverksgatan"}}, {"type": "Feature", "geometry": {"type": "LineString", "coordinates": [[11.9412963, 57.7066887], [11.9405936, 57.7065278]]}, "properties": {"osm_id": 486227956, "highway": "pedestrian", "name": "Lindholmspiren"}}, {"type": "Feature", "geometry": {"type": "LineString", "coordinates": [[11.9386967, 57.7059694], [11.9381539, 57.7058705], [11.9378814, 57.7058191], [11.9376899, 57.7057886], [11.9374749, 57.7057642]]}, "properties": {"osm_id": 486227958, "highway": "footway", "name": ""}}, {"type": "Feature", "geometry": {"type": "LineString", "coordinates": [[11.943186, 57.7082484], [11.9431384, 57.7082372], [11.9422507, 57.7080282], [11.9421713, 57.7081239], [11.9421048, 57.7081187], [11.9417211, 57.7080106], [11.9414225, 57.7079265], [11.9413553, 57.7078344], [11.9412863, 57.7077599], [11.9411871, 57.7077006]]}, "properties": {"osm_id": 500254082, "highway": "living_street", "name": "Lindholmshamnen"}}, {"type": "Feature", "geometry": {"type": "LineString", "coordinates": [[11.9307405, 57.7077607], [11.9308098, 57.7076799], [11.930834, 57.707648]]}, "properties": {"osm_id": 518102697, "highway": "footway", "name": ""}}, {"type": "Feature", "geometry": {"type": "LineString", "coordinates": [[11.9328128, 57.7109179], [11.9328019, 57.7110398], [11.9328196, 57.7110782], [11.9328764, 57.7111058], [11.9329408, 57.7111275], [11.933024, 57.7111553], [11.9330684, 57.7111807], [11.9330831, 57.7112036], [11.9330798, 57.7112353]]}, "properties": {"osm_id": 540839549, "highway": "footway", "name": ""}}, {"type": "Feature", "geometry": {"type": "LineString", "coordinates": [[11.9380416, 57.7077766], [11.9385673, 57.7081214], [11.9386752, 57.7081833], [11.9387188, 57.7082104], [11.9388411, 57.7082739], [11.9388823, 57.7083165], [11.9388919, 57.7083243]]}, "properties": {"osm_id": 548077807, "highway": "unclassified", "name": "Lindholmsall\u00e9n"}}, {"type": "Feature", "geometry": {"type": "LineString", "coordinates": [[11.9373296, 57.7076256], [11.9375553, 57.7076237], [11.937674, 57.7076394], [11.9377642, 57.7076517], [11.937886, 57.7076985], [11.9379406, 57.7077226], [11.9380416, 57.7077766]]}, "properties": {"osm_id": 548077810, "highway": "unclassified", "name": "Lindholmsall\u00e9n"}}, {"type": "Feature", "geometry": {"type": "LineString", "coordinates": [[11.9360782, 57.7072071], [11.9358851, 57.7070033], [11.9356679, 57.7067681], [11.9356148, 57.7067089], [11.935486, 57.7065628], [11.935403, 57.7064998], [11.9352862, 57.7064123], [11.9352109, 57.7063555]]}, "properties": {"osm_id": 548078950, "highway": "unclassified", "name": "Kunskapsgatan"}}, {"type": "Feature", "geometry": {"type": "LineString", "coordinates": [[11.9402954, 57.7076806], [11.9401842, 57.7078193], [11.9403172, 57.7079008]]}, "properties": {"osm_id": 561942165, "highway": "cycleway", "name": ""}}, {"type": "Feature", "geometry": {"type": "LineString", "coordinates": [[11.9400875, 57.707792], [11.9401926, 57.707658]]}, "properties": {"osm_id": 561942166, "highway": "cycleway", "name": ""}}, {"type": "Feature", "geometry": {"type": "LineString", "coordinates": [[11.9390091, 57.7095787], [11.939907, 57.7097729], [11.9399956, 57.7097236], [11.9392151, 57.7092687]]}, "properties": {"osm_id": 598296728, "highway": "construction", "name": "Karlavagnstorget"}}, {"type": "Feature", "geometry": {"type": "LineString", "coordinates": [[11.9384319, 57.7089205], [11.9380229, 57.7091249], [11.9382809, 57.7092631], [11.9383448, 57.7092754], [11.9384456, 57.7092976], [11.9390882, 57.7094411]]}, "properties": {"osm_id": 598296729, "highway": "construction", "name": "Callistotorget"}}, {"type": "Feature", "geometry": {"type": "LineString", "coordinates": [[11.937938, 57.7098514], [11.9382012, 57.7094091], [11.9383448, 57.7092754]]}, "properties": {"osm_id": 598296730, "highway": "construction", "name": "Aurorastr\u00e5ket"}}, {"type": "Feature", "geometry": {"type": "LineString", "coordinates": [[11.9365888, 57.709907], [11.9367293, 57.7098315], [11.936804, 57.7097631], [11.9371068, 57.7093445], [11.9371645, 57.7092723]]}, "properties": {"osm_id": 598296731, "highway": "residential", "name": "Kuskens Gata"}}, {"type": "Feature", "geometry": {"type": "LineString", "coordinates": [[11.9375035, 57.7106207], [11.93751, 57.7105128], [11.9375142, 57.7104443], [11.9372488, 57.710282], [11.9370237, 57.710147], [11.9367253, 57.7099776], [11.9365888, 57.709907], [11.9365013, 57.7098555], [11.9361292, 57.7096348]]}, "properties": {"osm_id": 598296732, "highway": "residential", "name": "Liberagatan"}}, {"type": "Feature", "geometry": {"type": "LineString", "coordinates": [[11.9385907, 57.7102298], [11.9390091, 57.7095787], [11.9390882, 57.7094411], [11.9392151, 57.7092687]]}, "properties": {"osm_id": 598296733, "highway": "construction", "name": "Lodjursstr\u00e5ket"}}, {"type": "Feature", "geometry": {"type": "LineString", "coordinates": [[11.9401264, 57.7108407], [11.9401163, 57.7109021], [11.9400738, 57.7112891]]}, "properties": {"osm_id": 598296734, "highway": "construction", "name": "Cassiopejagatan"}}, {"type": "Feature", "geometry": {"type": "LineString", "coordinates": [[11.9406757, 57.7114795], [11.9411657, 57.7115166], [11.9415588, 57.7115517], [11.9416569, 57.7115617]]}, "properties": {"osm_id": 598296735, "highway": "unclassified", "name": "Andromedagatan"}}, {"type": "Feature", "geometry": {"type": "LineString", "coordinates": [[11.9402383, 57.711507], [11.9402084, 57.7115258], [11.9401577, 57.7115381], [11.9401012, 57.7115455], [11.9400376, 57.7115488], [11.9399745, 57.7115432], [11.9399164, 57.711529], [11.9398828, 57.7115168]]}, "properties": {"osm_id": 598296736, "highway": "unclassified", "name": "Andromedagatan"}}, {"type": "Feature", "geometry": {"type": "LineString", "coordinates": [[11.9398662, 57.7106596], [11.9400688, 57.7107011], [11.9401412, 57.7107168], [11.9403258, 57.7107569], [11.9404792, 57.7107956], [11.9407583, 57.7108515], [11.9414788, 57.7110012], [11.9416432, 57.7110386], [11.9417519, 57.7110809], [11.9418605, 57.711129], [11.9423643, 57.7114212]]}, "properties": {"osm_id": 603142755, "highway": "path", "name": ""}}, {"type": "Feature", "geometry": {"type": "LineString", "coordinates": [[11.9455399, 57.7101113], [11.9458342, 57.7099561]]}, "properties": {"osm_id": 620371822, "highway": "service", "name": ""}}, {"type": "Feature", "geometry": {"type": "LineString", "coordinates": [[11.9461575, 57.7083696], [11.9462817, 57.7082412]]}, "properties": {"osm_id": 620372996, "highway": "service", "name": ""}}, {"type": "Feature", "geometry": {"type": "LineString", "coordinates": [[11.932946, 57.704616], [11.9329435, 57.7045866], [11.9329451, 57.704537], [11.9329599, 57.7044323], [11.9329861, 57.7042275], [11.9330194, 57.7040295], [11.9330444, 57.7038161], [11.9330412, 57.7037749], [11.9330314, 57.7037407], [11.9330177, 57.703713], [11.933003, 57.7036885], [11.9329681, 57.7036538], [11.9329228, 57.7036247], [11.9328647, 57.7035994], [11.9327522, 57.7035703], [11.9326092, 57.7035482]]}, "properties": {"osm_id": 700648521, "highway": "footway", "name": ""}}, {"type": "Feature", "geometry": {"type": "LineString", "coordinates": [[11.9429373, 57.7114315], [11.9430461, 57.7114935], [11.9440765, 57.7120912], [11.9441265, 57.7121186], [11.9439137, 57.7122204]]}, "properties": {"osm_id": 762649889, "highway": "service", "name": ""}}, {"type": "Feature", "geometry": {"type": "LineString", "coordinates": [[11.9342503, 57.7053087], [11.9341214, 57.7052233], [11.9340232, 57.7051812], [11.9339336, 57.7051174], [11.9334687, 57.704841], [11.9332755, 57.7047205], [11.9332324, 57.7046947], [11.9332002, 57.7046622], [11.9331949, 57.704645], [11.9331896, 57.704628], [11.9332011, 57.7045758], [11.933306, 57.7039436], [11.9334506, 57.7030448]]}, "properties": {"osm_id": 800760851, "highway": "unclassified", "name": "Kunskapsgatan"}}, {"type": "Feature", "geometry": {"type": "LineString", "coordinates": [[11.9325073, 57.7073532], [11.9322768, 57.707307], [11.9322331, 57.7072733], [11.9320298, 57.7072237]]}, "properties": {"osm_id": 818326004, "highway": "footway", "name": ""}}, {"type": "Feature", "geometry": {"type": "LineString", "coordinates": [[11.9439806, 57.7098195], [11.9446346, 57.7095164], [11.9446641, 57.7094942], [11.9446729, 57.7094688], [11.9446541, 57.709438], [11.9446159, 57.7094215], [11.9445542, 57.7094172], [11.9444871, 57.7094347], [11.943851, 57.7097449]]}, "properties": {"osm_id": 861157033, "highway": "service", "name": "G\u00f6taverksgatan"}}, {"type": "Feature", "geometry": {"type": "LineString", "coordinates": [[11.9430501, 57.7087547], [11.9431338, 57.7087813], [11.9439682, 57.7090462], [11.9442466, 57.7091346]]}, "properties": {"osm_id": 861157034, "highway": "path", "name": ""}}, {"type": "Feature", "geometry": {"type": "LineString", "coordinates": [[11.945453, 57.7101553], [11.9455399, 57.7101113]]}, "properties": {"osm_id": 863381094, "highway": "service", "name": ""}}, {"type": "Feature", "geometry": {"type": "LineString", "coordinates": [[11.945916, 57.7102072], [11.9458731, 57.7102311]]}, "properties": {"osm_id": 863381095, "highway": "steps", "name": ""}}, {"type": "Feature", "geometry": {"type": "LineString", "coordinates": [[11.9458731, 57.7102311], [11.9457833, 57.7102774]]}, "properties": {"osm_id": 863381096, "highway": "footway", "name": ""}}, {"type": "Feature", "geometry": {"type": "LineString", "coordinates": [[11.9456667, 57.7098385], [11.9460031, 57.7100305], [11.94601, 57.7100764]]}, "properties": {"osm_id": 863381097, "highway": "footway", "name": ""}}, {"type": "Feature", "geometry": {"type": "LineString", "coordinates": [[11.9460143, 57.7081695], [11.9462817, 57.7082412], [11.9464665, 57.7082908], [11.9466144, 57.7081576]]}, "properties": {"osm_id": 863390405, "highway": "service", "name": ""}}, {"type": "Feature", "geometry": {"type": "LineString", "coordinates": [[11.9459109, 57.7080807], [11.9456758, 57.7080144]]}, "properties": {"osm_id": 863390406, "highway": "service", "name": ""}}, {"type": "Feature", "geometry": {"type": "LineString", "coordinates": [[11.9455372, 57.7081536], [11.9457363, 57.7082099]]}, "properties": {"osm_id": 863390407, "highway": "service", "name": ""}}, {"type": "Feature", "geometry": {"type": "LineString", "coordinates": [[11.9454012, 57.7082807], [11.945598, 57.7083379]]}, "properties": {"osm_id": 863390408, "highway": "service", "name": ""}}, {"type": "Feature", "geometry": {"type": "LineString", "coordinates": [[11.9458071, 57.7078908], [11.9460232, 57.7079553]]}, "properties": {"osm_id": 863390409, "highway": "service", "name": ""}}, {"type": "Feature", "geometry": {"type": "LineString", "coordinates": [[11.9459445, 57.7077613], [11.9461565, 57.7078231]]}, "properties": {"osm_id": 863390410, "highway": "service", "name": ""}}, {"type": "Feature", "geometry": {"type": "LineString", "coordinates": [[11.9460817, 57.7076321], [11.9463043, 57.7076974]]}, "properties": {"osm_id": 863390411, "highway": "service", "name": ""}}, {"type": "Feature", "geometry": {"type": "LineString", "coordinates": [[11.9462218, 57.7075001], [11.9464468, 57.7075685]]}, "properties": {"osm_id": 863390412, "highway": "service", "name": ""}}, {"type": "Feature", "geometry": {"type": "LineString", "coordinates": [[11.9463664, 57.707364], [11.9465927, 57.7074335]]}, "properties": {"osm_id": 863390413, "highway": "service", "name": ""}}, {"type": "Feature", "geometry": {"type": "LineString", "coordinates": [[11.9468056, 57.7069518], [11.9463723, 57.7073353]]}, "properties": {"osm_id": 863394456, "highway": "service", "name": ""}}, {"type": "Feature", "geometry": {"type": "LineString", "coordinates": [[11.9468056, 57.7069518], [11.946874, 57.70694], [11.9469195, 57.706901], [11.9470748, 57.7067679], [11.9472447, 57.7066223]]}, "properties": {"osm_id": 863394457, "highway": "service", "name": ""}}, {"type": "Feature", "geometry": {"type": "LineString", "coordinates": [[11.9469195, 57.706901], [11.9471162, 57.7069591]]}, "properties": {"osm_id": 863394458, "highway": "service", "name": ""}}, {"type": "Feature", "geometry": {"type": "LineString", "coordinates": [[11.9470748, 57.7067679], [11.947289, 57.7068328]]}, "properties": {"osm_id": 863394459, "highway": "service", "name": ""}}, {"type": "Feature", "geometry": {"type": "LineString", "coordinates": [[11.9482025, 57.7071865], [11.9473315, 57.7069167], [11.947289, 57.7068328]]}, "properties": {"osm_id": 863394460, "highway": "service", "name": ""}}, {"type": "Feature", "geometry": {"type": "LineString", "coordinates": [[11.947289, 57.7068328], [11.9473824, 57.7068257], [11.9482917, 57.7071035]]}, "properties": {"osm_id": 863394461, "highway": "service", "name": ""}}, {"type": "Feature", "geometry": {"type": "LineString", "coordinates": [[11.9453697, 57.7062315], [11.9454838, 57.7062658], [11.9457393, 57.7063425], [11.9461021, 57.7064514]]}, "properties": {"osm_id": 863394463, "highway": "service", "name": ""}}, {"type": "Feature", "geometry": {"type": "LineString", "coordinates": [[11.9455215, 57.7065387], [11.9457393, 57.7063425]]}, "properties": {"osm_id": 863394464, "highway": "service", "name": ""}}, {"type": "Feature", "geometry": {"type": "LineString", "coordinates": [[11.9452803, 57.7064648], [11.9454838, 57.7062658]]}, "properties": {"osm_id": 863394465, "highway": "service", "name": ""}}, {"type": "Feature", "geometry": {"type": "LineString", "coordinates": [[11.9436884, 57.710843], [11.9441593, 57.7106068]]}, "properties": {"osm_id": 900397607, "highway": "unclassified", "name": "Regnb\u00e5gsgatan"}}, {"type": "Feature", "geometry": {"type": "LineString", "coordinates": [[11.9441593, 57.7106068], [11.9447907, 57.7102861]]}, "properties": {"osm_id": 900397608, "highway": "unclassified", "name": "Regnb\u00e5gsgatan"}}, {"type": "Feature", "geometry": {"type": "LineString", "coordinates": [[11.9447907, 57.7102861], [11.9456828, 57.7107911], [11.9458611, 57.7108921]]}, "properties": {"osm_id": 900397609, "highway": "unclassified", "name": "G\u00f6taverksgatan"}}, {"type": "Feature", "geometry": {"type": "LineString", "coordinates": [[11.9420673, 57.7101172], [11.9423747, 57.7102908], [11.942677, 57.7104616], [11.9433277, 57.7108292], [11.9434088, 57.7108749], [11.9434809, 57.7109157]]}, "properties": {"osm_id": 900397610, "highway": "unclassified", "name": "Lindholmsall\u00e9n"}}, {"type": "Feature", "geometry": {"type": "LineString", "coordinates": [[11.9434809, 57.7109157], [11.9435522, 57.7109626]]}, "properties": {"osm_id": 900397612, "highway": "unclassified", "name": "Lindholmsall\u00e9n"}}, {"type": "Feature", "geometry": {"type": "LineString", "coordinates": [[11.9468149, 57.7084727], [11.9471207, 57.7084509], [11.9474354, 57.7083838], [11.948313, 57.7081987], [11.9481012, 57.7079077], [11.9475912, 57.707756]]}, "properties": {"osm_id": 900397613, "highway": "unclassified", "name": "Anders Carlssons Gata"}}, {"type": "Feature", "geometry": {"type": "LineString", "coordinates": [[11.9416378, 57.7098709], [11.9417433, 57.7098747], [11.9418216, 57.7098677], [11.9418565, 57.7098612], [11.9418973, 57.7098483], [11.9419366, 57.7098252], [11.9419652, 57.7097955], [11.9424674, 57.7091557]]}, "properties": {"osm_id": 900397615, "highway": "unclassified", "name": "G\u00f6taverksgatan"}}, {"type": "Feature", "geometry": {"type": "LineString", "coordinates": [[11.9413553, 57.7078344], [11.940822, 57.7083757], [11.9406386, 57.7087557], [11.9403183, 57.7089705], [11.9402814, 57.7089907]]}, "properties": {"osm_id": 938088354, "highway": "living_street", "name": ""}}, {"type": "Feature", "geometry": {"type": "LineString", "coordinates": [[11.940051, 57.7082201], [11.9402502, 57.708264], [11.940822, 57.7083757], [11.9414127, 57.708459], [11.9414957, 57.7084707], [11.9419305, 57.708532], [11.9419629, 57.7084552], [11.9421048, 57.7081187]]}, "properties": {"osm_id": 938088355, "highway": "living_street", "name": "Lindholmshamnen"}}, {"type": "Feature", "geometry": {"type": "LineString", "coordinates": [[11.932294, 57.7091106], [11.9322, 57.7090792], [11.9320331, 57.7090218], [11.9322109, 57.7088708], [11.9322902, 57.708877], [11.9324053, 57.7089193], [11.9324896, 57.708948]]}, "properties": {"osm_id": 952462684, "highway": "service", "name": ""}}, {"type": "Feature", "geometry": {"type": "LineString", "coordinates": [[11.9438564, 57.7081627], [11.9437421, 57.7083082], [11.943727, 57.7083673]]}, "properties": {"osm_id": 952488540, "highway": "service", "name": ""}}, {"type": "Feature", "geometry": {"type": "LineString", "coordinates": [[11.9341256, 57.7072353], [11.9340868, 57.7072094]]}, "properties": {"osm_id": 952559059, "highway": "footway", "name": ""}}, {"type": "Feature", "geometry": {"type": "LineString", "coordinates": [[11.9343451, 57.7073479], [11.9342982, 57.7073174]]}, "properties": {"osm_id": 952559060, "highway": "footway", "name": ""}}, {"type": "Feature", "geometry": {"type": "LineString", "coordinates": [[11.9419305, 57.708532], [11.9418921, 57.7086322], [11.9418555, 57.7087279], [11.9418138, 57.7088367]]}, "properties": {"osm_id": 970693244, "highway": "living_street", "name": "Lindholmshamnen"}}, {"type": "Feature", "geometry": {"type": "LineString", "coordinates": [[11.9418138, 57.7088367], [11.9425002, 57.7089897], [11.9425846, 57.7090075]]}, "properties": {"osm_id": 970693245, "highway": "living_street", "name": "Lindholmshamnen"}}, {"type": "Feature", "geometry": {"type": "LineString", "coordinates": [[11.9309251, 57.7049661], [11.9311086, 57.7049002], [11.9311902, 57.7048751], [11.9312684, 57.704869], [11.9313847, 57.7048679], [11.9314241, 57.704861], [11.9314846, 57.7048472], [11.9315682, 57.7048497], [11.9316376, 57.7048497], [11.9316668, 57.7048584], [11.931879, 57.7051058]]}, "properties": {"osm_id": 982177094, "highway": "footway", "name": ""}}, {"type": "Feature", "geometry": {"type": "LineString", "coordinates": [[11.9315705, 57.7055624], [11.9314258, 57.7053927], [11.9314143, 57.7053792], [11.9313806, 57.7053398], [11.9316199, 57.7052791], [11.9316541, 57.7053181], [11.9318165, 57.705498]]}, "properties": {"osm_id": 982177095, "highway": "footway", "name": ""}}, {"type": "Feature", "geometry": {"type": "LineString", "coordinates": [[11.9314143, 57.7053792], [11.9316541, 57.7053181]]}, "properties": {"osm_id": 982177096, "highway": "footway", "name": ""}}, {"type": "Feature", "geometry": {"type": "LineString", "coordinates": [[11.9314258, 57.7053927], [11.9313071, 57.7054237], [11.9312439, 57.7053503]]}, "properties": {"osm_id": 982177097, "highway": "footway", "name": ""}}, {"type": "Feature", "geometry": {"type": "LineString", "coordinates": [[11.9313806, 57.7053398], [11.9313534, 57.7053332], [11.9312997, 57.705327], [11.9312507, 57.7053263]]}, "properties": {"osm_id": 982177098, "highway": "footway", "name": ""}}, {"type": "Feature", "geometry": {"type": "LineString", "coordinates": [[11.9312507, 57.7053263], [11.9312494, 57.705335], [11.9312439, 57.7053503], [11.9312228, 57.7053663], [11.9311895, 57.7053783], [11.9311433, 57.7053837], [11.931095, 57.7053815], [11.9310793, 57.7053759], [11.9310603, 57.7053692], [11.9310406, 57.7053539], [11.9310291, 57.7053354], [11.9310243, 57.7053143], [11.9310331, 57.7052936], [11.931059, 57.7052744], [11.9310991, 57.7052591], [11.9311569, 57.7052584], [11.9311977, 57.7052653], [11.9312228, 57.7052795], [11.9312426, 57.7052998], [11.9312507, 57.7053263]]}, "properties": {"osm_id": 982177099, "highway": "footway", "name": ""}}, {"type": "Feature", "geometry": {"type": "LineString", "coordinates": [[11.9312317, 57.7051076], [11.9312132, 57.7051935], [11.9311977, 57.7052653]]}, "properties": {"osm_id": 982177100, "highway": "footway", "name": ""}}, {"type": "Feature", "geometry": {"type": "LineString", "coordinates": [[11.9308449, 57.7051683], [11.9312132, 57.7051935]]}, "properties": {"osm_id": 982177101, "highway": "footway", "name": ""}}, {"type": "Feature", "geometry": {"type": "LineString", "coordinates": [[11.9310793, 57.7053759], [11.9310325, 57.705452], [11.9310998, 57.7054611], [11.9313071, 57.7054237]]}, "properties": {"osm_id": 982177104, "highway": "footway", "name": ""}}, {"type": "Feature", "geometry": {"type": "LineString", "coordinates": [[11.9398471, 57.7081577], [11.940051, 57.7082201]]}, "properties": {"osm_id": 997997496, "highway": "service", "name": ""}}, {"type": "Feature", "geometry": {"type": "LineString", "coordinates": [[11.937878, 57.7072999], [11.9379151, 57.7072867], [11.9380023, 57.7070683]]}, "properties": {"osm_id": 1005012542, "highway": "footway", "name": ""}}, {"type": "Feature", "geometry": {"type": "LineString", "coordinates": [[11.9380023, 57.7070683], [11.9380621, 57.7070605], [11.938115, 57.7070436], [11.9381562, 57.7070192], [11.938182, 57.7069893], [11.9381901, 57.7069603], [11.9381836, 57.7069312], [11.938163, 57.706904], [11.9381297, 57.7068807], [11.938086, 57.7068629], [11.9380334, 57.7068517], [11.9379769, 57.7068485], [11.9379211, 57.7068537], [11.93787, 57.7068669], [11.9378275, 57.706887], [11.9377969, 57.7069125], [11.9377809, 57.7069399], [11.9377788, 57.7069686], [11.9377906, 57.7069966], [11.9378155, 57.707022], [11.9378519, 57.7070431], [11.9378973, 57.7070585], [11.9379486, 57.7070671], [11.9380023, 57.7070683]]}, "properties": {"osm_id": 1005012543, "highway": "footway", "name": ""}}, {"type": "Feature", "geometry": {"type": "LineString", "coordinates": [[11.938182, 57.7069893], [11.9384561, 57.7070439], [11.9384842, 57.7070472], [11.938588, 57.7070343]]}, "properties": {"osm_id": 1005012544, "highway": "footway", "name": ""}}, {"type": "Feature", "geometry": {"type": "LineString", "coordinates": [[11.9377969, 57.7069125], [11.9376285, 57.7068772], [11.9375029, 57.706846]]}, "properties": {"osm_id": 1005012545, "highway": "footway", "name": ""}}, {"type": "Feature", "geometry": {"type": "LineString", "coordinates": [[11.938086, 57.7068629], [11.9381224, 57.706779], [11.9381542, 57.7067038], [11.9381294, 57.7066596]]}, "properties": {"osm_id": 1005012546, "highway": "footway", "name": ""}}, {"type": "Feature", "geometry": {"type": "LineString", "coordinates": [[11.9313389, 57.7070861], [11.9312375, 57.7070788], [11.931153, 57.7070692], [11.9311249, 57.7070548], [11.9311, 57.7070298], [11.931096, 57.7069939], [11.9311135, 57.7069201], [11.9311537, 57.7068567], [11.9312194, 57.7067693], [11.9312385, 57.7067486]]}, "properties": {"osm_id": 1010692473, "highway": "footway", "name": ""}}, {"type": "Feature", "geometry": {"type": "LineString", "coordinates": [[11.9315, 57.7068308], [11.9315493, 57.7067725], [11.9316112, 57.7067065]]}, "properties": {"osm_id": 1010692474, "highway": "footway", "name": ""}}, {"type": "Feature", "geometry": {"type": "LineString", "coordinates": [[11.9312385, 57.7067486], [11.9313119, 57.706669], [11.9313435, 57.7066375], [11.9313575, 57.7066325], [11.931385, 57.7066296], [11.9314628, 57.7066518], [11.9316112, 57.7067065]]}, "properties": {"osm_id": 1010692475, "highway": "footway", "name": ""}}, {"type": "Feature", "geometry": {"type": "LineString", "coordinates": [[11.9314628, 57.7068746], [11.9313984, 57.7068879], [11.9312865, 57.706937], [11.9311584, 57.7070341], [11.9311249, 57.7070548]]}, "properties": {"osm_id": 1010692477, "highway": "footway", "name": ""}}, {"type": "Feature", "geometry": {"type": "LineString", "coordinates": [[11.931326, 57.7071104], [11.9313389, 57.7070861], [11.9313515, 57.7070645], [11.9314212, 57.7069578], [11.9314628, 57.7068746], [11.9315, 57.7068308]]}, "properties": {"osm_id": 1010692478, "highway": "footway", "name": ""}}, {"type": "Feature", "geometry": {"type": "LineString", "coordinates": [[11.9352376, 57.7082734], [11.9352187, 57.7082625]]}, "properties": {"osm_id": 1023913598, "highway": "unclassified", "name": "Karlavagnsgatan"}}, {"type": "Feature", "geometry": {"type": "LineString", "coordinates": [[11.9365423, 57.7089208], [11.9364469, 57.7089659], [11.9362931, 57.7088768], [11.9358745, 57.7086409], [11.9352376, 57.7082734]]}, "properties": {"osm_id": 1023913599, "highway": "unclassified", "name": "Karlavagnsgatan"}}, {"type": "Feature", "geometry": {"type": "LineString", "coordinates": [[11.9353213, 57.7082319], [11.9363883, 57.7088313], [11.9365423, 57.7089208]]}, "properties": {"osm_id": 1023913600, "highway": "unclassified", "name": "Karlavagnsgatan"}}, {"type": "Feature", "geometry": {"type": "LineString", "coordinates": [[11.9352736, 57.7082056], [11.9353055, 57.708223]]}, "properties": {"osm_id": 1023913601, "highway": "unclassified", "name": "Karlavagnsgatan"}}, {"type": "Feature", "geometry": {"type": "LineString", "coordinates": [[11.9366093, 57.7076151], [11.9371095, 57.7076173], [11.9373296, 57.7076256]]}, "properties": {"osm_id": 1023913603, "highway": "unclassified", "name": "Lindholmsall\u00e9n"}}, {"type": "Feature", "geometry": {"type": "LineString", "coordinates": [[11.9356056, 57.7076075], [11.9356856, 57.7076083]]}, "properties": {"osm_id": 1023913604, "highway": "unclassified", "name": "Lindholmsall\u00e9n"}}, {"type": "Feature", "geometry": {"type": "LineString", "coordinates": [[11.9355398, 57.7077986], [11.9353019, 57.7077956], [11.9352816, 57.7077967], [11.9351516, 57.7077967], [11.9350879, 57.7078061]]}, "properties": {"osm_id": 1023913607, "highway": "unclassified", "name": "Lindholmsall\u00e9n"}}, {"type": "Feature", "geometry": {"type": "LineString", "coordinates": [[11.9356678, 57.7078003], [11.9355782, 57.7077985]]}, "properties": {"osm_id": 1023913608, "highway": "unclassified", "name": "Lindholmsall\u00e9n"}}, {"type": "Feature", "geometry": {"type": "LineString", "coordinates": [[11.9366842, 57.7060801], [11.9368126, 57.7060439]]}, "properties": {"osm_id": 1056319457, "highway": "corridor", "name": ""}}, {"type": "Feature", "geometry": {"type": "LineString", "coordinates": [[11.9402502, 57.708264], [11.940647, 57.7077685], [11.940683, 57.707719], [11.9406342, 57.7076703], [11.9405298, 57.7076442]]}, "properties": {"osm_id": 1056952220, "highway": "service", "name": ""}}, {"type": "Feature", "geometry": {"type": "LineString", "coordinates": [[11.9452071, 57.7060449], [11.9452594, 57.706056], [11.9452366, 57.7060826], [11.9451502, 57.7061882], [11.9446653, 57.7067998], [11.9445111, 57.7069911], [11.9444091, 57.7071188], [11.9440474, 57.7075647], [11.9437346, 57.7079576], [11.9435764, 57.708151], [11.9435745, 57.7081689], [11.9435772, 57.708188], [11.9435772, 57.7082112], [11.9435666, 57.708238], [11.9435428, 57.7082676], [11.9435032, 57.7083189], [11.9434835, 57.7083445], [11.9434372, 57.7084038], [11.9431338, 57.7087813], [11.9428244, 57.7091736], [11.9427706, 57.7092196], [11.9426848, 57.7092984], [11.9420925, 57.7100211]]}, "properties": {"osm_id": 1056952221, "highway": "path", "name": ""}}, {"type": "Feature", "geometry": {"type": "LineString", "coordinates": [[11.9433809, 57.7066466], [11.9435965, 57.7067913], [11.9437486, 57.7068933], [11.9437951, 57.7069245], [11.94391, 57.7070016], [11.9440644, 57.7071052]]}, "properties": {"osm_id": 1056952222, "highway": "footway", "name": ""}}, {"type": "Feature", "geometry": {"type": "LineString", "coordinates": [[11.9439401, 57.7064776], [11.9439669, 57.7064399]]}, "properties": {"osm_id": 1056952223, "highway": "service", "name": ""}}, {"type": "Feature", "geometry": {"type": "LineString", "coordinates": [[11.944503, 57.7066142], [11.9444543, 57.7066024], [11.9439401, 57.7064776], [11.9439118, 57.7065171]]}, "properties": {"osm_id": 1056952224, "highway": "service", "name": ""}}, {"type": "Feature", "geometry": {"type": "LineString", "coordinates": [[11.9443059, 57.7068635], [11.9442544, 57.7068518], [11.9434707, 57.7066729], [11.9433809, 57.7066466]]}, "properties": {"osm_id": 1056952226, "highway": "service", "name": ""}}, {"type": "Feature", "geometry": {"type": "LineString", "coordinates": [[11.9436729, 57.7076474], [11.9436283, 57.7076373], [11.9431954, 57.7075421]]}, "properties": {"osm_id": 1056952228, "highway": "service", "name": ""}}, {"type": "Feature", "geometry": {"type": "LineString", "coordinates": [[11.9362072, 57.70424], [11.9357297, 57.7043496], [11.9354691, 57.7046346]]}, "properties": {"osm_id": 1056991959, "highway": "pedestrian", "name": "Diagonalen"}}, {"type": "Feature", "geometry": {"type": "LineString", "coordinates": [[11.9349825, 57.703878], [11.9348945, 57.7039006], [11.9347056, 57.7039491], [11.9346397, 57.7043333], [11.9343419, 57.7044399]]}, "properties": {"osm_id": 1056991961, "highway": "service", "name": ""}}, {"type": "Feature", "geometry": {"type": "LineString", "coordinates": [[11.938217, 57.7065905], [11.9382415, 57.7066208], [11.9385732, 57.7070163], [11.938588, 57.7070343], [11.9386801, 57.707157]]}, "properties": {"osm_id": 1056991962, "highway": "pedestrian", "name": "Lindholmsplatsen"}}, {"type": "Feature", "geometry": {"type": "LineString", "coordinates": [[11.9366127, 57.7048102], [11.9372278, 57.7054908], [11.9374749, 57.7057642]]}, "properties": {"osm_id": 1056991963, "highway": "pedestrian", "name": "H\u00f6rselg\u00e5ngen"}}, {"type": "Feature", "geometry": {"type": "LineString", "coordinates": [[11.936679, 57.7059726], [11.9364282, 57.7056973], [11.93581, 57.7050184]]}, "properties": {"osm_id": 1056991964, "highway": "service", "name": "Forskningsg\u00e5ngen"}}, {"type": "Feature", "geometry": {"type": "LineString", "coordinates": [[11.94196, 57.7048226], [11.9426684, 57.7049811]]}, "properties": {"osm_id": 1056991967, "highway": "pedestrian", "name": "Lindholmspiren"}}, {"type": "Feature", "geometry": {"type": "LineString", "coordinates": [[11.941818, 57.7047936], [11.94196, 57.7048226]]}, "properties": {"osm_id": 1056991968, "highway": "pedestrian", "name": "Lindholmspiren"}}, {"type": "Feature", "geometry": {"type": "LineString", "coordinates": [[11.9402509, 57.7064996], [11.9403773, 57.7065266]]}, "properties": {"osm_id": 1056991969, "highway": "pedestrian", "name": "Lindholmspiren"}}, {"type": "Feature", "geometry": {"type": "LineString", "coordinates": [[11.941878, 57.7059671], [11.9413681, 57.7058463]]}, "properties": {"osm_id": 1056991970, "highway": "service", "name": ""}}, {"type": "Feature", "geometry": {"type": "LineString", "coordinates": [[11.9411779, 57.7060838], [11.9412836, 57.7059592], [11.94179, 57.7060757]]}, "properties": {"osm_id": 1056991971, "highway": "service", "name": ""}}, {"type": "Feature", "geometry": {"type": "LineString", "coordinates": [[11.9411113, 57.706069], [11.9408094, 57.7059932], [11.9406654, 57.7059211], [11.9405859, 57.705879]]}, "properties": {"osm_id": 1056991972, "highway": "path", "name": "Lindholmspiren"}}, {"type": "Feature", "geometry": {"type": "LineString", "coordinates": [[11.9394865, 57.7063289], [11.9402509, 57.7064996]]}, "properties": {"osm_id": 1056991973, "highway": "pedestrian", "name": "Lindholmspiren"}}, {"type": "Feature", "geometry": {"type": "LineString", "coordinates": [[11.9405936, 57.7065278], [11.9404103, 57.7064858]]}, "properties": {"osm_id": 1056991974, "highway": "pedestrian", "name": "Lindholmspiren"}}, {"type": "Feature", "geometry": {"type": "LineString", "coordinates": [[11.9442466, 57.7091346], [11.9451092, 57.7094027]]}, "properties": {"osm_id": 1057996487, "highway": "footway", "name": ""}}, {"type": "Feature", "geometry": {"type": "LineString", "coordinates": [[11.9459012, 57.7096551], [11.9451092, 57.7094027]]}, "properties": {"osm_id": 1057996488, "highway": "service", "name": ""}}, {"type": "Feature", "geometry": {"type": "LineString", "coordinates": [[11.9467129, 57.7088498], [11.945526, 57.7084755]]}, "properties": {"osm_id": 1057996489, "highway": "service", "name": ""}}, {"type": "Feature", "geometry": {"type": "LineString", "coordinates": [[11.9442466, 57.7091346], [11.9435911, 57.7096078]]}, "properties": {"osm_id": 1057996490, "highway": "service", "name": ""}}, {"type": "Feature", "geometry": {"type": "LineString", "coordinates": [[11.950424, 57.7079404], [11.9502684, 57.7076782], [11.9496136, 57.7075728]]}, "properties": {"osm_id": 1058000353, "highway": "service", "name": ""}}, {"type": "Feature", "geometry": {"type": "LineString", "coordinates": [[11.9508505, 57.7086067], [11.9508934, 57.7086554], [11.9512542, 57.7086253], [11.9526462, 57.7083509]]}, "properties": {"osm_id": 1058000354, "highway": "service", "name": ""}}, {"type": "Feature", "geometry": {"type": "LineString", "coordinates": [[11.9500955, 57.7087565], [11.9508505, 57.7086067], [11.950424, 57.7079404]]}, "properties": {"osm_id": 1058000355, "highway": "service", "name": ""}}, {"type": "Feature", "geometry": {"type": "LineString", "coordinates": [[11.9427135, 57.71113], [11.9426459, 57.7110906], [11.942277, 57.7108827], [11.9422659, 57.7108502], [11.9420987, 57.7107526], [11.9419859, 57.7107274]]}, "properties": {"osm_id": 1072036221, "highway": "path", "name": ""}}, {"type": "Feature", "geometry": {"type": "LineString", "coordinates": [[11.9394865, 57.7063289], [11.9399742, 57.7057482]]}, "properties": {"osm_id": 1079669786, "highway": "path", "name": "Lindholmspiren"}}, {"type": "Feature", "geometry": {"type": "LineString", "coordinates": [[11.9454766, 57.7079723], [11.9454827, 57.7079837], [11.9456108, 57.7080796]]}, "properties": {"osm_id": 1085664723, "highway": "footway", "name": ""}}, {"type": "Feature", "geometry": {"type": "LineString", "coordinates": [[11.9493557, 57.7078475], [11.9493275, 57.707855], [11.9489232, 57.708082], [11.9488929, 57.7081149]]}, "properties": {"osm_id": 1085664732, "highway": "footway", "name": ""}}, {"type": "Feature", "geometry": {"type": "LineString", "coordinates": [[11.9494011, 57.7076998], [11.9493944, 57.7077496], [11.9493557, 57.7078475], [11.9492716, 57.7080295]]}, "properties": {"osm_id": 1085664733, "highway": "footway", "name": ""}}, {"type": "Feature", "geometry": {"type": "LineString", "coordinates": [[11.9453694, 57.7079389], [11.945251, 57.7080071]]}, "properties": {"osm_id": 1085664734, "highway": "footway", "name": ""}}, {"type": "Feature", "geometry": {"type": "LineString", "coordinates": [[11.9455206, 57.7079139], [11.9454889, 57.7079294], [11.9454695, 57.7079327], [11.9454528, 57.7079308], [11.9453858, 57.7079167], [11.9453472, 57.7078999]]}, "properties": {"osm_id": 1085664735, "highway": "footway", "name": ""}}, {"type": "Feature", "geometry": {"type": "LineString", "coordinates": [[11.9453435, 57.7078819], [11.9453955, 57.7078804], [11.945429, 57.7078819], [11.9454686, 57.7078885], [11.9455012, 57.7079059], [11.9455206, 57.7079139], [11.9455761, 57.7079209]]}, "properties": {"osm_id": 1085664736, "highway": "footway", "name": ""}}, {"type": "Feature", "geometry": {"type": "LineString", "coordinates": [[11.9451114, 57.7078118], [11.9452765, 57.7078611], [11.9453065, 57.7078616], [11.9453212, 57.7078556], [11.9453285, 57.7078527], [11.9453391, 57.7078461], [11.9453611, 57.7078362], [11.9454281, 57.7078141], [11.9456167, 57.707872], [11.9455761, 57.7079209], [11.9455435, 57.7079581], [11.9455109, 57.7079699], [11.9454766, 57.7079723], [11.9454254, 57.707961], [11.9453694, 57.7079389], [11.9453585, 57.7079346], [11.9453505, 57.7079167], [11.9453472, 57.7078999], [11.9453435, 57.7078819], [11.9453212, 57.7078556]]}, "properties": {"osm_id": 1085664737, "highway": "footway", "name": ""}}, {"type": "Feature", "geometry": {"type": "LineString", "coordinates": [[11.9437492, 57.7070304], [11.94391, 57.7070016], [11.9441731, 57.7069541]]}, "properties": {"osm_id": 1085664738, "highway": "footway", "name": ""}}, {"type": "Feature", "geometry": {"type": "LineString", "coordinates": [[11.9435965, 57.7067913], [11.943212, 57.7068625]]}, "properties": {"osm_id": 1085664739, "highway": "footway", "name": ""}}, {"type": "Feature", "geometry": {"type": "LineString", "coordinates": [[11.9437171, 57.7070227], [11.9437951, 57.7069245]]}, "properties": {"osm_id": 1085664740, "highway": "footway", "name": ""}}, {"type": "Feature", "geometry": {"type": "LineString", "coordinates": [[11.9436863, 57.7070154], [11.943628, 57.7069152], [11.9437486, 57.7068933]]}, "properties": {"osm_id": 1085664741, "highway": "footway", "name": ""}}, {"type": "Feature", "geometry": {"type": "LineString", "coordinates": [[11.9422447, 57.7087117], [11.9423709, 57.7085661]]}, "properties": {"osm_id": 1085664742, "highway": "footway", "name": ""}}, {"type": "Feature", "geometry": {"type": "LineString", "coordinates": [[11.9424892, 57.7086], [11.9424542, 57.7086865], [11.9423911, 57.7087448], [11.9422447, 57.7087117], [11.9418921, 57.7086322]]}, "properties": {"osm_id": 1085664743, "highway": "footway", "name": ""}}, {"type": "Feature", "geometry": {"type": "LineString", "coordinates": [[11.9426191, 57.7083767], [11.9426051, 57.7083721], [11.9424457, 57.7083548], [11.9423745, 57.7084081], [11.9423051, 57.7085257]]}, "properties": {"osm_id": 1085664744, "highway": "footway", "name": ""}}, {"type": "Feature", "geometry": {"type": "LineString", "coordinates": [[11.9419629, 57.7084552], [11.94208, 57.7084607], [11.9421585, 57.708473], [11.9422258, 57.7084898], [11.9422812, 57.7085076], [11.9423051, 57.7085257], [11.9423195, 57.7085367], [11.9423588, 57.7085618], [11.9423709, 57.7085661], [11.9423818, 57.70857], [11.9424892, 57.7086], [11.9425761, 57.7085442], [11.9425906, 57.7085294], [11.9426034, 57.7085073], [11.9426191, 57.7083767], [11.9426413, 57.7083785], [11.9426511, 57.7083764], [11.9426643, 57.7083714], [11.9426927, 57.7083458]]}, "properties": {"osm_id": 1085664745, "highway": "footway", "name": ""}}, {"type": "Feature", "geometry": {"type": "LineString", "coordinates": [[11.9307163, 57.7057861], [11.9307976, 57.7054104], [11.930815, 57.7053304], [11.9308449, 57.7051683], [11.9308491, 57.705153], [11.9308775, 57.7050778], [11.9309107, 57.705007], [11.9309251, 57.7049661], [11.9309384, 57.7048978]]}, "properties": {"osm_id": 1096254090, "highway": "residential", "name": "Pl\u00e5tslagaregatan"}}, {"type": "Feature", "geometry": {"type": "LineString", "coordinates": [[11.9309384, 57.7048978], [11.9309367, 57.7047512], [11.9309457, 57.704637]]}, "properties": {"osm_id": 1096254091, "highway": "residential", "name": "Slottsberget"}}, {"type": "Feature", "geometry": {"type": "LineString", "coordinates": [[11.9310325, 57.705452], [11.9307976, 57.7054104]]}, "properties": {"osm_id": 1096254092, "highway": "footway", "name": ""}}, {"type": "Feature", "geometry": {"type": "LineString", "coordinates": [[11.9313634, 57.7046738], [11.9313463, 57.704722], [11.9313559, 57.7047672], [11.9313754, 57.704801], [11.9314103, 57.704822], [11.9314489, 57.7048369], [11.9314846, 57.7048472]]}, "properties": {"osm_id": 1096263696, "highway": "steps", "name": ""}}, {"type": "Feature", "geometry": {"type": "LineString", "coordinates": [[11.9315517, 57.7046007], [11.9315623, 57.7046442], [11.9316091, 57.7046411], [11.931655, 57.7046427], [11.9318394, 57.704666], [11.9318072, 57.7047278]]}, "properties": {"osm_id": 1096380861, "highway": "path", "name": ""}}, {"type": "Feature", "geometry": {"type": "LineString", "coordinates": [[11.9319738, 57.7046527], [11.9318476, 57.7046554]]}, "properties": {"osm_id": 1096380862, "highway": "steps", "name": ""}}, {"type": "Feature", "geometry": {"type": "LineString", "coordinates": [[11.9309457, 57.704637], [11.9309492, 57.7045546]]}, "properties": {"osm_id": 1096384873, "highway": "residential", "name": "Slottsberget"}}, {"type": "Feature", "geometry": {"type": "LineString", "coordinates": [[11.9315623, 57.7046442], [11.9313634, 57.7046738]]}, "properties": {"osm_id": 1096672130, "highway": "path", "name": ""}}, {"type": "Feature", "geometry": {"type": "LineString", "coordinates": [[11.9318476, 57.7046554], [11.9318394, 57.704666]]}, "properties": {"osm_id": 1100818215, "highway": "path", "name": ""}}, {"type": "Feature", "geometry": {"type": "LineString", "coordinates": [[11.9318476, 57.7046554], [11.9319089, 57.7045652], [11.9319433, 57.704534], [11.9319654, 57.7044994], [11.9319693, 57.7044635], [11.9319888, 57.7044529], [11.9320124, 57.7044545], [11.9320555, 57.704465], [11.9320877, 57.704475], [11.9321479, 57.7044861]]}, "properties": {"osm_id": 1100818216, "highway": "path", "name": ""}}, {"type": "Feature", "geometry": {"type": "LineString", "coordinates": [[11.9319089, 57.7045652], [11.9318162, 57.70453]]}, "properties": {"osm_id": 1100818217, "highway": "steps", "name": ""}}, {"type": "Feature", "geometry": {"type": "LineString", "coordinates": [[11.931723, 57.7045216], [11.9317721, 57.7045043], [11.9319556, 57.7044382], [11.9319743, 57.7044424], [11.9319888, 57.7044529]]}, "properties": {"osm_id": 1100818218, "highway": "path", "name": ""}}, {"type": "Feature", "geometry": {"type": "LineString", "coordinates": [[11.9458611, 57.7108921], [11.9463395, 57.7110577], [11.9464117, 57.7111055], [11.9469708, 57.7112911], [11.9470463, 57.7113167], [11.9471984, 57.7113768], [11.9473496, 57.7114397], [11.9474449, 57.7114974]]}, "properties": {"osm_id": 1101302122, "highway": "footway", "name": ""}}, {"type": "Feature", "geometry": {"type": "LineString", "coordinates": [[11.9334581, 57.7064944], [11.9335055, 57.7064747], [11.9335435, 57.7064647], [11.9338788, 57.7063584]]}, "properties": {"osm_id": 1102571827, "highway": "footway", "name": ""}}, {"type": "Feature", "geometry": {"type": "LineString", "coordinates": [[11.9358409, 57.7105317], [11.9358636, 57.7104422], [11.9356614, 57.7102837]]}, "properties": {"osm_id": 1102573483, "highway": "service", "name": ""}}, {"type": "Feature", "geometry": {"type": "LineString", "coordinates": [[11.9369218, 57.7105968], [11.9369341, 57.7105315], [11.936132, 57.7100487], [11.9349423, 57.7093346]]}, "properties": {"osm_id": 1102573484, "highway": "service", "name": ""}}, {"type": "Feature", "geometry": {"type": "LineString", "coordinates": [[11.9328544, 57.7057116], [11.93318, 57.7060983], [11.9333528, 57.7063059], [11.9333638, 57.706319], [11.9335055, 57.7064747]]}, "properties": {"osm_id": 1102583122, "highway": "footway", "name": ""}}, {"type": "Feature", "geometry": {"type": "LineString", "coordinates": [[11.945185, 57.7060919], [11.9451079, 57.7061798], [11.9444762, 57.7069841], [11.944378, 57.7071091], [11.9434169, 57.7083002]]}, "properties": {"osm_id": 1103140693, "highway": "unclassified", "name": "Theres Svenssons Gata"}}, {"type": "Feature", "geometry": {"type": "LineString", "coordinates": [[11.9442021, 57.7069176], [11.9442523, 57.7069306], [11.9444762, 57.7069841], [11.9445111, 57.7069911]]}, "properties": {"osm_id": 1103140694, "highway": "path", "name": ""}}, {"type": "Feature", "geometry": {"type": "LineString", "coordinates": [[11.9431384, 57.7082372], [11.943406, 57.7079096], [11.9435864, 57.7076886]]}, "properties": {"osm_id": 1103140695, "highway": "path", "name": ""}}, {"type": "Feature", "geometry": {"type": "LineString", "coordinates": [[11.9452071, 57.7060449], [11.9449503, 57.7059862], [11.9446834, 57.7063204], [11.9444543, 57.7066024], [11.9442544, 57.7068518], [11.9442021, 57.7069176], [11.9441731, 57.7069541], [11.9440644, 57.7071052], [11.9436283, 57.7076373], [11.9435864, 57.7076886]]}, "properties": {"osm_id": 1103140696, "highway": "path", "name": ""}}, {"type": "Feature", "geometry": {"type": "LineString", "coordinates": [[11.945243, 57.7060013], [11.9452071, 57.7060449]]}, "properties": {"osm_id": 1103140697, "highway": "pedestrian", "name": ""}}, {"type": "Feature", "geometry": {"type": "LineString", "coordinates": [[11.9331888, 57.7076558], [11.9331078, 57.707656], [11.9329832, 57.7076603], [11.9326816, 57.7076707], [11.9325086, 57.7076709], [11.9324738, 57.7076627], [11.9324413, 57.7076314], [11.932443, 57.7076046], [11.9324605, 57.707584], [11.9325186, 57.7075567], [11.9325663, 57.7075454], [11.9326031, 57.7075432], [11.9329338, 57.7075238], [11.9329999, 57.7075199], [11.933075, 57.707512], [11.9331521, 57.7075038], [11.933237, 57.7074943], [11.9335732, 57.7074509]]}, "properties": {"osm_id": 1104584016, "highway": "footway", "name": ""}}, {"type": "Feature", "geometry": {"type": "LineString", "coordinates": [[11.9335892, 57.7072088], [11.9337502, 57.7071672], [11.9336632, 57.707086], [11.9331715, 57.7072062], [11.9331397, 57.7072029], [11.9329644, 57.7071334], [11.9329267, 57.7070718]]}, "properties": {"osm_id": 1104584017, "highway": "footway", "name": ""}}, {"type": "Feature", "geometry": {"type": "LineString", "coordinates": [[11.9448215, 57.7072407], [11.9449523, 57.7071202]]}, "properties": {"osm_id": 1104600990, "highway": "service", "name": ""}}, {"type": "Feature", "geometry": {"type": "LineString", "coordinates": [[11.9449523, 57.7071202], [11.9446493, 57.7070274]]}, "properties": {"osm_id": 1104604733, "highway": "service", "name": ""}}, {"type": "Feature", "geometry": {"type": "LineString", "coordinates": [[11.9364282, 57.7056973], [11.9372278, 57.7054908]]}, "properties": {"osm_id": 1116861894, "highway": "path", "name": ""}}, {"type": "Feature", "geometry": {"type": "LineString", "coordinates": [[11.9308412, 57.7060535], [11.9309974, 57.7060145], [11.9309849, 57.7059977], [11.9310911, 57.7059701], [11.9311037, 57.7059866], [11.9313444, 57.7059251], [11.9313306, 57.705912], [11.9314501, 57.7058795], [11.9314683, 57.7058952], [11.9316431, 57.7058496], [11.9316178, 57.7058188], [11.9317957, 57.7057764], [11.9318232, 57.7058048], [11.9319323, 57.7057764], [11.9319136, 57.7057539], [11.9321778, 57.705683]]}, "properties": {"osm_id": 1123069720, "highway": "footway", "name": ""}}, {"type": "Feature", "geometry": {"type": "LineString", "coordinates": [[11.9306352, 57.7058591], [11.9306963, 57.7058899], [11.9307643, 57.7059667], [11.9308412, 57.7060535], [11.930851, 57.7060645], [11.9308648, 57.7060981], [11.9308749, 57.7061421], [11.9308943, 57.7061814], [11.9309276, 57.7062253]]}, "properties": {"osm_id": 1123069721, "highway": "footway", "name": ""}}, {"type": "Feature", "geometry": {"type": "LineString", "coordinates": [[11.9313575, 57.7066325], [11.9315, 57.7068308]]}, "properties": {"osm_id": 1123069722, "highway": "footway", "name": ""}}, {"type": "Feature", "geometry": {"type": "LineString", "coordinates": [[11.930622, 57.7069707], [11.9306548, 57.7069202], [11.9307045, 57.7068004], [11.930729, 57.7067879], [11.930773, 57.7067883], [11.9308045, 57.7067906]]}, "properties": {"osm_id": 1123069723, "highway": "footway", "name": ""}}, {"type": "Feature", "geometry": {"type": "LineString", "coordinates": [[11.9318919, 57.7062611], [11.9320197, 57.7064087]]}, "properties": {"osm_id": 1123069728, "highway": "footway", "name": ""}}, {"type": "Feature", "geometry": {"type": "LineString", "coordinates": [[11.9315412, 57.7063524], [11.9316709, 57.706502]]}, "properties": {"osm_id": 1123069729, "highway": "footway", "name": ""}}, {"type": "Feature", "geometry": {"type": "LineString", "coordinates": [[11.9320569, 57.7059307], [11.9322691, 57.7061629], [11.9324006, 57.7063068]]}, "properties": {"osm_id": 1123069730, "highway": "footway", "name": ""}}, {"type": "Feature", "geometry": {"type": "LineString", "coordinates": [[11.9311775, 57.7064471], [11.9315412, 57.7063524], [11.9318919, 57.7062611], [11.9322691, 57.7061629], [11.9330099, 57.7059701]]}, "properties": {"osm_id": 1123069731, "highway": "footway", "name": ""}}, {"type": "Feature", "geometry": {"type": "LineString", "coordinates": [[11.9308785, 57.7062381], [11.9309172, 57.7062946], [11.9309722, 57.7063404], [11.931043, 57.7063866], [11.9311169, 57.7064186], [11.9311775, 57.7064471], [11.9311995, 57.7064812], [11.9312121, 57.7065169], [11.9312083, 57.7065729]]}, "properties": {"osm_id": 1123069732, "highway": "footway", "name": ""}}, {"type": "Feature", "geometry": {"type": "LineString", "coordinates": [[11.9307031, 57.7071288], [11.9307138, 57.7071608], [11.9307226, 57.7071907], [11.9307219, 57.7072112], [11.9307207, 57.7072286], [11.930693, 57.7072915], [11.9305541, 57.7072831], [11.9305283, 57.7072871], [11.9305176, 57.7072975], [11.9305155, 57.7073142], [11.9305044, 57.7074019], [11.9308836, 57.707449]]}, "properties": {"osm_id": 1123069739, "highway": "footway", "name": ""}}, {"type": "Feature", "geometry": {"type": "LineString", "coordinates": [[11.9383443, 57.7106689], [11.9385344, 57.7106811], [11.9387416, 57.7106945], [11.9388253, 57.7106945], [11.9389753, 57.7106899], [11.9390847, 57.7106629]]}, "properties": {"osm_id": 1127578917, "highway": "unclassified", "name": "Polstj\u00e4rnegatan"}}, {"type": "Feature", "geometry": {"type": "LineString", "coordinates": [[11.9487915, 57.7110288], [11.9487902, 57.7110793], [11.9483419, 57.711301], [11.948001, 57.7114709], [11.9479438, 57.7115133], [11.9479052, 57.7115433], [11.9478492, 57.7115663], [11.9478025, 57.7115794], [11.9477701, 57.7115913], [11.9475219, 57.7117137], [11.9463501, 57.7123004], [11.9463034, 57.712339], [11.9462815, 57.7123768], [11.946278, 57.7124194]]}, "properties": {"osm_id": 1136299648, "highway": "path", "name": ""}}, {"type": "Feature", "geometry": {"type": "LineString", "coordinates": [[11.9459329, 57.712222], [11.946022, 57.7122], [11.9461038, 57.7121669], [11.9464975, 57.7119704], [11.9469436, 57.7117477], [11.9472751, 57.7115823], [11.9474449, 57.7114974], [11.9476169, 57.7114119], [11.9478474, 57.7112974], [11.9481011, 57.7111715], [11.9484409, 57.7110028], [11.9485692, 57.7109391], [11.9491147, 57.7106531], [11.9491766, 57.7106184], [11.9492268, 57.710594], [11.949299, 57.7105769], [11.9493688, 57.710576], [11.9494301, 57.7105924], [11.9494808, 57.7106198], [11.9495714, 57.7106688], [11.9496123, 57.7106888], [11.9496838, 57.7106615], [11.9502525, 57.7103795], [11.9506578, 57.7101785], [11.9507293, 57.7101458], [11.9508382, 57.7101082]]}, "properties": {"osm_id": 1136299649, "highway": "path", "name": ""}}, {"type": "Feature", "geometry": {"type": "LineString", "coordinates": [[11.9470786, 57.7115216], [11.9472469, 57.7115736], [11.9472751, 57.7115823], [11.9473386, 57.7116141]]}, "properties": {"osm_id": 1136299650, "highway": "service", "name": ""}}, {"type": "Feature", "geometry": {"type": "LineString", "coordinates": [[11.946835, 57.7114426], [11.9470786, 57.7115216]]}, "properties": {"osm_id": 1136299652, "highway": "service", "name": ""}}, {"type": "Feature", "geometry": {"type": "LineString", "coordinates": [[11.9481385, 57.7107975], [11.9485311, 57.7109266], [11.9485692, 57.7109391], [11.948643, 57.7109772]]}, "properties": {"osm_id": 1136299653, "highway": "service", "name": ""}}, {"type": "Feature", "geometry": {"type": "LineString", "coordinates": [[11.9481385, 57.7107975], [11.9478606, 57.7107082]]}, "properties": {"osm_id": 1136299654, "highway": "service", "name": ""}}, {"type": "Feature", "geometry": {"type": "LineString", "coordinates": [[11.9462343, 57.7119839], [11.9462705, 57.7119572], [11.9462913, 57.7119131], [11.9463452, 57.711842], [11.9464137, 57.7117786], [11.9464769, 57.7117362], [11.9466194, 57.7116761], [11.9466864, 57.7116432], [11.9467596, 57.7115873], [11.9467665, 57.7115576], [11.9467573, 57.711514], [11.9467634, 57.7114762], [11.9467881, 57.7114412], [11.9468174, 57.7114153], [11.9468921, 57.7113741], [11.9469583, 57.7113581], [11.9470463, 57.7113167]]}, "properties": {"osm_id": 1136299661, "highway": "footway", "name": ""}}, {"type": "Feature", "geometry": {"type": "LineString", "coordinates": [[11.9476169, 57.7114119], [11.9475971, 57.7113969], [11.947589, 57.7113557], [11.9476112, 57.7113208], [11.9476509, 57.711289], [11.9476742, 57.711246], [11.9477105, 57.7112247], [11.9477361, 57.7112098], [11.9477583, 57.7111599], [11.9478248, 57.7111087], [11.9479404, 57.7110632], [11.9479859, 57.7110252], [11.9480186, 57.7109846], [11.9480641, 57.7109528], [11.9481307, 57.7109298], [11.9482089, 57.7109335], [11.9483164, 57.7109541], [11.948342, 57.7109591], [11.9484096, 57.7109878], [11.9484409, 57.7110028]]}, "properties": {"osm_id": 1136299663, "highway": "footway", "name": ""}}, {"type": "Feature", "geometry": {"type": "LineString", "coordinates": [[11.9483164, 57.7109541], [11.9482509, 57.7109878], [11.9481739, 57.7110146], [11.948133, 57.7110383], [11.9481027, 57.7110695], [11.9480828, 57.7110869], [11.9480653, 57.7110938], [11.94802, 57.7111143], [11.9479672, 57.7111381], [11.9479217, 57.7111512], [11.9478738, 57.7111674], [11.9478365, 57.7112017], [11.947812, 57.7112272], [11.9477758, 57.7112541]]}, "properties": {"osm_id": 1136299664, "highway": "footway", "name": ""}}, {"type": "Feature", "geometry": {"type": "LineString", "coordinates": [[11.9478474, 57.7112974], [11.9477758, 57.7112541], [11.9477105, 57.7112247]]}, "properties": {"osm_id": 1136299665, "highway": "footway", "name": ""}}, {"type": "Feature", "geometry": {"type": "LineString", "coordinates": [[11.9481011, 57.7111715], [11.94802, 57.7111143], [11.9479404, 57.7110632]]}, "properties": {"osm_id": 1136299666, "highway": "footway", "name": ""}}, {"type": "Feature", "geometry": {"type": "LineString", "coordinates": [[11.9481307, 57.7109298], [11.9481074, 57.7108734], [11.9480383, 57.7108262], [11.9479956, 57.7108131], [11.9467678, 57.710435]]}, "properties": {"osm_id": 1136299667, "highway": "footway", "name": ""}}, {"type": "Feature", "geometry": {"type": "LineString", "coordinates": [[11.9348931, 57.7071961], [11.9349258, 57.7071967], [11.9349787, 57.707197], [11.9350516, 57.7072029], [11.935109, 57.707217], [11.9351498, 57.7072329], [11.9351984, 57.7072595], [11.9352701, 57.7073155], [11.9353717, 57.7073939], [11.9354147, 57.7074311], [11.935472, 57.7074878], [11.9355108, 57.7075242], [11.935576, 57.7075499], [11.9356499, 57.7075668], [11.9357681, 57.7075756], [11.9359004, 57.7075779], [11.9360147, 57.7075761], [11.9362168, 57.7075641], [11.936363, 57.7075526]]}, "properties": {"osm_id": 1148778979, "highway": "path", "name": ""}}, {"type": "Feature", "geometry": {"type": "LineString", "coordinates": [[11.936363, 57.7075526], [11.9368352, 57.7075451], [11.9374012, 57.7075483], [11.9375992, 57.7075528], [11.9377436, 57.7075691], [11.9378489, 57.7075916], [11.9379524, 57.7076346], [11.9380009, 57.7076561], [11.9380641, 57.7076887]]}, "properties": {"osm_id": 1148778980, "highway": "path", "name": ""}}, {"type": "Feature", "geometry": {"type": "LineString", "coordinates": [[11.9380641, 57.7076887], [11.9387079, 57.7080901]]}, "properties": {"osm_id": 1148778981, "highway": "path", "name": ""}}, {"type": "Feature", "geometry": {"type": "LineString", "coordinates": [[11.9387079, 57.7080901], [11.9387617, 57.7081238], [11.9387938, 57.7081421], [11.9389973, 57.708258], [11.9396687, 57.7086498]]}, "properties": {"osm_id": 1148778982, "highway": "path", "name": ""}}, {"type": "Feature", "geometry": {"type": "LineString", "coordinates": [[11.9396687, 57.7086498], [11.9402814, 57.7089907], [11.9408007, 57.7092938], [11.9408208, 57.7093051], [11.9417476, 57.7098267], [11.9418216, 57.7098677]]}, "properties": {"osm_id": 1148778983, "highway": "path", "name": ""}}, {"type": "Feature", "geometry": {"type": "LineString", "coordinates": [[11.9418216, 57.7098677], [11.9419698, 57.7099532], [11.9420626, 57.7100042]]}, "properties": {"osm_id": 1148778984, "highway": "path", "name": ""}}, {"type": "Feature", "geometry": {"type": "LineString", "coordinates": [[11.9420626, 57.7100042], [11.9420925, 57.7100211], [11.9427824, 57.7104107], [11.9428666, 57.710458], [11.9433665, 57.7107332], [11.9434452, 57.7107756], [11.9435951, 57.7108693]]}, "properties": {"osm_id": 1148778985, "highway": "path", "name": ""}}, {"type": "Feature", "geometry": {"type": "LineString", "coordinates": [[11.9435951, 57.7108693], [11.943642, 57.7108952]]}, "properties": {"osm_id": 1148778986, "highway": "path", "name": ""}}, {"type": "Feature", "geometry": {"type": "LineString", "coordinates": [[11.9446655, 57.7114968], [11.9452397, 57.7118222], [11.9452875, 57.7118445], [11.9454686, 57.7119576], [11.9459085, 57.7122081], [11.9459329, 57.712222], [11.9460224, 57.7122734]]}, "properties": {"osm_id": 1148778987, "highway": "path", "name": ""}}, {"type": "Feature", "geometry": {"type": "LineString", "coordinates": [[11.9335055, 57.7064747], [11.9337914, 57.7065721], [11.9338872, 57.7066233], [11.9339625, 57.7066525], [11.9340361, 57.7066699], [11.9341444, 57.7066733], [11.934272, 57.7066686], [11.9344089, 57.7066582], [11.9344487, 57.7066411], [11.934488, 57.7066423], [11.9345386, 57.706639], [11.9346027, 57.7065903], [11.9346558, 57.7065666], [11.9347465, 57.7065574], [11.9348702, 57.7065574]]}, "properties": {"osm_id": 1150944403, "highway": "path", "name": ""}}, {"type": "Feature", "geometry": {"type": "LineString", "coordinates": [[11.9345945, 57.7066428], [11.9346181, 57.7066182], [11.934664, 57.7065954], [11.9347217, 57.7065769], [11.9348695, 57.7065801]]}, "properties": {"osm_id": 1162574747, "highway": "service", "name": ""}}, {"type": "Feature", "geometry": {"type": "LineString", "coordinates": [[11.9337442, 57.710662], [11.9338294, 57.7107161], [11.9342595, 57.7109987], [11.9345375, 57.711171], [11.9346932, 57.7112423], [11.9348963, 57.7112919], [11.9350912, 57.7113155], [11.9385168, 57.711424], [11.9390897, 57.711457]]}, "properties": {"osm_id": 1175166706, "highway": "unclassified", "name": "Andromedagatan"}}, {"type": "Feature", "geometry": {"type": "LineString", "coordinates": [[11.9350141, 57.7108821], [11.9369828, 57.7109999], [11.9370747, 57.7109956]]}, "properties": {"osm_id": 1175166707, "highway": "service", "name": ""}}, {"type": "Feature", "geometry": {"type": "LineString", "coordinates": [[11.9350469, 57.7107492], [11.9369345, 57.7108398], [11.9369915, 57.7108491], [11.9370143, 57.7108635], [11.9370747, 57.7109956], [11.9371196, 57.7111081], [11.9371229, 57.711126], [11.9371042, 57.7111414], [11.9370445, 57.7111507], [11.9363505, 57.7111074], [11.9350724, 57.7110404], [11.9350201, 57.7110214]]}, "properties": {"osm_id": 1175166708, "highway": "service", "name": ""}}, {"type": "Feature", "geometry": {"type": "LineString", "coordinates": [[11.9351113, 57.7104978], [11.9350469, 57.7107492], [11.9350141, 57.7108821], [11.935, 57.7109921], [11.9350201, 57.7110214]]}, "properties": {"osm_id": 1175166709, "highway": "service", "name": ""}}, {"type": "Feature", "geometry": {"type": "LineString", "coordinates": [[11.9342595, 57.7109987], [11.9340558, 57.7110754]]}, "properties": {"osm_id": 1175166711, "highway": "service", "name": ""}}, {"type": "Feature", "geometry": {"type": "LineString", "coordinates": [[11.9361292, 57.7096348], [11.9356527, 57.7093689], [11.9364469, 57.7089659]]}, "properties": {"osm_id": 1175166712, "highway": "residential", "name": "Liberagatan"}}, {"type": "Feature", "geometry": {"type": "LineString", "coordinates": [[11.9422823, 57.7117427], [11.9420688, 57.7116783], [11.941957, 57.7116391], [11.9417209, 57.7115791], [11.9416569, 57.7115617]]}, "properties": {"osm_id": 1175166714, "highway": "unclassified", "name": "Andromedagatan"}}, {"type": "Feature", "geometry": {"type": "LineString", "coordinates": [[11.9416569, 57.7115617], [11.9417363, 57.7115383], [11.9418423, 57.7115423], [11.9419852, 57.7115468], [11.9421118, 57.7115498], [11.9421581, 57.7115523], [11.9422433, 57.7115736]]}, "properties": {"osm_id": 1175166715, "highway": "unclassified", "name": "Andromedagatan"}}, {"type": "Feature", "geometry": {"type": "LineString", "coordinates": [[11.9477421, 57.7115721], [11.9477701, 57.7115913], [11.9480543, 57.7117482], [11.9481152, 57.7118001], [11.94813, 57.7118237]]}, "properties": {"osm_id": 1178273533, "highway": "service", "name": ""}}, {"type": "Feature", "geometry": {"type": "LineString", "coordinates": [[11.9444955, 57.7113947], [11.9456828, 57.7107911], [11.946152, 57.7105543]]}, "properties": {"osm_id": 1186105413, "highway": "footway", "name": ""}}, {"type": "Feature", "geometry": {"type": "LineString", "coordinates": [[11.9458412, 57.710974], [11.94589, 57.7109968]]}, "properties": {"osm_id": 1186105414, "highway": "steps", "name": ""}}, {"type": "Feature", "geometry": {"type": "LineString", "coordinates": [[11.9458412, 57.710974], [11.9457727, 57.7109399]]}, "properties": {"osm_id": 1186105415, "highway": "footway", "name": ""}}, {"type": "Feature", "geometry": {"type": "LineString", "coordinates": [[11.94589, 57.7109968], [11.9460988, 57.7110641], [11.9462756, 57.7110994], [11.9464117, 57.7111055]]}, "properties": {"osm_id": 1186105416, "highway": "footway", "name": ""}}, {"type": "Feature", "geometry": {"type": "LineString", "coordinates": [[11.9413865, 57.7085114], [11.9413942, 57.7084982]]}, "properties": {"osm_id": 1186237619, "highway": "steps", "name": ""}}, {"type": "Feature", "geometry": {"type": "LineString", "coordinates": [[11.9413942, 57.7084982], [11.9414127, 57.708459]]}, "properties": {"osm_id": 1186237620, "highway": "footway", "name": ""}}, {"type": "Feature", "geometry": {"type": "LineString", "coordinates": [[11.9414957, 57.7084707], [11.9417211, 57.7080106]]}, "properties": {"osm_id": 1186237621, "highway": "living_street", "name": ""}}, {"type": "Feature", "geometry": {"type": "LineString", "coordinates": [[11.9413865, 57.7085114], [11.9413032, 57.7086507], [11.9412309, 57.7087714], [11.9409922, 57.7089854], [11.9412479, 57.7091089], [11.9418138, 57.7088367]]}, "properties": {"osm_id": 1186237622, "highway": "footway", "name": ""}}, {"type": "Feature", "geometry": {"type": "LineString", "coordinates": [[11.9418555, 57.7087279], [11.9413032, 57.7086507]]}, "properties": {"osm_id": 1186237623, "highway": "footway", "name": ""}}, {"type": "Feature", "geometry": {"type": "LineString", "coordinates": [[11.9338753, 57.7061228], [11.9339807, 57.7060919], [11.9341288, 57.7062569], [11.933751, 57.7063488], [11.9336407, 57.7062355]]}, "properties": {"osm_id": 1206429123, "highway": "footway", "name": ""}}, {"type": "Feature", "geometry": {"type": "LineString", "coordinates": [[11.9333528, 57.7063059], [11.9336407, 57.7062355], [11.9336958, 57.706222], [11.9336958, 57.7061831], [11.9338728, 57.7061395], [11.9338753, 57.7061228], [11.9337375, 57.7059507]]}, "properties": {"osm_id": 1206429124, "highway": "footway", "name": ""}}, {"type": "Feature", "geometry": {"type": "LineString", "coordinates": [[11.9307643, 57.7059667], [11.931139, 57.7058638], [11.9316848, 57.7057236], [11.9325842, 57.7054925]]}, "properties": {"osm_id": 1206429125, "highway": "footway", "name": ""}}, {"type": "Feature", "geometry": {"type": "LineString", "coordinates": [[11.932881, 57.7071594], [11.932766, 57.7071164]]}, "properties": {"osm_id": 1206429126, "highway": "footway", "name": ""}}, {"type": "Feature", "geometry": {"type": "LineString", "coordinates": [[11.9317, 57.7067177], [11.9317767, 57.7066557], [11.9320717, 57.706584]]}, "properties": {"osm_id": 1206429127, "highway": "footway", "name": ""}}, {"type": "Feature", "geometry": {"type": "LineString", "coordinates": [[11.9319166, 57.7071231], [11.9318697, 57.7071901]]}, "properties": {"osm_id": 1206429128, "highway": "footway", "name": ""}}, {"type": "Feature", "geometry": {"type": "LineString", "coordinates": [[11.9317936, 57.7069702], [11.9317823, 57.706979], [11.9317786, 57.7069894], [11.9317811, 57.7070024], [11.9318074, 57.707047], [11.9318915, 57.7071141], [11.9319041, 57.7071201], [11.9319166, 57.7071231], [11.9319474, 57.7071101], [11.9319863, 57.7071044], [11.9320415, 57.707107], [11.9320685, 57.707107], [11.9320961, 57.7070956], [11.9321106, 57.7070903]]}, "properties": {"osm_id": 1206429129, "highway": "footway", "name": ""}}, {"type": "Feature", "geometry": {"type": "LineString", "coordinates": [[11.9326031, 57.7075432], [11.9326217, 57.7074782], [11.9326484, 57.7074505], [11.9326889, 57.7074375], [11.9329147, 57.7074263], [11.9329338, 57.7075238]]}, "properties": {"osm_id": 1206429130, "highway": "footway", "name": ""}}, {"type": "Feature", "geometry": {"type": "LineString", "coordinates": [[11.933085, 57.7064061], [11.9330798, 57.7063253]]}, "properties": {"osm_id": 1206429131, "highway": "footway", "name": ""}}, {"type": "Feature", "geometry": {"type": "LineString", "coordinates": [[11.9329455, 57.7064425], [11.932895, 57.7063867]]}, "properties": {"osm_id": 1206429132, "highway": "footway", "name": ""}}, {"type": "Feature", "geometry": {"type": "LineString", "coordinates": [[11.9329309, 57.7064473], [11.9330672, 57.7065994]]}, "properties": {"osm_id": 1206429133, "highway": "footway", "name": ""}}, {"type": "Feature", "geometry": {"type": "LineString", "coordinates": [[11.933328, 57.7063428], [11.933085, 57.7064061], [11.9329455, 57.7064425], [11.9329309, 57.7064473], [11.9325918, 57.7065299], [11.9325319, 57.7064577], [11.9325513, 57.7064282]]}, "properties": {"osm_id": 1206429134, "highway": "footway", "name": ""}}, {"type": "Feature", "geometry": {"type": "LineString", "coordinates": [[11.9328006, 57.7068252], [11.9329431, 57.7068127], [11.933177, 57.7067526]]}, "properties": {"osm_id": 1206429135, "highway": "footway", "name": ""}}, {"type": "Feature", "geometry": {"type": "LineString", "coordinates": [[11.9326873, 57.7067015], [11.9328006, 57.7068252], [11.9327674, 57.7068563], [11.9326412, 57.7068857], [11.9326066, 57.70689], [11.932464, 57.7069229]]}, "properties": {"osm_id": 1206429136, "highway": "footway", "name": ""}}, {"type": "Feature", "geometry": {"type": "LineString", "coordinates": [[11.9309395, 57.7073262], [11.9311219, 57.7073454], [11.93113, 57.7073182], [11.9313843, 57.7073385]]}, "properties": {"osm_id": 1206429137, "highway": "footway", "name": ""}}, {"type": "Feature", "geometry": {"type": "LineString", "coordinates": [[11.9316003, 57.7074756], [11.9315849, 57.7074444], [11.9315404, 57.7074232], [11.931385, 57.7073856], [11.9313656, 57.7073666], [11.9313843, 57.7073385], [11.9314861, 57.7071863], [11.9315113, 57.7071294]]}, "properties": {"osm_id": 1206429138, "highway": "footway", "name": ""}}, {"type": "Feature", "geometry": {"type": "LineString", "coordinates": [[11.9314667, 57.7075045], [11.9315193, 57.7074998], [11.9315533, 57.7074868], [11.9316003, 57.7074756], [11.9316553, 57.7074734], [11.9318133, 57.707491], [11.9317791, 57.707412], [11.9317791, 57.7073865], [11.9317897, 57.7073679], [11.9318528, 57.7073303], [11.93189, 57.7072983], [11.9319363, 57.7072041]]}, "properties": {"osm_id": 1206429139, "highway": "footway", "name": ""}}, {"type": "Feature", "geometry": {"type": "LineString", "coordinates": [[11.9306263, 57.7069924], [11.9306745, 57.7069903], [11.9307464, 57.7069722], [11.9307731, 57.706948], [11.9307747, 57.7068935], [11.9307909, 57.7068529], [11.9308254, 57.7067874]]}, "properties": {"osm_id": 1206429141, "highway": "footway", "name": ""}}, {"type": "Feature", "geometry": {"type": "LineString", "coordinates": [[11.9308937, 57.7067768], [11.9308254, 57.7067874], [11.9308045, 57.7067906]]}, "properties": {"osm_id": 1206429143, "highway": "footway", "name": ""}}, {"type": "Feature", "geometry": {"type": "LineString", "coordinates": [[11.9303674, 57.7063489], [11.9304024, 57.7063885], [11.9304372, 57.7064421], [11.9304607, 57.7064598], [11.9304882, 57.7064745], [11.9305246, 57.7064944], [11.9305464, 57.7065117], [11.9306047, 57.7065783], [11.9306978, 57.7066112], [11.9307804, 57.706641], [11.9308233, 57.7066652], [11.930871, 57.7067063], [11.930884, 57.7067413], [11.9308937, 57.7067768], [11.9311178, 57.706812]]}, "properties": {"osm_id": 1206429144, "highway": "footway", "name": ""}}, {"type": "Feature", "geometry": {"type": "LineString", "coordinates": [[11.9422599, 57.7115629], [11.9421353, 57.7114724], [11.9420917, 57.7113786]]}, "properties": {"osm_id": 1210128266, "highway": "unclassified", "name": "Cassiopejagatan"}}, {"type": "Feature", "geometry": {"type": "LineString", "coordinates": [[11.9420917, 57.7113786], [11.9422768, 57.7114309], [11.9423452, 57.7114622], [11.9424443, 57.7115233]]}, "properties": {"osm_id": 1210128267, "highway": "unclassified", "name": "Cassiopejagatan"}}, {"type": "Feature", "geometry": {"type": "LineString", "coordinates": [[11.9370312, 57.710645], [11.9369915, 57.7108491]]}, "properties": {"osm_id": 1210128268, "highway": "footway", "name": ""}}, {"type": "Feature", "geometry": {"type": "LineString", "coordinates": [[11.9390897, 57.711457], [11.9392151, 57.7114301], [11.9393344, 57.7114283], [11.9394705, 57.7114197], [11.9396013, 57.7114051], [11.939716, 57.71138], [11.9398384, 57.7113488]]}, "properties": {"osm_id": 1210128269, "highway": "unclassified", "name": "Andromedagatan"}}, {"type": "Feature", "geometry": {"type": "LineString", "coordinates": [[11.9398828, 57.7115168], [11.9398045, 57.711514], [11.9397019, 57.7115028], [11.9395651, 57.7114892], [11.9393988, 57.7114817], [11.9392372, 57.7114778], [11.9390897, 57.711457]]}, "properties": {"osm_id": 1210128270, "highway": "unclassified", "name": "Andromedagatan"}}, {"type": "Feature", "geometry": {"type": "LineString", "coordinates": [[11.9402622, 57.7113567], [11.9403791, 57.7113914], [11.9405635, 57.711438], [11.9406757, 57.7114795]]}, "properties": {"osm_id": 1210128271, "highway": "unclassified", "name": "Andromedagatan"}}, {"type": "Feature", "geometry": {"type": "LineString", "coordinates": [[11.9406757, 57.7114795], [11.9405287, 57.7114892], [11.9403852, 57.7115003], [11.9403208, 57.7115071], [11.9402383, 57.711507]]}, "properties": {"osm_id": 1210128272, "highway": "unclassified", "name": "Andromedagatan"}}, {"type": "Feature", "geometry": {"type": "LineString", "coordinates": [[11.9320532, 57.7106588], [11.9319053, 57.7106402]]}, "properties": {"osm_id": 1219709371, "highway": "service", "name": ""}}, {"type": "Feature", "geometry": {"type": "LineString", "coordinates": [[11.9320163, 57.7107786], [11.9319088, 57.7107664]]}, "properties": {"osm_id": 1219709373, "highway": "service", "name": ""}}, {"type": "Feature", "geometry": {"type": "LineString", "coordinates": [[11.9319781, 57.7108935], [11.9318732, 57.7108814], [11.9318586, 57.7108798]]}, "properties": {"osm_id": 1219709374, "highway": "service", "name": ""}}, {"type": "Feature", "geometry": {"type": "LineString", "coordinates": [[11.9319088, 57.7107664], [11.9311925, 57.7106827], [11.9311589, 57.7107895], [11.9312039, 57.7108407], [11.9312863, 57.7108638], [11.9317646, 57.7109133], [11.9318586, 57.7108798]]}, "properties": {"osm_id": 1219709375, "highway": "service", "name": ""}}, {"type": "Feature", "geometry": {"type": "LineString", "coordinates": [[11.9319053, 57.7106402], [11.9314623, 57.71057]]}, "properties": {"osm_id": 1219709376, "highway": "service", "name": ""}}, {"type": "Feature", "geometry": {"type": "LineString", "coordinates": [[11.9316577, 57.7111065], [11.9316985, 57.7110627], [11.9317528, 57.71102], [11.9318056, 57.7109686], [11.9318422, 57.7109288], [11.9318449, 57.7109056], [11.9318732, 57.7108814]]}, "properties": {"osm_id": 1219709377, "highway": "path", "name": ""}}, {"type": "Feature", "geometry": {"type": "LineString", "coordinates": [[11.9393702, 57.7104036], [11.9399551, 57.7107244], [11.9401361, 57.7107818], [11.9402789, 57.7108111], [11.9405385, 57.7108662]]}, "properties": {"osm_id": 1223054527, "highway": "unclassified", "name": "Cassiopejagatan"}}, {"type": "Feature", "geometry": {"type": "LineString", "coordinates": [[11.9433352, 57.7129305], [11.9433345, 57.7128405], [11.9433353, 57.7128138], [11.9433425, 57.7125873], [11.9433438, 57.7124634], [11.9433524, 57.7123495], [11.9433401, 57.7122825], [11.9433315, 57.7122421], [11.9433081, 57.7121981], [11.9432675, 57.7121521], [11.9431378, 57.7120663], [11.9427234, 57.7118876], [11.942602, 57.7118578], [11.9424981, 57.7118485], [11.9423727, 57.7118467], [11.9422822, 57.7118353], [11.942189, 57.7118086], [11.9420475, 57.7117547], [11.9419539, 57.7117126], [11.9419268, 57.7116845], [11.9419328, 57.711664], [11.941957, 57.7116391], [11.9419818, 57.711596], [11.9419852, 57.7115468], [11.9419898, 57.711524], [11.9420005, 57.7115097], [11.9420515, 57.7114842]]}, "properties": {"osm_id": 1223054528, "highway": "path", "name": ""}}, {"type": "Feature", "geometry": {"type": "LineString", "coordinates": [[11.9420515, 57.7114842], [11.9421353, 57.7114724], [11.9422017, 57.7114548], [11.9422768, 57.7114309], [11.9423643, 57.7114212], [11.9424009, 57.7114366], [11.9424297, 57.7114387], [11.9424458, 57.7114341], [11.942494, 57.7114105], [11.9428027, 57.7112502], [11.9428482, 57.7112295], [11.9428064, 57.7111908], [11.9427135, 57.71113]]}, "properties": {"osm_id": 1223054530, "highway": "path", "name": ""}}, {"type": "Feature", "geometry": {"type": "LineString", "coordinates": [[11.9403258, 57.7107569], [11.9402789, 57.7108111], [11.9402378, 57.7108651], [11.9401264, 57.7108407], [11.9395699, 57.7107263], [11.9394872, 57.7106992], [11.9393439, 57.7106693], [11.9391761, 57.7106976], [11.9391232, 57.7107214], [11.9390586, 57.7107406], [11.9389533, 57.7107476], [11.9388325, 57.7107444], [11.9383455, 57.7107169], [11.9372888, 57.7106587], [11.9370312, 57.710645]]}, "properties": {"osm_id": 1223054531, "highway": "path", "name": ""}}, {"type": "Feature", "geometry": {"type": "LineString", "coordinates": [[11.9401361, 57.7107818], [11.9401264, 57.7108407]]}, "properties": {"osm_id": 1223054532, "highway": "construction", "name": "Cassiopejagatan"}}, {"type": "Feature", "geometry": {"type": "LineString", "coordinates": [[11.9317721, 57.7045043], [11.9318162, 57.70453]]}, "properties": {"osm_id": 1242735311, "highway": "path", "name": ""}}, {"type": "Feature", "geometry": {"type": "LineString", "coordinates": [[11.9445648, 57.7115501], [11.9446371, 57.7115118], [11.9446655, 57.7114968], [11.9453104, 57.7111895], [11.9457727, 57.7109399], [11.9458611, 57.7108921], [11.946327, 57.7106547], [11.9467678, 57.710435], [11.9474796, 57.7100802]]}, "properties": {"osm_id": 1263555256, "highway": "unclassified", "name": "Planetgatan"}}, {"type": "Feature", "geometry": {"type": "LineString", "coordinates": [[11.9329198, 57.710704], [11.9328833, 57.7108163], [11.9328833, 57.7108474], [11.9328832, 57.7108959]]}, "properties": {"osm_id": 1263557197, "highway": "service", "name": ""}}, {"type": "Feature", "geometry": {"type": "LineString", "coordinates": [[11.9328832, 57.7108959], [11.9328128, 57.7109179]]}, "properties": {"osm_id": 1263557198, "highway": "footway", "name": ""}}, {"type": "Feature", "geometry": {"type": "LineString", "coordinates": [[11.9331776, 57.7111636], [11.9341757, 57.7112201], [11.934222, 57.7111976], [11.9340558, 57.7110754]]}, "properties": {"osm_id": 1263557199, "highway": "service", "name": ""}}, {"type": "Feature", "geometry": {"type": "LineString", "coordinates": [[11.9329198, 57.710704], [11.933569, 57.7107349], [11.9336119, 57.7107477], [11.9337912, 57.7108634], [11.9337529, 57.7108904], [11.9328833, 57.7108474]]}, "properties": {"osm_id": 1263557200, "highway": "service", "name": ""}}, {"type": "Feature", "geometry": {"type": "LineString", "coordinates": [[11.9330095, 57.7110091], [11.9339608, 57.7110582], [11.9340558, 57.7110754]]}, "properties": {"osm_id": 1263557201, "highway": "service", "name": ""}}, {"type": "Feature", "geometry": {"type": "LineString", "coordinates": [[11.9332979, 57.7105204], [11.9332489, 57.7105369], [11.9331419, 57.710557], [11.933009, 57.7105537], [11.9329534, 57.7105496]]}, "properties": {"osm_id": 1263557202, "highway": "cycleway", "name": ""}}, {"type": "Feature", "geometry": {"type": "LineString", "coordinates": [[11.9334329, 57.7104186], [11.9333489, 57.7104785], [11.9332979, 57.7105204]]}, "properties": {"osm_id": 1263557203, "highway": "path", "name": ""}}, {"type": "Feature", "geometry": {"type": "LineString", "coordinates": [[11.9328832, 57.7108959], [11.9330095, 57.7110091], [11.9331776, 57.7111636]]}, "properties": {"osm_id": 1263624704, "highway": "service", "name": ""}}, {"type": "Feature", "geometry": {"type": "LineString", "coordinates": [[11.938314, 57.7083631], [11.9384287, 57.7084335], [11.9384836, 57.7084776], [11.9401751, 57.7094389], [11.940343, 57.7095467], [11.9404859, 57.7096295], [11.9421849, 57.7105927], [11.9422924, 57.71066]]}, "properties": {"osm_id": 1277899129, "highway": "path", "name": ""}}, {"type": "Feature", "geometry": {"type": "LineString", "coordinates": [[11.945705, 57.7102978], [11.9457629, 57.7102666], [11.9457833, 57.7102774], [11.945802, 57.7102873], [11.9457426, 57.7103192]]}, "properties": {"osm_id": 1278896335, "highway": "footway", "name": ""}}, {"type": "Feature", "geometry": {"type": "LineString", "coordinates": [[11.946032, 57.7104854], [11.9461009, 57.7104523], [11.9463896, 57.7102987], [11.9464651, 57.7102642], [11.9465892, 57.7102288]]}, "properties": {"osm_id": 1278896336, "highway": "footway", "name": ""}}, {"type": "Feature", "geometry": {"type": "LineString", "coordinates": [[11.9439682, 57.7090462], [11.9440227, 57.7090021], [11.9440499, 57.7089623], [11.9440481, 57.7089302], [11.9440651, 57.7089145], [11.9440968, 57.7088818], [11.9441977, 57.7088041], [11.9442286, 57.7087941], [11.9443791, 57.7086432], [11.9443835, 57.7086226], [11.9443667, 57.7086017], [11.9443312, 57.7085874], [11.9441515, 57.7085336], [11.9441357, 57.7085282], [11.9441261, 57.7085155], [11.9441235, 57.7085013], [11.9441178, 57.7083879]]}, "properties": {"osm_id": 1278905905, "highway": "footway", "name": ""}}, {"type": "Feature", "geometry": {"type": "LineString", "coordinates": [[11.9434372, 57.7084038], [11.9434913, 57.7084179], [11.9435462, 57.7084578], [11.9435814, 57.7084725], [11.9436144, 57.7084754], [11.9436771, 57.7084696], [11.9437574, 57.7084701], [11.9438475, 57.7084825], [11.9439377, 57.7085048], [11.944007, 57.7085389], [11.9440308, 57.708558], [11.9440356, 57.7085618], [11.9440708, 57.7086064], [11.9440774, 57.7086393], [11.9440719, 57.7086746], [11.9440521, 57.7087081], [11.9440224, 57.7087463], [11.9439762, 57.7087815], [11.9439377, 57.7088027], [11.94393, 57.708815], [11.9439388, 57.7088314], [11.9439915, 57.7088642], [11.9440279, 57.7088637], [11.9440554, 57.7088667], [11.9440968, 57.7088818]]}, "properties": {"osm_id": 1278905907, "highway": "footway", "name": ""}}, {"type": "Feature", "geometry": {"type": "LineString", "coordinates": [[11.9440481, 57.7089302], [11.9440257, 57.7089207], [11.9440015, 57.7089025], [11.9439927, 57.708889], [11.9439915, 57.7088642]]}, "properties": {"osm_id": 1278905908, "highway": "footway", "name": ""}}, {"type": "Feature", "geometry": {"type": "LineString", "coordinates": [[11.9440308, 57.708558], [11.9440614, 57.7085493], [11.9441131, 57.7085342], [11.9441357, 57.7085282]]}, "properties": {"osm_id": 1278905910, "highway": "footway", "name": ""}}, {"type": "Feature", "geometry": {"type": "LineString", "coordinates": [[11.9329291, 57.7106646], [11.9329198, 57.710704]]}, "properties": {"osm_id": 1278917969, "highway": "footway", "name": ""}}, {"type": "Feature", "geometry": {"type": "LineString", "coordinates": [[11.9437245, 57.7110691], [11.9438542, 57.7111433], [11.9442323, 57.7113598], [11.9445648, 57.7115501], [11.9447018, 57.7116285]]}, "properties": {"osm_id": 1282006874, "highway": "unclassified", "name": "Lindholmsall\u00e9n"}}, {"type": "Feature", "geometry": {"type": "LineString", "coordinates": [[11.9332331, 57.7083339], [11.9331482, 57.7083057], [11.9330954, 57.7082881], [11.9330408, 57.7082638], [11.9330802, 57.7080741]]}, "properties": {"osm_id": 1285974736, "highway": "service", "name": ""}}, {"type": "Feature", "geometry": {"type": "LineString", "coordinates": [[11.9405709, 57.7095357], [11.9406636, 57.7095085], [11.9407569, 57.7094938], [11.9408648, 57.709496], [11.9409955, 57.7095267], [11.9411374, 57.7095821]]}, "properties": {"osm_id": 1289563529, "highway": "unclassified", "name": "Lindholmsall\u00e9n"}}, {"type": "Feature", "geometry": {"type": "LineString", "coordinates": [[11.9432207, 57.7113145], [11.943141, 57.7112689], [11.9431013, 57.7112462], [11.9429976, 57.7111872]]}, "properties": {"osm_id": 1289563532, "highway": "unclassified", "name": "Lindholmsall\u00e9n"}}, {"type": "Feature", "geometry": {"type": "LineString", "coordinates": [[11.9447018, 57.7116285], [11.9444393, 57.7115337], [11.9443119, 57.7115238], [11.944204, 57.7115412]]}, "properties": {"osm_id": 1290009297, "highway": "unclassified", "name": ""}}, {"type": "Feature", "geometry": {"type": "LineString", "coordinates": [[11.9339952, 57.7078471], [11.9337727, 57.7078133], [11.9336542, 57.7077953]]}, "properties": {"osm_id": 1290009299, "highway": "service", "name": ""}}, {"type": "Feature", "geometry": {"type": "LineString", "coordinates": [[11.9356856, 57.7076083], [11.9358339, 57.7076086]]}, "properties": {"osm_id": 1290009300, "highway": "unclassified", "name": "Lindholmsall\u00e9n"}}, {"type": "Feature", "geometry": {"type": "LineString", "coordinates": [[11.943798, 57.7116369], [11.9433882, 57.7113973], [11.943331, 57.7113691], [11.9432207, 57.7113145]]}, "properties": {"osm_id": 1290009303, "highway": "unclassified", "name": "Lindholmsall\u00e9n"}}, {"type": "Feature", "geometry": {"type": "LineString", "coordinates": [[11.944204, 57.7115412], [11.9441651, 57.7115648], [11.9441396, 57.7115765], [11.9441108, 57.7115892], [11.9440216, 57.7116185], [11.943919, 57.7116322], [11.943798, 57.7116369]]}, "properties": {"osm_id": 1290009304, "highway": "unclassified", "name": ""}}, {"type": "Feature", "geometry": {"type": "LineString", "coordinates": [[11.9435522, 57.7109626], [11.9435791, 57.7109792], [11.9437245, 57.7110691]]}, "properties": {"osm_id": 1290009305, "highway": "unclassified", "name": "Lindholmsall\u00e9n"}}, {"type": "Feature", "geometry": {"type": "LineString", "coordinates": [[11.9336611, 57.7078661], [11.9336619, 57.7078429], [11.9336542, 57.7077953], [11.933647, 57.7077488], [11.933628, 57.7077093], [11.9331694, 57.7077183]]}, "properties": {"osm_id": 1296582011, "highway": "path", "name": ""}}, {"type": "Feature", "geometry": {"type": "LineString", "coordinates": [[11.9301492, 57.7077878], [11.9302107, 57.7077747], [11.9303077, 57.7077526], [11.9303795, 57.7077398], [11.930567, 57.7077004], [11.9306166, 57.7076914], [11.9307091, 57.7076821], [11.9308098, 57.7076799]]}, "properties": {"osm_id": 1296582013, "highway": "path", "name": ""}}, {"type": "Feature", "geometry": {"type": "LineString", "coordinates": [[11.9317746, 57.71029], [11.9319003, 57.710303], [11.9319744, 57.7103161], [11.9320361, 57.7103254], [11.9321555, 57.7103415], [11.9323137, 57.7103527], [11.9326946, 57.7103713], [11.9329387, 57.7103931], [11.933156, 57.7104297], [11.9333489, 57.7104785], [11.9333937, 57.7104928], [11.9334887, 57.7105294], [11.933573, 57.7105697], [11.9337442, 57.710662]]}, "properties": {"osm_id": 1298329950, "highway": "unclassified", "name": "Polstj\u00e4rnegatan"}}, {"type": "Feature", "geometry": {"type": "LineString", "coordinates": [[11.9422823, 57.7117427], [11.942247, 57.7117233], [11.9422205, 57.7117003], [11.9422015, 57.7116685], [11.9421991, 57.7116353], [11.9422134, 57.7116028], [11.9422433, 57.7115736]]}, "properties": {"osm_id": 1298718325, "highway": "unclassified", "name": "Cassiopejagatan"}}, {"type": "Feature", "geometry": {"type": "LineString", "coordinates": [[11.9422433, 57.7115736], [11.9422599, 57.7115629], [11.9422911, 57.7115478], [11.9423268, 57.7115361], [11.942366, 57.7115279], [11.9424072, 57.7115237], [11.9424443, 57.7115233], [11.942481, 57.7115261]]}, "properties": {"osm_id": 1298718327, "highway": "unclassified", "name": "Cassiopejagatan"}}, {"type": "Feature", "geometry": {"type": "LineString", "coordinates": [[11.942481, 57.7115261], [11.9425529, 57.7115418]]}, "properties": {"osm_id": 1298718328, "highway": "unclassified", "name": "Cassiopejagatan"}}, {"type": "Feature", "geometry": {"type": "LineString", "coordinates": [[11.9425529, 57.7115418], [11.9426111, 57.7115693], [11.942649, 57.7116056], [11.9426605, 57.7116313]]}, "properties": {"osm_id": 1298718329, "highway": "unclassified", "name": "Cassiopejagatan"}}, {"type": "Feature", "geometry": {"type": "LineString", "coordinates": [[11.9398791, 57.7113225], [11.9399311, 57.7113026], [11.939991, 57.7112907], [11.9400546, 57.7112874], [11.9400738, 57.7112891], [11.9401176, 57.711293], [11.9401758, 57.7113072], [11.9402251, 57.7113289], [11.9402622, 57.7113567]]}, "properties": {"osm_id": 1298718331, "highway": "unclassified", "name": "Andromedagatan"}}, {"type": "Feature", "geometry": {"type": "LineString", "coordinates": [[11.9398828, 57.7115168], [11.9398299, 57.7114795], [11.9398075, 57.7114476], [11.9398051, 57.7114342], [11.9398014, 57.7114136], [11.9398119, 57.7113799], [11.9398384, 57.7113488]]}, "properties": {"osm_id": 1298718332, "highway": "unclassified", "name": "Andromedagatan"}}, {"type": "Feature", "geometry": {"type": "LineString", "coordinates": [[11.9398384, 57.7113488], [11.9398791, 57.7113225]]}, "properties": {"osm_id": 1298718333, "highway": "unclassified", "name": "Andromedagatan"}}, {"type": "Feature", "geometry": {"type": "LineString", "coordinates": [[11.9402622, 57.7113567], [11.9402846, 57.7113887], [11.9402908, 57.7114326], [11.9402802, 57.7114563], [11.9402651, 57.7114831], [11.9402383, 57.711507]]}, "properties": {"osm_id": 1298718334, "highway": "unclassified", "name": "Andromedagatan"}}, {"type": "Feature", "geometry": {"type": "LineString", "coordinates": [[11.9310435, 57.7099286], [11.9310772, 57.7099246], [11.9311115, 57.7099231], [11.931146, 57.709924], [11.9311851, 57.7099281], [11.9312227, 57.7099354], [11.9312576, 57.7099457], [11.9312892, 57.7099588], [11.9313167, 57.7099742], [11.9313393, 57.7099918], [11.9313516, 57.7100047], [11.9313614, 57.7100181], [11.9313684, 57.7100321], [11.9313727, 57.7100463], [11.9313903, 57.7100761]]}, "properties": {"osm_id": 1298718335, "highway": "unclassified", "name": "Polstj\u00e4rnegatan"}}, {"type": "Feature", "geometry": {"type": "LineString", "coordinates": [[11.9312031, 57.7101909], [11.9311803, 57.7101946]]}, "properties": {"osm_id": 1298718336, "highway": "unclassified", "name": "Polstj\u00e4rnegatan"}}, {"type": "Feature", "geometry": {"type": "LineString", "coordinates": [[11.9311803, 57.7101946], [11.9311385, 57.7101985], [11.9310962, 57.7101986], [11.9310544, 57.710195], [11.9310142, 57.7101878], [11.9309768, 57.7101772], [11.9309431, 57.7101635], [11.9309302, 57.7101625]]}, "properties": {"osm_id": 1298718337, "highway": "unclassified", "name": "Polstj\u00e4rnegatan"}}, {"type": "Feature", "geometry": {"type": "LineString", "coordinates": [[11.9313903, 57.7100761], [11.9313704, 57.7100846], [11.9313589, 57.7101078], [11.9313401, 57.7101295], [11.9313146, 57.7101492], [11.931283, 57.7101662], [11.9312465, 57.7101801], [11.9312253, 57.710186], [11.9312031, 57.7101909]]}, "properties": {"osm_id": 1298718338, "highway": "unclassified", "name": "Polstj\u00e4rnegatan"}}, {"type": "Feature", "geometry": {"type": "LineString", "coordinates": [[11.9312294, 57.7044006], [11.9314651, 57.7046083], [11.9315517, 57.7046007]]}, "properties": {"osm_id": 1306362990, "highway": "steps", "name": ""}}, {"type": "Feature", "geometry": {"type": "LineString", "coordinates": [[11.9375277, 57.7068737], [11.9372193, 57.7069518], [11.937162, 57.7069249]]}, "properties": {"osm_id": 1312314982, "highway": "footway", "name": ""}}, {"type": "Feature", "geometry": {"type": "LineString", "coordinates": [[11.9383691, 57.7054279], [11.939521, 57.7040675]]}, "properties": {"osm_id": 1318167349, "highway": "path", "name": ""}}, {"type": "Feature", "geometry": {"type": "LineString", "coordinates": [[11.9330446, 57.7092446], [11.9327306, 57.7093971], [11.9324783, 57.7094604], [11.9322475, 57.7095102], [11.9321462, 57.709578]]}, "properties": {"osm_id": 1320736606, "highway": "service", "name": ""}}, {"type": "Feature", "geometry": {"type": "LineString", "coordinates": [[11.9326157, 57.7089611], [11.9327167, 57.7089948], [11.932834, 57.7090611], [11.932915, 57.7091334], [11.9330446, 57.7092446]]}, "properties": {"osm_id": 1320736607, "highway": "service", "name": ""}}, {"type": "Feature", "geometry": {"type": "LineString", "coordinates": [[11.932915, 57.7091334], [11.9331167, 57.7090424], [11.933195, 57.7090071], [11.9332674, 57.7089738], [11.9333371, 57.7089418], [11.9334707, 57.7088804], [11.9335334, 57.7088473], [11.933874, 57.7086635], [11.9337103, 57.7085807], [11.9336374, 57.7085438]]}, "properties": {"osm_id": 1320736608, "highway": "service", "name": ""}}, {"type": "Feature", "geometry": {"type": "LineString", "coordinates": [[11.9330446, 57.7092446], [11.9337428, 57.7096325]]}, "properties": {"osm_id": 1320736609, "highway": "service", "name": ""}}, {"type": "Feature", "geometry": {"type": "LineString", "coordinates": [[11.9341328, 57.7096155], [11.9339517, 57.7095133], [11.9331167, 57.7090424]]}, "properties": {"osm_id": 1320736610, "highway": "service", "name": ""}}, {"type": "Feature", "geometry": {"type": "LineString", "coordinates": [[11.9341716, 57.7094104], [11.9333371, 57.7089418]]}, "properties": {"osm_id": 1320736611, "highway": "service", "name": ""}}, {"type": "Feature", "geometry": {"type": "LineString", "coordinates": [[11.9342929, 57.7095553], [11.9340899, 57.7094523]]}, "properties": {"osm_id": 1320736612, "highway": "service", "name": ""}}, {"type": "Feature", "geometry": {"type": "LineString", "coordinates": [[11.9339517, 57.7095133], [11.9340899, 57.7094523], [11.9341716, 57.7094104], [11.934383, 57.7093123]]}, "properties": {"osm_id": 1320736613, "highway": "service", "name": ""}}, {"type": "Feature", "geometry": {"type": "LineString", "coordinates": [[11.934383, 57.7093123], [11.9335334, 57.7088473]]}, "properties": {"osm_id": 1320736614, "highway": "service", "name": ""}}, {"type": "Feature", "geometry": {"type": "LineString", "coordinates": [[11.934383, 57.7093123], [11.9345411, 57.7094024]]}, "properties": {"osm_id": 1320736615, "highway": "service", "name": ""}}, {"type": "Feature", "geometry": {"type": "LineString", "coordinates": [[11.9332674, 57.7089738], [11.9331743, 57.708921], [11.93298, 57.7088608]]}, "properties": {"osm_id": 1320736616, "highway": "service", "name": ""}}, {"type": "Feature", "geometry": {"type": "LineString", "coordinates": [[11.933874, 57.7086635], [11.9339244, 57.7086922], [11.9341147, 57.7088005], [11.9343027, 57.7089075], [11.9344324, 57.7089813], [11.9348686, 57.7092295]]}, "properties": {"osm_id": 1320736617, "highway": "service", "name": ""}}, {"type": "Feature", "geometry": {"type": "LineString", "coordinates": [[11.9337103, 57.7085807], [11.934581, 57.7081599], [11.9346659, 57.7081626], [11.9348262, 57.7082531], [11.9350183, 57.7083617], [11.9351852, 57.708456], [11.9351883, 57.7084895], [11.9343027, 57.7089075]]}, "properties": {"osm_id": 1320736618, "highway": "service", "name": ""}}, {"type": "Feature", "geometry": {"type": "LineString", "coordinates": [[11.9339244, 57.7086922], [11.9348262, 57.7082531]]}, "properties": {"osm_id": 1320736619, "highway": "service", "name": ""}}, {"type": "Feature", "geometry": {"type": "LineString", "coordinates": [[11.9341147, 57.7088005], [11.9350183, 57.7083617]]}, "properties": {"osm_id": 1320736620, "highway": "service", "name": ""}}, {"type": "Feature", "geometry": {"type": "LineString", "coordinates": [[11.9354601, 57.7088465], [11.9358651, 57.7090805]]}, "properties": {"osm_id": 1320736621, "highway": "service", "name": ""}}, {"type": "Feature", "geometry": {"type": "LineString", "coordinates": [[11.9349714, 57.7087932], [11.9353292, 57.7090001]]}, "properties": {"osm_id": 1320736622, "highway": "service", "name": ""}}, {"type": "Feature", "geometry": {"type": "LineString", "coordinates": [[11.9354601, 57.7088465], [11.9351898, 57.7086919]]}, "properties": {"osm_id": 1320736623, "highway": "service", "name": ""}}, {"type": "Feature", "geometry": {"type": "LineString", "coordinates": [[11.9358745, 57.7086409], [11.9356783, 57.708738]]}, "properties": {"osm_id": 1320736624, "highway": "service", "name": ""}}, {"type": "Feature", "geometry": {"type": "LineString", "coordinates": [[11.9356783, 57.708738], [11.93542, 57.7085988], [11.9353837, 57.7085985], [11.9351898, 57.7086919], [11.9349714, 57.7087932], [11.9348625, 57.7088437]]}, "properties": {"osm_id": 1320736625, "highway": "service", "name": ""}}, {"type": "Feature", "geometry": {"type": "LineString", "coordinates": [[11.9360857, 57.7089741], [11.9356783, 57.708738]]}, "properties": {"osm_id": 1320736626, "highway": "service", "name": ""}}, {"type": "Feature", "geometry": {"type": "LineString", "coordinates": [[11.9358651, 57.7090805], [11.9358963, 57.7090799], [11.9360768, 57.7089878], [11.9360857, 57.7089741]]}, "properties": {"osm_id": 1320736627, "highway": "service", "name": ""}}, {"type": "Feature", "geometry": {"type": "LineString", "coordinates": [[11.9356783, 57.708738], [11.9354601, 57.7088465]]}, "properties": {"osm_id": 1320736628, "highway": "service", "name": ""}}, {"type": "Feature", "geometry": {"type": "LineString", "coordinates": [[11.9344324, 57.7089813], [11.934635, 57.7088919], [11.9346807, 57.7088919], [11.9350778, 57.7091205]]}, "properties": {"osm_id": 1320736629, "highway": "service", "name": ""}}, {"type": "Feature", "geometry": {"type": "LineString", "coordinates": [[11.9335656, 57.7082712], [11.933773, 57.7082167], [11.933979, 57.7082103], [11.9342248, 57.7081583]]}, "properties": {"osm_id": 1320736630, "highway": "service", "name": ""}}, {"type": "Feature", "geometry": {"type": "LineString", "coordinates": [[11.9509728, 57.7096967], [11.9516472, 57.709557], [11.9515845, 57.7094787], [11.9515147, 57.7093916], [11.9515016, 57.7093752], [11.9514025, 57.7092515], [11.9513891, 57.7092349], [11.9513379, 57.709171]]}, "properties": {"osm_id": 1320736646, "highway": "service", "name": ""}}, {"type": "Feature", "geometry": {"type": "LineString", "coordinates": [[11.9507018, 57.7093811], [11.9513891, 57.7092349]]}, "properties": {"osm_id": 1320736647, "highway": "service", "name": ""}}, {"type": "Feature", "geometry": {"type": "LineString", "coordinates": [[11.9515016, 57.7093752], [11.9508003, 57.7095238]]}, "properties": {"osm_id": 1320736649, "highway": "service", "name": ""}}, {"type": "Feature", "geometry": {"type": "LineString", "coordinates": [[11.9508003, 57.7095238], [11.9507854, 57.7095205], [11.9506899, 57.7093937], [11.9507018, 57.7093811]]}, "properties": {"osm_id": 1320736650, "highway": "service", "name": ""}}, {"type": "Feature", "geometry": {"type": "LineString", "coordinates": [[11.950643, 57.7095733], [11.950515, 57.7096485], [11.9503787, 57.7096722], [11.9502102, 57.709674]]}, "properties": {"osm_id": 1320736653, "highway": "service", "name": ""}}, {"type": "Feature", "geometry": {"type": "LineString", "coordinates": [[11.9342545, 57.7074797], [11.9343195, 57.7074397], [11.9344314, 57.7073879], [11.9346264, 57.7073265], [11.9347166, 57.7073092], [11.9348378, 57.7073046]]}, "properties": {"osm_id": 1320760084, "highway": "unclassified", "name": "Ceresgatan"}}, {"type": "Feature", "geometry": {"type": "LineString", "coordinates": [[11.9347166, 57.7073092], [11.9350101, 57.7073743], [11.9351467, 57.707441], [11.9351783, 57.7074901], [11.9352213, 57.7075829], [11.93522, 57.7076086], [11.9352094, 57.7076409], [11.9351973, 57.7076958], [11.9351835, 57.707721], [11.9351469, 57.7077506], [11.9351191, 57.7077794], [11.9350879, 57.7078061]]}, "properties": {"osm_id": 1320760085, "highway": "unclassified", "name": "Ceresgatan"}}, {"type": "Feature", "geometry": {"type": "LineString", "coordinates": [[11.934443, 57.707824], [11.9344062, 57.707805], [11.9343743, 57.7077861], [11.9343539, 57.7077727], [11.934312, 57.7077403], [11.9342516, 57.7076608]]}, "properties": {"osm_id": 1320760086, "highway": "unclassified", "name": "Ceresgatan"}}, {"type": "Feature", "geometry": {"type": "LineString", "coordinates": [[11.9336662, 57.7079675], [11.9336952, 57.7079167], [11.9337367, 57.7078656], [11.9337727, 57.7078133], [11.9337787, 57.7078046], [11.9337939, 57.7077847], [11.9338282, 57.7077261], [11.9338578, 57.7076804]]}, "properties": {"osm_id": 1320760087, "highway": "unclassified", "name": "Polstj\u00e4rnegatan"}}, {"type": "Feature", "geometry": {"type": "LineString", "coordinates": [[11.9348378, 57.7073046], [11.9348993, 57.7073041], [11.9349587, 57.7073085], [11.9350182, 57.7073215], [11.9351444, 57.7073541], [11.9352306, 57.7074081], [11.9353129, 57.7074659], [11.9353686, 57.7075147], [11.9354165, 57.707558], [11.9354989, 57.7075908], [11.9356056, 57.7076075]]}, "properties": {"osm_id": 1320760088, "highway": "unclassified", "name": ""}}, {"type": "Feature", "geometry": {"type": "LineString", "coordinates": [[11.9401361, 57.7107818], [11.9401349, 57.7107408], [11.9401412, 57.7107168], [11.9401536, 57.7106694], [11.9402382, 57.7106151]]}, "properties": {"osm_id": 1324119593, "highway": "unclassified", "name": ""}}, {"type": "Feature", "geometry": {"type": "LineString", "coordinates": [[11.940439, 57.71053], [11.9404948, 57.7105034], [11.9405589, 57.7104731], [11.9409979, 57.7102745], [11.9410929, 57.7102295], [11.9411063, 57.7102231], [11.9412256, 57.7101739]]}, "properties": {"osm_id": 1324119594, "highway": "unclassified", "name": "Lilla Karlavagnsgatan"}}, {"type": "Feature", "geometry": {"type": "LineString", "coordinates": [[11.9404323, 57.7104699], [11.9403904, 57.7104586], [11.9403531, 57.7104603], [11.9403188, 57.7104646]]}, "properties": {"osm_id": 1324119595, "highway": "unclassified", "name": ""}}, {"type": "Feature", "geometry": {"type": "LineString", "coordinates": [[11.9404323, 57.7104699], [11.9404655, 57.7104797], [11.9405113, 57.710482], [11.9405589, 57.7104731]]}, "properties": {"osm_id": 1324119596, "highway": "unclassified", "name": ""}}, {"type": "Feature", "geometry": {"type": "LineString", "coordinates": [[11.9404443, 57.7104024], [11.9403188, 57.7104646], [11.9401736, 57.7105381], [11.9401477, 57.7105568], [11.940144, 57.7105845], [11.9401643, 57.7106052], [11.940192, 57.7106141], [11.9402382, 57.7106151]]}, "properties": {"osm_id": 1324119597, "highway": "unclassified", "name": "Lilla Karlavagnsgatan"}}, {"type": "Feature", "geometry": {"type": "LineString", "coordinates": [[11.9402382, 57.7106151], [11.940277, 57.7106072], [11.940439, 57.71053]]}, "properties": {"osm_id": 1324119598, "highway": "unclassified", "name": "Lilla Karlavagnsgatan"}}, {"type": "Feature", "geometry": {"type": "LineString", "coordinates": [[11.9386172, 57.7086843], [11.9385104, 57.7087327], [11.9384839, 57.7087451], [11.9384121, 57.708782]]}, "properties": {"osm_id": 1333502725, "highway": "service", "name": ""}}, {"type": "Feature", "geometry": {"type": "LineString", "coordinates": [[11.93751, 57.7105128], [11.9381405, 57.7101969]]}, "properties": {"osm_id": 1333502727, "highway": "service", "name": ""}}, {"type": "Feature", "geometry": {"type": "LineString", "coordinates": [[11.9385344, 57.7106811], [11.9386658, 57.7104643], [11.9388846, 57.7102907]]}, "properties": {"osm_id": 1333502728, "highway": "service", "name": ""}}, {"type": "Feature", "geometry": {"type": "LineString", "coordinates": [[11.9385907, 57.7102298], [11.9387952, 57.7101475], [11.9389216, 57.7102109], [11.9389601, 57.7101927], [11.9387845, 57.7099887], [11.938937, 57.7097632]]}, "properties": {"osm_id": 1333502729, "highway": "path", "name": ""}}, {"type": "Feature", "geometry": {"type": "LineString", "coordinates": [[11.9381405, 57.7101969], [11.9382006, 57.7101664], [11.9384563, 57.7102981], [11.9385907, 57.7102298]]}, "properties": {"osm_id": 1333502731, "highway": "path", "name": ""}}, {"type": "Feature", "geometry": {"type": "LineString", "coordinates": [[11.9383455, 57.7107169], [11.9383443, 57.7106689], [11.938346, 57.7106105], [11.9385907, 57.7102298]]}, "properties": {"osm_id": 1333502732, "highway": "footway", "name": "Lodjursstr\u00e5ket"}}, {"type": "Feature", "geometry": {"type": "LineString", "coordinates": [[11.9336542, 57.7077953], [11.9338282, 57.7077261], [11.9340482, 57.7076912], [11.9342516, 57.7076608], [11.9344594, 57.7076342], [11.9347309, 57.7076114], [11.935024, 57.7076058], [11.93522, 57.7076086], [11.935291, 57.7076073], [11.9354435, 57.7076086], [11.9356056, 57.7076075]]}, "properties": {"osm_id": 1341076024, "highway": "busway", "name": ""}}, {"type": "Feature", "geometry": {"type": "LineString", "coordinates": [[11.9369265, 57.7077398], [11.9362472, 57.707733], [11.9359126, 57.7077301], [11.935581, 57.7077295], [11.9352834, 57.707722], [11.9352287, 57.7077213], [11.9351835, 57.707721], [11.934811, 57.7077185], [11.934312, 57.7077403], [11.9341634, 57.7077522], [11.9337939, 57.7077847], [11.9336542, 57.7077953]]}, "properties": {"osm_id": 1341076025, "highway": "busway", "name": ""}}, {"type": "Feature", "geometry": {"type": "LineString", "coordinates": [[11.9468934, 57.7086873], [11.9469684, 57.7088062], [11.9470026, 57.7088616], [11.9470486, 57.7089051], [11.9471099, 57.7089479], [11.9471689, 57.708975], [11.9476251, 57.7091205], [11.9477913, 57.7091727], [11.9479022, 57.709191], [11.948, 57.7091772], [11.9482181, 57.7091413], [11.9483266, 57.7091476], [11.9484315, 57.7091646], [11.9494348, 57.7094751], [11.9499913, 57.7096501], [11.9504404, 57.7097893], [11.9504817, 57.7098139], [11.9505253, 57.7098699], [11.9506351, 57.7099501], [11.9507968, 57.7100599], [11.9508382, 57.7101082], [11.9511543, 57.7104768], [11.951286, 57.7104954]]}, "properties": {"osm_id": 1346435145, "highway": "path", "name": ""}}, {"type": "Feature", "geometry": {"type": "LineString", "coordinates": [[11.9506825, 57.709851], [11.9509728, 57.7096967]]}, "properties": {"osm_id": 1349045577, "highway": "service", "name": ""}}, {"type": "Feature", "geometry": {"type": "LineString", "coordinates": [[11.9334344, 57.7083909], [11.9333484, 57.7083351], [11.9332633, 57.7083083]]}, "properties": {"osm_id": 1349045578, "highway": "service", "name": ""}}, {"type": "Feature", "geometry": {"type": "LineString", "coordinates": [[11.9325146, 57.7089273], [11.9326157, 57.7089611]]}, "properties": {"osm_id": 1349045579, "highway": "service", "name": ""}}, {"type": "Feature", "geometry": {"type": "LineString", "coordinates": [[11.9372888, 57.7106587], [11.9372943, 57.7106121]]}, "properties": {"osm_id": 1352620453, "highway": "footway", "name": ""}}, {"type": "Feature", "geometry": {"type": "LineString", "coordinates": [[11.9324505, 57.7069327], [11.932426, 57.7069643]]}, "properties": {"osm_id": 1353100416, "highway": "footway", "name": ""}}, {"type": "Feature", "geometry": {"type": "LineString", "coordinates": [[11.932464, 57.7069229], [11.9324505, 57.7069327]]}, "properties": {"osm_id": 1353100417, "highway": "steps", "name": ""}}, {"type": "Feature", "geometry": {"type": "LineString", "coordinates": [[11.933075, 57.707512], [11.9331046, 57.7076129], [11.9330606, 57.707616]]}, "properties": {"osm_id": 1353110638, "highway": "footway", "name": ""}}, {"type": "Feature", "geometry": {"type": "LineString", "coordinates": [[11.9330606, 57.707616], [11.933015, 57.707619], [11.9329819, 57.7076452]]}, "properties": {"osm_id": 1353110639, "highway": "steps", "name": ""}}, {"type": "Feature", "geometry": {"type": "LineString", "coordinates": [[11.9329819, 57.7076452], [11.9329832, 57.7076603]]}, "properties": {"osm_id": 1353110640, "highway": "footway", "name": ""}}, {"type": "Feature", "geometry": {"type": "LineString", "coordinates": [[11.9335347, 57.7080788], [11.9334473, 57.7080586], [11.9333899, 57.7080453], [11.933326, 57.7080166], [11.9333001, 57.7079824], [11.9332961, 57.7079531]]}, "properties": {"osm_id": 1353110645, "highway": "service", "name": ""}}, {"type": "Feature", "geometry": {"type": "LineString", "coordinates": [[11.9331771, 57.7076892], [11.9331888, 57.7076558], [11.9333772, 57.7076386], [11.9335849, 57.707623], [11.9337126, 57.7076109], [11.9338384, 57.7075797], [11.9340029, 57.707516], [11.9341895, 57.7074269], [11.9343451, 57.7073479], [11.9345283, 57.7072524], [11.9345876, 57.7072238], [11.9346428, 57.707204], [11.934718, 57.7071952], [11.9347844, 57.7071956], [11.9348931, 57.7071961]]}, "properties": {"osm_id": 1353131431, "highway": "path", "name": ""}}, {"type": "Feature", "geometry": {"type": "LineString", "coordinates": [[11.9395763, 57.7087111], [11.9396687, 57.7086498], [11.9396933, 57.7086307], [11.9397414, 57.7085917], [11.9397753, 57.7085507], [11.940051, 57.7082201], [11.9402082, 57.7080339], [11.9403172, 57.7079008], [11.9404666, 57.707722], [11.9405298, 57.7076442], [11.9406148, 57.7075396]]}, "properties": {"osm_id": 1353131433, "highway": "unclassified", "name": "Lindholmspiren"}}, {"type": "Feature", "geometry": {"type": "LineString", "coordinates": [[11.9455139, 57.7060799], [11.9454257, 57.7060632], [11.9453882, 57.7060553], [11.9453171, 57.7060539], [11.9452594, 57.706056], [11.9452205, 57.7060689], [11.945185, 57.7060919]]}, "properties": {"osm_id": 1353131434, "highway": "unclassified", "name": "Theres Svenssons Gata"}}, {"type": "Feature", "geometry": {"type": "LineString", "coordinates": [[11.9451079, 57.7061798], [11.9451502, 57.7061882], [11.9453697, 57.7062315], [11.9455139, 57.7060799]]}, "properties": {"osm_id": 1353131435, "highway": "service", "name": "Theres Svenssons Gata"}}, {"type": "Feature", "geometry": {"type": "LineString", "coordinates": [[11.9483753, 57.7070256], [11.9482917, 57.7071035], [11.9482215, 57.7071688]]}, "properties": {"osm_id": 1353131436, "highway": "service", "name": ""}}, {"type": "Feature", "geometry": {"type": "LineString", "coordinates": [[11.950424, 57.7079404], [11.9524142, 57.7075635]]}, "properties": {"osm_id": 1353131437, "highway": "service", "name": ""}}, {"type": "Feature", "geometry": {"type": "LineString", "coordinates": [[11.9493502, 57.708097], [11.9496194, 57.7080426], [11.9500478, 57.7086838], [11.9500955, 57.7087565]]}, "properties": {"osm_id": 1353131438, "highway": "unclassified", "name": "Valdemar Nor\u00e9ns Gata"}}, {"type": "Feature", "geometry": {"type": "LineString", "coordinates": [[11.9496123, 57.7106888], [11.9495821, 57.7107033], [11.9495637, 57.7107142], [11.9495412, 57.7107306], [11.9494963, 57.710777], [11.9494789, 57.7107917], [11.9492623, 57.7108599], [11.949035, 57.7109028]]}, "properties": {"osm_id": 1353131439, "highway": "cycleway", "name": ""}}, {"type": "Feature", "geometry": {"type": "LineString", "coordinates": [[11.9491927, 57.7107405], [11.9491989, 57.710818], [11.949035, 57.7109028], [11.9487915, 57.7110288], [11.9486888, 57.7110943], [11.9483276, 57.7112742], [11.94823, 57.7113239]]}, "properties": {"osm_id": 1353131440, "highway": "unclassified", "name": "Pumpgatan"}}, {"type": "Feature", "geometry": {"type": "LineString", "coordinates": [[11.9364332, 57.7044955], [11.9362072, 57.70424]]}, "properties": {"osm_id": 1356504816, "highway": "pedestrian", "name": "Tankeg\u00e5ngen"}}, {"type": "Feature", "geometry": {"type": "LineString", "coordinates": [[11.9364446, 57.7045095], [11.9364332, 57.7044955]]}, "properties": {"osm_id": 1356504819, "highway": "pedestrian", "name": "Tankeg\u00e5ngen"}}, {"type": "Feature", "geometry": {"type": "LineString", "coordinates": [[11.9460281, 57.7095483], [11.9473843, 57.7099617], [11.9474796, 57.7100802]]}, "properties": {"osm_id": 1360414592, "highway": "footway", "name": ""}}, {"type": "Feature", "geometry": {"type": "LineString", "coordinates": [[11.9493314, 57.7106707], [11.9491766, 57.7106184], [11.9474796, 57.7100802]]}, "properties": {"osm_id": 1360414593, "highway": "unclassified", "name": "Elin Svenssons Gata"}}, {"type": "Feature", "geometry": {"type": "LineString", "coordinates": [[11.9389601, 57.7101927], [11.9393702, 57.7104036]]}, "properties": {"osm_id": 1360417366, "highway": "path", "name": ""}}, {"type": "Feature", "geometry": {"type": "LineString", "coordinates": [[11.9393702, 57.7104036], [11.9404469, 57.7098622], [11.9405658, 57.7098024]]}, "properties": {"osm_id": 1360417367, "highway": "service", "name": ""}}, {"type": "Feature", "geometry": {"type": "LineString", "coordinates": [[11.9364766, 57.7105685], [11.9369218, 57.7105968], [11.9372943, 57.7106121], [11.9375035, 57.7106207], [11.9383443, 57.7106689]]}, "properties": {"osm_id": 1361224462, "highway": "unclassified", "name": "Polstj\u00e4rnegatan"}}, {"type": "Feature", "geometry": {"type": "LineString", "coordinates": [[11.9353055, 57.708223], [11.9353213, 57.7082319]]}, "properties": {"osm_id": 1361224463, "highway": "unclassified", "name": "Karlavagnsgatan"}}, {"type": "Feature", "geometry": {"type": "LineString", "coordinates": [[11.9352187, 57.7082625], [11.9351944, 57.708249]]}, "properties": {"osm_id": 1361224464, "highway": "unclassified", "name": "Karlavagnsgatan"}}, {"type": "Feature", "geometry": {"type": "LineString", "coordinates": [[11.9355782, 57.7077985], [11.9355398, 57.7077986]]}, "properties": {"osm_id": 1361224465, "highway": "unclassified", "name": "Lindholmsall\u00e9n"}}, {"type": "Feature", "geometry": {"type": "LineString", "coordinates": [[11.9358339, 57.7076086], [11.9366093, 57.7076151]]}, "properties": {"osm_id": 1361224466, "highway": "unclassified", "name": "Lindholmsall\u00e9n"}}, {"type": "Feature", "geometry": {"type": "LineString", "coordinates": [[11.9333484, 57.7083351], [11.9335656, 57.7082712]]}, "properties": {"osm_id": 1363662529, "highway": "service", "name": ""}}, {"type": "Feature", "geometry": {"type": "LineString", "coordinates": [[11.9336374, 57.7085438], [11.9334344, 57.7083909]]}, "properties": {"osm_id": 1363662530, "highway": "service", "name": ""}}, {"type": "Feature", "geometry": {"type": "LineString", "coordinates": [[11.9462251, 57.7093124], [11.9464917, 57.7090507]]}, "properties": {"osm_id": 1363869774, "highway": "pedestrian", "name": "Regnb\u00e5gsgatan"}}, {"type": "Feature", "geometry": {"type": "LineString", "coordinates": [[11.9426189, 57.7088004], [11.9423911, 57.7087448]]}, "properties": {"osm_id": 1371607452, "highway": "footway", "name": ""}}, {"type": "Feature", "geometry": {"type": "LineString", "coordinates": [[11.9426556, 57.7088085], [11.9426189, 57.7088004]]}, "properties": {"osm_id": 1371607453, "highway": "steps", "name": ""}}, {"type": "Feature", "geometry": {"type": "LineString", "coordinates": [[11.9484225, 57.7082331], [11.9484894, 57.7082195]]}, "properties": {"osm_id": 1371607454, "highway": "corridor", "name": ""}}, {"type": "Feature", "geometry": {"type": "LineString", "coordinates": [[11.9487756, 57.7079242], [11.9488929, 57.7081149]]}, "properties": {"osm_id": 1371607455, "highway": "service", "name": ""}}, {"type": "Feature", "geometry": {"type": "LineString", "coordinates": [[11.9342516, 57.7076608], [11.9342374, 57.7076261], [11.9342372, 57.7075606], [11.9342428, 57.707527], [11.9342545, 57.7074797]]}, "properties": {"osm_id": 1374971085, "highway": "unclassified", "name": "Ceresgatan"}}, {"type": "Feature", "geometry": {"type": "LineString", "coordinates": [[11.9338578, 57.7076804], [11.9338832, 57.7076421], [11.9339713, 57.7075918], [11.9342545, 57.7074797]]}, "properties": {"osm_id": 1374971086, "highway": "unclassified", "name": ""}}, {"type": "Feature", "geometry": {"type": "LineString", "coordinates": [[11.9348483, 57.7070609], [11.9348829, 57.7071122], [11.9348931, 57.7071961]]}, "properties": {"osm_id": 1374971087, "highway": "residential", "name": "Plejadgatan"}}, {"type": "Feature", "geometry": {"type": "LineString", "coordinates": [[11.9491927, 57.7107405], [11.9493314, 57.7106707]]}, "properties": {"osm_id": 1377424132, "highway": "unclassified", "name": "Pumpgatan"}}, {"type": "Feature", "geometry": {"type": "LineString", "coordinates": [[11.9506825, 57.709851], [11.9506559, 57.7098057]]}, "properties": {"osm_id": 1377424133, "highway": "unclassified", "name": "Pumpgatan"}}, {"type": "Feature", "geometry": {"type": "LineString", "coordinates": [[11.9356527, 57.7093689], [11.9352082, 57.7091036]]}, "properties": {"osm_id": 1416280161, "highway": "footway", "name": ""}}, {"type": "Feature", "geometry": {"type": "LineString", "coordinates": [[11.9365423, 57.7089208], [11.9370262, 57.7091933], [11.9371645, 57.7092723]]}, "properties": {"osm_id": 1416280162, "highway": "unclassified", "name": "Karlavagnsgatan"}}, {"type": "Feature", "geometry": {"type": "LineString", "coordinates": [[11.9419859, 57.7107274], [11.9410929, 57.7102295]]}, "properties": {"osm_id": 1428967718, "highway": "path", "name": ""}}, {"type": "Feature", "geometry": {"type": "LineString", "coordinates": [[11.9410929, 57.7102295], [11.9409609, 57.710143]]}, "properties": {"osm_id": 1428967719, "highway": "footway", "name": ""}}, {"type": "Feature", "geometry": {"type": "LineString", "coordinates": [[11.9409609, 57.710143], [11.9404469, 57.7098622]]}, "properties": {"osm_id": 1428967720, "highway": "path", "name": ""}}, {"type": "Feature", "geometry": {"type": "LineString", "coordinates": [[11.938937, 57.7097632], [11.9391091, 57.7095039], [11.9393388, 57.7095388]]}, "properties": {"osm_id": 1428967721, "highway": "path", "name": ""}}, {"type": "Feature", "geometry": {"type": "LineString", "coordinates": [[11.9333107, 57.7035], [11.9325699, 57.703465], [11.9323997, 57.7034904], [11.9322676, 57.7035507], [11.9321738, 57.7036321], [11.9321225, 57.7037317], [11.9321373, 57.7044719], [11.932165, 57.7045361], [11.9322396, 57.7045897], [11.9323474, 57.7046217], [11.9324676, 57.7046457], [11.9330056, 57.7046609], [11.9331949, 57.704645]]}, "properties": {"osm_id": 1443444006, "highway": "proposed", "name": ""}}, {"type": "Feature", "geometry": {"type": "LineString", "coordinates": [[11.9387319, 57.7083159], [11.9385921, 57.7082282], [11.9385292, 57.7081891], [11.9378367, 57.7077922], [11.9377263, 57.7077356], [11.9375923, 57.7076825], [11.9373296, 57.7076256]]}, "properties": {"osm_id": 1460434983, "highway": "busway", "name": ""}}, {"type": "Feature", "geometry": {"type": "LineString", "coordinates": [[11.9384158, 57.7084837], [11.9384164, 57.708452], [11.9383856, 57.7084143], [11.9383071, 57.708366], [11.9376323, 57.7079737], [11.937572, 57.7079373], [11.9374792, 57.707884], [11.9374128, 57.7078423], [11.9373429, 57.7078046], [11.9372685, 57.7077713], [11.9371647, 57.7077434], [11.9369265, 57.7077398]]}, "properties": {"osm_id": 1460434985, "highway": "busway", "name": ""}}, {"type": "Feature", "geometry": {"type": "LineString", "coordinates": [[11.9388919, 57.7083243], [11.9395763, 57.7087111], [11.9403451, 57.7091356], [11.9403819, 57.7091564]]}, "properties": {"osm_id": 1460488867, "highway": "unclassified", "name": "Lindholmsall\u00e9n"}}, {"type": "Feature", "geometry": {"type": "LineString", "coordinates": [[11.9384158, 57.7084837], [11.9384194, 57.7084606], [11.9384287, 57.7084335], [11.9384495, 57.7084088], [11.9384737, 57.7083891], [11.9385113, 57.7083646], [11.9385559, 57.7083441], [11.9386113, 57.7083271], [11.9386477, 57.7083209], [11.938684, 57.7083169], [11.9387319, 57.7083159]]}, "properties": {"osm_id": 1460488868, "highway": "unclassified", "name": "Lindholmsall\u00e9n"}}, {"type": "Feature", "geometry": {"type": "LineString", "coordinates": [[11.9384313, 57.7085681], [11.9384192, 57.7085285], [11.9384158, 57.7084837]]}, "properties": {"osm_id": 1460491922, "highway": "unclassified", "name": "Lindholmsall\u00e9n"}}, {"type": "Feature", "geometry": {"type": "LineString", "coordinates": [[11.9384313, 57.7085681], [11.9383101, 57.7085181], [11.9381799, 57.7084439], [11.9381605, 57.7084327], [11.9374308, 57.7080124], [11.9373886, 57.707993], [11.9373461, 57.7079697], [11.9372678, 57.707926], [11.9370646, 57.7078504], [11.9369071, 57.7078277], [11.9367719, 57.7078141], [11.9364013, 57.7078095], [11.9356678, 57.7078003]]}, "properties": {"osm_id": 1460491923, "highway": "unclassified", "name": "Lindholmsall\u00e9n"}}, {"type": "Feature", "geometry": {"type": "LineString", "coordinates": [[11.9442323, 57.7113598], [11.9442341, 57.7114785], [11.9442268, 57.7115036], [11.944204, 57.7115412]]}, "properties": {"osm_id": 1460491924, "highway": "unclassified", "name": ""}}]}