{"type":"FeatureCollection","features":[{"type":"Feature","geometry":{"type":"Polygon","coordinates":[[[11.963237634461697,57.69461144223008],[11.963392623749758,57.69428618274531],[11.963400888592473,57.694261849587825],[11.963406844164988,57.694237010693534],[11.963410443581358,57.69421220600884],[11.963410022687638,57.69418748456013],[11.963407943471964,57.6941627223985],[11.963401843884323,57.69413804436978],[11.963393534861629,57.69411331239597],[11.963382700629781,57.694088970088],[11.963368745156012,57.69406554061165],[11.963352288765877,57.6940422308468],[11.963243769717234,57.69386547570513],[11.963148635314788,57.6937106972891],[11.96299068382071,57.69362180624193],[11.961911939140828,57.692612462126945],[11.961788902645285,57.69264050859687],[11.961553164217587,57.69270871081035],[11.961509437394042,57.69265904559338],[11.961000284821356,57.692196250180146],[11.960349043687511,57.69132018230442],[11.960321381630063,57.691073927997095],[11.960260903997392,57.69081466318431],[11.960250396401928,57.690760045409405],[11.960185626124218,57.6907006181225],[11.959945741078474,57.69044360110522],[11.960008320202848,57.690421831119586],[11.960017146346196,57.69007050773348],[11.95960180092663,57.68963664932563],[11.959096787697678,57.68930846600305],[11.959513660669153,57.68920724089556],[11.959946109145644,57.689006014437226],[11.96007233434104,57.688895194995006],[11.960024909065318,57.68882369396994],[11.960258191303655,57.6886755494231],[11.960386203452304,57.68861770071205],[11.96039931939334,57.688593303662515],[11.960783937101388,57.68843756320282],[11.961185871779689,57.688573925321606],[11.96140616102029,57.68863034880748],[11.961472675940847,57.68864416779528],[11.961660668867255,57.68850958022586],[11.961839169796944,57.68824212969145],[11.961771807472331,57.6881310601506],[11.96184892369506,57.68790098229003],[11.961393081364237,57.68778210721596],[11.96115308450861,57.687647121235756],[11.961638194529463,57.686920929249695],[11.962135375477907,57.68663363592442],[11.962228105846354,57.68651446185265],[11.962065237612581,57.686463193046436],[11.962176346257245,57.686307975852216],[11.962628745345487,57.685439823328046],[11.962711968163187,57.68536804666308],[11.962735442410608,57.685350458463226],[11.962760614328275,57.6853340794618],[11.962787404991516,57.68531818872901],[11.962816722395724,57.68530352620552],[11.962847462738155,57.685290067177505],[11.962879921681502,57.685277547309646],[11.962914078372908,57.68526623573725],[11.962949748604627,57.68525666910748],[11.962986319307019,57.68524793210676],[11.96302706279089,57.68520586745349],[11.963380520573034,57.684788684142774],[11.963588669318481,57.68444601080116],[11.96373420802086,57.684206611401756],[11.963788764971941,57.68404742953171],[11.9639346768142,57.68366794608835],[11.964106861385437,57.683219180767274],[11.96415031143883,57.68311304800357],[11.9344054585786,57.68310112498583],[11.934393714308666,57.68966859302018],[11.93448623447095,57.68978249727605],[11.938700045734024,57.69021660667088],[11.939072296906241,57.69025958424926],[11.939097923879883,57.690265866034316],[11.93912206314409,57.6902733692282],[11.939145289985348,57.69028183991274],[11.939166295380765,57.690292052630355],[11.939185574402938,57.690303033380815],[11.939203258577109,57.690314874329296],[11.939217819569148,57.690327627469095],[11.939230933975093,57.69034115451678],[11.939240679032938,57.69035522917894],[11.939248131669784,57.69037023614073],[11.93925314237252,57.69038464562259],[11.939255033154213,57.69039996827692],[11.939254459438297,57.690414960748036],[11.93925070996226,57.69042987725983],[11.939244597154739,57.69044491543636],[11.939236066780552,57.69045908708292],[11.939224503951783,57.69047309545851],[11.939211091496778,57.690486070389476],[11.939194541190425,57.69049851997737],[11.938447553620614,57.690819037759745],[11.938088701183549,57.69095826304534],[11.937946979232606,57.69106158766066],[11.937661444792154,57.69151422601854],[11.937379120658454,57.691771404017686],[11.937143414516584,57.69206161063101],[11.93897317345501,57.692335955523184],[11.940595880428829,57.69257291463902],[11.940679816093532,57.692585278502705],[11.941742997792756,57.692748120422394],[11.94179813994625,57.69352540881179],[11.944168711628667,57.693705098170255],[11.945668051768338,57.69381877525999],[11.94569477409066,57.693752923101066],[11.94601474609001,57.692548509964006],[11.946003527174831,57.692507531652694],[11.945722949109461,57.69146932731865],[11.945266037249924,57.69124325312405],[11.945227292790944,57.691073917752696],[11.94645829298493,57.69099221686488],[11.946557978005158,57.69098518807011],[11.94651759963855,57.69078094669969],[11.94641858099786,57.690403654317386],[11.946410944233632,57.69037929678702],[11.94640652086065,57.69035456834319],[11.94640514507048,57.69032982360288],[11.946406407423035,57.69030496190192],[11.946410670285779,57.69028062294505],[11.946418394499577,57.690256276783245],[11.946428335425464,57.69023189516205],[11.946441246789064,57.69020839327877],[11.946457589128736,57.690185244771534],[11.946475696849735,57.690162497506414],[11.946497609889764,57.69014056115298],[11.946521105575478,57.69011956180442],[11.946559136196434,57.69010017079724],[11.946598578474996,57.69008207307582],[11.946639757584713,57.69006473541384],[11.94668248745015,57.690048693494134],[11.94672689961796,57.69003403947181],[11.946773016592491,57.69002050604696],[11.946819710420915,57.69000833382837],[11.946867274247431,57.68999735013288],[11.946916619832248,57.68998820792557],[11.946966732481728,57.68997980235532],[11.947017662215686,57.68997321408352],[11.947068493857486,57.68996779096046],[11.947120287490888,57.68996409875272],[11.947172112762473,57.68996166560297],[11.947224659748587,57.689960508168475],[11.947276497216915,57.689961220159915],[11.947328375565712,57.68996310155242],[11.947380283976422,57.689966241065555],[11.947432189658297,57.6899710882049],[11.947482468832249,57.689977154379704],[11.947532865861572,57.68998511085158],[11.947582512527529,57.689993767330925],[11.947631318173663,57.6900042010851],[11.947678497330635,57.69001585387997],[11.947724175674661,57.69002890761089],[11.947769195647847,57.6900432037506],[11.947813143545043,57.690058732315414],[11.94785493663135,57.69007519663856],[11.947895067176722,57.69009332853809],[11.94793362575875,57.69011205164578],[11.947969877015298,57.69013188749472],[11.948002076569761,57.69015216483368],[11.948032813060316,57.69017339463433],[11.948061270735401,57.6901953783517],[11.948086324837615,57.690218358484096],[11.948109820384799,57.69024175039907],[11.948131031310545,57.69026598507595],[11.948148889733286,57.690290589146294],[11.948164448431202,57.69031621537593],[11.948177803690335,57.69034169945167],[11.948187930507087,57.69036773387957],[11.948195394952954,57.690394153459785],[11.948199813498402,57.69042058941953],[11.948202022786043,57.690446972068266],[11.94820169193725,57.69047392257929],[11.948201486138363,57.69077243660236],[11.948228844217228,57.690835460635604],[11.948308509933094,57.690883751855814],[11.9485503416914,57.69098016668902],[11.94870072115694,57.690872276780986],[11.948901334833215,57.69072821678894],[11.949550816024264,57.69074972508055],[11.94999911453643,57.69071803220384],[11.950342797915935,57.69063681893433],[11.950989791269135,57.69061216064492],[11.951125853103322,57.69060205145776],[11.95176415389397,57.690532608423766],[11.952870172274963,57.69050992726188],[11.952911696952476,57.690504906708526],[11.952952206495045,57.69049878402946],[11.952992830731812,57.69049131590911],[11.95303261492561,57.6904822995867],[11.953400001623177,57.69092940327034],[11.953888431689336,57.69131463066728],[11.954809394090667,57.69202757140345],[11.95494623632286,57.69214337176057],[11.955443283052746,57.69256483540379],[11.955793033527538,57.692861527809974],[11.95611116821525,57.69313095016137],[11.957171098615357,57.69407249813119],[11.957228557331579,57.69412339405201],[11.958155507403498,57.69524837410539],[11.96005959568361,57.69639647545678],[11.962637395298744,57.696299800474605],[11.96252808097814,57.69541698887285],[11.962416838276214,57.6945175965434],[11.962479887716375,57.6945150670856],[11.963237634461697,57.69461144223008]]]},"properties":{"id":"1480R002","name":"Annedal-\u00c4ngg\u00e5rden","values":[14.165,13.587,13.578,12.998,14.769,12.402,16.942]}},{"type":"Feature","geometry":{"type":"Polygon","coordinates":[[[11.934400741449245,57.68982140218691],[11.93448623447095,57.68978249727605],[11.934393714308666,57.68966859302018],[11.934393438515192,57.68982252049705],[11.934400741449245,57.68982140218691]]]},"properties":{"id":"1480R101","name":"Majorna S\u00e5ggatan","values":[13.416,11.66,11.569,12.174,14.367,10.5,20.565]}},{"type":"Feature","geometry":{"type":"Polygon","coordinates":[[[11.95336081895615,57.69587540409377],[11.95363611872462,57.69597270450037],[11.954182405791363,57.69628626637036],[11.954673185194997,57.69560444632464],[11.955060734577302,57.69542488915721],[11.955838689088253,57.695585595963145],[11.956874733528394,57.69546333468347],[11.957034303909312,57.69546852201404],[11.957287338072215,57.69547658585362],[11.958155507403498,57.69524837410539],[11.957228557331579,57.69412339405201],[11.957171098615357,57.69407249813119],[11.95611116821525,57.69313095016137],[11.955793033527538,57.692861527809974],[11.955443283052746,57.69256483540379],[11.95494623632286,57.69214337176057],[11.954809394090667,57.69202757140345],[11.953888431689336,57.69131463066728],[11.953400001623177,57.69092940327034],[11.95303261492561,57.6904822995867],[11.952992830731812,57.69049131590911],[11.952952206495045,57.69049878402946],[11.952911696952476,57.690504906708526],[11.952870172274963,57.69050992726188],[11.95176415389397,57.690532608423766],[11.951777927824217,57.69094836881798],[11.952091989850462,57.6912541868385],[11.952144299322455,57.6913316499719],[11.952193393841622,57.691409485001316],[11.95224033541818,57.69148825590131],[11.952283953133147,57.69156703656196],[11.952326115369615,57.69164668182427],[11.952364962998681,57.691726246297925],[11.95240071786512,57.69180636538712],[11.95243408094811,57.691886966106374],[11.95246506730734,57.691967869061735],[11.952492722157215,57.69204887148984],[11.95251816782522,57.692129819778756],[11.952541182208943,57.69221169904989],[11.95256091192394,57.692293139651674],[11.952577520349795,57.692375492815586],[11.952591818030399,57.69245734179964],[11.952603714655663,57.692539761184555],[11.95261219671397,57.692621648896406],[11.952612293897417,57.69262542617468],[11.952617594939682,57.69270400247783],[11.952621427074503,57.69278685670138],[11.952621423302464,57.69286925898139],[11.952618933636115,57.69295160226285],[11.952613941459868,57.693034064106804],[11.952605942477154,57.69311609398449],[11.952595410648513,57.69319860300875],[11.95258173887998,57.693280586080064],[11.952565705160907,57.69336269199806],[11.952547223128759,57.69344429042392],[11.952525548338707,57.693525990777836],[11.952500596022942,57.69360716365746],[11.952473417444741,57.69368846175038],[11.952443645587097,57.69376933873273],[11.95243228554981,57.69379746061579],[11.952410865155585,57.6938497827985],[11.952375589405346,57.6939302575079],[11.95233706794027,57.694009845084025],[11.951951186476556,57.694994589472095],[11.95146703853286,57.69622758879558],[11.951948217524412,57.69638350214988],[11.952115046851874,57.69643739557321],[11.952581174857215,57.69637224486706],[11.95323252410985,57.695838974759724],[11.95336081895615,57.69587540409377]]]},"properties":{"id":"1480R110","name":"Olivedal Kommendants\u00e4ngen","values":[11.299,13.366,10.114,0.0,0.0,9.508,10.508]}},{"type":"Feature","geometry":{"type":"Polygon","coordinates":[[[11.948103542853435,57.69375212130451],[11.948131592578406,57.69267868570561],[11.948119366168404,57.69199176080421],[11.94815243795189,57.691699071349966],[11.948160901876943,57.69104751175051],[11.948201486138363,57.69077243660236],[11.94820169193725,57.69047392257929],[11.948202022786043,57.690446972068266],[11.948199813498402,57.69042058941953],[11.948195394952954,57.690394153459785],[11.948187930507087,57.69036773387957],[11.948177803690335,57.69034169945167],[11.948164448431202,57.69031621537593],[11.948148889733286,57.690290589146294],[11.948131031310545,57.69026598507595],[11.948109820384799,57.69024175039907],[11.948086324837615,57.690218358484096],[11.948061270735401,57.6901953783517],[11.948032813060316,57.69017339463433],[11.948002076569761,57.69015216483368],[11.947969877015298,57.69013188749472],[11.94793362575875,57.69011205164578],[11.947895067176722,57.69009332853809],[11.94785493663135,57.69007519663856],[11.947813143545043,57.690058732315414],[11.947769195647847,57.6900432037506],[11.947724175674661,57.69002890761089],[11.947678497330635,57.69001585387997],[11.947631318173663,57.6900042010851],[11.947582512527529,57.689993767330925],[11.947532865861572,57.68998511085158],[11.947482468832249,57.689977154379704],[11.947432189658297,57.6899710882049],[11.947380283976422,57.689966241065555],[11.947328375565712,57.68996310155242],[11.947276497216915,57.689961220159915],[11.947224659748587,57.689960508168475],[11.947172112762473,57.68996166560297],[11.947120287490888,57.68996409875272],[11.947068493857486,57.68996779096046],[11.947017662215686,57.68997321408352],[11.946966732481728,57.68997980235532],[11.946916619832248,57.68998820792557],[11.946867274247431,57.68999735013288],[11.946819710420915,57.69000833382837],[11.946773016592491,57.69002050604696],[11.94672689961796,57.69003403947181],[11.94668248745015,57.690048693494134],[11.946639757584713,57.69006473541384],[11.946598578474996,57.69008207307582],[11.946559136196434,57.69010017079724],[11.946521105575478,57.69011956180442],[11.946497609889764,57.69014056115298],[11.946475696849735,57.690162497506414],[11.946457589128736,57.690185244771534],[11.946441246789064,57.69020839327877],[11.946428335425464,57.69023189516205],[11.946418394499577,57.690256276783245],[11.946410670285779,57.69028062294505],[11.946406407423035,57.69030496190192],[11.94640514507048,57.69032982360288],[11.94640652086065,57.69035456834319],[11.946410944233632,57.69037929678702],[11.94641858099786,57.690403654317386],[11.94651759963855,57.69078094669969],[11.946557978005158,57.69098518807011],[11.94645829298493,57.69099221686488],[11.945227292790944,57.691073917752696],[11.945266037249924,57.69124325312405],[11.945722949109461,57.69146932731865],[11.946003527174831,57.692507531652694],[11.94601474609001,57.692548509964006],[11.94569477409066,57.693752923101066],[11.945668051768338,57.69381877525999],[11.944168711628667,57.693705098170255],[11.94392682732974,57.694550331271486],[11.943822949373642,57.69471703064047],[11.944558584789325,57.69510988557405],[11.94458861166996,57.69495227525922],[11.944606481953183,57.69488638921501],[11.946300369211778,57.6950391743424],[11.946254773396953,57.69526012114403],[11.946215205585613,57.69558698024339],[11.945876352438649,57.69613441107442],[11.94590661707266,57.6961333451683],[11.945949745478345,57.69613402704163],[11.945992085566404,57.696135857402226],[11.946034411864328,57.696139485907345],[11.946076771530112,57.69614437261999],[11.946117421260642,57.69615146502326],[11.946160131249767,57.696176848229854],[11.946592797109385,57.697138746130754],[11.946322384839046,57.69713967612608],[11.946188174084895,57.697617283742616],[11.94696383117149,57.697693609689736],[11.947767185495124,57.697092326627434],[11.948027808372435,57.69694621036168],[11.948121653494765,57.69670450117161],[11.948152801461076,57.69653011341132],[11.948144441137242,57.69403419401383],[11.948103542853435,57.69375212130451]]]},"properties":{"id":"1480R104","name":"Masthugget \u00f6vre Vegagatan","values":[13.159,14.927,6.667,8.849,0.0,9.211,11.749]}},{"type":"Feature","geometry":{"type":"Polygon","coordinates":[[[11.95176415389397,57.690532608423766],[11.951125853103322,57.69060205145776],[11.950989791269135,57.69061216064492],[11.950342797915935,57.69063681893433],[11.94999911453643,57.69071803220384],[11.949550816024264,57.69074972508055],[11.948901334833215,57.69072821678894],[11.94870072115694,57.690872276780986],[11.9485503416914,57.69098016668902],[11.948308509933094,57.690883751855814],[11.948228844217228,57.690835460635604],[11.948201486138363,57.69077243660236],[11.948160901876943,57.69104751175051],[11.94815243795189,57.691699071349966],[11.948119366168404,57.69199176080421],[11.948131592578406,57.69267868570561],[11.948103542853435,57.69375212130451],[11.948144441137242,57.69403419401383],[11.948152801461076,57.69653011341132],[11.948121653494765,57.69670450117161],[11.948027808372435,57.69694621036168],[11.947767185495124,57.697092326627434],[11.950010574894733,57.69732248067315],[11.951055346586088,57.69742980218352],[11.951039839032983,57.6974051663112],[11.951086289706513,57.697280749584685],[11.951424853952584,57.69637043937639],[11.95146703853286,57.69622758879558],[11.951951186476556,57.694994589472095],[11.95233706794027,57.694009845084025],[11.952375589405346,57.6939302575079],[11.952410865155585,57.6938497827985],[11.95243228554981,57.69379746061579],[11.952443645587097,57.69376933873273],[11.952473417444741,57.69368846175038],[11.952500596022942,57.69360716365746],[11.952525548338707,57.693525990777836],[11.952547223128759,57.69344429042392],[11.952565705160907,57.69336269199806],[11.95258173887998,57.693280586080064],[11.952595410648513,57.69319860300875],[11.952605942477154,57.69311609398449],[11.952613941459868,57.693034064106804],[11.952618933636115,57.69295160226285],[11.952621423302464,57.69286925898139],[11.952621427074503,57.69278685670138],[11.952617594939682,57.69270400247783],[11.952612293897417,57.69262542617468],[11.95261219671397,57.692621648896406],[11.952603714655663,57.692539761184555],[11.952591818030399,57.69245734179964],[11.952577520349795,57.692375492815586],[11.95256091192394,57.692293139651674],[11.952541182208943,57.69221169904989],[11.95251816782522,57.692129819778756],[11.952492722157215,57.69204887148984],[11.95246506730734,57.691967869061735],[11.95243408094811,57.691886966106374],[11.95240071786512,57.69180636538712],[11.952364962998681,57.691726246297925],[11.952326115369615,57.69164668182427],[11.952283953133147,57.69156703656196],[11.95224033541818,57.69148825590131],[11.952193393841622,57.691409485001316],[11.952144299322455,57.6913316499719],[11.952091989850462,57.6912541868385],[11.951777927824217,57.69094836881798],[11.95176415389397,57.690532608423766]]]},"properties":{"id":"1480R111","name":"Olivedal nordv\u00e4stra","values":[13.505,18.828,10.556,15.735,6.0,9.25,13.148]}},{"type":"Feature","geometry":{"type":"MultiPolygon","coordinates":[[[[11.936741365382343,57.70038025455576],[11.936952387198192,57.70027806970929],[11.936787838778873,57.7002562024287],[11.936817691485846,57.700092927744755],[11.93634863355283,57.70004274770244],[11.935377069273331,57.69998272798985],[11.934375246188281,57.699946214948454],[11.934372857361844,57.7012712033888],[11.93656031536122,57.701440011465806],[11.936638693942788,57.70094820907162],[11.93620599219409,57.70092308234252],[11.936260662741013,57.70058248253008],[11.936119488392427,57.700578883293986],[11.936607901974384,57.700368934056826],[11.936741365382343,57.70038025455576]]],[[[11.934391019050961,57.69922637087133],[11.934489550960375,57.69906790600153],[11.934591988215425,57.69881248595257],[11.934752462910176,57.69841415375799],[11.934999518188302,57.69776280219742],[11.93514686512317,57.69737556353626],[11.935310391373433,57.69687872698088],[11.93612808346019,57.69461092740497],[11.936147033323891,57.69455701983155],[11.936393578971861,57.693922547508585],[11.936611160996868,57.69350304123823],[11.937077745948075,57.69214269281256],[11.937143414516584,57.69206161063101],[11.937379120658454,57.691771404017686],[11.937661444792154,57.69151422601854],[11.937946979232606,57.69106158766066],[11.938088701183549,57.69095826304534],[11.938447553620614,57.690819037759745],[11.939194541190425,57.69049851997737],[11.939211091496778,57.690486070389476],[11.939224503951783,57.69047309545851],[11.939236066780552,57.69045908708292],[11.939244597154739,57.69044491543636],[11.93925070996226,57.69042987725983],[11.939254459438297,57.690414960748036],[11.939255033154213,57.69039996827692],[11.93925314237252,57.69038464562259],[11.939248131669784,57.69037023614073],[11.939240679032938,57.69035522917894],[11.939230933975093,57.69034115451678],[11.939217819569148,57.690327627469095],[11.939203258577109,57.690314874329296],[11.939185574402938,57.690303033380815],[11.939166295380765,57.690292052630355],[11.939145289985348,57.69028183991274],[11.93912206314409,57.6902733692282],[11.939097923879883,57.690265866034316],[11.939072296906241,57.69025958424926],[11.938700045734024,57.69021660667088],[11.93448623447095,57.68978249727605],[11.934400741449245,57.68982140218691],[11.934393438515192,57.68982252049705],[11.934376458507053,57.699273405011034],[11.934391019050961,57.69922637087133]]]]},"properties":{"id":"1480R132","name":"Stigberget","values":[12.052,11.127,9.294,9.08,13.605,11.671,7.419]}},{"type":"Feature","geometry":{"type":"Polygon","coordinates":[[[11.939608210623778,57.6952744319227],[11.9400761444253,57.69544552666477],[11.940417899916572,57.69557007543388],[11.940706313813099,57.695647683064614],[11.941011484876926,57.69567267698525],[11.941389242813942,57.69567076014186],[11.941943028178548,57.695692238198],[11.94221398284229,57.69576519674383],[11.942498325895862,57.69584189287131],[11.942958201942668,57.69596596437723],[11.943302000932759,57.69547365589208],[11.943822949373642,57.69471703064047],[11.94392682732974,57.694550331271486],[11.944168711628667,57.693705098170255],[11.94179813994625,57.69352540881179],[11.941742997792756,57.692748120422394],[11.940679816093532,57.692585278502705],[11.940595880428829,57.69257291463902],[11.93897317345501,57.692335955523184],[11.937143414516584,57.69206161063101],[11.937077745948075,57.69214269281256],[11.936611160996868,57.69350304123823],[11.936393578971861,57.693922547508585],[11.936147033323891,57.69455701983155],[11.93612808346019,57.69461092740497],[11.935310391373433,57.69687872698088],[11.93514686512317,57.69737556353626],[11.934999518188302,57.69776280219742],[11.934752462910176,57.69841415375799],[11.934591988215425,57.69881248595257],[11.934489550960375,57.69906790600153],[11.934391019050961,57.69922637087133],[11.934376458507053,57.699273405011034],[11.934375246188281,57.699946214948454],[11.935377069273331,57.69998272798985],[11.93634863355283,57.70004274770244],[11.936817691485846,57.700092927744755],[11.936856224257843,57.69988097845859],[11.936831191681307,57.69982007539591],[11.9367132541271,57.69950216399341],[11.936906481338855,57.69946964120617],[11.937087039009661,57.69943959581636],[11.93726268431263,57.69941527342188],[11.937654439353373,57.69937102122242],[11.93840262944495,57.69929091414962],[11.938821488228918,57.69925845771288],[11.93874936661665,57.6990551530366],[11.938789034924287,57.699047666172035],[11.938602803202963,57.69851540130825],[11.938345708379048,57.69827158456879],[11.93826383137273,57.69819861192536],[11.938654758674788,57.69806726115505],[11.93884514121999,57.697971583590316],[11.939000519878773,57.69786912747295],[11.939124962032125,57.6977395931197],[11.939238351338044,57.69760323085883],[11.93933484779871,57.69742593290041],[11.93937747681421,57.69721444167711],[11.939351172775886,57.69703902477157],[11.93927900294782,57.69687894149374],[11.939161468506486,57.696715155642615],[11.938990043625099,57.69657980942021],[11.938857339072298,57.69646948248771],[11.938695358897636,57.6963780370575],[11.938425453593663,57.69594349324924],[11.938390833891216,57.69546333280389],[11.938456814981352,57.695135946947055],[11.938576460011621,57.694958221209866],[11.939608210623778,57.6952744319227]]]},"properties":{"id":"1480R103","name":"Masthugget \u00f6vre Bangatan","values":[10.871,7.829,10.308,11.324,8.526,11.645,11.882]}},{"type":"Feature","geometry":{"type":"Polygon","coordinates":[[[11.96011333415353,57.70038012908818],[11.960211373282961,57.70038473212784],[11.96030958367703,57.700390596615165],[11.960406959271067,57.70039814866821],[11.960504323647843,57.70040749705888],[11.960601168971182,57.700418091208945],[11.960697871485921,57.70043038955502],[11.960793079048514,57.70044400009326],[11.960950572721979,57.7004692606722],[11.960843494803278,57.699840896891374],[11.961092271467304,57.699835731615174],[11.963093005961534,57.69991325682886],[11.963036902500804,57.69946916589308],[11.962800366872479,57.69759474359712],[11.962637395298744,57.696299800474605],[11.96005959568361,57.69639647545678],[11.958155507403498,57.69524837410539],[11.957287338072215,57.69547658585362],[11.957034303909312,57.69546852201404],[11.956874733528394,57.69546333468347],[11.955838689088253,57.695585595963145],[11.955060734577302,57.69542488915721],[11.954673185194997,57.69560444632464],[11.954182405791363,57.69628626637036],[11.95363611872462,57.69597270450037],[11.95336081895615,57.69587540409377],[11.95323252410985,57.695838974759724],[11.952581174857215,57.69637224486706],[11.952115046851874,57.69643739557321],[11.951948217524412,57.69638350214988],[11.95146703853286,57.69622758879558],[11.951424853952584,57.69637043937639],[11.951086289706513,57.697280749584685],[11.951039839032983,57.6974051663112],[11.951055346586088,57.69742980218352],[11.951894944899358,57.69885160234068],[11.952242672609728,57.6994394949348],[11.952365345112208,57.69964670515495],[11.953485922344223,57.7002365892847],[11.95376934565476,57.700433651038225],[11.95446103258243,57.70151542841083],[11.954693250240279,57.70179653333601],[11.954868119245555,57.7018968042818],[11.954916749010167,57.701891415556766],[11.954963716569033,57.70188436897314],[11.955010522336922,57.70187597028875],[11.955056634322217,57.70186593706008],[11.955101854784875,57.701854984461],[11.95514555208791,57.701842377355504],[11.9551876508931,57.70182901272433],[11.955228767652663,57.70181418727213],[11.955267624066593,57.70179822884928],[11.955305480087553,57.70178098802622],[11.9553411017101,57.70176234522269],[11.9553750870882,57.70174339428755],[11.955406684012484,57.70172321652704],[11.955436590089821,57.70170174155062],[11.955464047452999,57.70167975733556],[11.955625365755173,57.70150948900834],[11.955992892168673,57.70115197082149],[11.956021092075254,57.70112443275019],[11.95605170293145,57.70109785238172],[11.95608484721067,57.70107241062238],[11.956120165464782,57.70104746966604],[11.95615717425099,57.701023828588305],[11.956197577603028,57.70100098731893],[11.95623939343628,57.70097943833462],[11.956283629491125,57.700958756486415],[11.956329663420044,57.70093973570989],[11.956377111586603,57.70092200635651],[11.956426295547951,57.70090503778507],[11.956476987559135,57.700889903064514],[11.956529377796572,57.70087597671534],[11.956583573381174,57.70086362262718],[11.956637502016413,57.70085278824266],[11.956693100299612,57.70084352285137],[11.956749567482973,57.70083544587157],[11.958939499917982,57.70044204455049],[11.9590350208216,57.70042879458816],[11.959131274794192,57.700416731505115],[11.95922769822922,57.70040592983242],[11.95932559229178,57.70039740951793],[11.959422734178423,57.700389590080675],[11.959521493227795,57.70038396653982],[11.9596194925987,57.7003791335745],[11.959718409760942,57.70037656867203],[11.959817229132188,57.70037516977032],[11.959916073139917,57.700375118671325],[11.960014222958872,57.7003767594133],[11.96011333415353,57.70038012908818]]]},"properties":{"id":"1480R042","name":"Haga","values":[20.05,9.147,6.333,38.275,0.0,10.25,19.481]}},{"type":"Feature","geometry":{"type":"Polygon","coordinates":[[[11.946143341374453,57.69967968715744],[11.946435038237095,57.698954539553185],[11.94666854686011,57.69831038927281],[11.94696383117149,57.697693609689736],[11.946188174084895,57.697617283742616],[11.946322384839046,57.69713967612608],[11.946592797109385,57.697138746130754],[11.946160131249767,57.696176848229854],[11.946117421260642,57.69615146502326],[11.946076771530112,57.69614437261999],[11.946034411864328,57.696139485907345],[11.945992085566404,57.696135857402226],[11.945949745478345,57.69613402704163],[11.94590661707266,57.6961333451683],[11.945876352438649,57.69613441107442],[11.946215205585613,57.69558698024339],[11.946254773396953,57.69526012114403],[11.946300369211778,57.6950391743424],[11.944606481953183,57.69488638921501],[11.94458861166996,57.69495227525922],[11.944558584789325,57.69510988557405],[11.943822949373642,57.69471703064047],[11.943302000932759,57.69547365589208],[11.942958201942668,57.69596596437723],[11.942498325895862,57.69584189287131],[11.94221398284229,57.69576519674383],[11.941943028178548,57.695692238198],[11.941389242813942,57.69567076014186],[11.941011484876926,57.69567267698525],[11.940706313813099,57.695647683064614],[11.940417899916572,57.69557007543388],[11.9400761444253,57.69544552666477],[11.939608210623778,57.6952744319227],[11.938576460011621,57.694958221209866],[11.938456814981352,57.695135946947055],[11.938390833891216,57.69546333280389],[11.938425453593663,57.69594349324924],[11.938695358897636,57.6963780370575],[11.938857339072298,57.69646948248771],[11.938990043625099,57.69657980942021],[11.939161468506486,57.696715155642615],[11.93927900294782,57.69687894149374],[11.939351172775886,57.69703902477157],[11.93937747681421,57.69721444167711],[11.93933484779871,57.69742593290041],[11.939238351338044,57.69760323085883],[11.939124962032125,57.6977395931197],[11.939000519878773,57.69786912747295],[11.93884514121999,57.697971583590316],[11.938654758674788,57.69806726115505],[11.93826383137273,57.69819861192536],[11.938345708379048,57.69827158456879],[11.938602803202963,57.69851540130825],[11.938789034924287,57.699047666172035],[11.93874936661665,57.6990551530366],[11.938821488228918,57.69925845771288],[11.93840262944495,57.69929091414962],[11.937654439353373,57.69937102122242],[11.93726268431263,57.69941527342188],[11.937087039009661,57.69943959581636],[11.936906481338855,57.69946964120617],[11.9367132541271,57.69950216399341],[11.936831191681307,57.69982007539591],[11.936856224257843,57.69988097845859],[11.936817691485846,57.700092927744755],[11.936787838778873,57.7002562024287],[11.936952387198192,57.70027806970929],[11.936741365382343,57.70038025455576],[11.936607901974384,57.700368934056826],[11.936119488392427,57.700578883293986],[11.936260662741013,57.70058248253008],[11.93620599219409,57.70092308234252],[11.936638693942788,57.70094820907162],[11.93656031536122,57.701440011465806],[11.938577593153267,57.70159605471737],[11.941672940239757,57.701922363635724],[11.943083262121045,57.70207120706117],[11.946170057732044,57.702726719890045],[11.946691366783446,57.70285729170471],[11.947512385527224,57.70102497689446],[11.94587823966252,57.70084328078836],[11.946016219622113,57.70029648075693],[11.946143341374453,57.69967968715744]]]},"properties":{"id":"1480R102","name":"Masthugget Masthuggsterassen","values":[13.516,13.161,13.454,8.814,8.323,16.249,14.058]}},{"type":"Feature","geometry":{"type":"Polygon","coordinates":[[[11.953606727200945,57.70262270282774],[11.953971546002807,57.702383471669634],[11.95397580832192,57.70238051930935],[11.954499499144491,57.70201993558347],[11.954528711757915,57.702001768749895],[11.954559609199809,57.7019849897636],[11.954592648852612,57.701969070359276],[11.954620461189126,57.70195769882092],[11.954628001534763,57.701955274755186],[11.954868119245555,57.7018968042818],[11.954693250240279,57.70179653333601],[11.95446103258243,57.70151542841083],[11.95376934565476,57.700433651038225],[11.953485922344223,57.7002365892847],[11.952365345112208,57.69964670515495],[11.952242672609728,57.6994394949348],[11.951894944899358,57.69885160234068],[11.951055346586088,57.69742980218352],[11.950010574894733,57.69732248067315],[11.947767185495124,57.697092326627434],[11.94696383117149,57.697693609689736],[11.94666854686011,57.69831038927281],[11.946435038237095,57.698954539553185],[11.946143341374453,57.69967968715744],[11.946016219622113,57.70029648075693],[11.94587823966252,57.70084328078836],[11.947512385527224,57.70102497689446],[11.946691366783446,57.70285729170471],[11.947450924124661,57.703047258113344],[11.9498542595925,57.703648172199884],[11.951311797415704,57.70421456721031],[11.953272395052926,57.70286482348879],[11.9534372639758,57.70275134632977],[11.953606727200945,57.70262270282774]]]},"properties":{"id":"1480R109","name":"Olivedal J\u00e4rntorget","values":[10.375,0.0,0.0,11.208,11.179,9.658,9.514]}},{"type":"Feature","geometry":{"type":"Polygon","coordinates":[[[11.934441111320998,57.71197311578335],[11.936981088295981,57.7121120963476],[11.937442177179484,57.71213718747337],[11.939088047987976,57.71222662216206],[11.940537825690793,57.7123080577719],[11.941026140274657,57.71235679883446],[11.941342692601408,57.712401204914066],[11.941669458370844,57.71245915747252],[11.942129885894404,57.71256437184208],[11.942551793769322,57.71269120800665],[11.943781751967725,57.71316924395479],[11.94496747770336,57.71366147529321],[11.945538138581462,57.71393126817924],[11.946112814729618,57.71422415992355],[11.949578572264349,57.71615189496181],[11.953624387628144,57.71835876564814],[11.953670351960335,57.71838368577459],[11.954656762991892,57.71938376858445],[11.955192620943846,57.71991462220433],[11.955555917718133,57.72028720952386],[11.955757123901943,57.72047401867085],[11.95699343113515,57.72044624565231],[11.95773847268719,57.720431361346975],[11.958398798071654,57.720412549740985],[11.959136595747214,57.72040143776196],[11.95953058840522,57.72038403715608],[11.959873927881926,57.72035625248854],[11.960204384229767,57.7203169252343],[11.960505311991687,57.720281200207715],[11.960996375101828,57.720211222471704],[11.961402441675396,57.720122486998804],[11.961416035044635,57.72011894953929],[11.961829586823693,57.72000370475182],[11.962095333118286,57.719911777589964],[11.962332031432695,57.719812772042935],[11.962576314928654,57.71968770983227],[11.962770246012248,57.719558562425796],[11.962957569030134,57.71941074559436],[11.963137004969493,57.71923308460066],[11.963260424437372,57.719044554544986],[11.963376352928572,57.71883301899046],[11.96359352629622,57.7184033064186],[11.963776415395747,57.71802237314267],[11.96397994952774,57.71762971419657],[11.96416975834463,57.71723385043097],[11.964359429111841,57.71686440117821],[11.964529547408306,57.716524946113694],[11.96469992696829,57.71624183942412],[11.964858415952607,57.716052711248246],[11.965065911335289,57.715878686023],[11.965211624218027,57.715774259212616],[11.965231999142619,57.71576414402245],[11.967053128799366,57.71449531037925],[11.964187435063932,57.713136724455644],[11.962308608500017,57.71225035376435],[11.961674948116306,57.71197274450812],[11.95983498629722,57.71049904015246],[11.956083838014875,57.70705963904174],[11.95406939754322,57.705791199900965],[11.95131674376781,57.70421666286674],[11.951311797415704,57.70421456721031],[11.9498542595925,57.703648172199884],[11.947450924124661,57.703047258113344],[11.946691366783446,57.70285729170471],[11.946170057732044,57.702726719890045],[11.943083262121045,57.70207120706117],[11.941672940239757,57.701922363635724],[11.938577593153267,57.70159605471737],[11.93656031536122,57.701440011465806],[11.934372857361844,57.7012712033888],[11.934353505379192,57.71196822192747],[11.934441111320998,57.71197311578335]]]},"properties":{"id":"1480R089","name":"Lindholmen","values":[12.056,12.861,12.771,11.28,12.048,11.637,10.45]}},{"type":"Feature","geometry":{"type":"Polygon","coordinates":[[[11.936820846788965,57.716660060849605],[11.93739612331328,57.71665718315621],[11.937561997326355,57.71665113339461],[11.937727801010775,57.716642655860056],[11.937823494126885,57.71663616546673],[11.937918911326058,57.71662805048882],[11.938014579555245,57.71661859421756],[11.93810854944745,57.71660792833856],[11.938202503117477,57.716595823922496],[11.938296307261584,57.71658218876287],[11.938388706438616,57.71656717134195],[11.93847999068509,57.71655059892153],[11.938571533477885,57.71653259551581],[11.938661385456387,57.71651329281895],[11.938749539035145,57.716492780530835],[11.938836831475653,57.71647098903232],[11.938923575470444,57.716447477390794],[11.939463397375825,57.716251069191955],[11.939695773078785,57.71589544744278],[11.939795332080974,57.715892373746065],[11.941464276622618,57.71584179003608],[11.941505645522225,57.71584063295893],[11.942319184664653,57.71563339714182],[11.942441457779434,57.71560238387372],[11.94253618617548,57.71554985819821],[11.942688160416404,57.7153851304643],[11.94275926236417,57.71534506355715],[11.9429098359678,57.71533315540988],[11.942926709086178,57.71529896666517],[11.942993637741017,57.71515734454805],[11.943029138414825,57.715082898516584],[11.943392906318824,57.714316724179085],[11.943702806541289,57.7142037963782],[11.94373457736713,57.71419162389343],[11.943825125297284,57.714219780967326],[11.943986776359294,57.714245611766614],[11.944155323337252,57.71424384243145],[11.9443289013161,57.71421855966055],[11.944533610404557,57.71432989933582],[11.94461794857497,57.71442844689437],[11.945072490729135,57.71419976378555],[11.945538138581462,57.71393126817924],[11.94496747770336,57.71366147529321],[11.943781751967725,57.71316924395479],[11.942551793769322,57.71269120800665],[11.942129885894404,57.71256437184208],[11.941669458370844,57.71245915747252],[11.941342692601408,57.712401204914066],[11.941026140274657,57.71235679883446],[11.940537825690793,57.7123080577719],[11.939088047987976,57.71222662216206],[11.937442177179484,57.71213718747337],[11.936981088295981,57.7121120963476],[11.934441111320998,57.71197311578335],[11.934353505379192,57.71196822192747],[11.934345009235292,57.71664406966377],[11.936820846788965,57.716660060849605]]]},"properties":{"id":"1480R115","name":"Rambergsstaden v\u00e4stra","values":[13.655,10.74,11.335,16.491,11.58,14.283,9.319]}},{"type":"Feature","geometry":{"type":"Polygon","coordinates":[[[11.934885443386566,57.719828704835756],[11.935011468826982,57.71991730612905],[11.935179620880971,57.72000566935929],[11.935472646371991,57.72010460488382],[11.936405802016548,57.72031887588648],[11.937228786056401,57.720507738966965],[11.93756238814832,57.72055607150446],[11.937816327580082,57.72057021476618],[11.938114089156612,57.72058703577954],[11.93858540868626,57.72055953023987],[11.939573767507005,57.72055028003197],[11.939557837438901,57.720301069274505],[11.940849139438901,57.72027667072703],[11.940836818237129,57.7201174980905],[11.941024647115867,57.719950044620155],[11.941006982450642,57.71972128028549],[11.94271270862865,57.71970795991685],[11.943570951519987,57.718832238705346],[11.944988457338523,57.71881012903934],[11.945032433675166,57.71832144758711],[11.945041459789886,57.717948291884476],[11.945411259454087,57.717877602977815],[11.94582506581238,57.71763643048948],[11.946383261229158,57.71793332536797],[11.947106586212053,57.71791429612505],[11.947164982882834,57.71873838362698],[11.947943637749717,57.7187335343746],[11.949152762306982,57.718702307862785],[11.949656693791466,57.71868516313823],[11.95012150760781,57.71866869045291],[11.950379201646445,57.718618379285374],[11.950116084210025,57.71835799989366],[11.949443869165206,57.71784396516342],[11.948712246298916,57.71726262583664],[11.948201341101216,57.71684485099388],[11.949578572264349,57.71615189496181],[11.946112814729618,57.71422415992355],[11.945538138581462,57.71393126817924],[11.945072490729135,57.71419976378555],[11.94461794857497,57.71442844689437],[11.944533610404557,57.71432989933582],[11.9443289013161,57.71421855966055],[11.944155323337252,57.71424384243145],[11.943986776359294,57.714245611766614],[11.943825125297284,57.714219780967326],[11.94373457736713,57.71419162389343],[11.943702806541289,57.7142037963782],[11.943392906318824,57.714316724179085],[11.943029138414825,57.715082898516584],[11.942993637741017,57.71515734454805],[11.942926709086178,57.71529896666517],[11.9429098359678,57.71533315540988],[11.94275926236417,57.71534506355715],[11.942688160416404,57.7153851304643],[11.94253618617548,57.71554985819821],[11.942441457779434,57.71560238387372],[11.942319184664653,57.71563339714182],[11.941505645522225,57.71584063295893],[11.941464276622618,57.71584179003608],[11.939795332080974,57.715892373746065],[11.939695773078785,57.71589544744278],[11.939463397375825,57.716251069191955],[11.938923575470444,57.716447477390794],[11.938836831475653,57.71647098903232],[11.938749539035145,57.716492780530835],[11.938661385456387,57.71651329281895],[11.938571533477885,57.71653259551581],[11.93847999068509,57.71655059892153],[11.938388706438616,57.71656717134195],[11.938296307261584,57.71658218876287],[11.938202503117477,57.716595823922496],[11.93810854944745,57.71660792833856],[11.938014579555245,57.71661859421756],[11.937918911326058,57.71662805048882],[11.937823494126885,57.71663616546673],[11.937727801010775,57.716642655860056],[11.937561997326355,57.71665113339461],[11.93739612331328,57.71665718315621],[11.936820846788965,57.716660060849605],[11.934345009235292,57.71664406966377],[11.934340249741057,57.71925804493978],[11.934354349176186,57.719253214945645],[11.934885443386566,57.719828704835756]]]},"properties":{"id":"1480R114","name":"Rambergsstaden mellersta","values":[13.508,14.463,17.24,12.722,13.466,11.468,8.864]}},{"type":"Feature","geometry":{"type":"Polygon","coordinates":[[[11.950701468608585,57.719148598013746],[11.952087991825117,57.71980761581939],[11.952707509829946,57.71986549049678],[11.953096658164258,57.719810162278534],[11.954656762991892,57.71938376858445],[11.953670351960335,57.71838368577459],[11.953624387628144,57.71835876564814],[11.949578572264349,57.71615189496181],[11.948201341101216,57.71684485099388],[11.948712246298916,57.71726262583664],[11.949443869165206,57.71784396516342],[11.950116084210025,57.71835799989366],[11.950379201646445,57.718618379285374],[11.95012150760781,57.71866869045291],[11.949656693791466,57.71868516313823],[11.949152762306982,57.718702307862785],[11.947943637749717,57.7187335343746],[11.947164982882834,57.71873838362698],[11.947106586212053,57.71791429612505],[11.946383261229158,57.71793332536797],[11.94582506581238,57.71763643048948],[11.945411259454087,57.717877602977815],[11.945041459789886,57.717948291884476],[11.945032433675166,57.71832144758711],[11.944988457338523,57.71881012903934],[11.943570951519987,57.718832238705346],[11.94271270862865,57.71970795991685],[11.941006982450642,57.71972128028549],[11.941024647115867,57.719950044620155],[11.940836818237129,57.7201174980905],[11.940849139438901,57.72027667072703],[11.939557837438901,57.720301069274505],[11.939573767507005,57.72055028003197],[11.940992970674891,57.72053679196465],[11.941735714360636,57.7205295851374],[11.94204737986667,57.72051132757222],[11.94335725367482,57.720393268101176],[11.943543989396977,57.720353567198885],[11.943823171643189,57.72025732944999],[11.944029562883442,57.72015043683248],[11.94417513153471,57.72004045807813],[11.944506677655557,57.719788047034335],[11.945096483923638,57.71979572801758],[11.946174254430142,57.71978858610902],[11.948316416382678,57.719775209489],[11.949086362532674,57.719770412481246],[11.949053409506064,57.7196600775319],[11.94901776028532,57.71954230835444],[11.949009302498238,57.71947497806338],[11.949137454522461,57.71941534580025],[11.949250852270044,57.71937467633329],[11.949312870587361,57.71936026658037],[11.949444044904293,57.71933053961861],[11.949868320638863,57.71918369121603],[11.949958066239633,57.71916401840793],[11.95034668984073,57.71907867177018],[11.95054284969214,57.719023911999514],[11.950583548070096,57.71902417381215],[11.950701468608585,57.719148598013746]]]},"properties":{"id":"1480R116","name":"Rambergsstaden \u00f6stra","values":[12.146,14.255,10.838,13.994,7.327,10.5,7.6]}},{"type":"Feature","geometry":{"type":"Polygon","coordinates":[[[11.934584275063502,57.72358435954571],[11.934720126948346,57.72358153956777],[11.93471344097384,57.72353123547985],[11.93543787528136,57.72351526328956],[11.936001898577924,57.723502592367055],[11.936076842182374,57.723500902609416],[11.937158381746114,57.72347676285883],[11.937234155114803,57.72347509250106],[11.937933752103719,57.72345958343239],[11.938516890081818,57.72344691446624],[11.938543982302036,57.723445952997466],[11.938591871407409,57.72344477473589],[11.939673507845498,57.72342106616283],[11.939748590405273,57.72341937669586],[11.940435292629914,57.72340399226461],[11.94101441912391,57.72339121481378],[11.941090184638853,57.72338963184029],[11.942277058550488,57.72336305220291],[11.942163290295321,57.721883434347696],[11.94227973016797,57.721880766398456],[11.943088630996542,57.72186301795371],[11.943323183535501,57.72185754179675],[11.943685954189107,57.72184932094623],[11.944048141310676,57.72184144358355],[11.944192057355579,57.721838180033444],[11.94425798321869,57.72183662722416],[11.94417560933591,57.72076879435568],[11.944190110123463,57.72036863359064],[11.94417513153471,57.72004045807813],[11.944029562883442,57.72015043683248],[11.943823171643189,57.72025732944999],[11.943543989396977,57.720353567198885],[11.94335725367482,57.720393268101176],[11.94204737986667,57.72051132757222],[11.941735714360636,57.7205295851374],[11.940992970674891,57.72053679196465],[11.939573767507005,57.72055028003197],[11.93858540868626,57.72055953023987],[11.938114089156612,57.72058703577954],[11.937816327580082,57.72057021476618],[11.93756238814832,57.72055607150446],[11.937228786056401,57.720507738966965],[11.936405802016548,57.72031887588648],[11.935472646371991,57.72010460488382],[11.935179620880971,57.72000566935929],[11.935011468826982,57.71991730612905],[11.934885443386566,57.719828704835756],[11.934354349176186,57.719253214945645],[11.934340249741057,57.71925804493978],[11.934332346728196,57.72358995483398],[11.934584275063502,57.72358435954571]]]},"properties":{"id":"1480R077","name":"Kvilleb\u00e4cken Wieselgrensplatsen","values":[13.751,13.927,13.363,11.543,8.93,12.321,18.372]}},{"type":"Feature","geometry":{"type":"Polygon","coordinates":[[[11.935276159691453,57.72780214026905],[11.939755869264522,57.727573211187604],[11.945794304516573,57.72726394492479],[11.945591536441428,57.726179190192475],[11.945523065272535,57.72510531538096],[11.945422255799695,57.723872863893305],[11.945414772446854,57.72378749467416],[11.944332682100878,57.723800099146324],[11.944192057355579,57.721838180033444],[11.944048141310676,57.72184144358355],[11.943685954189107,57.72184932094623],[11.943323183535501,57.72185754179675],[11.943088630996542,57.72186301795371],[11.94227973016797,57.721880766398456],[11.942163290295321,57.721883434347696],[11.942277058550488,57.72336305220291],[11.941090184638853,57.72338963184029],[11.94101441912391,57.72339121481378],[11.940435292629914,57.72340399226461],[11.939748590405273,57.72341937669586],[11.939673507845498,57.72342106616283],[11.938591871407409,57.72344477473589],[11.938543982302036,57.723445952997466],[11.938516890081818,57.72344691446624],[11.937933752103719,57.72345958343239],[11.937234155114803,57.72347509250106],[11.937158381746114,57.72347676285883],[11.936076842182374,57.723500902609416],[11.936001898577924,57.723502592367055],[11.93543787528136,57.72351526328956],[11.93471344097384,57.72353123547985],[11.934720126948346,57.72358153956777],[11.934584275063502,57.72358435954571],[11.934332346728196,57.72358995483398],[11.934324554358996,57.72785086039253],[11.935276159691453,57.72780214026905]]]},"properties":{"id":"1480R076","name":"Kvilleb\u00e4cken Bj\u00f6rlandav\u00e4gen","values":[12.267,12.689,12.155,11.411,13.437,10.517,10.424]}},{"type":"Feature","geometry":{"type":"Polygon","coordinates":[[[11.944401968978514,57.729855714372476],[11.944667772187598,57.72940653613092],[11.94629667213488,57.72932058627517],[11.946268145498216,57.729366445511815],[11.946247138394098,57.72940197301101],[11.946228690645306,57.7294383711794],[11.946213299616025,57.72947466334745],[11.946201190786875,57.72951148321343],[11.946191538231593,57.72954872276618],[11.94618494417478,57.729585855464975],[11.946181536728448,57.72962297607848],[11.946181737314639,57.72963538156513],[11.946185954600736,57.72964779409857],[11.94619257558015,57.729659636378344],[11.946202315600203,57.7296706542304],[11.946214580008192,57.72968128449874],[11.946229133387432,57.72969107120666],[11.946246011880074,57.72969956582904],[11.946265224726341,57.72970667870858],[11.946285272038299,57.72971210491299],[11.946306908253058,57.729716760540384],[11.94632942431016,57.729719191310814],[11.946352599589737,57.729720379673815],[11.946475536180406,57.72972145853654],[11.946598339732592,57.72972082726224],[11.946721149476044,57.729718488311896],[11.946843372497751,57.72971487767657],[11.946966055325989,57.72970912091375],[11.947428335977024,57.72967345428263],[11.947977269750126,57.729617321487574],[11.948427691794151,57.729582623553725],[11.948778419123547,57.72956367240398],[11.94879987094378,57.72956230304688],[11.948821566057651,57.72955968124315],[11.949049556943374,57.729550440390184],[11.94923633137052,57.72954694558385],[11.949171603887816,57.729443662634864],[11.949098717906775,57.729378014013875],[11.949038323985725,57.72928085646474],[11.949019644322068,57.72919342104114],[11.948919356114917,57.72865713870766],[11.948851380488254,57.728548026764905],[11.948736792456499,57.72841173043422],[11.948462031580192,57.72823131398699],[11.94723441654262,57.727771362388225],[11.946326503720115,57.727425597919385],[11.945794304516573,57.72726394492479],[11.939755869264522,57.727573211187604],[11.935276159691453,57.72780214026905],[11.934324554358996,57.72785086039253],[11.934320314774519,57.73016479189264],[11.944228052597746,57.73016954327702],[11.944401968978514,57.729855714372476]]]},"properties":{"id":"1480R129","name":"Sl\u00e4ttadamm","values":[14.542,18.292,14.709,12.918,14.24,14.927,10.057]}},{"type":"Feature","geometry":{"type":"Polygon","coordinates":[[[11.952459272520018,57.73013968038536],[11.952366409511066,57.7298075654737],[11.952323697071877,57.72965494143826],[11.951374312456643,57.729593344821886],[11.949709108858219,57.72953794280381],[11.94923633137052,57.72954694558385],[11.949049556943374,57.729550440390184],[11.948821566057651,57.72955968124315],[11.94879987094378,57.72956230304688],[11.948778419123547,57.72956367240398],[11.948427691794151,57.729582623553725],[11.947977269750126,57.729617321487574],[11.947428335977024,57.72967345428263],[11.946966055325989,57.72970912091375],[11.946843372497751,57.72971487767657],[11.946721149476044,57.729718488311896],[11.946598339732592,57.72972082726224],[11.946475536180406,57.72972145853654],[11.946352599589737,57.729720379673815],[11.94632942431016,57.729719191310814],[11.946306908253058,57.729716760540384],[11.946285272038299,57.72971210491299],[11.946265224726341,57.72970667870858],[11.946246011880074,57.72969956582904],[11.946229133387432,57.72969107120666],[11.946214580008192,57.72968128449874],[11.946202315600203,57.7296706542304],[11.94619257558015,57.729659636378344],[11.946185954600736,57.72964779409857],[11.946181737314639,57.72963538156513],[11.946181536728448,57.72962297607848],[11.94618494417478,57.729585855464975],[11.946191538231593,57.72954872276618],[11.946201190786875,57.72951148321343],[11.946213299616025,57.72947466334745],[11.946228690645306,57.7294383711794],[11.946247138394098,57.72940197301101],[11.946268145498216,57.729366445511815],[11.94629667213488,57.72932058627517],[11.944667772187598,57.72940653613092],[11.944401968978514,57.729855714372476],[11.944228052597746,57.73016954327702],[11.952470509355903,57.73017290507994],[11.952459272520018,57.73013968038536]]]},"properties":{"id":"1480R142","name":"Tuve \u00f6stra","values":[15.117,15.175,16.238,12.516,13.976,12.771,18.391]}},{"type":"Feature","geometry":{"type":"Polygon","coordinates":[[[11.972048163580046,57.68342054473594],[11.972041096639218,57.68351185331052],[11.972113776725978,57.683649014027395],[11.972318554880868,57.6837734307239],[11.972530847016545,57.68388077471508],[11.972820793630257,57.68394630514324],[11.972947082617425,57.68401645419212],[11.973080878130238,57.68409945299847],[11.972640492228813,57.68433440972928],[11.972893309461677,57.68447022070438],[11.973864918141512,57.684208436780736],[11.974928318921082,57.68403546743946],[11.975130530737008,57.68402152431111],[11.975699459105519,57.68401041954387],[11.975823010903246,57.68391758333857],[11.976319255042498,57.683555001631674],[11.976859675189797,57.683117092607446],[11.976860588809146,57.683116009510464],[11.971495722349317,57.683114915283014],[11.972048163580046,57.68342054473594]]]},"properties":{"id":"1480R038","name":"Guldheden s\u00f6dra","values":[15.511,12.834,19.817,9.182,12.134,14.778,17.099]}},{"type":"Feature","geometry":{"type":"Polygon","coordinates":[[[11.984465896661952,57.68330310433094],[11.9844081374618,57.683796586691],[11.984283218819641,57.68428064894962],[11.984142499912327,57.6846784294223],[11.983814694132345,57.68548069991314],[11.983763388201941,57.68558685935827],[11.983575720983154,57.68592007706493],[11.984255074747843,57.68601077319414],[11.984812917146836,57.68608509041153],[11.9848814335511,57.68617307911036],[11.984968023227731,57.686193475117186],[11.985052935789394,57.68621571762692],[11.985136371494654,57.686239093288826],[11.985218758937625,57.686263432566335],[11.985299892022443,57.68628953945354],[11.985379162803593,57.68631640990013],[11.985457186692914,57.68634495826138],[11.985533333302131,57.686374450486575],[11.98560882474069,57.686405184445334],[11.985682023473041,57.686436853270195],[11.98575276417301,57.68646981074039],[11.985822846362371,57.68650400987173],[11.985890507639755,57.686539050945186],[11.985955701759295,57.68657547033486],[11.98602013890252,57.68661268055303],[11.986066072221048,57.68664109196746],[11.986594880299117,57.686232160685485],[11.987214583611536,57.68552004751873],[11.988150361099246,57.68581389478193],[11.98883521681218,57.686156844249666],[11.989549693496828,57.68625805299585],[11.99091123201084,57.68528312752042],[11.991816318451985,57.685677039613594],[11.992005772136752,57.68565845182093],[11.993469551459905,57.684699320960235],[11.994003985918638,57.68438978852531],[11.994276160033477,57.684359684678675],[11.994361716509557,57.684582952958266],[11.994379608499836,57.685529421819986],[11.994433824236166,57.685651661897936],[11.994518728701747,57.685762589425835],[11.994981468431266,57.68607308810939],[11.994700465016443,57.68680424890704],[11.994778621766397,57.68681626059196],[11.99513279887541,57.68686556192452],[11.995160036468585,57.68686917506686],[11.995862416055395,57.686961433750646],[11.996065865791735,57.68700948872552],[11.99644013136985,57.68707525907386],[11.996716778864437,57.687108337689175],[11.997570886889212,57.6872099411271],[11.998020361482519,57.68728998255188],[11.998106831818466,57.6873052444374],[11.998262629537901,57.68711313808841],[11.998647687529088,57.68665716442148],[11.999221391614888,57.68593626617136],[11.99971670576555,57.68528287805266],[11.999721349976147,57.68527858511874],[11.999808311197931,57.685200852855765],[11.999877629805681,57.68511892802654],[12.000305131823678,57.68451617826243],[12.000305091004611,57.6831181211005],[11.98448718776051,57.68311717334141],[11.984465896661952,57.68330310433094]]]},"properties":{"id":"1480R072","name":"Kroksl\u00e4tt s\u00f6dra","values":[12.803,10.934,18.9,10.853,11.085,10.716,16.51]}},{"type":"Feature","geometry":{"type":"Polygon","coordinates":[[[11.979862124105832,57.68542330028832],[11.980376803974242,57.685492292376864],[11.980501706609633,57.68564749745829],[11.98276644439385,57.685864199033574],[11.982793508099087,57.68586655152428],[11.982820700236227,57.68586738003863],[11.982847771027167,57.685866318204916],[11.982874808853564,57.68586399817966],[11.982901014604437,57.6858600404856],[11.982926633027496,57.68585481137483],[11.98295018420577,57.685847824351434],[11.982973287059373,57.68583956922884],[11.983575720983154,57.68592007706493],[11.983763388201941,57.68558685935827],[11.983814694132345,57.68548069991314],[11.984142499912327,57.6846784294223],[11.984283218819641,57.68428064894962],[11.9844081374618,57.683796586691],[11.984465896661952,57.68330310433094],[11.98448718776051,57.68311717334141],[11.97965423080525,57.68311648920129],[11.979283416726952,57.683490960857355],[11.97917965733231,57.68361707249696],[11.97908039993089,57.68359106783029],[11.97911696198834,57.68355078583803],[11.978861431459112,57.68348393510545],[11.978234161244368,57.684169050081394],[11.977749326073418,57.684331702644705],[11.976937640979532,57.68521854360866],[11.977011519035079,57.68534323846982],[11.977066734567753,57.68544115902139],[11.977348733465297,57.685510980905114],[11.977443195956685,57.68553480505747],[11.977297155369529,57.68569656802631],[11.977358883590178,57.68571799200111],[11.977493174859738,57.68556107123192],[11.977554040362362,57.68549153619811],[11.977561009992517,57.68548595143903],[11.97756807958497,57.68548081846179],[11.977576093097584,57.685475977679644],[11.97758464433541,57.6854713295058],[11.977592620402628,57.68546693811964],[11.977602109759777,57.68546267187997],[11.977611704952835,57.68545876678479],[11.977621162738062,57.685454859303704],[11.977631513805838,57.685451871957156],[11.977641594333491,57.685448788265404],[11.977651952871012,57.68544571121712],[11.977663101451624,57.68544310154376],[11.977674212590617,57.68544094126649],[11.977685432916672,57.68543914221345],[11.977697205840393,57.68543735726471],[11.977707965983921,57.68543608648355],[11.977720361728249,57.68543512442618],[11.977732297217255,57.68543469153864],[11.9777442419284,57.68543416809296],[11.977756147600186,57.68543409310628],[11.97776815491357,57.68543446994064],[11.977779333217011,57.68543482696195],[11.97779126580324,57.68543610079447],[11.97780334326881,57.68543728731078],[11.977814416955567,57.68543890012949],[11.977825759507446,57.68544060925116],[11.977836797582466,57.68544266971115],[11.977848080355571,57.68544509643115],[11.977858489358711,57.68544804064197],[11.977869037294665,57.685450989070866],[11.977879269932604,57.685454378458324],[11.977888914210668,57.68545820317772],[11.97791146940625,57.68546485303328],[11.977940282916371,57.68547111226925],[11.979025434629477,57.685743347194524],[11.979060753249295,57.6857529073146],[11.979094435092867,57.685763865484006],[11.979125626910573,57.68577647275531],[11.979156328782675,57.68578996620201],[11.979183735769965,57.685804818993105],[11.979209526719664,57.68582080069852],[11.979231674584595,57.68583732542613],[11.979324145616012,57.68572720847973],[11.979807806545452,57.685415892234],[11.979862124105832,57.68542330028832]]]},"properties":{"id":"1480R070","name":"Kroksl\u00e4tt Mossen","values":[10.944,5.5,7.231,10.286,11.2,0.0,13.727]}},{"type":"Feature","geometry":{"type":"Polygon","coordinates":[[[11.978234161244368,57.684169050081394],[11.978861431459112,57.68348393510545],[11.97911696198834,57.68355078583803],[11.97908039993089,57.68359106783029],[11.97917965733231,57.68361707249696],[11.979283416726952,57.683490960857355],[11.97965423080525,57.68311648920129],[11.976860588809146,57.683116009510464],[11.976859675189797,57.683117092607446],[11.976319255042498,57.683555001631674],[11.975823010903246,57.68391758333857],[11.975699459105519,57.68401041954387],[11.975130530737008,57.68402152431111],[11.974928318921082,57.68403546743946],[11.973864918141512,57.684208436780736],[11.972893309461677,57.68447022070438],[11.972640492228813,57.68433440972928],[11.973080878130238,57.68409945299847],[11.972947082617425,57.68401645419212],[11.972820793630257,57.68394630514324],[11.972530847016545,57.68388077471508],[11.972318554880868,57.6837734307239],[11.972113776725978,57.683649014027395],[11.972041096639218,57.68351185331052],[11.972048163580046,57.68342054473594],[11.971495722349317,57.683114915283014],[11.96415031143883,57.68311304800357],[11.964106861385437,57.683219180767274],[11.9639346768142,57.68366794608835],[11.963788764971941,57.68404742953171],[11.96373420802086,57.684206611401756],[11.963588669318481,57.68444601080116],[11.964106403668328,57.685040199851116],[11.964650569670928,57.68563457152049],[11.965248830793014,57.68626896937752],[11.965998183243046,57.68701302465797],[11.966455299917376,57.68756018887086],[11.967019436148139,57.68815493821288],[11.967455692970885,57.68846697262295],[11.969203378010997,57.689468849121226],[11.970261347113231,57.69000586436929],[11.970295149592694,57.689541555627144],[11.971428550530511,57.689473720084834],[11.972352512298972,57.689476162936664],[11.973155582649719,57.688577371276246],[11.973757939589527,57.68799394456388],[11.974905641277577,57.68703877966752],[11.975981796059402,57.68616762056521],[11.976193548110183,57.68593976597379],[11.976224739759203,57.685904207989765],[11.976292282678262,57.685806078300494],[11.976427983523454,57.68580662646265],[11.97724896329689,57.685718600324634],[11.977297155369529,57.68569656802631],[11.977443195956685,57.68553480505747],[11.977348733465297,57.685510980905114],[11.977066734567753,57.68544115902139],[11.977011519035079,57.68534323846982],[11.976937640979532,57.68521854360866],[11.977749326073418,57.684331702644705],[11.978234161244368,57.684169050081394]]]},"properties":{"id":"1480R036","name":"Guldheden mellersta","values":[12.509,10.867,12.158,6.5,11.286,12.258,12.91]}},{"type":"Feature","geometry":{"type":"Polygon","coordinates":[[[11.992569725739582,57.68874533879314],[11.992607813575217,57.6887399539429],[11.992645029889644,57.68873338084126],[11.992680730974065,57.68872506401525],[11.992715846081879,57.68871547495285],[11.992738045155901,57.68870809534354],[11.992758409690548,57.68869950369353],[11.99277667309388,57.688689514807244],[11.992793892268562,57.68867878116554],[11.992808177129147,57.688666720355755],[11.992820623500194,57.68865515509747],[11.992871886788716,57.68867111042279],[11.993009879540537,57.68854562318232],[11.993093781993524,57.68855849059869],[11.993100193199501,57.688554599416335],[11.993299977669633,57.688586846554045],[11.993679925419492,57.68864763784315],[11.993711871759693,57.688652890239126],[11.993718788684745,57.68863957565275],[11.993846269911296,57.688672618876915],[11.99399888323809,57.68844081450028],[11.994066220696975,57.68833961522526],[11.994113520929208,57.68826813240048],[11.994113222791524,57.68816820163687],[11.994217248562473,57.68792984952408],[11.994310856472703,57.68782891589158],[11.994367134910124,57.687598954155874],[11.994712199390662,57.687220488551326],[11.994756601135213,57.687198988797036],[11.994798389583954,57.68717562936881],[11.994837644226275,57.68715113208079],[11.994874799449551,57.68712523672459],[11.99490845279274,57.68709818050964],[11.994939134823339,57.68707024388225],[11.99513279887541,57.68686556192452],[11.994778621766397,57.68681626059196],[11.994700465016443,57.68680424890704],[11.994981468431266,57.68607308810939],[11.994518728701747,57.685762589425835],[11.994433824236166,57.685651661897936],[11.994379608499836,57.685529421819986],[11.994361716509557,57.684582952958266],[11.994276160033477,57.684359684678675],[11.994003985918638,57.68438978852531],[11.993469551459905,57.684699320960235],[11.992005772136752,57.68565845182093],[11.991816318451985,57.685677039613594],[11.99180701955059,57.685907667672495],[11.991347305088093,57.68667222259974],[11.990863160956842,57.68754420583918],[11.990710723456871,57.68812898028205],[11.990600479407352,57.688452009755125],[11.99083127994779,57.68855239308769],[11.990876469256786,57.68854313501003],[11.990922652453948,57.68853524783711],[11.990969429043204,57.6885285422827],[11.991017169616997,57.68852356822951],[11.991065865214848,57.6885204135438],[11.991114428620802,57.68851887260167],[11.991163025124461,57.688518591620756],[11.991211756696456,57.688520020619876],[11.99125951044862,57.68852322300098],[11.991307406648671,57.68852804655867],[11.991354638532183,57.688534202465895],[11.991401046439389,57.68854195655942],[11.991609015670125,57.688580600891825],[11.991625833423038,57.6885830681387],[11.991644172674224,57.6885838638917],[11.991661692602182,57.68858284259082],[11.991679101431604,57.68857984222555],[11.991694965337878,57.68857545693775],[11.991709273530546,57.68856977634947],[11.991721914257438,57.68856252906751],[11.991731277481884,57.68855475443357],[11.991844116883321,57.688572444484606],[11.991841047194388,57.688581087847176],[11.991841277323003,57.688589989454144],[11.991843718366852,57.688598943649076],[11.99184868965085,57.68860741875861],[11.991856764473136,57.68861515968314],[11.991866551308087,57.68862231128265],[11.991878519878199,57.68862816750206],[11.991893042683968,57.688633275570574],[11.99190826532468,57.68863660272123],[11.992049845191376,57.68866315418079],[11.992033602231253,57.68868882710885],[11.992299911683093,57.68873820335697],[11.99233763014329,57.68874395288626],[11.99237589620531,57.68874809762161],[11.992414142183327,57.68875080471735],[11.99245335113967,57.68875191689655],[11.992492287698402,57.68875131490262],[11.99253137292805,57.68874891976967],[11.992569725739582,57.68874533879314]]]},"properties":{"id":"1480R112","name":"Olofsh\u00f6jd","values":[15.031,22.129,9.88,16.19,12.088,11.5,9.176]}},{"type":"Feature","geometry":{"type":"Polygon","coordinates":[[[11.963470666084087,57.69225819202783],[11.96558814782251,57.69224880633123],[11.966969854352978,57.692244836041944],[11.968123622628474,57.691303711937394],[11.970215135568585,57.69065849284571],[11.9702285783605,57.69047271356274],[11.970261347113231,57.69000586436929],[11.969203378010997,57.689468849121226],[11.967455692970885,57.68846697262295],[11.967019436148139,57.68815493821288],[11.966455299917376,57.68756018887086],[11.965998183243046,57.68701302465797],[11.965248830793014,57.68626896937752],[11.964650569670928,57.68563457152049],[11.964106403668328,57.685040199851116],[11.963588669318481,57.68444601080116],[11.963380520573034,57.684788684142774],[11.96302706279089,57.68520586745349],[11.962986319307019,57.68524793210676],[11.962949748604627,57.68525666910748],[11.962914078372908,57.68526623573725],[11.962879921681502,57.685277547309646],[11.962847462738155,57.685290067177505],[11.962816722395724,57.68530352620552],[11.962787404991516,57.68531818872901],[11.962760614328275,57.6853340794618],[11.962735442410608,57.685350458463226],[11.962711968163187,57.68536804666308],[11.962628745345487,57.685439823328046],[11.962176346257245,57.686307975852216],[11.962065237612581,57.686463193046436],[11.962228105846354,57.68651446185265],[11.962135375477907,57.68663363592442],[11.961638194529463,57.686920929249695],[11.96115308450861,57.687647121235756],[11.961393081364237,57.68778210721596],[11.96184892369506,57.68790098229003],[11.961771807472331,57.6881310601506],[11.961839169796944,57.68824212969145],[11.961660668867255,57.68850958022586],[11.961472675940847,57.68864416779528],[11.96140616102029,57.68863034880748],[11.961185871779689,57.688573925321606],[11.960783937101388,57.68843756320282],[11.96039931939334,57.688593303662515],[11.960386203452304,57.68861770071205],[11.960258191303655,57.6886755494231],[11.960024909065318,57.68882369396994],[11.96007233434104,57.688895194995006],[11.959946109145644,57.689006014437226],[11.959513660669153,57.68920724089556],[11.959096787697678,57.68930846600305],[11.95960180092663,57.68963664932563],[11.960017146346196,57.69007050773348],[11.960008320202848,57.690421831119586],[11.959945741078474,57.69044360110522],[11.960185626124218,57.6907006181225],[11.960250396401928,57.690760045409405],[11.960260903997392,57.69081466318431],[11.960321381630063,57.691073927997095],[11.960349043687511,57.69132018230442],[11.961000284821356,57.692196250180146],[11.961509437394042,57.69265904559338],[11.961553164217587,57.69270871081035],[11.961788902645285,57.69264050859687],[11.961911939140828,57.692612462126945],[11.963470666084087,57.69225819202783]]]},"properties":{"id":"1480R037","name":"Guldheden norra","values":[13.891,16.69,9.35,13.066,13.836,12.376,14.589]}},{"type":"Feature","geometry":{"type":"Polygon","coordinates":[[[11.992390624506054,57.69170977690531],[11.994834365651018,57.69209144946545],[11.994663648417163,57.692548283550735],[11.995043969293189,57.69258337925655],[11.99504238960254,57.69259241759894],[11.995044969035543,57.692601375000706],[11.99505080793743,57.69260942118565],[11.995059722681473,57.69261709105815],[11.995071065960705,57.692623830869714],[11.995083932433896,57.69262889918807],[11.99509898995598,57.692632581513585],[11.995115010371459,57.69263466980981],[11.996631568912118,57.69275704589115],[11.997054905485859,57.692879422599866],[11.997285687418524,57.692900357153874],[11.997632301480406,57.69180627874313],[11.997774452689194,57.69139477157953],[11.99791396037803,57.69110711792155],[11.998222928760047,57.690544382305774],[11.998547319761256,57.6900426670015],[11.998816736109006,57.689705168137685],[11.998953944589209,57.68954047650639],[11.999277331922968,57.68919284562949],[11.999384364675372,57.6890817121266],[11.99991746278646,57.688525818210024],[12.000305228185168,57.688093827514535],[12.000305131823678,57.68451617826243],[11.999877629805681,57.68511892802654],[11.999808311197931,57.685200852855765],[11.999721349976147,57.68527858511874],[11.99971670576555,57.68528287805266],[11.999221391614888,57.68593626617136],[11.998647687529088,57.68665716442148],[11.998262629537901,57.68711313808841],[11.998106831818466,57.6873052444374],[11.998020361482519,57.68728998255188],[11.997570886889212,57.6872099411271],[11.996716778864437,57.687108337689175],[11.99644013136985,57.68707525907386],[11.996065865791735,57.68700948872552],[11.995862416055395,57.686961433750646],[11.995160036468585,57.68686917506686],[11.99513279887541,57.68686556192452],[11.994939134823339,57.68707024388225],[11.99490845279274,57.68709818050964],[11.994874799449551,57.68712523672459],[11.994837644226275,57.68715113208079],[11.994798389583954,57.68717562936881],[11.994756601135213,57.687198988797036],[11.994712199390662,57.687220488551326],[11.994367134910124,57.687598954155874],[11.994310856472703,57.68782891589158],[11.994217248562473,57.68792984952408],[11.994113222791524,57.68816820163687],[11.994113520929208,57.68826813240048],[11.994066220696975,57.68833961522526],[11.99399888323809,57.68844081450028],[11.993846269911296,57.688672618876915],[11.993718788684745,57.68863957565275],[11.993711871759693,57.688652890239126],[11.993679925419492,57.68864763784315],[11.993299977669633,57.688586846554045],[11.993100193199501,57.688554599416335],[11.993093781993524,57.68855849059869],[11.993009879540537,57.68854562318232],[11.992871886788716,57.68867111042279],[11.992820623500194,57.68865515509747],[11.992808177129147,57.688666720355755],[11.992793892268562,57.68867878116554],[11.99277667309388,57.688689514807244],[11.992758409690548,57.68869950369353],[11.992738045155901,57.68870809534354],[11.992715846081879,57.68871547495285],[11.992680730974065,57.68872506401525],[11.992645029889644,57.68873338084126],[11.992607813575217,57.6887399539429],[11.992569725739582,57.68874533879314],[11.99253137292805,57.68874891976967],[11.992492287698402,57.68875131490262],[11.99245335113967,57.68875191689655],[11.992414142183327,57.68875080471735],[11.99237589620531,57.68874809762161],[11.99233763014329,57.68874395288626],[11.992299911683093,57.68873820335697],[11.992033602231253,57.68868882710885],[11.992049845191376,57.68866315418079],[11.99190826532468,57.68863660272123],[11.991893042683968,57.688633275570574],[11.991878519878199,57.68862816750206],[11.991866551308087,57.68862231128265],[11.991856764473136,57.68861515968314],[11.99184868965085,57.68860741875861],[11.991843718366852,57.688598943649076],[11.991841277323003,57.688589989454144],[11.991841047194388,57.688581087847176],[11.991844116883321,57.688572444484606],[11.991731277481884,57.68855475443357],[11.991721914257438,57.68856252906751],[11.991709273530546,57.68856977634947],[11.991694965337878,57.68857545693775],[11.991679101431604,57.68857984222555],[11.991661692602182,57.68858284259082],[11.991644172674224,57.6885838638917],[11.991625833423038,57.6885830681387],[11.991609015670125,57.688580600891825],[11.991401046439389,57.68854195655942],[11.991354638532183,57.688534202465895],[11.991307406648671,57.68852804655867],[11.99125951044862,57.68852322300098],[11.991211756696456,57.688520020619876],[11.991163025124461,57.688518591620756],[11.991114428620802,57.68851887260167],[11.991065865214848,57.6885204135438],[11.991017169616997,57.68852356822951],[11.990969429043204,57.6885285422827],[11.990922652453948,57.68853524783711],[11.990876469256786,57.68854313501003],[11.99083127994779,57.68855239308769],[11.990600479407352,57.688452009755125],[11.990710723456871,57.68812898028205],[11.990863160956842,57.68754420583918],[11.991347305088093,57.68667222259974],[11.99180701955059,57.685907667672495],[11.991816318451985,57.685677039613594],[11.99091123201084,57.68528312752042],[11.989549693496828,57.68625805299585],[11.98883521681218,57.686156844249666],[11.988150361099246,57.68581389478193],[11.987214583611536,57.68552004751873],[11.986594880299117,57.686232160685485],[11.986066072221048,57.68664109196746],[11.986081461896738,57.686650714404216],[11.986141148300586,57.686690148172936],[11.986198586856437,57.68672997683561],[11.986253435739629,57.68677100205299],[11.986306852509081,57.686812622265194],[11.986357155033067,57.68685506702419],[11.986405826881674,57.686898820179046],[11.986452013367582,57.686942514089665],[11.986495181565335,57.6869875741127],[11.986536661955657,57.68703295341487],[11.98657491308282,57.687078884903066],[11.986610880650643,57.68712566074916],[11.986644455519206,57.687172917942696],[11.986675654183395,57.68722047802092],[11.986704582419101,57.687268703917965],[11.986730166434144,57.687317208739906],[11.986753365090491,57.6873661061123],[11.987310173668789,57.68835623953228],[11.987363676671563,57.688446834153964],[11.987566534815844,57.68880526527589],[11.988177550491262,57.68988474788989],[11.988248325489984,57.69004404822358],[11.988314391229407,57.69020341522229],[11.988327694680478,57.69023653036696],[11.988337072578355,57.69027027195611],[11.98834410052946,57.69030395668693],[11.98834877428016,57.69033767613443],[11.988349396795275,57.690371837481564],[11.98834770985684,57.69040549444356],[11.988342648473868,57.690439790076695],[11.988335420672529,57.6904734957511],[11.988324763062947,57.690506849218764],[11.988311226568602,57.69053986539558],[11.988295067039687,57.69057281821027],[11.988209665330402,57.6906996437846],[11.988051990635311,57.69096349134298],[11.987735776025087,57.691488201153845],[11.987723378299426,57.691507494831235],[11.987166969539258,57.69240281509236],[11.98684972159224,57.692911323862255],[11.986611497054472,57.69321323856405],[11.98635677421418,57.69341052257849],[11.986219406105395,57.693483001486726],[11.98621584405161,57.693504213257526],[11.98596310147356,57.69487331686142],[11.985942941420845,57.69498264608033],[11.987196651903961,57.695117651439915],[11.987106644331984,57.69618600783306],[11.987545613028894,57.69579209430505],[11.989189002918119,57.694226506746475],[11.99001008296458,57.693443781303145],[11.99111021357071,57.69239496559894],[11.991163672039512,57.6923444774761],[11.991948118227882,57.69170707090544],[11.99215182483088,57.69152365884806],[11.992390624506054,57.69170977690531]]]},"properties":{"id":"1480R071","name":"Kroksl\u00e4tt norra","values":[13.592,14.758,12.415,15.341,13.964,10.874,9.671]}},{"type":"Feature","geometry":{"type":"Polygon","coordinates":[[[11.985690083948866,57.69340218345724],[11.98593785481904,57.693393530619154],[11.986138870490295,57.69344118459126],[11.986201174066812,57.69349254083642],[11.986219406105395,57.693483001486726],[11.98635677421418,57.69341052257849],[11.986611497054472,57.69321323856405],[11.98684972159224,57.692911323862255],[11.987166969539258,57.69240281509236],[11.987723378299426,57.691507494831235],[11.987735776025087,57.691488201153845],[11.988051990635311,57.69096349134298],[11.988209665330402,57.6906996437846],[11.988295067039687,57.69057281821027],[11.988311226568602,57.69053986539558],[11.988324763062947,57.690506849218764],[11.988335420672529,57.6904734957511],[11.988342648473868,57.690439790076695],[11.98834770985684,57.69040549444356],[11.988349396795275,57.690371837481564],[11.98834877428016,57.69033767613443],[11.98834410052946,57.69030395668693],[11.988337072578355,57.69027027195611],[11.988327694680478,57.69023653036696],[11.988314391229407,57.69020341522229],[11.988248325489984,57.69004404822358],[11.988177550491262,57.68988474788989],[11.987566534815844,57.68880526527589],[11.987363676671563,57.688446834153964],[11.987310173668789,57.68835623953228],[11.986753365090491,57.6873661061123],[11.986730166434144,57.687317208739906],[11.986704582419101,57.687268703917965],[11.986675654183395,57.68722047802092],[11.986644455519206,57.687172917942696],[11.986610880650643,57.68712566074916],[11.98657491308282,57.687078884903066],[11.986536661955657,57.68703295341487],[11.986495181565335,57.6869875741127],[11.986452013367582,57.686942514089665],[11.986405826881674,57.686898820179046],[11.986357155033067,57.68685506702419],[11.986306852509081,57.686812622265194],[11.986253435739629,57.68677100205299],[11.986198586856437,57.68672997683561],[11.986141148300586,57.686690148172936],[11.986081461896738,57.686650714404216],[11.986066072221048,57.68664109196746],[11.98602013890252,57.68661268055303],[11.985955701759295,57.68657547033486],[11.985890507639755,57.686539050945186],[11.985822846362371,57.68650400987173],[11.98575276417301,57.68646981074039],[11.985682023473041,57.686436853270195],[11.98560882474069,57.686405184445334],[11.985533333302131,57.686374450486575],[11.985457186692914,57.68634495826138],[11.985379162803593,57.68631640990013],[11.985299892022443,57.68628953945354],[11.985218758937625,57.686263432566335],[11.985136371494654,57.686239093288826],[11.985052935789394,57.68621571762692],[11.984968023227731,57.686193475117186],[11.9848814335511,57.68617307911036],[11.984812917146836,57.68608509041153],[11.984255074747843,57.68601077319414],[11.983575720983154,57.68592007706493],[11.982973287059373,57.68583956922884],[11.98295018420577,57.685847824351434],[11.982926633027496,57.68585481137483],[11.982901014604437,57.6858600404856],[11.982874808853564,57.68586399817966],[11.982847771027167,57.685866318204916],[11.982820700236227,57.68586738003863],[11.982793508099087,57.68586655152428],[11.98276644439385,57.685864199033574],[11.980501706609633,57.68564749745829],[11.980376803974242,57.685492292376864],[11.979862124105832,57.68542330028832],[11.979807806545452,57.685415892234],[11.979324145616012,57.68572720847973],[11.979231674584595,57.68583732542613],[11.97925066040672,57.68585359396369],[11.979268582791399,57.68587100551784],[11.979283255096473,57.68588923822285],[11.979294805506944,57.68590838502023],[11.979304701308301,57.68592749139561],[11.979311366001722,57.68594715064073],[11.979315829116523,57.68596666742014],[11.979317057144081,57.68598682505612],[11.979315668160378,57.68600683120265],[11.979254807067125,57.68646186707445],[11.979252887790107,57.68648491552541],[11.979254143968712,57.68650803982581],[11.979257764861197,57.6865310408529],[11.979264559620269,57.686554116792195],[11.9792736115708,57.68657670827368],[11.979286158486433,57.686598843963296],[11.979300823592165,57.68662049187345],[11.979318011578531,57.68664174975058],[11.979337490844118,57.68666207368926],[11.979360177082519,57.68668211560853],[11.97938446290209,57.686701207065376],[11.979411079028806,57.68671891611941],[11.982305351376715,57.68746474916095],[11.982174101912793,57.687610245653055],[11.981232931667154,57.688656580383665],[11.981679236641225,57.68877120052402],[11.981891096717302,57.68877131419496],[11.982129541371007,57.68877125388062],[11.98212984697876,57.68883578040452],[11.982347691542552,57.68883549683856],[11.982348037012883,57.68902762649909],[11.982348527336152,57.689219668834404],[11.982348037854694,57.68941186844236],[11.982348383305483,57.689603997190765],[11.982348805905772,57.68984177702126],[11.98234977103145,57.69027429765343],[11.982468476068705,57.69031298331085],[11.982574454892735,57.69022017062651],[11.982846099450205,57.690044055294],[11.983488010347177,57.68945101473311],[11.983848074666705,57.689651004540366],[11.984668557095532,57.68991435964309],[11.985448394118698,57.69017736868756],[11.985568832997583,57.690350075188384],[11.985583093147616,57.69059645150092],[11.98475271958525,57.69120927212412],[11.984955807521509,57.69128842780598],[11.984510573499604,57.69169476395298],[11.983782144689734,57.691924957909166],[11.982823451724395,57.69168714618514],[11.982501875402587,57.69175630504608],[11.982317309452968,57.69191697392488],[11.982492301231067,57.6919745260388],[11.982480864311746,57.69199554985573],[11.982465903102844,57.69201568158075],[11.982448899730526,57.69203540416857],[11.982429231078543,57.692053895643724],[11.982406414629835,57.69207195249934],[11.982382146028751,57.692089165798514],[11.981851849157596,57.69242454029883],[11.981357426532021,57.69280767556505],[11.981663154659957,57.69291912040669],[11.9814063269135,57.693129733761516],[11.98206040841575,57.69326791164481],[11.982514285138029,57.69336374875388],[11.982495630182012,57.693857444170206],[11.982607830641975,57.693886270160455],[11.982621285894389,57.69389090441972],[11.982633523592057,57.69389685780632],[11.982643208252558,57.69390355829197],[11.982650563960464,57.69391164127035],[11.982655431973804,57.69391966579991],[11.982658008422824,57.69392862342433],[11.98265660193609,57.69393721639569],[11.982652700360461,57.693945839721856],[11.982646526503848,57.69395351005607],[11.982637458715118,57.693961021472894],[11.982818750267816,57.69400120057884],[11.983260779870015,57.69400832991958],[11.98344244853477,57.69400736092613],[11.983459968556422,57.69400804841254],[11.983471251305282,57.69400885677405],[11.983482496748778,57.69401011363649],[11.983493501494804,57.69401091446694],[11.983503917729289,57.69401215155118],[11.983515170636132,57.69401331871033],[11.983526284504386,57.694014482552504],[11.98353752081547,57.6940158290705],[11.98354780722443,57.69401697227771],[11.98355915273254,57.69401868091132],[11.98356957643263,57.69401982828978],[11.983580645539133,57.694021530329564],[11.983591032010814,57.69402312531118],[11.983602245944496,57.69402474092468],[11.983612724942546,57.694026878279864],[11.983622966592174,57.69402855968336],[11.98363428226441,57.69403062711188],[11.983644661280401,57.69403231178956],[11.983655147743997,57.69403435944089],[11.983665357805082,57.694036400499634],[11.98367584602086,57.69403844729219],[11.983686287723955,57.694041033143364],[11.983696774267129,57.69404307989428],[11.983707225108908,57.6940455760833],[11.983717666890966,57.69404816103489],[11.983727149484649,57.69405063413161],[11.983737461365845,57.69405312610539],[11.98374791053823,57.69405562225113],[11.983757494947561,57.69405854626639],[11.983767944122928,57.69406104241051],[11.983777665899732,57.69406396970004],[11.983787242853278,57.694066983413485],[11.98379682551907,57.69406990828284],[11.983806409936204,57.69407283229447],[11.983815992605118,57.69407575716242],[11.983825714389829,57.694078684448336],[11.983835398874485,57.69408206023554],[11.983845083360958,57.69408543602203],[11.98385466771156,57.694088360927076],[11.983863522988962,57.694091716938196],[11.98387307011615,57.69409508944691],[11.983881888021227,57.69409889485585],[11.983890882343477,57.69410225418072],[11.983899598587922,57.69410560687378],[11.983910772632399,57.6941093776888],[11.98392124897116,57.6941132226423],[11.98393256952016,57.6941169070706],[11.983943698811172,57.69412121608528],[11.983954080951953,57.69412451862105],[11.983965394047855,57.69412829274689],[11.98397656057168,57.69413215415368],[11.983988708670807,57.694135858310304],[11.9840007119478,57.69413964889066],[11.984013542766016,57.694143459202934],[11.984025546048171,57.69414724978098],[11.984038515837076,57.694151064303234],[11.98405122421825,57.694154691935395],[11.984063264807077,57.69415803400783],[11.984075995497903,57.69416139343327],[11.98408886530571,57.69416475527583],[11.984101696142277,57.694168565579304],[11.984114456753709,57.69417156530224],[11.984127333953827,57.69417483833752],[11.984140893946005,57.69417821663175],[11.98415366202375,57.69418112665033],[11.98416656739388,57.69418404084002],[11.984180134852771,57.69418732942966],[11.984185709128605,57.69418854088269],[11.984195527872542,57.69419030293205],[11.984204218693533,57.69419230682265],[11.984212940953801,57.69419395284784],[11.984222590897437,57.69419606948458],[11.984231311484296,57.69419771546859],[11.984240200949559,57.69419900596545],[11.984249897252807,57.69420058533445],[11.984259447132041,57.69420225019097],[11.984268197559315,57.69420353737067],[11.984277784661968,57.694204754620586],[11.984287334543646,57.694206419475],[11.98429692332293,57.69420763676344],[11.984305848413928,57.69420847871356],[11.984315435519242,57.69420969596066],[11.984324922555984,57.694210461429584],[11.984334502203378,57.6942117683757],[11.984344126680726,57.694212536221364],[11.984353743624832,57.69421339466379],[11.984363238122505,57.694214070429396],[11.984372892362709,57.69421448036811],[11.98438237194304,57.694215335533215],[11.984392033642834,57.69421565577001],[11.984401548843627,57.69421606239147],[11.984411065719842,57.69421646905218],[11.984420719961346,57.69421687898724],[11.984431080971703,57.69421712601581],[11.984440633467774,57.69421708413206],[11.984450187639034,57.69421704228754],[11.984469396052612,57.69421741037362],[11.984478985842697,57.69421691998467],[11.984488540013965,57.69421687813723],[11.984498821654544,57.69421640424164],[11.98450837415052,57.694216362352776],[11.984485891182109,57.69420710992689],[11.984560578235726,57.69414949360244],[11.985478804855545,57.69344639138528],[11.985690083948866,57.69340218345724]]]},"properties":{"id":"1480R059","name":"Johanneberg v\u00e4stra","values":[12.189,9.667,7.5,13.465,5.667,0.0,12.071]}},{"type":"Feature","geometry":{"type":"Polygon","coordinates":[[[11.981357426532021,57.69280767556505],[11.981851849157596,57.69242454029883],[11.982382146028751,57.692089165798514],[11.982406414629835,57.69207195249934],[11.982429231078543,57.692053895643724],[11.982448899730526,57.69203540416857],[11.982465903102844,57.69201568158075],[11.982480864311746,57.69199554985573],[11.982492301231067,57.6919745260388],[11.982317309452968,57.69191697392488],[11.982501875402587,57.69175630504608],[11.982823451724395,57.69168714618514],[11.983782144689734,57.691924957909166],[11.984510573499604,57.69169476395298],[11.984955807521509,57.69128842780598],[11.98475271958525,57.69120927212412],[11.985583093147616,57.69059645150092],[11.985568832997583,57.690350075188384],[11.985448394118698,57.69017736868756],[11.984668557095532,57.68991435964309],[11.983848074666705,57.689651004540366],[11.983488010347177,57.68945101473311],[11.982846099450205,57.690044055294],[11.982574454892735,57.69022017062651],[11.982468476068705,57.69031298331085],[11.98234977103145,57.69027429765343],[11.982348805905772,57.68984177702126],[11.982348383305483,57.689603997190765],[11.982348037854694,57.68941186844236],[11.982348527336152,57.689219668834404],[11.982348037012883,57.68902762649909],[11.982347691542552,57.68883549683856],[11.98212984697876,57.68883578040452],[11.982129541371007,57.68877125388062],[11.981891096717302,57.68877131419496],[11.981679236641225,57.68877120052402],[11.981232931667154,57.688656580383665],[11.982174101912793,57.687610245653055],[11.982305351376715,57.68746474916095],[11.979411079028806,57.68671891611941],[11.97938446290209,57.686701207065376],[11.979360177082519,57.68668211560853],[11.979337490844118,57.68666207368926],[11.979318011578531,57.68664174975058],[11.979300823592165,57.68662049187345],[11.979286158486433,57.686598843963296],[11.9792736115708,57.68657670827368],[11.979264559620269,57.686554116792195],[11.979257764861197,57.6865310408529],[11.979254143968712,57.68650803982581],[11.979252887790107,57.68648491552541],[11.979254807067125,57.68646186707445],[11.979315668160378,57.68600683120265],[11.979317057144081,57.68598682505612],[11.979315829116523,57.68596666742014],[11.979311366001722,57.68594715064073],[11.979304701308301,57.68592749139561],[11.979294805506944,57.68590838502023],[11.979283255096473,57.68588923822285],[11.979268582791399,57.68587100551784],[11.97925066040672,57.68585359396369],[11.979231674584595,57.68583732542613],[11.979209526719664,57.68582080069852],[11.979183735769965,57.685804818993105],[11.979156328782675,57.68578996620201],[11.979125626910573,57.68577647275531],[11.979094435092867,57.685763865484006],[11.979060753249295,57.6857529073146],[11.979025434629477,57.685743347194524],[11.977940282916371,57.68547111226925],[11.97791146940625,57.68546485303328],[11.977888914210668,57.68545820317772],[11.977879269932604,57.685454378458324],[11.977869037294665,57.685450989070866],[11.977858489358711,57.68544804064197],[11.977848080355571,57.68544509643115],[11.977836797582466,57.68544266971115],[11.977825759507446,57.68544060925116],[11.977814416955567,57.68543890012949],[11.97780334326881,57.68543728731078],[11.97779126580324,57.68543610079447],[11.977779333217011,57.68543482696195],[11.97776815491357,57.68543446994064],[11.977756147600186,57.68543409310628],[11.9777442419284,57.68543416809296],[11.977732297217255,57.68543469153864],[11.977720361728249,57.68543512442618],[11.977707965983921,57.68543608648355],[11.977697205840393,57.68543735726471],[11.977685432916672,57.68543914221345],[11.977674212590617,57.68544094126649],[11.977663101451624,57.68544310154376],[11.977651952871012,57.68544571121712],[11.977641594333491,57.685448788265404],[11.977631513805838,57.685451871957156],[11.977621162738062,57.685454859303704],[11.977611704952835,57.68545876678479],[11.977602109759777,57.68546267187997],[11.977592620402628,57.68546693811964],[11.97758464433541,57.6854713295058],[11.977576093097584,57.685475977679644],[11.97756807958497,57.68548081846179],[11.977561009992517,57.68548595143903],[11.977554040362362,57.68549153619811],[11.977493174859738,57.68556107123192],[11.977358883590178,57.68571799200111],[11.977297155369529,57.68569656802631],[11.97724896329689,57.685718600324634],[11.976427983523454,57.68580662646265],[11.976292282678262,57.685806078300494],[11.976224739759203,57.685904207989765],[11.976193548110183,57.68593976597379],[11.975981796059402,57.68616762056521],[11.974905641277577,57.68703877966752],[11.973757939589527,57.68799394456388],[11.973155582649719,57.688577371276246],[11.972352512298972,57.689476162936664],[11.973472111825375,57.690184013258715],[11.973818076565562,57.692340494400355],[11.973191183127392,57.69362164031996],[11.973356065639763,57.69366260890606],[11.97449111179834,57.69394317115974],[11.974664854802866,57.693985787105206],[11.975771618098712,57.69424724042671],[11.976521672235426,57.694494316115964],[11.97669562167792,57.694541158422425],[11.977045056001549,57.694641347554],[11.97763513150968,57.69481027847793],[11.97801242716124,57.69498975813969],[11.978224157418504,57.69513805432877],[11.978485357650442,57.695254103413994],[11.978806568230707,57.695332676073306],[11.979155628206318,57.695362759401725],[11.97955311020996,57.69530171179971],[11.979815017161894,57.6951035338223],[11.979833235711277,57.69500611099311],[11.979811421277203,57.69487250708195],[11.979648047647649,57.69440115340268],[11.979384650705574,57.693615236676756],[11.979947325748672,57.69343169936207],[11.980530267207264,57.69317756488163],[11.980628869071554,57.693123666586715],[11.981163081145665,57.69273654042234],[11.981357426532021,57.69280767556505]]]},"properties":{"id":"1480R058","name":"Johanneberg Chalmers","values":[12.855,10.263,10.024,14.798,13.944,10.761,9.971]}},{"type":"Feature","geometry":{"type":"Polygon","coordinates":[[[11.99991746278646,57.688525818210024],[11.999384364675372,57.6890817121266],[11.999277331922968,57.68919284562949],[11.998953944589209,57.68954047650639],[11.998816736109006,57.689705168137685],[11.998547319761256,57.6900426670015],[11.998222928760047,57.690544382305774],[11.99791396037803,57.69110711792155],[11.997774452689194,57.69139477157953],[11.997632301480406,57.69180627874313],[11.997285687418524,57.692900357153874],[11.997236011493518,57.69305903814146],[11.99721342329704,57.69312958087065],[11.997056191228104,57.69362609633701],[11.997017939728657,57.69362339059468],[11.996888021720343,57.69403905135665],[11.99673612477471,57.69452284332889],[11.99644788013182,57.69529588963742],[11.996420668349284,57.69537710599978],[11.996380776272487,57.69549944594364],[11.996263167769861,57.695853215589715],[11.996161589681433,57.69634260505203],[11.996123967440509,57.69666475685856],[11.995956293031048,57.69753924178093],[11.995929490360073,57.69767896566972],[11.995980101201303,57.6976979598677],[11.996026904685968,57.69771946918306],[11.996210976625006,57.69779833399571],[11.996219763286865,57.6978042040605],[11.996228271738412,57.69782848887952],[11.996308471023207,57.69793310215753],[11.996323692182784,57.6979816282383],[11.996305441886511,57.69807662624207],[11.996289772278281,57.69813043879148],[11.996250563666619,57.698201036088506],[11.996200526356658,57.69833886099483],[11.996203185738946,57.69843875774782],[11.996285415341355,57.69857235449698],[11.996418160176466,57.69862753602116],[11.996883433104685,57.698725746748906],[11.997207504835327,57.69879400538725],[11.998216060298015,57.69906820185145],[11.998764669994351,57.699273519408344],[11.998665825956676,57.699111403880266],[11.998566432574743,57.69874691188801],[11.998702977519622,57.698724452157094],[11.99871742205456,57.69872218932986],[11.99872854359402,57.698719936635094],[11.998742743057138,57.69871730847919],[11.998753964853531,57.69871550754968],[11.998764941505877,57.69871334219056],[11.99877931547139,57.69871026878234],[11.998792960439774,57.69870762656581],[11.998803974210816,57.69870501269539],[11.998814251561269,57.698702919719054],[11.998826938837126,57.698700165797405],[11.998841340815217,57.69869673353594],[11.998850797857816,57.69869453211496],[11.99886350580043,57.69869150814807],[11.998874695743284,57.6986884490628],[11.998887411032046,57.69868533628889],[11.99889928956533,57.698682293538866],[11.998911067909084,57.69867879812321],[11.998923085497465,57.69867575867018],[11.998934995397438,57.69867235715012],[11.998945944331725,57.69866884295199],[11.998957999035321,57.698665354987625],[11.998969777293796,57.69866186046342],[11.998979308636155,57.698658761119745],[11.998991983036492,57.69865447895501],[11.999001514300804,57.69865138050663],[11.999014916085722,57.698646666208155],[11.999023573473332,57.69864408629198],[11.99903712006043,57.6986392855489],[11.999045990744214,57.69863581191432],[11.999056976776995,57.69863184919837],[11.999068087018419,57.698628069183734],[11.999079837554769,57.69862322582598],[11.999091682603407,57.698618923975744],[11.99909972394952,57.69861543066214],[11.99911091584417,57.69861066392603],[11.999120337723461,57.698607203363],[11.999132976963956,57.698601662062295],[11.999142474752189,57.69859730452129],[11.999151963438965,57.69859303664141],[11.999156576109288,57.698590810149106],[11.999173278547337,57.69858302841775],[11.999179477623128,57.69858003066034],[11.999196907363162,57.69857181769035],[11.999210457491749,57.69856531023539],[11.999219883014774,57.698560142074925],[11.9992309023645,57.69855411294715],[11.999238834318364,57.69855025751903],[11.99924825983343,57.69854508935638],[11.99925782265486,57.69853992534915],[11.999266418838722,57.69853473751102],[11.999275844345819,57.69852956934623],[11.99928385794722,57.69852472719738],[11.99929244670034,57.69851962905903],[11.999301836994245,57.69851320266771],[11.999311299607447,57.69850758599206],[11.999317574567712,57.69850369125116],[11.999325517510254,57.6984980394229],[11.999335774308209,57.69849118329743],[11.99934207728067,57.698486929709],[11.999349263214487,57.69848206792206],[11.999360176737289,57.69847396998438],[11.99936720876125,57.69846928430086],[11.999374422631274,57.69846406456318],[11.999380699558948,57.69845846218935],[11.999391613067544,57.69845036424878],[11.999396268152454,57.69844598168905],[11.999404101778277,57.69843996685333],[11.999411972442664,57.69843350440595],[11.999418351302113,57.69842835383697],[11.9994228895918,57.69842369887259],[11.999433148255122,57.69841513600607],[11.99943706685203,57.69841127524061],[11.99944560173106,57.698403480381735],[11.99945118837241,57.69839786162999],[11.999458122005514,57.698391017441345],[11.999462944149112,57.69838627933135],[11.999470811095273,57.698378198094716],[11.999476258596424,57.69837257694015],[11.999478583442984,57.698369576246094],[11.999488782501345,57.69835840640649],[11.999492738200354,57.69835409713097],[11.999498981553332,57.69834723656601],[11.999503447569776,57.69834177098516],[11.999509074883195,57.698333997029465],[11.999513656010546,57.69832880381197],[11.999520767765087,57.698319806780205],[11.999523823557452,57.6983146672577],[11.999528363719367,57.69830830555647],[11.999534508763062,57.698299285592746],[11.99953704681084,57.69829539207667],[11.999542358954697,57.69828805913337],[11.999544613138001,57.69828424876138],[11.999551626506157,57.69827309322786],[11.999552394644173,57.6982705049949],[11.999578637278486,57.69822601875995],[11.999588365123923,57.69822723726524],[11.999746677456642,57.69825282819449],[11.999871485026699,57.6982734907789],[12.000305439831518,57.69834638168066],[12.000305228185168,57.688093827514535],[11.99991746278646,57.688525818210024]]]},"properties":{"id":"1480R125","name":"Sk\u00e5r","values":[15.497,14.234,15.569,13.615,13.585,14.242,18.193]}},{"type":"Feature","geometry":{"type":"Polygon","coordinates":[[[11.972352512298972,57.689476162936664],[11.971428550530511,57.689473720084834],[11.970295149592694,57.689541555627144],[11.970261347113231,57.69000586436929],[11.9702285783605,57.69047271356274],[11.970215135568585,57.69065849284571],[11.968123622628474,57.691303711937394],[11.969538985574985,57.69153748380035],[11.969865794420851,57.691346362778965],[11.9701421149161,57.69130895109227],[11.971584395771787,57.691737623078495],[11.971584664664999,57.691737719395896],[11.970439922181969,57.692692658258956],[11.971982141678529,57.693271090104425],[11.973049145309979,57.69358058909507],[11.973191183127392,57.69362164031996],[11.973818076565562,57.692340494400355],[11.973472111825375,57.690184013258715],[11.972352512298972,57.689476162936664]]]},"properties":{"id":"1480R088","name":"Landala s\u00f6dra","values":[14.92,11.692,5.75,8.52,11.0,10.873,32.067]}},{"type":"Feature","geometry":{"type":"Polygon","coordinates":[[[11.973191183127392,57.69362164031996],[11.973049145309979,57.69358058909507],[11.971982141678529,57.693271090104425],[11.970439922181969,57.692692658258956],[11.971584664664999,57.691737719395896],[11.971584395771787,57.691737623078495],[11.9701421149161,57.69130895109227],[11.969865794420851,57.691346362778965],[11.969538985574985,57.69153748380035],[11.968123622628474,57.691303711937394],[11.966969854352978,57.692244836041944],[11.96558814782251,57.69224880633123],[11.963470666084087,57.69225819202783],[11.961911939140828,57.692612462126945],[11.96299068382071,57.69362180624193],[11.963148635314788,57.6937106972891],[11.963243769717234,57.69386547570513],[11.964728577122274,57.69400131168673],[11.965391524273619,57.69419676084621],[11.965389529312176,57.69421729167034],[11.965527606648978,57.694221233626266],[11.965924903722993,57.69423202228939],[11.966161139527653,57.69420255357572],[11.96672517538675,57.694220484906815],[11.966674227589305,57.694750159864874],[11.966624033888959,57.695186397678924],[11.967256139763183,57.69521808985649],[11.96853003992521,57.6954189149241],[11.968784830644115,57.69544407119926],[11.96895637219203,57.69549482029288],[11.969257348002335,57.69564140585173],[11.969579614952385,57.695788321916034],[11.969904206721178,57.69592235206468],[11.970160448178637,57.696059416869105],[11.970333302947187,57.696183970672436],[11.9705512400952,57.69641671792167],[11.97064819109507,57.69647897652278],[11.97094737915218,57.69653942914304],[11.97206744230479,57.695215016197814],[11.972357262421168,57.69488857143263],[11.972685110885593,57.69433865588293],[11.973191183127392,57.69362164031996]]]},"properties":{"id":"1480R087","name":"Landala norra","values":[11.761,9.403,13.444,9.4,13.321,9.671,5.357]}},{"type":"Feature","geometry":{"type":"Polygon","coordinates":[[[11.98341693927614,57.697711681241344],[11.983549633948646,57.69764574374854],[11.98379085697413,57.697538092214224],[11.984173923086045,57.69739257712438],[11.98692001756343,57.69635310552164],[11.987106644331984,57.69618600783306],[11.987196651903961,57.695117651439915],[11.985942941420845,57.69498264608033],[11.98596310147356,57.69487331686142],[11.98621584405161,57.693504213257526],[11.986219406105395,57.693483001486726],[11.986201174066812,57.69349254083642],[11.986138870490295,57.69344118459126],[11.98593785481904,57.693393530619154],[11.985690083948866,57.69340218345724],[11.985478804855545,57.69344639138528],[11.984560578235726,57.69414949360244],[11.984485891182109,57.69420710992689],[11.98450837415052,57.694216362352776],[11.984498821654544,57.69421640424164],[11.984488540013965,57.69421687813723],[11.984478985842697,57.69421691998467],[11.984469396052612,57.69421741037362],[11.984450187639034,57.69421704228754],[11.984440633467774,57.69421708413206],[11.984431080971703,57.69421712601581],[11.984420719961346,57.69421687898724],[11.984411065719842,57.69421646905218],[11.984401548843627,57.69421606239147],[11.984392033642834,57.69421565577001],[11.98438237194304,57.694215335533215],[11.984372892362709,57.69421448036811],[11.984363238122505,57.694214070429396],[11.984353743624832,57.69421339466379],[11.984344126680726,57.694212536221364],[11.984334502203378,57.6942117683757],[11.984324922555984,57.694210461429584],[11.984315435519242,57.69420969596066],[11.984305848413928,57.69420847871356],[11.98429692332293,57.69420763676344],[11.984287334543646,57.694206419475],[11.984277784661968,57.694204754620586],[11.984268197559315,57.69420353737067],[11.984259447132041,57.69420225019097],[11.984249897252807,57.69420058533445],[11.984240200949559,57.69419900596545],[11.984231311484296,57.69419771546859],[11.984222590897437,57.69419606948458],[11.984212940953801,57.69419395284784],[11.984204218693533,57.69419230682265],[11.984195527872542,57.69419030293205],[11.984185709128605,57.69418854088269],[11.984180134852771,57.69418732942966],[11.98416656739388,57.69418404084002],[11.98415366202375,57.69418112665033],[11.984140893946005,57.69417821663175],[11.984127333953827,57.69417483833752],[11.984114456753709,57.69417156530224],[11.984101696142277,57.694168565579304],[11.98408886530571,57.69416475527583],[11.984075995497903,57.69416139343327],[11.984063264807077,57.69415803400783],[11.98405122421825,57.694154691935395],[11.984038515837076,57.694151064303234],[11.984025546048171,57.69414724978098],[11.984013542766016,57.694143459202934],[11.9840007119478,57.69413964889066],[11.983988708670807,57.694135858310304],[11.98397656057168,57.69413215415368],[11.983965394047855,57.69412829274689],[11.983954080951953,57.69412451862105],[11.983943698811172,57.69412121608528],[11.98393256952016,57.6941169070706],[11.98392124897116,57.6941132226423],[11.983910772632399,57.6941093776888],[11.983899598587922,57.69410560687378],[11.983890882343477,57.69410225418072],[11.983881888021227,57.69409889485585],[11.98387307011615,57.69409508944691],[11.983863522988962,57.694091716938196],[11.98385466771156,57.694088360927076],[11.983845083360958,57.69408543602203],[11.983835398874485,57.69408206023554],[11.983825714389829,57.694078684448336],[11.983815992605118,57.69407575716242],[11.983806409936204,57.69407283229447],[11.98379682551907,57.69406990828284],[11.983787242853278,57.694066983413485],[11.983777665899732,57.69406396970004],[11.983767944122928,57.69406104241051],[11.983757494947561,57.69405854626639],[11.98374791053823,57.69405562225113],[11.983737461365845,57.69405312610539],[11.983727149484649,57.69405063413161],[11.983717666890966,57.69404816103489],[11.983707225108908,57.6940455760833],[11.983696774267129,57.69404307989428],[11.983686287723955,57.694041033143364],[11.98367584602086,57.69403844729219],[11.983665357805082,57.694036400499634],[11.983655147743997,57.69403435944089],[11.983644661280401,57.69403231178956],[11.98363428226441,57.69403062711188],[11.983622966592174,57.69402855968336],[11.983612724942546,57.694026878279864],[11.983602245944496,57.69402474092468],[11.983591032010814,57.69402312531118],[11.983580645539133,57.694021530329564],[11.98356957643263,57.69401982828978],[11.98355915273254,57.69401868091132],[11.98354780722443,57.69401697227771],[11.98353752081547,57.6940158290705],[11.983526284504386,57.694014482552504],[11.983515170636132,57.69401331871033],[11.983503917729289,57.69401215155118],[11.983493501494804,57.69401091446694],[11.983482496748778,57.69401011363649],[11.983471251305282,57.69400885677405],[11.983459968556422,57.69400804841254],[11.98344244853477,57.69400736092613],[11.983260779870015,57.69400832991958],[11.982818750267816,57.69400120057884],[11.982637458715118,57.693961021472894],[11.982646526503848,57.69395351005607],[11.982652700360461,57.693945839721856],[11.98265660193609,57.69393721639569],[11.982658008422824,57.69392862342433],[11.982655431973804,57.69391966579991],[11.982650563960464,57.69391164127035],[11.982643208252558,57.69390355829197],[11.982633523592057,57.69389685780632],[11.982621285894389,57.69389090441972],[11.982607830641975,57.693886270160455],[11.982495630182012,57.693857444170206],[11.982514285138029,57.69336374875388],[11.98206040841575,57.69326791164481],[11.9814063269135,57.693129733761516],[11.981663154659957,57.69291912040669],[11.981357426532021,57.69280767556505],[11.981163081145665,57.69273654042234],[11.980628869071554,57.693123666586715],[11.980530267207264,57.69317756488163],[11.979947325748672,57.69343169936207],[11.979384650705574,57.693615236676756],[11.979648047647649,57.69440115340268],[11.979811421277203,57.69487250708195],[11.979833235711277,57.69500611099311],[11.979815017161894,57.6951035338223],[11.97955311020996,57.69530171179971],[11.979155628206318,57.695362759401725],[11.978806568230707,57.695332676073306],[11.978485357650442,57.695254103413994],[11.978224157418504,57.69513805432877],[11.97801242716124,57.69498975813969],[11.97763513150968,57.69481027847793],[11.977045056001549,57.694641347554],[11.97669562167792,57.694541158422425],[11.976521672235426,57.694494316115964],[11.975771618098712,57.69424724042671],[11.974664854802866,57.693985787105206],[11.97449111179834,57.69394317115974],[11.973356065639763,57.69366260890606],[11.973191183127392,57.69362164031996],[11.972685110885593,57.69433865588293],[11.972357262421168,57.69488857143263],[11.97206744230479,57.695215016197814],[11.97094737915218,57.69653942914304],[11.970448675036174,57.69721195242859],[11.96918527799367,57.69702038555498],[11.967880873911508,57.69681119974303],[11.966410177201933,57.69657635479278],[11.965577904504089,57.69803325005976],[11.96961097792053,57.69866928137019],[11.971679338782984,57.69952423675323],[11.973051899929498,57.698578510806],[11.974031053114643,57.69900550078798],[11.974943865373593,57.69937509338491],[11.975806827535228,57.69972353874849],[11.975964288494884,57.69979739413745],[11.97662472632192,57.70005643314654],[11.976770612923653,57.700134683621194],[11.9777382146048,57.70053683606613],[11.979505744721804,57.69965735957736],[11.981948979415897,57.69844191217452],[11.98341693927614,57.697711681241344]]]},"properties":{"id":"1480R091","name":"Lorensberg-Vasastaden \u00f6vre","values":[13.752,7.25,7.474,10.591,6.25,9.983,16.987]}},{"type":"Feature","geometry":{"type":"Polygon","coordinates":[[[11.976081560086124,57.7013423792345],[11.977614017892103,57.700598568538965],[11.9777382146048,57.70053683606613],[11.976770612923653,57.700134683621194],[11.97662472632192,57.70005643314654],[11.975964288494884,57.69979739413745],[11.975806827535228,57.69972353874849],[11.974943865373593,57.69937509338491],[11.974031053114643,57.69900550078798],[11.973051899929498,57.698578510806],[11.971679338782984,57.69952423675323],[11.96961097792053,57.69866928137019],[11.965577904504089,57.69803325005976],[11.966410177201933,57.69657635479278],[11.967880873911508,57.69681119974303],[11.96918527799367,57.69702038555498],[11.970448675036174,57.69721195242859],[11.97094737915218,57.69653942914304],[11.97064819109507,57.69647897652278],[11.9705512400952,57.69641671792167],[11.970333302947187,57.696183970672436],[11.970160448178637,57.696059416869105],[11.969904206721178,57.69592235206468],[11.969579614952385,57.695788321916034],[11.969257348002335,57.69564140585173],[11.96895637219203,57.69549482029288],[11.968784830644115,57.69544407119926],[11.96853003992521,57.6954189149241],[11.967256139763183,57.69521808985649],[11.966624033888959,57.695186397678924],[11.966674227589305,57.694750159864874],[11.96672517538675,57.694220484906815],[11.966161139527653,57.69420255357572],[11.965924903722993,57.69423202228939],[11.965527606648978,57.694221233626266],[11.965389529312176,57.69421729167034],[11.965391524273619,57.69419676084621],[11.964728577122274,57.69400131168673],[11.963243769717234,57.69386547570513],[11.963352288765877,57.6940422308468],[11.963368745156012,57.69406554061165],[11.963382700629781,57.694088970088],[11.963393534861629,57.69411331239597],[11.963401843884323,57.69413804436978],[11.963407943471964,57.6941627223985],[11.963410022687638,57.69418748456013],[11.963410443581358,57.69421220600884],[11.963406844164988,57.694237010693534],[11.963400888592473,57.694261849587825],[11.963392623749758,57.69428618274531],[11.963237634461697,57.69461144223008],[11.962479887716375,57.6945150670856],[11.962416838276214,57.6945175965434],[11.96252808097814,57.69541698887285],[11.962637395298744,57.696299800474605],[11.962800366872479,57.69759474359712],[11.963036902500804,57.69946916589308],[11.963093005961534,57.69991325682886],[11.961092271467304,57.699835731615174],[11.960843494803278,57.699840896891374],[11.960950572721979,57.7004692606722],[11.964761662986538,57.7010787227982],[11.96480479644499,57.70108272378897],[11.964848018709182,57.701088972969934],[11.96489045315054,57.70109637075991],[11.964931246136434,57.70110516721333],[11.9649713452416,57.70111565470402],[11.965009782047842,57.7011278099972],[11.965046761601805,57.70114082820496],[11.965082063844621,57.70115569361562],[11.965115086987222,57.701171312346496],[11.965145650113511,57.70118822112985],[11.965174727631766,57.70120635166884],[11.965201371891457,57.70122541249085],[11.965224865986102,57.7012457450147],[11.965246793721583,57.70126657922831],[11.965764167960375,57.70191116001345],[11.965947006368083,57.702138220503635],[11.966292367758044,57.702367021411625],[11.966322117029526,57.70237878727289],[11.966353498542759,57.70238924498733],[11.966386358289913,57.70239856971929],[11.96641989267323,57.70240647345846],[11.9664544049742,57.70241260216437],[11.966490395350254,57.7024175996789],[11.966527190390147,57.70242126739794],[11.966563813975478,57.702423673589564],[11.966600587672703,57.70242428579335],[11.966637359072033,57.70242328011218],[11.966673827439257,57.70242091986997],[11.967544575720897,57.70236505572033],[11.969091634934943,57.70226563528652],[11.969116258381792,57.70226586575623],[11.969141044131154,57.70226744829124],[11.969165028830059,57.70227035891083],[11.969188216478775,57.70227450963014],[11.969210562311304,57.7022804359531],[11.96923145994828,57.70228713738185],[11.969250834552726,57.70229550911401],[11.969268497897104,57.702304468994285],[11.969284681452066,57.70231456184167],[11.96929759821902,57.70232565496376],[11.969308927870994,57.70233751806926],[11.969318000831684,57.70234986637905],[11.969323859488817,57.702362587071924],[11.969801582699976,57.703320262322556],[11.969817170436645,57.70334247175009],[11.969835120679464,57.70336455800957],[11.969855496689334,57.703385804484334],[11.96987884821112,57.70340622254396],[11.969904907799714,57.703425717699446],[11.969933013504649,57.703443913679536],[11.969962813880851,57.703461700851875],[11.9699958129222,57.70347767718063],[11.970030391654774,57.7034929732069],[11.970251341163296,57.703577522132356],[11.970992660891394,57.70385973406396],[11.971173830899039,57.703868654906046],[11.973101561268232,57.70287511300402],[11.973882904844068,57.70247227183298],[11.975959892228623,57.70140192364675],[11.976081560086124,57.7013423792345]]]},"properties":{"id":"1480R144","name":"Vasastaden v\u00e4stra","values":[9.775,10.632,12.215,7.857,8.363,9.817,10.065]}},{"type":"Feature","geometry":{"type":"Polygon","coordinates":[[[11.988221937880951,57.70755664877899],[11.988799670527913,57.707570581157775],[11.989507610977181,57.70754717245729],[11.991484335147536,57.70738742944173],[11.991817789892258,57.70735177709651],[11.992020061228967,57.707330257788904],[11.992740089370065,57.707194435017755],[11.993080628806876,57.70710673864943],[11.993348381687664,57.70701183078337],[11.99410692652069,57.70671525884045],[11.994672593657484,57.70656398534941],[11.995902835388724,57.70632407600218],[11.995818917503822,57.70602356950625],[11.995639441496266,57.70560146105226],[11.995449226250113,57.704826219020816],[11.99516125072046,57.70365713589858],[11.995085155285961,57.703384311677596],[11.995009058735068,57.70311319503803],[11.994857650343578,57.70265670656795],[11.994818829866153,57.70208957910975],[11.994918380800458,57.701574982002406],[11.994971408001744,57.701301001598026],[11.995079966747193,57.70055406213076],[11.995283706503901,57.69985620000034],[11.995685422349155,57.69880539885958],[11.99573962545589,57.698505387830515],[11.995930352931344,57.69775878150752],[11.995929490360073,57.69767896566972],[11.995956293031048,57.69753924178093],[11.996123967440509,57.69666475685856],[11.996161589681433,57.69634260505203],[11.996263167769861,57.695853215589715],[11.996380776272487,57.69549944594364],[11.996420668349284,57.69537710599978],[11.99644788013182,57.69529588963742],[11.99673612477471,57.69452284332889],[11.996888021720343,57.69403905135665],[11.997017939728657,57.69362339059468],[11.997056191228104,57.69362609633701],[11.99721342329704,57.69312958087065],[11.997236011493518,57.69305903814146],[11.997285687418524,57.692900357153874],[11.997054905485859,57.692879422599866],[11.996631568912118,57.69275704589115],[11.995115010371459,57.69263466980981],[11.99509898995598,57.692632581513585],[11.995083932433896,57.69262889918807],[11.995071065960705,57.692623830869714],[11.995059722681473,57.69261709105815],[11.99505080793743,57.69260942118565],[11.995044969035543,57.692601375000706],[11.99504238960254,57.69259241759894],[11.995043969293189,57.69258337925655],[11.994663648417163,57.692548283550735],[11.994834365651018,57.69209144946545],[11.992390624506054,57.69170977690531],[11.99215182483088,57.69152365884806],[11.991948118227882,57.69170707090544],[11.991163672039512,57.6923444774761],[11.99111021357071,57.69239496559894],[11.99001008296458,57.693443781303145],[11.989189002918119,57.694226506746475],[11.987545613028894,57.69579209430505],[11.987106644331984,57.69618600783306],[11.986582617005567,57.698376170823245],[11.986192210384099,57.69993061041302],[11.985156583178112,57.69978462102409],[11.984974041469949,57.69998550976856],[11.98318554926723,57.70120153627448],[11.985565137519062,57.702166569391935],[11.985221630293857,57.70353386797313],[11.985093174886847,57.704043007852945],[11.985040841949898,57.70444253543089],[11.985014359441221,57.70468605380606],[11.984966773362949,57.70627022744702],[11.984975185851491,57.70646704178238],[11.984991207344926,57.70685202298332],[11.984971611438358,57.707080968118206],[11.985015327723302,57.7072877895787],[11.98501897331248,57.707496980639455],[11.98553753867611,57.70749981282064],[11.986691168158012,57.70750644816384],[11.988221937880951,57.70755664877899]]]},"properties":{"id":"1480R047","name":"Heden \u00f6stra","values":[12.724,14.417,11.619,11.911,13.229,11.656,14.278]}},{"type":"Feature","geometry":{"type":"Polygon","coordinates":[[[11.986192210384099,57.69993061041302],[11.986582617005567,57.698376170823245],[11.987106644331984,57.69618600783306],[11.98692001756343,57.69635310552164],[11.984173923086045,57.69739257712438],[11.98379085697413,57.697538092214224],[11.983549633948646,57.69764574374854],[11.98341693927614,57.697711681241344],[11.981948979415897,57.69844191217452],[11.979505744721804,57.69965735957736],[11.9777382146048,57.70053683606613],[11.977614017892103,57.700598568538965],[11.976081560086124,57.7013423792345],[11.975959892228623,57.70140192364675],[11.973882904844068,57.70247227183298],[11.973101561268232,57.70287511300402],[11.971173830899039,57.703868654906046],[11.972703356659899,57.70394336878626],[11.972732060315584,57.70394612200239],[11.972760055397037,57.70395074570605],[11.972787262756086,57.703956518974735],[11.97281379732412,57.7039637141951],[11.972837977847774,57.703972559872106],[11.972861263215997,57.7039821930308],[11.972882079612376,57.70399320426219],[11.97290071085428,57.70400551227811],[11.972916919740712,57.70401866021286],[11.972930602893966,57.704032197099416],[11.972942093548777,57.70404711867845],[11.972950405486188,57.70406196509128],[11.972955488022029,57.70407736337715],[11.972958046563662,57.70409314976021],[11.972693116843665,57.70525463500344],[11.97302843489567,57.70570072714787],[11.9748319064675,57.70651855276515],[11.974867339098916,57.70654357289247],[11.974902063208038,57.706603620593725],[11.974894051816383,57.706654829637316],[11.974869985072068,57.706682739329004],[11.9745923643707,57.706858786486634],[11.974454388898586,57.70706701761435],[11.974364321653892,57.7072072023446],[11.97435030192132,57.70726401809105],[11.974339742243112,57.70734904227364],[11.974332019942137,57.70744986036005],[11.976755349011304,57.70744938697586],[11.977755782621106,57.70745513914554],[11.983001657107943,57.7074851902208],[11.98501897331248,57.707496980639455],[11.985015327723302,57.7072877895787],[11.984971611438358,57.707080968118206],[11.984991207344926,57.70685202298332],[11.984975185851491,57.70646704178238],[11.984966773362949,57.70627022744702],[11.985014359441221,57.70468605380606],[11.985040841949898,57.70444253543089],[11.985093174886847,57.704043007852945],[11.985221630293857,57.70353386797313],[11.985565137519062,57.702166569391935],[11.98318554926723,57.70120153627448],[11.984974041469949,57.69998550976856],[11.985156583178112,57.69978462102409],[11.986192210384099,57.69993061041302]]]},"properties":{"id":"1480R046","name":"Heden v\u00e4stra","values":[8.922,8.81,7.329,10.603,7.678,6.412,10.113]}},{"type":"Feature","geometry":{"type":"Polygon","coordinates":[[[11.999871485026699,57.6982734907789],[11.999746677456642,57.69825282819449],[11.999588365123923,57.69822723726524],[11.999578637278486,57.69822601875995],[11.999552394644173,57.6982705049949],[11.999551626506157,57.69827309322786],[11.999544613138001,57.69828424876138],[11.999542358954697,57.69828805913337],[11.99953704681084,57.69829539207667],[11.999534508763062,57.698299285592746],[11.999528363719367,57.69830830555647],[11.999523823557452,57.6983146672577],[11.999520767765087,57.698319806780205],[11.999513656010546,57.69832880381197],[11.999509074883195,57.698333997029465],[11.999503447569776,57.69834177098516],[11.999498981553332,57.69834723656601],[11.999492738200354,57.69835409713097],[11.999488782501345,57.69835840640649],[11.999478583442984,57.698369576246094],[11.999476258596424,57.69837257694015],[11.999470811095273,57.698378198094716],[11.999462944149112,57.69838627933135],[11.999458122005514,57.698391017441345],[11.99945118837241,57.69839786162999],[11.99944560173106,57.698403480381735],[11.99943706685203,57.69841127524061],[11.999433148255122,57.69841513600607],[11.9994228895918,57.69842369887259],[11.999418351302113,57.69842835383697],[11.999411972442664,57.69843350440595],[11.999404101778277,57.69843996685333],[11.999396268152454,57.69844598168905],[11.999391613067544,57.69845036424878],[11.999380699558948,57.69845846218935],[11.999374422631274,57.69846406456318],[11.99936720876125,57.69846928430086],[11.999360176737289,57.69847396998438],[11.999349263214487,57.69848206792206],[11.99934207728067,57.698486929709],[11.999335774308209,57.69849118329743],[11.999325517510254,57.6984980394229],[11.999317574567712,57.69850369125116],[11.999311299607447,57.69850758599206],[11.999301836994245,57.69851320266771],[11.99929244670034,57.69851962905903],[11.99928385794722,57.69852472719738],[11.999275844345819,57.69852956934623],[11.999266418838722,57.69853473751102],[11.99925782265486,57.69853992534915],[11.99924825983343,57.69854508935638],[11.999238834318364,57.69855025751903],[11.9992309023645,57.69855411294715],[11.999219883014774,57.698560142074925],[11.999210457491749,57.69856531023539],[11.999196907363162,57.69857181769035],[11.999179477623128,57.69858003066034],[11.999173278547337,57.69858302841775],[11.999156576109288,57.698590810149106],[11.999151963438965,57.69859303664141],[11.999142474752189,57.69859730452129],[11.999132976963956,57.698601662062295],[11.999120337723461,57.698607203363],[11.99911091584417,57.69861066392603],[11.99909972394952,57.69861543066214],[11.999091682603407,57.698618923975744],[11.999079837554769,57.69862322582598],[11.999068087018419,57.698628069183734],[11.999056976776995,57.69863184919837],[11.999045990744214,57.69863581191432],[11.99903712006043,57.6986392855489],[11.999023573473332,57.69864408629198],[11.999014916085722,57.698646666208155],[11.999001514300804,57.69865138050663],[11.998991983036492,57.69865447895501],[11.998979308636155,57.698658761119745],[11.998969777293796,57.69866186046342],[11.998957999035321,57.698665354987625],[11.998945944331725,57.69866884295199],[11.998934995397438,57.69867235715012],[11.998923085497465,57.69867575867018],[11.998911067909084,57.69867879812321],[11.99889928956533,57.698682293538866],[11.998887411032046,57.69868533628889],[11.998874695743284,57.6986884490628],[11.99886350580043,57.69869150814807],[11.998850797857816,57.69869453211496],[11.998841340815217,57.69869673353594],[11.998826938837126,57.698700165797405],[11.998814251561269,57.698702919719054],[11.998803974210816,57.69870501269539],[11.998792960439774,57.69870762656581],[11.99877931547139,57.69871026878234],[11.998764941505877,57.69871334219056],[11.998753964853531,57.69871550754968],[11.998742743057138,57.69871730847919],[11.99872854359402,57.698719936635094],[11.99871742205456,57.69872218932986],[11.998702977519622,57.698724452157094],[11.998566432574743,57.69874691188801],[11.998665825956676,57.699111403880266],[11.998764669994351,57.699273519408344],[11.998216060298015,57.69906820185145],[11.997207504835327,57.69879400538725],[11.996883433104685,57.698725746748906],[11.996418160176466,57.69862753602116],[11.996285415341355,57.69857235449698],[11.996203185738946,57.69843875774782],[11.996200526356658,57.69833886099483],[11.996250563666619,57.698201036088506],[11.996289772278281,57.69813043879148],[11.996305441886511,57.69807662624207],[11.996323692182784,57.6979816282383],[11.996308471023207,57.69793310215753],[11.996228271738412,57.69782848887952],[11.996219763286865,57.6978042040605],[11.996210976625006,57.69779833399571],[11.996026904685968,57.69771946918306],[11.995980101201303,57.6976979598677],[11.995929490360073,57.69767896566972],[11.995930352931344,57.69775878150752],[11.99573962545589,57.698505387830515],[11.995685422349155,57.69880539885958],[11.995283706503901,57.69985620000034],[11.995079966747193,57.70055406213076],[11.994971408001744,57.701301001598026],[11.994918380800458,57.701574982002406],[11.994818829866153,57.70208957910975],[11.994857650343578,57.70265670656795],[11.995009058735068,57.70311319503803],[11.995085155285961,57.703384311677596],[11.99516125072046,57.70365713589858],[11.995449226250113,57.704826219020816],[11.99573112808432,57.704802540749846],[11.9958702200797,57.7049000169204],[11.995891561238903,57.70497160265244],[11.99611129958729,57.70495462528479],[11.996281722863419,57.70494132911212],[11.996220340795892,57.70473975430546],[11.996904312922934,57.704672333954846],[11.996897124507246,57.70458697718282],[11.997662584980484,57.704585376809625],[11.997676197468923,57.704250524296285],[11.998125178647665,57.70420196153741],[11.998111751477348,57.70399963917571],[11.99810396226772,57.703881379297826],[11.998603663167748,57.70391075874726],[11.998272066923054,57.70537568608018],[11.998106544643633,57.70610887503759],[12.000249020118856,57.70628028725805],[12.00030553798494,57.70628391483369],[12.000305439831518,57.69834638168066],[11.999871485026699,57.6982734907789]]]},"properties":{"id":"1480R147","name":"\u00d6ver\u00e5s","values":[13.94,15.335,21.521,13.402,12.641,13.006,8.856]}},{"type":"Feature","geometry":{"type":"Polygon","coordinates":[[[11.969136308616422,57.71050564805181],[11.970886970229365,57.708787751855326],[11.971294104876861,57.70815580660043],[11.972419032061024,57.70833729268702],[11.972904848732583,57.70833948267158],[11.973764351774173,57.70848953460963],[11.974332019942137,57.70744986036005],[11.974339742243112,57.70734904227364],[11.97435030192132,57.70726401809105],[11.974364321653892,57.7072072023446],[11.974454388898586,57.70706701761435],[11.9745923643707,57.706858786486634],[11.974869985072068,57.706682739329004],[11.974894051816383,57.706654829637316],[11.974902063208038,57.706603620593725],[11.974867339098916,57.70654357289247],[11.9748319064675,57.70651855276515],[11.97302843489567,57.70570072714787],[11.972693116843665,57.70525463500344],[11.972958046563662,57.70409314976021],[11.972955488022029,57.70407736337715],[11.972950405486188,57.70406196509128],[11.972942093548777,57.70404711867845],[11.972930602893966,57.704032197099416],[11.972916919740712,57.70401866021286],[11.97290071085428,57.70400551227811],[11.972882079612376,57.70399320426219],[11.972861263215997,57.7039821930308],[11.972837977847774,57.703972559872106],[11.97281379732412,57.7039637141951],[11.972787262756086,57.703956518974735],[11.972760055397037,57.70395074570605],[11.972732060315584,57.70394612200239],[11.972703356659899,57.70394336878626],[11.971173830899039,57.703868654906046],[11.970992660891394,57.70385973406396],[11.970251341163296,57.703577522132356],[11.970030391654774,57.7034929732069],[11.9699958129222,57.70347767718063],[11.969962813880851,57.703461700851875],[11.969933013504649,57.703443913679536],[11.969904907799714,57.703425717699446],[11.96987884821112,57.70340622254396],[11.969855496689334,57.703385804484334],[11.969835120679464,57.70336455800957],[11.969817170436645,57.70334247175009],[11.969801582699976,57.703320262322556],[11.969323859488817,57.702362587071924],[11.969318000831684,57.70234986637905],[11.969308927870994,57.70233751806926],[11.96929759821902,57.70232565496376],[11.969284681452066,57.70231456184167],[11.969268497897104,57.702304468994285],[11.969250834552726,57.70229550911401],[11.96923145994828,57.70228713738185],[11.969210562311304,57.7022804359531],[11.969188216478775,57.70227450963014],[11.969165028830059,57.70227035891083],[11.969141044131154,57.70226744829124],[11.969116258381792,57.70226586575623],[11.969091634934943,57.70226563528652],[11.967544575720897,57.70236505572033],[11.966673827439257,57.70242091986997],[11.966637359072033,57.70242328011218],[11.966600587672703,57.70242428579335],[11.966563813975478,57.702423673589564],[11.966527190390147,57.70242126739794],[11.966490395350254,57.7024175996789],[11.9664544049742,57.70241260216437],[11.96641989267323,57.70240647345846],[11.966386358289913,57.70239856971929],[11.966353498542759,57.70238924498733],[11.966322117029526,57.70237878727289],[11.966292367758044,57.702367021411625],[11.965947006368083,57.702138220503635],[11.965764167960375,57.70191116001345],[11.965246793721583,57.70126657922831],[11.965224865986102,57.7012457450147],[11.965201371891457,57.70122541249085],[11.965174727631766,57.70120635166884],[11.965145650113511,57.70118822112985],[11.965115086987222,57.701171312346496],[11.965082063844621,57.70115569361562],[11.965046761601805,57.70114082820496],[11.965009782047842,57.7011278099972],[11.9649713452416,57.70111565470402],[11.964931246136434,57.70110516721333],[11.96489045315054,57.70109637075991],[11.964848018709182,57.701088972969934],[11.96480479644499,57.70108272378897],[11.964761662986538,57.7010787227982],[11.960950572721979,57.7004692606722],[11.960793079048514,57.70044400009326],[11.960697871485921,57.70043038955502],[11.960601168971182,57.700418091208945],[11.960504323647843,57.70040749705888],[11.960406959271067,57.70039814866821],[11.96030958367703,57.700390596615165],[11.960211373282961,57.70038473212784],[11.96011333415353,57.70038012908818],[11.960014222958872,57.7003767594133],[11.959916073139917,57.700375118671325],[11.959817229132188,57.70037516977032],[11.959718409760942,57.70037656867203],[11.9596194925987,57.7003791335745],[11.959521493227795,57.70038396653982],[11.959422734178423,57.700389590080675],[11.95932559229178,57.70039740951793],[11.95922769822922,57.70040592983242],[11.959131274794192,57.700416731505115],[11.9590350208216,57.70042879458816],[11.958939499917982,57.70044204455049],[11.956749567482973,57.70083544587157],[11.956693100299612,57.70084352285137],[11.956637502016413,57.70085278824266],[11.956583573381174,57.70086362262718],[11.956529377796572,57.70087597671534],[11.956476987559135,57.700889903064514],[11.956426295547951,57.70090503778507],[11.956377111586603,57.70092200635651],[11.956329663420044,57.70093973570989],[11.956283629491125,57.700958756486415],[11.95623939343628,57.70097943833462],[11.956197577603028,57.70100098731893],[11.95615717425099,57.701023828588305],[11.956120165464782,57.70104746966604],[11.95608484721067,57.70107241062238],[11.95605170293145,57.70109785238172],[11.956021092075254,57.70112443275019],[11.955992892168673,57.70115197082149],[11.955625365755173,57.70150948900834],[11.955464047452999,57.70167975733556],[11.955436590089821,57.70170174155062],[11.955406684012484,57.70172321652704],[11.9553750870882,57.70174339428755],[11.9553411017101,57.70176234522269],[11.955305480087553,57.70178098802622],[11.955267624066593,57.70179822884928],[11.955228767652663,57.70181418727213],[11.9551876508931,57.70182901272433],[11.95514555208791,57.701842377355504],[11.955101854784875,57.701854984461],[11.955056634322217,57.70186593706008],[11.955010522336922,57.70187597028875],[11.954963716569033,57.70188436897314],[11.954916749010167,57.701891415556766],[11.954868119245555,57.7018968042818],[11.954628001534763,57.701955274755186],[11.954620461189126,57.70195769882092],[11.954592648852612,57.701969070359276],[11.954559609199809,57.7019849897636],[11.954528711757915,57.702001768749895],[11.954499499144491,57.70201993558347],[11.95397580832192,57.70238051930935],[11.953971546002807,57.702383471669634],[11.953606727200945,57.70262270282774],[11.9534372639758,57.70275134632977],[11.953272395052926,57.70286482348879],[11.951311797415704,57.70421456721031],[11.95131674376781,57.70421666286674],[11.95406939754322,57.705791199900965],[11.956083838014875,57.70705963904174],[11.95983498629722,57.71049904015246],[11.961674948116306,57.71197274450812],[11.962308608500017,57.71225035376435],[11.964187435063932,57.713136724455644],[11.965815587636701,57.710771115149925],[11.9662602330638,57.71012579714725],[11.969136308616422,57.71050564805181]]]},"properties":{"id":"1480R057","name":"Inom Vallgraven","values":[9.983,8.78,14.915,8.937,9.565,8.904,8.749]}},{"type":"Feature","geometry":{"type":"Polygon","coordinates":[[[11.98630019570497,57.708265436257726],[11.986249288393998,57.70814497959927],[11.98553753867611,57.70749981282064],[11.98501897331248,57.707496980639455],[11.983001657107943,57.7074851902208],[11.977755782621106,57.70745513914554],[11.976755349011304,57.70744938697586],[11.974332019942137,57.70744986036005],[11.973764351774173,57.70848953460963],[11.975729580708894,57.708830910909136],[11.975833913218517,57.708645867280886],[11.976784559126221,57.708807331862154],[11.977098447704606,57.70886883855164],[11.977022490205073,57.7089926484175],[11.977333054030554,57.709052547117146],[11.980463243593311,57.70965495340468],[11.982153276601665,57.70998022501729],[11.982205249714362,57.70990813852802],[11.983979995219062,57.710194159987715],[11.98432920211312,57.70988141539951],[11.98483526507677,57.70960718397796],[11.987911506338337,57.711143916548714],[11.988933809341852,57.71083262532026],[11.988968958753807,57.71070954532414],[11.986820919588478,57.70872210696237],[11.98630019570497,57.708265436257726]]]},"properties":{"id":"1480R131","name":"Stampen \u00f6stra","values":[11.996,8.757,8.355,11.936,13.239,14.415,11.412]}},{"type":"Feature","geometry":{"type":"Polygon","coordinates":[[[12.000249020118856,57.70628028725805],[11.998106544643633,57.70610887503759],[11.998062442156714,57.706303722327505],[11.9976220550904,57.70658585393427],[11.998361006681314,57.70910516335905],[11.99860310832258,57.709470524688236],[11.998674092553031,57.70963665059156],[11.998775814575147,57.709734225249115],[11.998875281671495,57.70976875469733],[11.999072530672015,57.70977621889747],[11.999176855942755,57.70976880870617],[11.999226980188292,57.70980225736959],[11.999351499060879,57.7099355961743],[11.999436161959261,57.70998001829137],[11.999886605674158,57.71041645345106],[12.000184032880918,57.71070422696012],[12.000305568327354,57.710821950499685],[12.00030553798494,57.70628391483369],[12.000249020118856,57.70628028725805]]]},"properties":{"id":"1480R093","name":"Lunden v\u00e4stra","values":[12.781,15.61,6.2,13.118,11.559,12.809,12.114]}},{"type":"Feature","geometry":{"type":"Polygon","coordinates":[[[11.99726661593801,57.71091160579046],[11.997222495864976,57.71030930939264],[11.996836032108755,57.70920475014648],[11.996634394182179,57.708627020100536],[11.996371978987892,57.70799914280047],[11.995902835388724,57.70632407600218],[11.994672593657484,57.70656398534941],[11.99410692652069,57.70671525884045],[11.993348381687664,57.70701183078337],[11.993080628806876,57.70710673864943],[11.992740089370065,57.707194435017755],[11.992020061228967,57.707330257788904],[11.991817789892258,57.70735177709651],[11.991484335147536,57.70738742944173],[11.989507610977181,57.70754717245729],[11.988799670527913,57.707570581157775],[11.988221937880951,57.70755664877899],[11.986691168158012,57.70750644816384],[11.98553753867611,57.70749981282064],[11.986249288393998,57.70814497959927],[11.98630019570497,57.708265436257726],[11.986820919588478,57.70872210696237],[11.988968958753807,57.71070954532414],[11.988933809341852,57.71083262532026],[11.987911506338337,57.711143916548714],[11.98483526507677,57.70960718397796],[11.98432920211312,57.70988141539951],[11.983979995219062,57.710194159987715],[11.982205249714362,57.70990813852802],[11.982153276601665,57.70998022501729],[11.980463243593311,57.70965495340468],[11.977333054030554,57.709052547117146],[11.977022490205073,57.7089926484175],[11.977098447704606,57.70886883855164],[11.976784559126221,57.708807331862154],[11.975833913218517,57.708645867280886],[11.975729580708894,57.708830910909136],[11.973764351774173,57.70848953460963],[11.972904848732583,57.70833948267158],[11.972419032061024,57.70833729268702],[11.971294104876861,57.70815580660043],[11.970886970229365,57.708787751855326],[11.969136308616422,57.71050564805181],[11.9662602330638,57.71012579714725],[11.965815587636701,57.710771115149925],[11.964187435063932,57.713136724455644],[11.967053128799366,57.71449531037925],[11.97131455295176,57.71651554889493],[11.972435818716246,57.71692294183364],[11.97443842425161,57.71764964744772],[11.976975175714907,57.71857042038568],[11.978531729363965,57.71908089164501],[11.98356143196294,57.72073111763409],[11.986678678527271,57.7218970035928],[11.987600231529012,57.721133752346645],[11.988680710812343,57.720287652814754],[11.990370919856737,57.71873851977617],[11.99097382177155,57.718179733817486],[11.991643332741683,57.717715893958896],[11.992102634317805,57.71736665687338],[11.992339807668063,57.71725736446539],[11.992804278488967,57.717092638381864],[11.992859876989852,57.717071854327855],[11.992913544951739,57.717049317590835],[11.99296495791923,57.717025557931414],[11.993015472223572,57.71700096889425],[11.9930637091245,57.716975426938525],[11.993110386522789,57.71694868039278],[11.993154495124239,57.716921152865176],[11.993197049990778,57.71689233101092],[11.99323728447112,57.71686309449211],[11.99327485897303,57.71683253646368],[11.993310244780416,57.716801656782145],[11.993343078294018,57.71676981766502],[11.993374450873551,57.716737225701785],[11.99340252677827,57.71670428576231],[11.993428191280966,57.71667038884147],[11.994092942764127,57.715759013270606],[11.994157982242479,57.71565110979839],[11.99438451857996,57.71527413981347],[11.994465327910817,57.71519815070227],[11.994502297049332,57.71517485715904],[11.994536220372181,57.71514987345725],[11.99456595032527,57.71512371160708],[11.994602994583193,57.715094488790164],[11.994642984374215,57.715066503439736],[11.994673845999838,57.71504504118893],[11.994702149677112,57.71502270927402],[11.994727938294545,57.7149989703479],[11.994751391857271,57.714974995300274],[11.99477339943264,57.714950088025326],[11.99479115247988,57.71492472018334],[11.994807405870866,57.71489904708664],[11.994822925704339,57.714873895831204],[11.994836008503167,57.71484805754694],[11.994845928178265,57.71482196437743],[11.994852514183426,57.714795971783424],[11.994856796528254,57.714769385207845],[11.994857186324438,57.714742975811916],[11.99485498846937,57.714716055567095],[11.99484980410268,57.71469005214419],[11.994798487523061,57.714550720005725],[11.994576258601894,57.71402596347762],[11.994578193377443,57.71388241448588],[11.994411399342598,57.713499155730545],[11.995317454111289,57.71289480554161],[11.996173302270085,57.71230938536601],[11.996972614013274,57.71155700654016],[11.997124423924793,57.711315833365106],[11.99726661593801,57.71091160579046]]]},"properties":{"id":"1480R130","name":"Stampen v\u00e4stra","values":[12.991,14.361,12.707,12.245,11.793,13.376,13.193]}},{"type":"Feature","geometry":{"type":"Polygon","coordinates":[[[12.000184032880918,57.71070422696012],[11.999886605674158,57.71041645345106],[11.999436161959261,57.70998001829137],[11.999351499060879,57.7099355961743],[11.999226980188292,57.70980225736959],[11.999176855942755,57.70976880870617],[11.999072530672015,57.70977621889747],[11.998875281671495,57.70976875469733],[11.998775814575147,57.709734225249115],[11.998674092553031,57.70963665059156],[11.99860310832258,57.709470524688236],[11.998361006681314,57.70910516335905],[11.9976220550904,57.70658585393427],[11.998062442156714,57.706303722327505],[11.998106544643633,57.70610887503759],[11.998272066923054,57.70537568608018],[11.998603663167748,57.70391075874726],[11.99810396226772,57.703881379297826],[11.998111751477348,57.70399963917571],[11.998125178647665,57.70420196153741],[11.997676197468923,57.704250524296285],[11.997662584980484,57.704585376809625],[11.996897124507246,57.70458697718282],[11.996904312922934,57.704672333954846],[11.996220340795892,57.70473975430546],[11.996281722863419,57.70494132911212],[11.99611129958729,57.70495462528479],[11.995891561238903,57.70497160265244],[11.9958702200797,57.7049000169204],[11.99573112808432,57.704802540749846],[11.995449226250113,57.704826219020816],[11.995639441496266,57.70560146105226],[11.995818917503822,57.70602356950625],[11.995902835388724,57.70632407600218],[11.996371978987892,57.70799914280047],[11.996634394182179,57.708627020100536],[11.996836032108755,57.70920475014648],[11.997222495864976,57.71030930939264],[11.99726661593801,57.71091160579046],[11.997124423924793,57.711315833365106],[11.996972614013274,57.71155700654016],[11.996173302270085,57.71230938536601],[11.995317454111289,57.71289480554161],[11.994411399342598,57.713499155730545],[11.994578193377443,57.71388241448588],[11.994576258601894,57.71402596347762],[11.994798487523061,57.714550720005725],[11.99484980410268,57.71469005214419],[11.99485498846937,57.714716055567095],[11.994857186324438,57.714742975811916],[11.994856796528254,57.714769385207845],[11.994852514183426,57.714795971783424],[11.994845928178265,57.71482196437743],[11.994836008503167,57.71484805754694],[11.994822925704339,57.714873895831204],[11.994807405870866,57.71489904708664],[11.99479115247988,57.71492472018334],[11.99477339943264,57.714950088025326],[11.994751391857271,57.714974995300274],[11.994727938294545,57.7149989703479],[11.994702149677112,57.71502270927402],[11.994673845999838,57.71504504118893],[11.994642984374215,57.715066503439736],[11.994602994583193,57.715094488790164],[11.99456595032527,57.71512371160708],[11.994536220372181,57.71514987345725],[11.994502297049332,57.71517485715904],[11.994465327910817,57.71519815070227],[11.99438451857996,57.71527413981347],[11.994157982242479,57.71565110979839],[11.994092942764127,57.715759013270606],[11.993428191280966,57.71667038884147],[11.99340252677827,57.71670428576231],[11.993374450873551,57.716737225701785],[11.993343078294018,57.71676981766502],[11.993310244780416,57.716801656782145],[11.99327485897303,57.71683253646368],[11.99323728447112,57.71686309449211],[11.993197049990778,57.71689233101092],[11.993154495124239,57.716921152865176],[11.993110386522789,57.71694868039278],[11.9930637091245,57.716975426938525],[11.993015472223572,57.71700096889425],[11.99296495791923,57.717025557931414],[11.992913544951739,57.717049317590835],[11.992859876989852,57.717071854327855],[11.992804278488967,57.717092638381864],[11.992339807668063,57.71725736446539],[11.992102634317805,57.71736665687338],[11.991643332741683,57.717715893958896],[11.99097382177155,57.718179733817486],[11.990370919856737,57.71873851977617],[11.988680710812343,57.720287652814754],[11.987600231529012,57.721133752346645],[11.988692282634513,57.721111580657876],[11.993625263246077,57.72095336830491],[11.99523476232196,57.72087118671686],[11.995285347472265,57.72088919142106],[11.995338279477863,57.72090563403336],[11.995392749068074,57.72092022660083],[11.995449019646017,57.72093315513117],[11.995506465865423,57.7209435949766],[11.995628307547216,57.72096419019427],[11.9957515643754,57.72098275170559],[11.995780279760192,57.72098388284567],[11.995809093236177,57.72098717337073],[11.99583642126972,57.720991686010834],[11.995863506103687,57.720997450258906],[11.995889190751106,57.72100506958819],[11.995913250818756,57.72101390773146],[11.99593582537792,57.721023968890016],[11.995955960397819,57.72103504976175],[11.995973915789211,57.721047338070946],[11.99599000885623,57.72106039016568],[11.996034552511423,57.721101165430866],[11.996082596046403,57.72114148449732],[11.996132795267382,57.721180866063456],[11.99618544903016,57.72121904848698],[11.996240256808639,57.721256293365],[11.996296930468958,57.72129277361034],[11.996356632617848,57.721327797796384],[11.99641875213235,57.72136207133248],[11.996482366395481,57.7213950321517],[11.996548303575391,57.7214266999086],[11.996615973256356,57.72145750997413],[11.996686104924805,57.72148703117023],[11.997017780332481,57.721644788005754],[11.997366884892795,57.72187304760634],[11.997418412743471,57.72190311558265],[11.997817496137474,57.72220193082805],[11.998411613292513,57.72280666923837],[12.00030554595109,57.72454403618652],[12.000305568327354,57.710821950499685],[12.000184032880918,57.71070422696012]]]},"properties":{"id":"1480R113","name":"Olskroken","values":[14.083,15.614,13.753,14.757,12.315,10.77,14.714]}},{"type":"Feature","geometry":{"type":"Polygon","coordinates":[[[11.959426805937614,57.72941945039163],[11.959799125751367,57.729088722515236],[11.960243119906448,57.728795300068214],[11.960757143972595,57.728438229611164],[11.961343154392404,57.72814443918259],[11.962093844248509,57.727811377704356],[11.962796780653097,57.727540427013906],[11.962892684034069,57.72750363951586],[11.96378682493477,57.72725865877865],[11.964705462136592,57.72703861206045],[11.965507248704876,57.72689528333428],[11.966080798352893,57.72679742835869],[11.966733159660398,57.726686453779465],[11.967982678225892,57.72645193902538],[11.969208513880538,57.72623041301076],[11.97031662325483,57.72603490336651],[11.971401075712107,57.72585211642206],[11.972463156378799,57.72571973626606],[11.973431285993067,57.7256390156679],[11.974474424696188,57.72559890133749],[11.97481508128945,57.72559536395754],[11.975598797013896,57.72560618843228],[11.976225871012588,57.7256332155333],[11.977084224790442,57.72570080889475],[11.977864571606496,57.725823414698716],[11.978622576788549,57.725943236139884],[11.978905853837308,57.725989897003224],[11.979222383913424,57.7260514591705],[11.97951109169977,57.725871891095935],[11.980854795329341,57.724795176705655],[11.98116168616991,57.724859289476505],[11.984930833235165,57.72295156816635],[11.98537702748732,57.72270151577291],[11.98558646472233,57.72267819891478],[11.985611144180073,57.722588028955506],[11.986678678527271,57.7218970035928],[11.98356143196294,57.72073111763409],[11.978531729363965,57.71908089164501],[11.976975175714907,57.71857042038568],[11.97443842425161,57.71764964744772],[11.972435818716246,57.71692294183364],[11.97131455295176,57.71651554889493],[11.967053128799366,57.71449531037925],[11.965231999142619,57.71576414402245],[11.965211624218027,57.715774259212616],[11.965065911335289,57.715878686023],[11.964858415952607,57.716052711248246],[11.96469992696829,57.71624183942412],[11.964529547408306,57.716524946113694],[11.964359429111841,57.71686440117821],[11.96416975834463,57.71723385043097],[11.96397994952774,57.71762971419657],[11.963776415395747,57.71802237314267],[11.96359352629622,57.7184033064186],[11.963376352928572,57.71883301899046],[11.963260424437372,57.719044554544986],[11.963137004969493,57.71923308460066],[11.962957569030134,57.71941074559436],[11.962770246012248,57.719558562425796],[11.962576314928654,57.71968770983227],[11.962332031432695,57.719812772042935],[11.962095333118286,57.719911777589964],[11.961829586823693,57.72000370475182],[11.961416035044635,57.72011894953929],[11.961402441675396,57.720122486998804],[11.960996375101828,57.720211222471704],[11.960505311991687,57.720281200207715],[11.960204384229767,57.7203169252343],[11.959873927881926,57.72035625248854],[11.95953058840522,57.72038403715608],[11.959136595747214,57.72040143776196],[11.958398798071654,57.720412549740985],[11.95773847268719,57.720431361346975],[11.95699343113515,57.72044624565231],[11.955757123901943,57.72047401867085],[11.955555917718133,57.72028720952386],[11.955192620943846,57.71991462220433],[11.954656762991892,57.71938376858445],[11.953096658164258,57.719810162278534],[11.952707509829946,57.71986549049678],[11.952087991825117,57.71980761581939],[11.950701468608585,57.719148598013746],[11.950583548070096,57.71902417381215],[11.95054284969214,57.719023911999514],[11.95034668984073,57.71907867177018],[11.949958066239633,57.71916401840793],[11.949868320638863,57.71918369121603],[11.949444044904293,57.71933053961861],[11.949312870587361,57.71936026658037],[11.949250852270044,57.71937467633329],[11.949137454522461,57.71941534580025],[11.949009302498238,57.71947497806338],[11.94901776028532,57.71954230835444],[11.949053409506064,57.7196600775319],[11.949086362532674,57.719770412481246],[11.948316416382678,57.719775209489],[11.946174254430142,57.71978858610902],[11.945096483923638,57.71979572801758],[11.944506677655557,57.719788047034335],[11.94417513153471,57.72004045807813],[11.944190110123463,57.72036863359064],[11.94417560933591,57.72076879435568],[11.94425798321869,57.72183662722416],[11.944192057355579,57.721838180033444],[11.944332682100878,57.723800099146324],[11.945414772446854,57.72378749467416],[11.945422255799695,57.723872863893305],[11.945523065272535,57.72510531538096],[11.945591536441428,57.726179190192475],[11.945794304516573,57.72726394492479],[11.946326503720115,57.727425597919385],[11.94723441654262,57.727771362388225],[11.948462031580192,57.72823131398699],[11.948736792456499,57.72841173043422],[11.948851380488254,57.728548026764905],[11.948919356114917,57.72865713870766],[11.949019644322068,57.72919342104114],[11.949038323985725,57.72928085646474],[11.949098717906775,57.729378014013875],[11.949171603887816,57.729443662634864],[11.94923633137052,57.72954694558385],[11.949709108858219,57.72953794280381],[11.951374312456643,57.729593344821886],[11.952323697071877,57.72965494143826],[11.9544273604532,57.72981791094604],[11.955749093410997,57.72998746778141],[11.958859768643459,57.73010718688709],[11.959148321765529,57.72972484457711],[11.959426805937614,57.72941945039163]]]},"properties":{"id":"1480R075","name":"Kvilleb\u00e4cken Backaplan","values":[13.676,13.514,14.485,13.269,13.278,12.428,13.804]}},{"type":"Feature","geometry":{"type":"MultiPolygon","coordinates":[[[[11.994086566052223,57.73006159685853],[11.99398501778267,57.72988629548786],[11.993494726489804,57.72903671110188],[11.992693183318206,57.72775981558384],[11.992012418688892,57.726747365781534],[11.991463768207824,57.7259309804947],[11.99125228848076,57.725676861924846],[11.990804934368045,57.72514557944485],[11.989913310275407,57.72429137600815],[11.989300313480753,57.72381518539356],[11.989007389452171,57.723608008526156],[11.988165281508573,57.72287223691221],[11.986678678527271,57.7218970035928],[11.985611144180073,57.722588028955506],[11.98558646472233,57.72267819891478],[11.98537702748732,57.72270151577291],[11.984930833235165,57.72295156816635],[11.98116168616991,57.724859289476505],[11.980854795329341,57.724795176705655],[11.97951109169977,57.725871891095935],[11.979222383913424,57.7260514591705],[11.978905853837308,57.725989897003224],[11.978622576788549,57.725943236139884],[11.977864571606496,57.725823414698716],[11.977084224790442,57.72570080889475],[11.976225871012588,57.7256332155333],[11.975598797013896,57.72560618843228],[11.97481508128945,57.72559536395754],[11.974474424696188,57.72559890133749],[11.973431285993067,57.7256390156679],[11.972463156378799,57.72571973626606],[11.971401075712107,57.72585211642206],[11.97031662325483,57.72603490336651],[11.969208513880538,57.72623041301076],[11.967982678225892,57.72645193902538],[11.966733159660398,57.726686453779465],[11.966080798352893,57.72679742835869],[11.968314530391016,57.7269211417219],[11.969164161195597,57.727030275163216],[11.96949641369795,57.7270925978368],[11.971027951754563,57.727347085023695],[11.971752455074451,57.72756616050406],[11.971988477044894,57.727639562023896],[11.972781992220522,57.727949692765144],[11.973269643423999,57.728216560125695],[11.973854834636192,57.728657479432215],[11.974001800116799,57.72883684949603],[11.974373289827314,57.72941813945454],[11.974734574824991,57.73017930276194],[11.994155929051544,57.730181685490145],[11.994086566052223,57.73006159685853]]],[[[11.96959422094855,57.72968372120112],[11.969042033263731,57.72934547368423],[11.967132032685214,57.72884160746622],[11.966884892548466,57.72911272341914],[11.964821113552425,57.729123449827185],[11.963248211609592,57.72829782093609],[11.964199244776978,57.729922848682705],[11.962636449814735,57.729876724052474],[11.962752675418066,57.730176346382],[11.970233911867044,57.73017832528892],[11.96959422094855,57.72968372120112]]]]},"properties":{"id":"1480R023","name":"Brunnsbo norra","values":[15.013,14.99,16.283,13.543,14.837,15.737,14.132]}},{"type":"Feature","geometry":{"type":"Polygon","coordinates":[[[11.962636449814735,57.729876724052474],[11.964199244776978,57.729922848682705],[11.963248211609592,57.72829782093609],[11.964821113552425,57.729123449827185],[11.966884892548466,57.72911272341914],[11.967132032685214,57.72884160746622],[11.969042033263731,57.72934547368423],[11.96959422094855,57.72968372120112],[11.970233911867044,57.73017832528892],[11.974734574824991,57.73017930276194],[11.974373289827314,57.72941813945454],[11.974001800116799,57.72883684949603],[11.973854834636192,57.728657479432215],[11.973269643423999,57.728216560125695],[11.972781992220522,57.727949692765144],[11.971988477044894,57.727639562023896],[11.971752455074451,57.72756616050406],[11.971027951754563,57.727347085023695],[11.96949641369795,57.7270925978368],[11.969164161195597,57.727030275163216],[11.968314530391016,57.7269211417219],[11.966080798352893,57.72679742835869],[11.965507248704876,57.72689528333428],[11.964705462136592,57.72703861206045],[11.96378682493477,57.72725865877865],[11.962892684034069,57.72750363951586],[11.962796780653097,57.727540427013906],[11.962093844248509,57.727811377704356],[11.961343154392404,57.72814443918259],[11.960757143972595,57.728438229611164],[11.960243119906448,57.728795300068214],[11.959799125751367,57.729088722515236],[11.959426805937614,57.72941945039163],[11.959148321765529,57.72972484457711],[11.958859768643459,57.73010718688709],[11.955749093410997,57.72998746778141],[11.9544273604532,57.72981791094604],[11.952323697071877,57.72965494143826],[11.952366409511066,57.7298075654737],[11.952459272520018,57.73013968038536],[11.952470509355903,57.73017290507994],[11.962752675418066,57.730176346382],[11.962636449814735,57.729876724052474]]]},"properties":{"id":"1480R024","name":"Brunnsbo torg","values":[14.565,8.13,16.505,8.075,14.773,12.222,18.877]}},{"type":"Feature","geometry":{"type":"Polygon","coordinates":[[[11.998411613292513,57.72280666923837],[11.997817496137474,57.72220193082805],[11.997418412743471,57.72190311558265],[11.997366884892795,57.72187304760634],[11.997017780332481,57.721644788005754],[11.996686104924805,57.72148703117023],[11.996615973256356,57.72145750997413],[11.996548303575391,57.7214266999086],[11.996482366395481,57.7213950321517],[11.99641875213235,57.72136207133248],[11.996356632617848,57.721327797796384],[11.996296930468958,57.72129277361034],[11.996240256808639,57.721256293365],[11.99618544903016,57.72121904848698],[11.996132795267382,57.721180866063456],[11.996082596046403,57.72114148449732],[11.996034552511423,57.721101165430866],[11.99599000885623,57.72106039016568],[11.995973915789211,57.721047338070946],[11.995955960397819,57.72103504976175],[11.99593582537792,57.721023968890016],[11.995913250818756,57.72101390773146],[11.995889190751106,57.72100506958819],[11.995863506103687,57.720997450258906],[11.99583642126972,57.720991686010834],[11.995809093236177,57.72098717337073],[11.995780279760192,57.72098388284567],[11.9957515643754,57.72098275170559],[11.995628307547216,57.72096419019427],[11.995506465865423,57.7209435949766],[11.995449019646017,57.72093315513117],[11.995392749068074,57.72092022660083],[11.995338279477863,57.72090563403336],[11.995285347472265,57.72088919142106],[11.99523476232196,57.72087118671686],[11.993625263246077,57.72095336830491],[11.988692282634513,57.721111580657876],[11.987600231529012,57.721133752346645],[11.986678678527271,57.7218970035928],[11.988165281508573,57.72287223691221],[11.989007389452171,57.723608008526156],[11.989300313480753,57.72381518539356],[11.989913310275407,57.72429137600815],[11.990804934368045,57.72514557944485],[11.99125228848076,57.725676861924846],[11.991463768207824,57.7259309804947],[11.992012418688892,57.726747365781534],[11.992693183318206,57.72775981558384],[11.993494726489804,57.72903671110188],[11.99398501778267,57.72988629548786],[11.994086566052223,57.73006159685853],[11.994155929051544,57.730181685490145],[12.000305487022802,57.73018181877855],[12.00030554595109,57.72454403618652],[11.998411613292513,57.72280666923837]]]},"properties":{"id":"1480R033","name":"Gamlestaden v\u00e4stra","values":[14.417,14.028,15.044,13.511,14.764,15.439,13.389]}}]}