{"type":"FeatureCollection","metadata":{"title":"Time Lost by Slow Walkers","departures":["06:25","06:49","07:15","07:38","08:09","08:31"],"completedDepartures":6,"plannedDepartures":32,"routingDate":"2026-09-22","bins":[0,5,10,15,20,25,30],"colors":["#ffffb2","#fed976","#feb24c","#fd8d3c","#fc4e2a","#e31a1c","#b10026"],"measure":"Average extra minutes on modelled trips classified as missed connections","sampling":"6 morning departures \u00b7 06:25\u201308:31","districtScope":"Whole RegSO areas intersecting the table; trip-weighted city origins","provenance":{"repository":"https://github.com/SaraAboebeid/slow_walkers","commit":"530a93530baf450041075a9c0dd28b6f4787d890","syntheticPopulation":"https://zenodo.org/records/10801936","speedsKmh":{"medium":4.8,"slow":4.235},"sha256":{"README.md":"dd37606ceddc233ce1f700759373fc0189d78cebb85e0d7f959cfabb60e7c533","config.py":"3cae23e89250f197de18f0a46a188d53b3db7de57a682394308d502ff8985b24","data/regso_goteborg.gpkg":"57c4ed4205afc3f7177a0ec57c515a314443fc763984babe28ac6f66c5fdd608","grids.py":"9e77cc5846c01c151db2040834db67f812de5bc9fd42622e5f7f54aa3a7c9e15","output/compute_delays.log":"0e0f88852f9830c77b47336ebe36376f663efa18e4ab01f9ac70b7c62d4f6592","output/delays_by_departure.npz":"86a495c04be18c74ca4bc5a2ab022cb472543994408ce38f9c7ee64572f7c88b","output/district_delays.gpkg":"518ae85d6ef53c0ecd8b53c06531de0c817a53f5d922a967ff09ef2bc9838782","output/point_delays.gpkg":"64152b2f7a3e315895704014c2dc99b8bd12a6b70349627e9fa02567b0b012d7","output/synthpop_delays.csv":"d56af3294b4d36e73402e6266b2f10befd1cd65e2e01a4695b3c4c1446fb96c0","output/synthpop_legs.gpkg":"048ec56c6431dfd6057cfc984eeb4b654948a1d3c69460f5bc015ea28e178ff0","output/synthpop_routes.gpkg":"96a21820abaa8bbdecfbcaa99d36a8c85eb0d4b740e189db436cdedaf41b44e6"}}},"features":[{"type":"Feature","geometry":{"type":"Polygon","coordinates":[[[11.961179944707188,57.683981557303156],[11.964529304431847,57.68406199915008],[11.964608690126388,57.68311317700852],[11.961252762637663,57.68311219408213],[11.961179944707188,57.683981557303156]]]},"properties":{"grid":"city","values":[12.879,14.619,10.853,11.249,8.445,12.944,11.987]}},{"type":"Feature","geometry":{"type":"Polygon","coordinates":[[[11.964529304431847,57.68406199915008],[11.96787868196056,57.684142352438755],[11.967964620767347,57.68311407088753],[11.964608690126388,57.68311317700852],[11.964529304431847,57.68406199915008]]]},"properties":{"grid":"city","values":[13.199,13.681,11.252,10.098,8.251,13.198,13.266]}},{"type":"Feature","geometry":{"type":"Polygon","coordinates":[[[11.96787868196056,57.684142352438755],[11.969760693644565,57.68418746381843],[11.96985030819341,57.68311453407995],[11.967964620767347,57.68311407088753],[11.96787868196056,57.684142352438755]]]},"properties":{"grid":"city","values":[14.665,13.083,11.386,8.83,7.571,13.354,18.203]}},{"type":"Feature","geometry":{"type":"Polygon","coordinates":[[[11.987975319927104,57.68462261239245],[11.991324821538738,57.684702345745926],[11.991456221857458,57.6831178347002],[11.988100269703917,57.68311756415742],[11.987975319927104,57.68462261239245]]]},"properties":{"grid":"city","values":[13.146,11.744,15.864,8.393,11.559,10.429,14.048]}},{"type":"Feature","geometry":{"type":"Polygon","coordinates":[[[11.991324821538738,57.684702345745926],[11.994674340798571,57.68478199053336],[11.994812177005212,57.68311801619431],[11.991456221857458,57.6831178347002],[11.991324821538738,57.684702345745926]]]},"properties":{"grid":"city","values":[14.266,14.686,11.618,10.571,10.864,10.645,17.166]}},{"type":"Feature","geometry":{"type":"Polygon","coordinates":[[[11.994674340798571,57.68478199053336],[11.99802387768712,57.68486154675372],[11.998168135127433,57.68311810863954],[11.994812177005212,57.68311801619431],[11.994674340798571,57.68478199053336]]]},"properties":{"grid":"city","values":[14.691,12.429,10.826,10.152,8.833,9.993,23.934]}},{"type":"Feature","geometry":{"type":"Polygon","coordinates":[[[11.99802387768712,57.68486154675372],[12.000305143161354,57.684915679081996],[12.000305091004611,57.6831181211005],[11.998168135127433,57.68311810863954],[11.99802387768712,57.68486154675372]]]},"properties":{"grid":"city","values":[14.423,12.593,11.127,10.806,10.296,10.605,20.291]}},{"type":"Feature","geometry":{"type":"Polygon","coordinates":[[[11.937583495168663,57.68520991900251],[11.937734926784367,57.683415984825366],[11.934405040573271,57.68333530317085],[11.93440183013033,57.685132829037585],[11.937583495168663,57.68520991900251]]]},"properties":{"grid":"city","values":[12.935,11.35,9.182,12.573,12.768,10.92,13.557]}},{"type":"Feature","geometry":{"type":"Polygon","coordinates":[[[11.937734926784367,57.683415984825366],[11.937583495168663,57.68520991900251],[11.940932894711736,57.68529098631704],[11.94108416133524,57.68349704655273],[11.937734926784367,57.683415984825366]]]},"properties":{"grid":"city","values":[12.912,11.049,8.79,12.908,12.256,10.542,13.582]}},{"type":"Feature","geometry":{"type":"Polygon","coordinates":[[[11.94108416133524,57.68349704655273],[11.940932894711736,57.68529098631704],[11.94428231219816,57.68537196507408],[11.944433413826514,57.683578019728685],[11.94108416133524,57.68349704655273]]]},"properties":{"grid":"city","values":[12.779,9.894,7.677,12.643,10.753,9.35,12.207]}},{"type":"Feature","geometry":{"type":"Polygon","coordinates":[[[11.944433413826514,57.683578019728685],[11.94428231219816,57.68537196507408],[11.947631747608455,57.6854528552727],[11.94778268423871,57.68365890435228],[11.944433413826514,57.683578019728685]]]},"properties":{"grid":"city","values":[12.828,8.864,5.993,12.529,10.783,8.893,12.662]}},{"type":"Feature","geometry":{"type":"Polygon","coordinates":[[[11.94778268423871,57.68365890435228],[11.947631747608455,57.6854528552727],[11.950981200923138,57.68553365691186],[11.951131972552352,57.68373970042251],[11.94778268423871,57.68365890435228]]]},"properties":{"grid":"city","values":[12.928,9.189,7.148,11.695,11.05,7.688,13.149]}},{"type":"Feature","geometry":{"type":"Polygon","coordinates":[[[11.951131972552352,57.68373970042251],[11.950981200923138,57.68553365691186],[11.954330672122737,57.68561436999059],[11.954481278747966,57.68382040793836],[11.951131972552352,57.68373970042251]]]},"properties":{"grid":"city","values":[12.762,9.469,7.636,9.393,11.978,5.551,15.264]}},{"type":"Feature","geometry":{"type":"Polygon","coordinates":[[[11.954481278747966,57.68382040793836],[11.954330672122737,57.68561436999059],[11.957680161187767,57.685694994507905],[11.957830602806071,57.68390102689892],[11.954481278747966,57.68382040793836]]]},"properties":{"grid":"city","values":[12.703,9.895,8.151,8.792,12.074,5.567,15.603]}},{"type":"Feature","geometry":{"type":"Polygon","coordinates":[[[11.957830602806071,57.68390102689892],[11.957680161187767,57.685694994507905],[11.961029668098746,57.68577553046284],[11.961179944707188,57.683981557303156],[11.957830602806071,57.68390102689892]]]},"properties":{"grid":"city","values":[12.428,11.782,8.561,8.67,10.192,9.493,14.28]}},{"type":"Feature","geometry":{"type":"Polygon","coordinates":[[[11.961179944707188,57.683981557303156],[11.961029668098746,57.68577553046284],[11.964379192836196,57.68585597785441],[11.964529304431847,57.68406199915008],[11.961179944707188,57.683981557303156]]]},"properties":{"grid":"city","values":[12.139,12.272,8.306,8.27,7.912,11.983,12.754]}},{"type":"Feature","geometry":{"type":"Polygon","coordinates":[[[11.964529304431847,57.68406199915008],[11.964379192836196,57.68585597785441],[11.967728735380629,57.68593633668161],[11.96787868196056,57.684142352438755],[11.964529304431847,57.68406199915008]]]},"properties":{"grid":"city","values":[12.621,12.662,9.484,8.436,8.38,12.366,13.071]}},{"type":"Feature","geometry":{"type":"Polygon","coordinates":[[[11.96787868196056,57.684142352438755],[11.967728735380629,57.68593633668161],[11.969610839787693,57.685981451170726],[11.969760693644565,57.68418746381843],[11.96787868196056,57.684142352438755]]]},"properties":{"grid":"city","values":[13.171,12.0,10.558,8.476,9.185,12.782,14.164]}},{"type":"Feature","geometry":{"type":"Polygon","coordinates":[[[11.987975319927104,57.68462261239245],[11.987826363502837,57.6864166297389],[11.991176030150607,57.68649636858834],[11.991324821538738,57.684702345745926],[11.987975319927104,57.68462261239245]]]},"properties":{"grid":"city","values":[13.405,14.954,11.51,8.592,11.232,10.179,11.692]}},{"type":"Feature","geometry":{"type":"Polygon","coordinates":[[[11.991324821538738,57.684702345745926],[11.991176030150607,57.68649636858834],[11.99452571444948,57.68657601886565],[11.994674340798571,57.68478199053336],[11.991324821538738,57.684702345745926]]]},"properties":{"grid":"city","values":[14.843,20.608,9.696,14.825,12.07,11.179,10.263]}},{"type":"Feature","geometry":{"type":"Polygon","coordinates":[[[11.994674340798571,57.68478199053336],[11.99452571444948,57.68657601886565],[11.99787541637997,57.686655580569855],[11.99802387768712,57.68486154675372],[11.994674340798571,57.68478199053336]]]},"properties":{"grid":"city","values":[15.394,18.417,8.005,13.562,12.971,11.228,13.603]}},{"type":"Feature","geometry":{"type":"Polygon","coordinates":[[[11.99802387768712,57.68486154675372],[11.99787541637997,57.686655580569855],[12.000305192379365,57.68671323661951],[12.000305143161354,57.684915679081996],[11.99802387768712,57.68486154675372]]]},"properties":{"grid":"city","values":[15.313,14.635,10.125,12.114,12.284,11.408,16.019]}},{"type":"Feature","geometry":{"type":"Polygon","coordinates":[[[11.937432045590134,57.68700385241403],[11.937583495168663,57.68520991900251],[11.93440183013033,57.685132829037585],[11.93439861636093,57.68693035446022],[11.937432045590134,57.68700385241403]]]},"properties":{"grid":"city","values":[13.5,11.746,10.52,13.963,14.367,11.025,14.131]}},{"type":"Feature","geometry":{"type":"Polygon","coordinates":[[[11.937583495168663,57.68520991900251],[11.937432045590134,57.68700385241403],[11.940781610144883,57.68708492531628],[11.940932894711736,57.68529098631704],[11.937583495168663,57.68520991900251]]]},"properties":{"grid":"city","values":[13.576,11.722,10.61,14.539,14.132,10.826,14.366]}},{"type":"Feature","geometry":{"type":"Polygon","coordinates":[[[11.940932894711736,57.68529098631704],[11.940781610144883,57.68708492531628],[11.944131192645935,57.687165909654986],[11.94428231219816,57.68537196507408],[11.940932894711736,57.68529098631704]]]},"properties":{"grid":"city","values":[13.225,10.336,8.952,12.699,13.007,10.433,13.532]}},{"type":"Feature","geometry":{"type":"Polygon","coordinates":[[[11.94428231219816,57.68537196507408],[11.944131192645935,57.687165909654986],[11.947480793073805,57.687246805429155],[11.947631747608455,57.6854528552727],[11.94428231219816,57.68537196507408]]]},"properties":{"grid":"city","values":[13.446,8.681,7.123,12.82,14.312,10.3,15.906]}},{"type":"Feature","geometry":{"type":"Polygon","coordinates":[[[11.947631747608455,57.6854528552727],[11.947480793073805,57.687246805429155],[11.950830411409013,57.68732761263781],[11.950981200923138,57.68553365691186],[11.947631747608455,57.6854528552727]]]},"properties":{"grid":"city","values":[13.014,9.153,8.279,11.655,12.779,8.239,14.427]}},{"type":"Feature","geometry":{"type":"Polygon","coordinates":[[[11.950981200923138,57.68553365691186],[11.950830411409013,57.68732761263781],[11.954180047632079,57.68740833127994],[11.954330672122737,57.68561436999059],[11.950981200923138,57.68553365691186]]]},"properties":{"grid":"city","values":[12.518,8.581,8.715,8.066,13.435,2.191,14.447]}},{"type":"Feature","geometry":{"type":"Polygon","coordinates":[[[11.954330672122737,57.68561436999059],[11.954180047632079,57.68740833127994],[11.957529701723514,57.68748896135459],[11.957680161187767,57.685694994507905],[11.954330672122737,57.68561436999059]]]},"properties":{"grid":"city","values":[12.533,8.643,9.176,7.398,13.876,1.271,14.592]}},{"type":"Feature","geometry":{"type":"Polygon","coordinates":[[[11.957680161187767,57.685694994507905],[11.957529701723514,57.68748896135459],[11.960879373663836,57.68756950286076],[11.961029668098746,57.68577553046284],[11.957680161187767,57.685694994507905]]]},"properties":{"grid":"city","values":[11.928,11.208,7.815,8.398,9.488,9.155,12.987]}},{"type":"Feature","geometry":{"type":"Polygon","coordinates":[[[11.961029668098746,57.68577553046284],[11.960879373663836,57.68756950286076],[11.964229063433558,57.68764995579748],[11.964379192836196,57.68585597785441],[11.961029668098746,57.68577553046284]]]},"properties":{"grid":"city","values":[11.097,11.698,6.026,6.874,5.79,13.277,10.691]}},{"type":"Feature","geometry":{"type":"Polygon","coordinates":[[[11.964379192836196,57.68585597785441],[11.964229063433558,57.68764995579748],[11.967578771013196,57.68773032016379],[11.967728735380629,57.68593633668161],[11.964379192836196,57.68585597785441]]]},"properties":{"grid":"city","values":[12.135,12.236,8.076,7.737,7.872,12.898,13.108]}},{"type":"Feature","geometry":{"type":"Polygon","coordinates":[[[11.967728735380629,57.68593633668161],[11.967578771013196,57.68773032016379],[11.969460968154266,57.68777543776262],[11.969610839787693,57.685981451170726],[11.967728735380629,57.68593633668161]]]},"properties":{"grid":"city","values":[12.702,11.2,11.339,7.206,10.684,12.229,13.776]}},{"type":"Feature","geometry":{"type":"Polygon","coordinates":[[[11.987826363502837,57.6864166297389],[11.987677389407978,57.68821064632789],[11.991027221111372,57.688290390673885],[11.991176030150607,57.68649636858834],[11.987826363502837,57.6864166297389]]]},"properties":{"grid":"city","values":[12.082,12.248,11.776,2.947,10.447,9.875,9.967]}},{"type":"Feature","geometry":{"type":"Polygon","coordinates":[[[11.991176030150607,57.68649636858834],[11.991027221111372,57.688290390673885],[11.994377070468774,57.68837004644165],[11.99452571444948,57.68657601886565],[11.991176030150607,57.68649636858834]]]},"properties":{"grid":"city","values":[14.779,20.128,8.179,14.045,12.575,10.823,10.205]}},{"type":"Feature","geometry":{"type":"Polygon","coordinates":[[[11.99452571444948,57.68657601886565],[11.994377070468774,57.68837004644165],[11.997726937460692,57.688449613630205],[11.99787541637997,57.686655580569855],[11.99452571444948,57.68657601886565]]]},"properties":{"grid":"city","values":[16.525,22.348,0.147,16.045,17.434,11.43,11.066]}},{"type":"Feature","geometry":{"type":"Polygon","coordinates":[[[11.99787541637997,57.686655580569855],[11.997726937460692,57.688449613630205],[12.000305238658347,57.68851079371301],[12.000305192379365,57.68671323661951],[11.99787541637997,57.686655580569855]]]},"properties":{"grid":"city","values":[16.122,17.202,7.509,14.11,14.096,11.753,14.125]}},{"type":"Feature","geometry":{"type":"Polygon","coordinates":[[[11.93728057804582,57.6887977850599],[11.937432045590134,57.68700385241403],[11.93439861636093,57.68693035446022],[11.934395399264716,57.68872787943881],[11.93728057804582,57.6887977850599]]]},"properties":{"grid":"city","values":[13.355,11.65,10.496,11.999,15.034,11.176,13.067]}},{"type":"Feature","geometry":{"type":"Polygon","coordinates":[[[11.937432045590134,57.68700385241403],[11.93728057804582,57.6887977850599],[11.940630307631727,57.68887886355044],[11.940781610144883,57.68708492531628],[11.937432045590134,57.68700385241403]]]},"properties":{"grid":"city","values":[13.389,11.742,10.811,12.059,14.774,11.152,12.961]}},{"type":"Feature","geometry":{"type":"Polygon","coordinates":[[[11.940781610144883,57.68708492531628],[11.940630307631727,57.68887886355044],[11.94398005516689,57.68895985347133],[11.944131192645935,57.687165909654986],[11.940781610144883,57.68708492531628]]]},"properties":{"grid":"city","values":[13.36,11.585,11.016,11.716,12.668,10.763,12.183]}},{"type":"Feature","geometry":{"type":"Polygon","coordinates":[[[11.944131192645935,57.687165909654986],[11.94398005516689,57.68895985347133],[11.94732982063182,57.689040754821626],[11.947480793073805,57.687246805429155],[11.944131192645935,57.687165909654986]]]},"properties":{"grid":"city","values":[13.296,10.759,11.52,11.868,13.471,10.105,13.608]}},{"type":"Feature","geometry":{"type":"Polygon","coordinates":[[[11.947480793073805,57.687246805429155],[11.94732982063182,57.689040754821626],[11.950679604007036,57.68912156760031],[11.950830411409013,57.68732761263781],[11.947480793073805,57.687246805429155]]]},"properties":{"grid":"city","values":[12.932,11.201,11.425,11.557,11.392,8.638,13.317]}},{"type":"Feature","geometry":{"type":"Polygon","coordinates":[[[11.950830411409013,57.68732761263781],[11.950679604007036,57.68912156760031],[11.95402940527305,57.68920229180639],[11.954180047632079,57.68740833127994],[11.950830411409013,57.68732761263781]]]},"properties":{"grid":"city","values":[12.184,10.058,10.156,10.276,11.46,6.138,13.103]}},{"type":"Feature","geometry":{"type":"Polygon","coordinates":[[[11.954180047632079,57.68740833127994],[11.95402940527305,57.68920229180639],[11.957379224410374,57.68928292743893],[11.957529701723514,57.68748896135459],[11.954180047632079,57.68740833127994]]]},"properties":{"grid":"city","values":[12.047,9.951,9.406,9.711,11.631,6.013,13.117]}},{"type":"Feature","geometry":{"type":"Polygon","coordinates":[[[11.957529701723514,57.68748896135459],[11.957379224410374,57.68928292743893],[11.96072906139952,57.6893634744969],[11.960879373663836,57.68756950286076],[11.957529701723514,57.68748896135459]]]},"properties":{"grid":"city","values":[11.974,11.661,8.441,9.563,9.985,9.541,12.468]}},{"type":"Feature","geometry":{"type":"Polygon","coordinates":[[[11.960879373663836,57.68756950286076],[11.96072906139952,57.6893634744969],[11.964078916221004,57.68944393297933],[11.964229063433558,57.68764995579748],[11.960879373663836,57.68756950286076]]]},"properties":{"grid":"city","values":[12.115,12.409,7.67,8.848,9.074,11.643,13.226]}},{"type":"Feature","geometry":{"type":"Polygon","coordinates":[[[11.964229063433558,57.68764995579748],[11.964078916221004,57.68944393297933],[11.967428788855333,57.68952430288528],[11.967578771013196,57.68773032016379],[11.964229063433558,57.68764995579748]]]},"properties":{"grid":"city","values":[12.692,12.674,8.388,8.625,9.902,11.826,15.095]}},{"type":"Feature","geometry":{"type":"Polygon","coordinates":[[[11.967578771013196,57.68773032016379],[11.967428788855333,57.68952430288528],[11.96931107874136,57.689569423594136],[11.969460968154266,57.68777543776262],[11.967578771013196,57.68773032016379]]]},"properties":{"grid":"city","values":[13.024,11.65,8.969,8.538,10.823,11.769,16.77]}},{"type":"Feature","geometry":{"type":"Polygon","coordinates":[[[11.987677389407978,57.68821064632789],[11.987528397639622,57.69000466215949],[11.99087839441813,57.69008441200253],[11.991027221111372,57.688290390673885],[11.987677389407978,57.68821064632789]]]},"properties":{"grid":"city","values":[12.823,13.064,8.758,10.24,8.037,6.865,9.204]}},{"type":"Feature","geometry":{"type":"Polygon","coordinates":[[[11.991027221111372,57.688290390673885],[11.99087839441813,57.69008441200253],[11.994228408853552,57.69016407326128],[11.994377070468774,57.68837004644165],[11.991027221111372,57.688290390673885]]]},"properties":{"grid":"city","values":[14.099,17.501,6.945,12.824,10.974,9.575,8.786]}},{"type":"Feature","geometry":{"type":"Polygon","coordinates":[[[11.994377070468774,57.68837004644165],[11.994228408853552,57.69016407326128],[11.997578440926391,57.69024364593472],[11.997726937460692,57.688449613630205],[11.994377070468774,57.68837004644165]]]},"properties":{"grid":"city","values":[15.434,19.654,5.581,14.43,13.853,11.455,10.204]}},{"type":"Feature","geometry":{"type":"Polygon","coordinates":[[[11.997726937460692,57.688449613630205],[11.997578440926391,57.69024364593472],[12.000305281998017,57.690308350362535],[12.000305238658347,57.68851079371301],[11.997726937460692,57.688449613630205]]]},"properties":{"grid":"city","values":[15.745,15.807,9.578,13.462,11.825,11.8,12.857]}},{"type":"Feature","geometry":{"type":"Polygon","coordinates":[[[11.937129092532768,57.69059171694013],[11.93728057804582,57.6887977850599],[11.934395399264716,57.68872787943881],[11.934392178841332,57.69052540397333],[11.937129092532768,57.69059171694013]]]},"properties":{"grid":"city","values":[12.711,11.489,8.866,8.084,15.591,11.727,10.263]}},{"type":"Feature","geometry":{"type":"Polygon","coordinates":[[[11.93728057804582,57.6887977850599],[11.937129092532768,57.69059171694013],[11.940478987169314,57.6906728010195],[11.940630307631727,57.68887886355044],[11.93728057804582,57.6887977850599]]]},"properties":{"grid":"city","values":[12.661,11.561,8.776,7.474,15.62,11.788,9.468]}},{"type":"Feature","geometry":{"type":"Polygon","coordinates":[[[11.940630307631727,57.68887886355044],[11.940478987169314,57.6906728010195],[11.943828899758072,57.69075379652314],[11.94398005516689,57.68895985347133],[11.940630307631727,57.68887886355044]]]},"properties":{"grid":"city","values":[13.403,13.414,14.426,10.015,12.364,11.318,10.902]}},{"type":"Feature","geometry":{"type":"Polygon","coordinates":[[[11.94398005516689,57.68895985347133],[11.943828899758072,57.69075379652314],[11.94717883027955,57.6908347034501],[11.94732982063182,57.689040754821626],[11.94398005516689,57.68895985347133]]]},"properties":{"grid":"city","values":[13.871,15.343,21.223,11.245,11.257,11.404,10.482]}},{"type":"Feature","geometry":{"type":"Polygon","coordinates":[[[11.94732982063182,57.689040754821626],[11.94717883027955,57.6908347034501],[11.950528778714256,57.690915521799376],[11.950679604007036,57.68912156760031],[11.94732982063182,57.689040754821626]]]},"properties":{"grid":"city","values":[13.036,13.65,15.566,11.806,9.623,10.01,11.549]}},{"type":"Feature","geometry":{"type":"Polygon","coordinates":[[[11.950679604007036,57.68912156760031],[11.950528778714256,57.690915521799376],[11.953878745042708,57.69099625156996],[11.95402940527305,57.68920229180639],[11.950679604007036,57.68912156760031]]]},"properties":{"grid":"city","values":[11.07,10.616,9.809,13.05,7.826,9.626,11.379]}},{"type":"Feature","geometry":{"type":"Polygon","coordinates":[[[11.95402940527305,57.68920229180639],[11.953878745042708,57.69099625156996],[11.957228729245408,57.691076892760904],[11.957379224410374,57.68928292743893],[11.95402940527305,57.68920229180639]]]},"properties":{"grid":"city","values":[10.601,10.18,8.857,13.309,7.885,10.04,11.212]}},{"type":"Feature","geometry":{"type":"Polygon","coordinates":[[[11.957379224410374,57.68928292743893],[11.957228729245408,57.691076892760904],[11.96057873130287,57.691157445371225],[11.96072906139952,57.6893634744969],[11.957379224410374,57.68928292743893]]]},"properties":{"grid":"city","values":[12.11,12.589,8.908,11.349,10.188,10.422,12.542]}},{"type":"Feature","geometry":{"type":"Polygon","coordinates":[[[11.96072906139952,57.6893634744969],[11.96057873130287,57.691157445371225],[11.963928751195603,57.69123790939992],[11.964078916221004,57.68944393297933],[11.96072906139952,57.6893634744969]]]},"properties":{"grid":"city","values":[13.713,15.822,9.506,12.588,13.325,11.746,14.683]}},{"type":"Feature","geometry":{"type":"Polygon","coordinates":[[[11.964078916221004,57.68944393297933],[11.963928751195603,57.69123790939992],[11.967278788904112,57.69131828484605],[11.967428788855333,57.68952430288528],[11.964078916221004,57.68944393297933]]]},"properties":{"grid":"city","values":[13.504,13.926,9.007,10.762,12.05,11.798,16.699]}},{"type":"Feature","geometry":{"type":"Polygon","coordinates":[[[11.967428788855333,57.68952430288528],[11.967278788904112,57.69131828484605],[11.969161171546045,57.69136340866524],[11.96931107874136,57.689569423594136],[11.967428788855333,57.68952430288528]]]},"properties":{"grid":"city","values":[14.089,11.936,6.885,8.833,11.069,11.214,25.23]}},{"type":"Feature","geometry":{"type":"Polygon","coordinates":[[[11.987528397639622,57.69000466215949],[11.987379388194858,57.691798677233606],[11.990729550067977,57.69187843257426],[11.99087839441813,57.69008441200253],[11.987528397639622,57.69000466215949]]]},"properties":{"grid":"city","values":[13.264,12.914,8.053,13.767,3.584,8.338,4.454]}},{"type":"Feature","geometry":{"type":"Polygon","coordinates":[[[11.99087839441813,57.69008441200253],[11.990729550067977,57.69187843257426],[11.994079729600912,57.69195809932453],[11.994228408853552,57.69016407326128],[11.99087839441813,57.69008441200253]]]},"properties":{"grid":"city","values":[13.836,17.325,6.935,13.911,9.329,9.566,7.02]}},{"type":"Feature","geometry":{"type":"Polygon","coordinates":[[[11.994228408853552,57.69016407326128],[11.994079729600912,57.69195809932453],[11.99742992677417,57.69203767748344],[11.997578440926391,57.69024364593472],[11.994228408853552,57.69016407326128]]]},"properties":{"grid":"city","values":[14.306,21.238,5.986,15.564,12.67,11.002,7.584]}},{"type":"Feature","geometry":{"type":"Polygon","coordinates":[[[11.997578440926391,57.69024364593472],[11.99742992677417,57.69203767748344],[12.000305322398079,57.69210590656812],[12.000305281998017,57.690308350362535],[11.997578440926391,57.69024364593472]]]},"properties":{"grid":"city","values":[14.784,16.704,9.303,14.137,10.448,11.47,10.529]}},{"type":"Feature","geometry":{"type":"Polygon","coordinates":[[[11.936977589048018,57.692385648054675],[11.937129092532768,57.69059171694013],[11.934392178841332,57.69052540397333],[11.934388955090434,57.69232292806378],[11.936977589048018,57.692385648054675]]]},"properties":{"grid":"city","values":[12.491,11.086,8.815,7.752,15.082,11.692,9.931]}},{"type":"Feature","geometry":{"type":"Polygon","coordinates":[[[11.937129092532768,57.69059171694013],[11.936977589048018,57.692385648054675],[11.940327648754698,57.692466737723414],[11.940478987169314,57.6906728010195],[11.937129092532768,57.69059171694013]]]},"properties":{"grid":"city","values":[12.508,11.689,8.657,7.003,14.573,11.858,9.162]}},{"type":"Feature","geometry":{"type":"Polygon","coordinates":[[[11.940478987169314,57.6906728010195],[11.940327648754698,57.692466737723414],[11.943677726416535,57.692547738810354],[11.943828899758072,57.69075379652314],[11.940478987169314,57.6906728010195]]]},"properties":{"grid":"city","values":[13.131,14.01,14.058,9.744,10.14,11.348,10.498]}},{"type":"Feature","geometry":{"type":"Polygon","coordinates":[[[11.943828899758072,57.69075379652314],[11.943677726416535,57.692547738810354],[11.947027822014048,57.69262865131451],[11.94717883027955,57.6908347034501],[11.943828899758072,57.69075379652314]]]},"properties":{"grid":"city","values":[13.757,15.622,19.952,10.987,9.962,11.244,10.498]}},{"type":"Feature","geometry":{"type":"Polygon","coordinates":[[[11.94717883027955,57.6908347034501],[11.947027822014048,57.69262865131451],[11.950377935527738,57.69270947523491],[11.950528778714256,57.690915521799376],[11.94717883027955,57.6908347034501]]]},"properties":{"grid":"city","values":[12.972,15.181,13.769,11.297,6.513,10.39,11.366]}},{"type":"Feature","geometry":{"type":"Polygon","coordinates":[[[11.950528778714256,57.690915521799376],[11.950377935527738,57.69270947523491],[11.953728066938114,57.69279021057057],[11.953878745042708,57.69099625156996],[11.950528778714256,57.690915521799376]]]},"properties":{"grid":"city","values":[11.323,12.401,9.915,12.562,5.965,10.312,11.193]}},{"type":"Feature","geometry":{"type":"Polygon","coordinates":[[[11.953878745042708,57.69099625156996],[11.953728066938114,57.69279021057057],[11.957078216225684,57.6928708573205],[11.957228729245408,57.691076892760904],[11.953878745042708,57.69099625156996]]]},"properties":{"grid":"city","values":[10.579,10.663,8.482,12.991,6.424,10.507,10.992]}},{"type":"Feature","geometry":{"type":"Polygon","coordinates":[[[11.957228729245408,57.691076892760904],[11.957078216225684,57.6928708573205],[11.960428383370951,57.6929514154837],[11.96057873130287,57.691157445371225],[11.957228729245408,57.691076892760904]]]},"properties":{"grid":"city","values":[12.114,13.231,9.236,11.877,9.138,11.159,12.21]}},{"type":"Feature","geometry":{"type":"Polygon","coordinates":[[[11.96057873130287,57.691157445371225],[11.960428383370951,57.6929514154837],[11.963778568354424,57.69303188505921],[11.963928751195603,57.69123790939992],[11.96057873130287,57.691157445371225]]]},"properties":{"grid":"city","values":[13.681,15.8,9.634,12.592,13.091,11.88,14.544]}},{"type":"Feature","geometry":{"type":"Polygon","coordinates":[[[11.963928751195603,57.69123790939992],[11.963778568354424,57.69303188505921],[11.967128771156608,57.69311226604605],[11.967278788904112,57.69131828484605],[11.963928751195603,57.69123790939992]]]},"properties":{"grid":"city","values":[13.46,13.591,9.259,11.157,12.257,11.553,16.334]}},{"type":"Feature","geometry":{"type":"Polygon","coordinates":[[[11.967278788904112,57.69131828484605],[11.967128771156608,57.69311226604605],[11.969011246565401,57.69315739297589],[11.969161171546045,57.69136340866524],[11.967278788904112,57.69131828484605]]]},"properties":{"grid":"city","values":[14.039,11.6,7.129,9.235,11.287,10.946,24.81]}},{"type":"Feature","geometry":{"type":"Polygon","coordinates":[[[11.987379388194858,57.691798677233606],[11.987230361070779,57.69359269155025],[11.990580688058005,57.693672452389045],[11.990729550067977,57.69187843257426],[11.987379388194858,57.691798677233606]]]},"properties":{"grid":"city","values":[12.896,11.793,7.824,14.157,2.343,9.442,2.21]}},{"type":"Feature","geometry":{"type":"Polygon","coordinates":[[[11.990729550067977,57.69187843257426],[11.990580688058005,57.693672452389045],[11.993931032707954,57.693752124631374],[11.994079729600912,57.69195809932453],[11.990729550067977,57.69187843257426]]]},"properties":{"grid":"city","values":[13.077,15.116,7.032,14.164,8.188,9.314,5.745]}},{"type":"Feature","geometry":{"type":"Polygon","coordinates":[[[11.994079729600912,57.69195809932453],[11.993931032707954,57.693752124631374],[11.997281395001124,57.693831708276264],[11.99742992677417,57.69203767748344],[11.994079729600912,57.69195809932453]]]},"properties":{"grid":"city","values":[13.963,20.366,6.356,15.149,12.276,11.052,7.291]}},{"type":"Feature","geometry":{"type":"Polygon","coordinates":[[[11.99742992677417,57.69203767748344],[11.997281395001124,57.693831708276264],[12.000305359858249,57.69390346232973],[12.000305322398079,57.69210590656812],[11.99742992677417,57.69203767748344]]]},"properties":{"grid":"city","values":[14.273,15.921,9.27,13.82,9.679,10.833,10.448]}},{"type":"Feature","geometry":{"type":"Polygon","coordinates":[[[11.936826067588616,57.69417957840351],[11.936977589048018,57.692385648054675],[11.934388955090434,57.69232292806378],[11.934385728011655,57.694120451710205],[11.936826067588616,57.69417957840351]]]},"properties":{"grid":"city","values":[12.014,9.618,10.326,10.096,11.569,11.894,11.369]}},{"type":"Feature","geometry":{"type":"Polygon","coordinates":[[[11.936977589048018,57.692385648054675],[11.936826067588616,57.69417957840351],[11.940176292384916,57.69426067366218],[11.940327648754698,57.692466737723414],[11.936977589048018,57.692385648054675]]]},"properties":{"grid":"city","values":[12.074,10.381,10.353,9.898,9.993,12.044,10.876]}},{"type":"Feature","geometry":{"type":"Polygon","coordinates":[[[11.940327648754698,57.692466737723414],[11.940176292384916,57.69426067366218],[11.94352653513933,57.694341680332975],[11.943677726416535,57.692547738810354],[11.940327648754698,57.692466737723414]]]},"properties":{"grid":"city","values":[12.735,13.372,11.024,10.002,7.757,11.205,11.507]}},{"type":"Feature","geometry":{"type":"Polygon","coordinates":[[[11.943677726416535,57.692547738810354],[11.94352653513933,57.694341680332975],[11.946876795832367,57.69442259841489],[11.947027822014048,57.69262865131451],[11.943677726416535,57.692547738810354]]]},"properties":{"grid":"city","values":[13.034,14.823,8.922,9.456,2.948,9.922,11.898]}},{"type":"Feature","geometry":{"type":"Polygon","coordinates":[[[11.947027822014048,57.69262865131451],[11.946876795832367,57.69442259841489],[11.950227074444532,57.69450342790697],[11.950377935527738,57.69270947523491],[11.947027822014048,57.69262865131451]]]},"properties":{"grid":"city","values":[13.148,16.354,9.339,11.763,3.734,9.525,12.288]}},{"type":"Feature","geometry":{"type":"Polygon","coordinates":[[[11.950377935527738,57.69270947523491],[11.950227074444532,57.69450342790697],[11.953577370956328,57.69458416880821],[11.953728066938114,57.69279021057057],[11.950377935527738,57.69270947523491]]]},"properties":{"grid":"city","values":[12.874,16.738,10.388,12.492,5.015,9.559,12.374]}},{"type":"Feature","geometry":{"type":"Polygon","coordinates":[[[11.953728066938114,57.69279021057057],[11.953577370956328,57.69458416880821],[11.95692768534826,57.69466482111766],[11.957078216225684,57.6928708573205],[11.953728066938114,57.69279021057057]]]},"properties":{"grid":"city","values":[11.715,13.386,9.496,8.331,4.101,9.927,11.277]}},{"type":"Feature","geometry":{"type":"Polygon","coordinates":[[[11.957078216225684,57.6928708573205],[11.95692768534826,57.69466482111766],[11.960278017600828,57.69474538483431],[11.960428383370951,57.6929514154837],[11.957078216225684,57.6928708573205]]]},"properties":{"grid":"city","values":[11.745,12.034,9.467,10.148,6.633,10.452,11.173]}},{"type":"Feature","geometry":{"type":"Polygon","coordinates":[[[11.960428383370951,57.6929514154837],[11.960278017600828,57.69474538483431],[11.963628367694538,57.69482585995717],[11.963778568354424,57.69303188505921],[11.960428383370951,57.6929514154837]]]},"properties":{"grid":"city","values":[11.801,10.137,9.636,11.051,9.27,10.83,11.578]}},{"type":"Feature","geometry":{"type":"Polygon","coordinates":[[[11.963778568354424,57.69303188505921],[11.963628367694538,57.69482585995717],[11.966978735609889,57.69490624648529],[11.967128771156608,57.69311226604605],[11.963778568354424,57.69303188505921]]]},"properties":{"grid":"city","values":[12.227,10.625,10.046,10.372,10.354,10.764,12.829]}},{"type":"Feature","geometry":{"type":"Polygon","coordinates":[[[11.967128771156608,57.69311226604605],[11.966978735609889,57.69490624648529],[11.970329121327381,57.69498654441767],[11.970368623747419,57.69451371144911],[11.96890082528325,57.694478544196514],[11.969011246565401,57.69315739297589],[11.967128771156608,57.69311226604605]]]},"properties":{"grid":"city","values":[12.631,10.174,9.831,9.994,11.546,10.404,13.646]}},{"type":"Feature","geometry":{"type":"Polygon","coordinates":[[[11.987230361070779,57.69359269155025],[11.987081316264476,57.69538670510938],[11.990431808385308,57.69546647144686],[11.990580688058005,57.693672452389045],[11.987230361070779,57.69359269155025]]]},"properties":{"grid":"city","values":[10.914,6.686,7.58,12.255,5.579,7.004,3.491]}},{"type":"Feature","geometry":{"type":"Polygon","coordinates":[[[11.990580688058005,57.693672452389045],[11.990431808385308,57.69546647144686],[11.993782318171771,57.6955461491818],[11.993931032707954,57.693752124631374],[11.990580688058005,57.693672452389045]]]},"properties":{"grid":"city","values":[11.561,10.263,8.541,12.304,6.959,8.5,5.588]}},{"type":"Feature","geometry":{"type":"Polygon","coordinates":[[[11.993931032707954,57.693752124631374],[11.993782318171771,57.6955461491818],[11.99713284560436,57.69562573831322],[11.997281395001124,57.693831708276264],[11.993931032707954,57.693752124631374]]]},"properties":{"grid":"city","values":[12.088,11.668,10.001,11.673,7.531,9.66,8.621]}},{"type":"Feature","geometry":{"type":"Polygon","coordinates":[[[11.997281395001124,57.693831708276264],[11.99713284560436,57.69562573831322],[12.000305394378232,57.69570101764738],[12.000305359858249,57.69390346232973],[11.997281395001124,57.693831708276264]]]},"properties":{"grid":"city","values":[12.682,11.789,10.089,12.214,7.661,9.44,10.178]}},{"type":"Feature","geometry":{"type":"Polygon","coordinates":[[[11.936674528151602,57.695973507986594],[11.936826067588616,57.69417957840351],[11.934385728011655,57.694120451710205],[11.93438249760465,57.695917974912604],[11.936674528151602,57.695973507986594]]]},"properties":{"grid":"city","values":[11.423,7.835,10.175,11.463,9.236,12.551,11.835]}},{"type":"Feature","geometry":{"type":"Polygon","coordinates":[[[11.936826067588616,57.69417957840351],[11.936674528151602,57.695973507986594],[11.940024918057015,57.69605460883575],[11.940176292384916,57.69426067366218],[11.936826067588616,57.69417957840351]]]},"properties":{"grid":"city","values":[11.418,8.047,10.224,11.742,8.485,12.872,12.098]}},{"type":"Feature","geometry":{"type":"Polygon","coordinates":[[[11.940176292384916,57.69426067366218],[11.940024918057015,57.69605460883575],[11.9433753259235,57.69613562109093],[11.94352653513933,57.694341680332975],[11.940176292384916,57.69426067366218]]]},"properties":{"grid":"city","values":[12.575,12.356,10.516,10.309,6.516,11.874,12.52]}},{"type":"Feature","geometry":{"type":"Polygon","coordinates":[[[11.94352653513933,57.694341680332975],[11.9433753259235,57.69613562109093],[11.946725751731558,57.69621654475117],[11.946876795832367,57.69442259841489],[11.94352653513933,57.694341680332975]]]},"properties":{"grid":"city","values":[12.328,13.307,9.364,8.977,8.235,11.68,12.822]}},{"type":"Feature","geometry":{"type":"Polygon","coordinates":[[[11.946876795832367,57.69442259841489],[11.946725751731558,57.69621654475117],[11.950076195461694,57.696297379815476],[11.950227074444532,57.69450342790697],[11.946876795832367,57.69442259841489]]]},"properties":{"grid":"city","values":[12.903,15.071,9.741,9.948,4.553,10.394,12.38]}},{"type":"Feature","geometry":{"type":"Polygon","coordinates":[[[11.950227074444532,57.69450342790697],[11.950076195461694,57.696297379815476],[11.953426657094408,57.69637812628287],[11.953577370956328,57.69458416880821],[11.950227074444532,57.69450342790697]]]},"properties":{"grid":"city","values":[12.196,14.398,9.743,6.234,2.004,9.615,11.59]}},{"type":"Feature","geometry":{"type":"Polygon","coordinates":[[[11.953577370956328,57.69458416880821],[11.953426657094408,57.69637812628287],[11.956777136610196,57.696458784152384],[11.95692768534826,57.69466482111766],[11.953577370956328,57.69458416880821]]]},"properties":{"grid":"city","values":[11.583,13.249,9.918,2.479,0.695,9.568,10.81]}},{"type":"Feature","geometry":{"type":"Polygon","coordinates":[[[11.95692768534826,57.69466482111766],[11.956777136610196,57.696458784152384],[11.960127633989563,57.69653935342302],[11.960278017600828,57.69474538483431],[11.95692768534826,57.69466482111766]]]},"properties":{"grid":"city","values":[11.229,10.554,9.964,8.872,6.086,10.368,10.287]}},{"type":"Feature","geometry":{"type":"Polygon","coordinates":[[[11.960278017600828,57.69474538483431],[11.960127633989563,57.69653935342302],[11.96347814921301,57.696619834093774],[11.963628367694538,57.69482585995717],[11.960278017600828,57.69474538483431]]]},"properties":{"grid":"city","values":[10.75,6.677,9.583,11.802,7.983,10.637,9.0]}},{"type":"Feature","geometry":{"type":"Polygon","coordinates":[[[11.963628367694538,57.69482585995717],[11.96347814921301,57.696619834093774],[11.966828682261028,57.6967002261637],[11.966978735609889,57.69490624648529],[11.963628367694538,57.69482585995717]]]},"properties":{"grid":"city","values":[11.248,8.03,10.15,10.977,9.608,10.437,10.063]}},{"type":"Feature","geometry":{"type":"Polygon","coordinates":[[[11.966978735609889,57.69490624648529],[11.966828682261028,57.6967002261637],[11.97017923311412,57.696780529631816],[11.970329121327381,57.69498654441767],[11.966978735609889,57.69490624648529]]]},"properties":{"grid":"city","values":[11.827,9.048,12.251,9.782,12.435,9.785,7.545]}},{"type":"Feature","geometry":{"type":"Polygon","coordinates":[[[11.970329121327381,57.69498654441767],[11.97017923311412,57.696780529631816],[11.973529801752779,57.696860744497144],[11.973679524827519,57.69506675375332],[11.970329121327381,57.69498654441767]]]},"properties":{"grid":"city","values":[11.802,9.106,12.64,9.524,12.746,9.7,6.58]}},{"type":"Feature","geometry":{"type":"Polygon","coordinates":[[[11.973679524827519,57.69506675375332],[11.973529801752779,57.696860744497144],[11.976880388157507,57.69694087075868],[11.977029946090797,57.695146874491314],[11.973679524827519,57.69506675375332]]]},"properties":{"grid":"city","values":[12.415,7.891,8.377,10.076,8.874,9.689,13.255]}},{"type":"Feature","geometry":{"type":"Polygon","coordinates":[[[11.977029946090797,57.695146874491314],[11.976880388157507,57.69694087075868],[11.980230992308796,57.69702090841548],[11.98038038509772,57.69522690663062],[11.977029946090797,57.695146874491314]]]},"properties":{"grid":"city","values":[13.733,7.252,7.47,10.586,6.269,9.974,16.938]}},{"type":"Feature","geometry":{"type":"Polygon","coordinates":[[[11.98038038509772,57.69522690663062],[11.980230992308796,57.69702090841548],[11.983581614187141,57.69710085746657],[11.983730841828779,57.695306850170304],[11.98038038509772,57.69522690663062]]]},"properties":{"grid":"city","values":[11.982,6.452,6.963,10.745,6.319,8.373,11.253]}},{"type":"Feature","geometry":{"type":"Polygon","coordinates":[[[11.983730841828779,57.695306850170304],[11.983581614187141,57.69710085746657],[11.98693225377304,57.69718071791094],[11.987081316264476,57.69538670510938],[11.983730841828779,57.695306850170304]]]},"properties":{"grid":"city","values":[9.249,1.905,6.784,11.043,6.372,5.334,2.022]}},{"type":"Feature","geometry":{"type":"Polygon","coordinates":[[[11.987081316264476,57.69538670510938],[11.98693225377304,57.69718071791094],[11.990282911046982,57.69726048974766],[11.990431808385308,57.69546647144686],[11.987081316264476,57.69538670510938]]]},"properties":{"grid":"city","values":[8.883,1.216,6.85,11.106,6.535,4.914,0.862]}},{"type":"Feature","geometry":{"type":"Polygon","coordinates":[[[11.990431808385308,57.69546647144686],[11.990282911046982,57.69726048974766],[11.993633585989462,57.69734017297576],[11.993782318171771,57.6955461491818],[11.990431808385308,57.69546647144686]]]},"properties":{"grid":"city","values":[10.6,7.777,9.44,10.918,6.945,8.018,5.832]}},{"type":"Feature","geometry":{"type":"Polygon","coordinates":[[[11.993782318171771,57.6955461491818],[11.993633585989462,57.69734017297576],[11.996984278580975,57.697419767594226],[11.99713284560436,57.69562573831322],[11.993782318171771,57.6955461491818]]]},"properties":{"grid":"city","values":[10.911,8.927,12.184,9.217,6.625,9.816,10.146]}},{"type":"Feature","geometry":{"type":"Polygon","coordinates":[[[11.99713284560436,57.69562573831322],[11.996984278580975,57.697419767594226],[12.000305425957741,57.69749857252109],[12.000305394378232,57.69570101764738],[11.99713284560436,57.69562573831322]]]},"properties":{"grid":"city","values":[12.169,10.497,11.436,11.251,7.568,9.357,10.858]}},{"type":"Feature","geometry":{"type":"Polygon","coordinates":[[[11.936522970734023,57.69776743680391],[11.936674528151602,57.695973507986594],[11.93438249760465,57.695917974912604],[11.934379263869063,57.69771549767097],[11.936522970734023,57.69776743680391]]]},"properties":{"grid":"city","values":[11.405,6.412,9.754,10.364,9.16,11.866,11.082]}},{"type":"Feature","geometry":{"type":"Polygon","coordinates":[[[11.936674528151602,57.695973507986594],[11.936522970734023,57.69776743680391],[11.939873525768045,57.69784854324407],[11.940024918057015,57.69605460883575],[11.936674528151602,57.695973507986594]]]},"properties":{"grid":"city","values":[11.427,6.826,9.803,10.399,7.522,12.3,11.272]}},{"type":"Feature","geometry":{"type":"Polygon","coordinates":[[[11.940024918057015,57.69605460883575],[11.939873525768045,57.69784854324407],[11.943224098766093,57.69792956108422],[11.9433753259235,57.69613562109093],[11.940024918057015,57.69605460883575]]]},"properties":{"grid":"city","values":[12.304,9.459,9.951,9.953,5.804,12.505,12.279]}},{"type":"Feature","geometry":{"type":"Polygon","coordinates":[[[11.9433753259235,57.69613562109093],[11.943224098766093,57.69792956108422],[11.946574689708674,57.698010490323334],[11.946725751731558,57.69621654475117],[11.9433753259235,57.69613562109093]]]},"properties":{"grid":"city","values":[12.786,11.202,9.37,9.801,5.634,12.381,12.838]}},{"type":"Feature","geometry":{"type":"Polygon","coordinates":[[[11.946725751731558,57.69621654475117],[11.946574689708674,57.698010490323334],[11.949925298576279,57.69809133096041],[11.950076195461694,57.696297379815476],[11.946725751731558,57.69621654475117]]]},"properties":{"grid":"city","values":[12.604,11.487,8.796,8.834,4.598,11.456,12.293]}},{"type":"Feature","geometry":{"type":"Polygon","coordinates":[[[11.950076195461694,57.696297379815476],[11.949925298576279,57.69809133096041],[11.953275925349407,57.698172082994525],[11.953426657094408,57.69637812628287],[11.950076195461694,57.696297379815476]]]},"properties":{"grid":"city","values":[13.385,11.781,7.832,12.382,3.08,9.835,12.77]}},{"type":"Feature","geometry":{"type":"Polygon","coordinates":[[[11.953426657094408,57.69637812628287],[11.953275925349407,57.698172082994525],[11.956626570008558,57.69825274642463],[11.956777136610196,57.696458784152384],[11.953426657094408,57.69637812628287]]]},"properties":{"grid":"city","values":[13.108,10.944,8.636,12.15,2.939,9.886,12.358]}},{"type":"Feature","geometry":{"type":"Polygon","coordinates":[[[11.956777136610196,57.696458784152384],[11.956626570008558,57.69825274642463],[11.959977232534223,57.6983333212498],[11.960127633989563,57.69653935342302],[11.956777136610196,57.696458784152384]]]},"properties":{"grid":"city","values":[12.333,9.642,9.259,12.668,5.163,10.263,11.44]}},{"type":"Feature","geometry":{"type":"Polygon","coordinates":[[[11.960127633989563,57.69653935342302],[11.959977232534223,57.6983333212498],[11.963327912906903,57.698413807469],[11.96347814921301,57.696619834093774],[11.960127633989563,57.69653935342302]]]},"properties":{"grid":"city","values":[11.191,8.017,10.24,11.415,7.348,10.404,9.813]}},{"type":"Feature","geometry":{"type":"Polygon","coordinates":[[[11.96347814921301,57.696619834093774],[11.963327912906903,57.698413807469],[11.966678611107094,57.698494205081296],[11.966828682261028,57.6967002261637],[11.96347814921301,57.696619834093774]]]},"properties":{"grid":"city","values":[10.753,7.968,10.584,9.835,9.019,10.163,9.049]}},{"type":"Feature","geometry":{"type":"Polygon","coordinates":[[[11.966828682261028,57.6967002261637],[11.966678611107094,57.698494205081296],[11.970029327115286,57.698574514085685],[11.97017923311412,57.696780529631816],[11.966828682261028,57.6967002261637]]]},"properties":{"grid":"city","values":[10.84,6.915,10.607,10.077,10.348,9.371,8.296]}},{"type":"Feature","geometry":{"type":"Polygon","coordinates":[[[11.97017923311412,57.696780529631816],[11.970029327115286,57.698574514085685],[11.973380060911976,57.6986547344812],[11.973529801752779,57.696860744497144],[11.97017923311412,57.696780529631816]]]},"properties":{"grid":"city","values":[11.004,6.929,10.421,10.07,10.44,9.163,8.543]}},{"type":"Feature","geometry":{"type":"Polygon","coordinates":[[[11.973529801752779,57.696860744497144],[11.973380060911976,57.6986547344812],[11.976730812477653,57.69873486626687],[11.976880388157507,57.69694087075868],[11.973529801752779,57.696860744497144]]]},"properties":{"grid":"city","values":[11.24,6.686,8.263,10.243,8.651,8.777,10.659]}},{"type":"Feature","geometry":{"type":"Polygon","coordinates":[[[11.976880388157507,57.69694087075868],[11.976730812477653,57.69873486626687],[11.980081581792817,57.69881490944169],[11.980230992308796,57.69702090841548],[11.976880388157507,57.69694087075868]]]},"properties":{"grid":"city","values":[11.681,6.978,7.955,10.269,7.454,8.251,12.402]}},{"type":"Feature","geometry":{"type":"Polygon","coordinates":[[[11.980230992308796,57.69702090841548],[11.980081581792817,57.69881490944169],[11.983432368837954,57.69889486400471],[11.983581614187141,57.69710085746657],[11.980230992308796,57.69702090841548]]]},"properties":{"grid":"city","values":[10.896,6.626,7.546,10.207,7.432,7.051,9.772]}},{"type":"Feature","geometry":{"type":"Polygon","coordinates":[[[11.983581614187141,57.69710085746657],[11.983432368837954,57.69889486400471],[11.986783173593556,57.69897472995495],[11.98693225377304,57.69718071791094],[11.983581614187141,57.69710085746657]]]},"properties":{"grid":"city","values":[9.65,4.723,7.767,10.563,7.193,5.092,5.227]}},{"type":"Feature","geometry":{"type":"Polygon","coordinates":[[[11.98693225377304,57.69718071791094],[11.986783173593556,57.69897472995495],[11.990133996040118,57.69905450729145],[11.990282911046982,57.69726048974766],[11.98693225377304,57.69718071791094]]]},"properties":{"grid":"city","values":[9.471,4.55,7.955,10.683,7.222,5.05,4.193]}},{"type":"Feature","geometry":{"type":"Polygon","coordinates":[[[11.990282911046982,57.69726048974766],[11.990133996040118,57.69905450729145],[11.993484836158123,57.69913419601322],[11.993633585989462,57.69734017297576],[11.990282911046982,57.69726048974766]]]},"properties":{"grid":"city","values":[10.548,7.943,9.08,11.209,7.766,7.206,6.168]}},{"type":"Feature","geometry":{"type":"Polygon","coordinates":[[[11.993633585989462,57.69734017297576],[11.993484836158123,57.69913419601322],[11.996835693928066,57.6992137961193],[11.996984278580975,57.697419767594226],[11.993633585989462,57.69734017297576]]]},"properties":{"grid":"city","values":[11.199,8.825,10.847,11.013,7.709,8.837,8.313]}},{"type":"Feature","geometry":{"type":"Polygon","coordinates":[[[11.996984278580975,57.697419767594226],[11.996835693928066,57.6992137961193],[12.000186569330433,57.699293307608734],[12.000305431895782,57.69785656245953],[12.000305425957741,57.69749857252109],[11.996984278580975,57.697419767594226]]]},"properties":{"grid":"city","values":[12.169,10.196,11.118,12.161,8.66,9.126,9.495]}},{"type":"Feature","geometry":{"type":"Polygon","coordinates":[[[11.93637139533291,57.69956136485543],[11.936522970734023,57.69776743680391],[11.934379263869063,57.69771549767097],[11.934376026804538,57.699513019985325],[11.93637139533291,57.69956136485543]]]},"properties":{"grid":"city","values":[10.507,2.977,8.693,8.701,9.148,10.887,9.476]}},{"type":"Feature","geometry":{"type":"Polygon","coordinates":[[[11.936522970734023,57.69776743680391],[11.93637139533291,57.69956136485543],[11.939722115515046,57.69964247688717],[11.939873525768045,57.69784854324407],[11.936522970734023,57.69776743680391]]]},"properties":{"grid":"city","values":[10.325,2.329,8.694,8.649,8.309,11.171,9.328]}},{"type":"Feature","geometry":{"type":"Polygon","coordinates":[[[11.939873525768045,57.69784854324407],[11.939722115515046,57.69964247688717],[11.943072853664164,57.699723500312814],[11.943224098766093,57.69792956108422],[11.939873525768045,57.69784854324407]]]},"properties":{"grid":"city","values":[12.227,5.297,10.279,9.285,5.64,13.744,11.67]}},{"type":"Feature","geometry":{"type":"Polygon","coordinates":[[[11.943224098766093,57.69792956108422],[11.943072853664164,57.699723500312814],[11.946423609760764,57.69980443513133],[11.946574689708674,57.698010490323334],[11.943224098766093,57.69792956108422]]]},"properties":{"grid":"city","values":[14.234,6.317,11.989,9.652,1.423,16.372,14.17]}},{"type":"Feature","geometry":{"type":"Polygon","coordinates":[[[11.946574689708674,57.698010490323334],[11.946423609760764,57.69980443513133],[11.949774383785341,57.69988528134176],[11.949925298576279,57.69809133096041],[11.946574689708674,57.698010490323334]]]},"properties":{"grid":"city","values":[13.599,6.218,7.578,13.369,4.52,12.82,13.254]}},{"type":"Feature","geometry":{"type":"Polygon","coordinates":[[[11.949925298576279,57.69809133096041],[11.949774383785341,57.69988528134176],[11.95312517571839,57.69996603894308],[11.953275925349407,57.698172082994525],[11.949925298576279,57.69809133096041]]]},"properties":{"grid":"city","values":[15.744,7.125,5.623,23.703,3.723,10.638,15.177]}},{"type":"Feature","geometry":{"type":"Polygon","coordinates":[[[11.953275925349407,57.698172082994525],[11.95312517571839,57.69996603894308],[11.9564759855404,57.700046707934376],[11.956626570008558,57.69825274642463],[11.953275925349407,57.698172082994525]]]},"properties":{"grid":"city","values":[17.325,8.431,6.74,28.986,1.937,10.465,16.719]}},{"type":"Feature","geometry":{"type":"Polygon","coordinates":[[[11.956626570008558,57.69825274642463],[11.9564759855404,57.700046707934376],[11.95982681323187,57.70012728831461],[11.959977232534223,57.6983333212498],[11.956626570008558,57.69825274642463]]]},"properties":{"grid":"city","values":[12.956,9.127,10.259,15.436,5.697,10.451,12.212]}},{"type":"Feature","geometry":{"type":"Polygon","coordinates":[[[11.959977232534223,57.6983333212498],[11.95982681323187,57.70012728831461],[11.963177658773292,57.70020778008282],[11.963327912906903,57.698413807469],[11.959977232534223,57.6983333212498]]]},"properties":{"grid":"city","values":[10.484,10.073,12.614,8.634,7.946,10.881,10.197]}},{"type":"Feature","geometry":{"type":"Polygon","coordinates":[[[11.963327912906903,57.698413807469],[11.963177658773292,57.70020778008282],[11.966528522145156,57.70028818323802],[11.966678611107094,57.698494205081296],[11.963327912906903,57.698413807469]]]},"properties":{"grid":"city","values":[10.188,7.971,11.964,8.856,8.872,10.074,9.589]}},{"type":"Feature","geometry":{"type":"Polygon","coordinates":[[[11.966678611107094,57.698494205081296],[11.966528522145156,57.70028818323802],[11.969879403327957,57.70036849777924],[11.970029327115286,57.698574514085685],[11.966678611107094,57.698494205081296]]]},"properties":{"grid":"city","values":[9.56,3.168,7.947,10.699,8.805,8.394,9.847]}},{"type":"Feature","geometry":{"type":"Polygon","coordinates":[[[11.970029327115286,57.698574514085685],[11.969879403327957,57.70036849777924],[11.97323030230218,57.7004487237055],[11.973380060911976,57.6986547344812],[11.970029327115286,57.698574514085685]]]},"properties":{"grid":"city","values":[9.536,2.363,7.209,10.973,8.627,8.024,10.251]}},{"type":"Feature","geometry":{"type":"Polygon","coordinates":[[[11.973380060911976,57.6986547344812],[11.97323030230218,57.7004487237055],[11.97658121904832,57.70052886101582],[11.976730812477653,57.69873486626687],[11.973380060911976,57.6986547344812]]]},"properties":{"grid":"city","values":[9.988,6.632,8.076,10.036,8.427,7.934,10.715]}},{"type":"Feature","geometry":{"type":"Polygon","coordinates":[[[11.976730812477653,57.69873486626687],[11.97658121904832,57.70052886101582],[11.979932153546862,57.70060890970922],[11.980081581792817,57.69881490944169],[11.976730812477653,57.69873486626687]]]},"properties":{"grid":"city","values":[9.591,8.782,7.939,9.537,8.023,7.191,10.491]}},{"type":"Feature","geometry":{"type":"Polygon","coordinates":[[[11.980081581792817,57.69881490944169],[11.979932153546862,57.70060890970922],[11.9832831057783,57.70068886978472],[11.983432368837954,57.69889486400471],[11.980081581792817,57.69881490944169]]]},"properties":{"grid":"city","values":[9.853,8.409,8.359,10.031,7.589,5.98,9.718]}},{"type":"Feature","geometry":{"type":"Polygon","coordinates":[[[11.983432368837954,57.69889486400471],[11.9832831057783,57.70068886978472],[11.986634075723119,57.70076874124138],[11.986783173593556,57.69897472995495],[11.983432368837954,57.69889486400471]]]},"properties":{"grid":"city","values":[9.508,7.956,8.943,10.25,7.977,2.604,6.589]}},{"type":"Feature","geometry":{"type":"Polygon","coordinates":[[[11.986783173593556,57.69897472995495],[11.986634075723119,57.70076874124138],[11.989985063361804,57.7008485240782],[11.990133996040118,57.69905450729145],[11.986783173593556,57.69897472995495]]]},"properties":{"grid":"city","values":[9.337,8.07,9.168,10.258,8.115,2.091,5.748]}},{"type":"Feature","geometry":{"type":"Polygon","coordinates":[[[11.990133996040118,57.69905450729145],[11.989985063361804,57.7008485240782],[11.993336068674848,57.700928218294194],[11.993484836158123,57.69913419601322],[11.990133996040118,57.69905450729145]]]},"properties":{"grid":"city","values":[10.823,9.338,9.13,11.777,8.399,7.499,6.449]}},{"type":"Feature","geometry":{"type":"Polygon","coordinates":[[[11.993484836158123,57.69913419601322],[11.993336068674848,57.700928218294194],[11.996687091642732,57.70100782388842],[11.996835693928066,57.6992137961193],[11.993484836158123,57.69913419601322]]]},"properties":{"grid":"city","values":[11.715,10.243,8.612,13.297,8.885,10.636,5.516]}},{"type":"Feature","geometry":{"type":"Polygon","coordinates":[[[11.996835693928066,57.6992137961193],[11.996687091642732,57.70100782388842],[12.000038132245944,57.70108734085989],[12.000186569330433,57.699293307608734],[11.996835693928066,57.6992137961193]]]},"properties":{"grid":"city","values":[12.46,10.363,11.067,13.124,9.865,10.425,8.059]}},{"type":"Feature","geometry":{"type":"Polygon","coordinates":[[[11.936219801945311,57.70135529214111],[11.93637139533291,57.69956136485543],[11.934376026804538,57.699513019985325],[11.934372786410723,57.70131054185568],[11.936219801945311,57.70135529214111]]]},"properties":{"grid":"city","values":[10.445,3.22,8.696,8.089,9.139,10.662,9.612]}},{"type":"Feature","geometry":{"type":"Polygon","coordinates":[[[11.93637139533291,57.69956136485543],[11.936219801945311,57.70135529214111],[11.939570687295058,57.70143640976501],[11.939722115515046,57.69964247688717],[11.93637139533291,57.69956136485543]]]},"properties":{"grid":"city","values":[10.267,2.386,8.743,8.202,8.61,10.982,9.007]}},{"type":"Feature","geometry":{"type":"Polygon","coordinates":[[[11.939722115515046,57.69964247688717],[11.939570687295058,57.70143640976501],[11.94292159061475,57.70151743877668],[11.943072853664164,57.699723500312814],[11.939722115515046,57.69964247688717]]]},"properties":{"grid":"city","values":[12.132,5.536,10.211,8.209,6.198,13.331,11.149]}},{"type":"Feature","geometry":{"type":"Polygon","coordinates":[[[11.943072853664164,57.699723500312814],[11.94292159061475,57.70151743877668],[11.946272511884874,57.70159837917517],[11.946423609760764,57.69980443513133],[11.943072853664164,57.699723500312814]]]},"properties":{"grid":"city","values":[14.082,5.961,11.983,9.74,2.084,16.244,13.768]}},{"type":"Feature","geometry":{"type":"Polygon","coordinates":[[[11.946423609760764,57.69980443513133],[11.946272511884874,57.70159837917517],[11.94962345108593,57.70167923095947],[11.949774383785341,57.69988528134176],[11.946423609760764,57.69980443513133]]]},"properties":{"grid":"city","values":[12.037,2.982,4.098,12.671,8.149,11.457,11.218]}},{"type":"Feature","geometry":{"type":"Polygon","coordinates":[[[11.949774383785341,57.69988528134176],[11.94962345108593,57.70167923095947],[11.952974408198402,57.70175999412861],[11.95312517571839,57.69996603894308],[11.949774383785341,57.69988528134176]]]},"properties":{"grid":"city","values":[12.612,2.811,2.312,16.75,8.282,10.117,11.765]}},{"type":"Feature","geometry":{"type":"Polygon","coordinates":[[[11.95312517571839,57.69996603894308],[11.952974408198402,57.70175999412861],[11.956325383202783,57.70184066868159],[11.9564759855404,57.700046707934376],[11.95312517571839,57.69996603894308]]]},"properties":{"grid":"city","values":[17.06,7.993,6.701,29.01,3.005,10.511,16.352]}},{"type":"Feature","geometry":{"type":"Polygon","coordinates":[[[11.9564759855404,57.700046707934376],[11.956325383202783,57.70184066868159],[11.959676376079566,57.701921254617474],[11.95982681323187,57.70012728831461],[11.9564759855404,57.700046707934376]]]},"properties":{"grid":"city","values":[12.93,8.898,10.577,16.324,6.771,10.546,12.044]}},{"type":"Feature","geometry":{"type":"Polygon","coordinates":[[[11.95982681323187,57.70012728831461],[11.959676376079566,57.701921254617474],[11.963027386809236,57.70200175193521],[11.963177658773292,57.70020778008282],[11.95982681323187,57.70012728831461]]]},"properties":{"grid":"city","values":[10.504,10.11,13.004,8.776,8.208,10.88,10.154]}},{"type":"Feature","geometry":{"type":"Polygon","coordinates":[[[11.963177658773292,57.70020778008282],[11.963027386809236,57.70200175193521],[11.966378415372287,57.70208216063388],[11.966528522145156,57.70028818323802],[11.963177658773292,57.70020778008282]]]},"properties":{"grid":"city","values":[10.207,8.211,12.852,8.563,8.812,9.973,9.859]}},{"type":"Feature","geometry":{"type":"Polygon","coordinates":[[[11.966528522145156,57.70028818323802],[11.966378415372287,57.70208216063388],[11.969729461749202,57.70216248071247],[11.969879403327957,57.70036849777924],[11.966528522145156,57.70028818323802]]]},"properties":{"grid":"city","values":[9.545,3.392,8.728,10.39,8.688,8.294,10.227]}},{"type":"Feature","geometry":{"type":"Polygon","coordinates":[[[11.969879403327957,57.70036849777924],[11.969729461749202,57.70216248071247],[11.97308052592047,57.702242712170005],[11.97323030230218,57.7004487237055],[11.969879403327957,57.70036849777924]]]},"properties":{"grid":"city","values":[9.254,2.442,7.132,10.865,8.495,7.862,10.281]}},{"type":"Feature","geometry":{"type":"Polygon","coordinates":[[[11.97323030230218,57.7004487237055],[11.97308052592047,57.702242712170005],[11.976431607866578,57.702322855005534],[11.97658121904832,57.70052886101582],[11.97323030230218,57.7004487237055]]]},"properties":{"grid":"city","values":[9.598,6.757,7.995,9.913,8.291,7.697,10.627]}},{"type":"Feature","geometry":{"type":"Polygon","coordinates":[[[11.97658121904832,57.70052886101582],[11.976431607866578,57.702322855005534],[11.979782707568015,57.702402909218044],[11.979932153546862,57.70060890970922],[11.97658121904832,57.70052886101582]]]},"properties":{"grid":"city","values":[9.385,8.854,7.899,9.476,7.958,7.067,10.427]}},{"type":"Feature","geometry":{"type":"Polygon","coordinates":[[[11.979932153546862,57.70060890970922],[11.979782707568015,57.702402909218044],[11.983133825005263,57.70248287480659],[11.9832831057783,57.70068886978472],[11.979932153546862,57.70060890970922]]]},"properties":{"grid":"city","values":[9.74,9.124,8.72,10.169,7.592,5.961,10.012]}},{"type":"Feature","geometry":{"type":"Polygon","coordinates":[[[11.9832831057783,57.70068886978472],[11.983133825005263,57.70248287480659],[11.98648496015881,57.70256275177018],[11.986634075723119,57.70076874124138],[11.9832831057783,57.70068886978472]]]},"properties":{"grid":"city","values":[9.494,8.902,9.448,10.432,7.968,2.668,7.192]}},{"type":"Feature","geometry":{"type":"Polygon","coordinates":[[[11.986634075723119,57.70076874124138],[11.98648496015881,57.70256275177018],[11.989836113009137,57.70264254010784],[11.989985063361804,57.7008485240782],[11.986634075723119,57.70076874124138]]]},"properties":{"grid":"city","values":[9.642,9.021,9.451,10.43,8.388,2.418,6.679]}},{"type":"Feature","geometry":{"type":"Polygon","coordinates":[[[11.989985063361804,57.7008485240782],[11.989836113009137,57.70264254010784],[11.993187283536729,57.70272223981862],[11.993336068674848,57.700928218294194],[11.989985063361804,57.7008485240782]]]},"properties":{"grid":"city","values":[11.197,10.475,9.382,11.988,8.819,7.923,7.51]}},{"type":"Feature","geometry":{"type":"Polygon","coordinates":[[[11.993336068674848,57.700928218294194],[11.993187283536729,57.70272223981862],[11.99653847172207,57.70280185090154],[11.996687091642732,57.70100782388842],[11.993336068674848,57.700928218294194]]]},"properties":{"grid":"city","values":[11.905,10.815,8.716,13.41,9.108,10.859,6.03]}},{"type":"Feature","geometry":{"type":"Polygon","coordinates":[[[11.996687091642732,57.70100782388842],[11.99653847172207,57.70280185090154],[11.99988967754564,57.70288137335561],[12.000038132245944,57.70108734085989],[11.996687091642732,57.70100782388842]]]},"properties":{"grid":"city","values":[12.54,10.516,10.94,13.17,10.482,10.85,7.877]}},{"type":"Feature","geometry":{"type":"Polygon","coordinates":[[[11.936068190568264,57.70314921866097],[11.936219801945311,57.70135529214111],[11.934372786410723,57.70131054185568],[11.934369542687259,57.70310806328203],[11.936068190568264,57.70314921866097]]]},"properties":{"grid":"city","values":[11.152,8.432,9.497,5.068,10.132,10.259,10.599]}},{"type":"Feature","geometry":{"type":"Polygon","coordinates":[[[11.936219801945311,57.70135529214111],[11.936068190568264,57.70314921866097],[11.939419241105131,57.70323034187753],[11.939570687295058,57.70143640976501],[11.936219801945311,57.70135529214111]]]},"properties":{"grid":"city","values":[11.193,8.571,9.677,4.773,9.761,10.694,10.306]}},{"type":"Feature","geometry":{"type":"Polygon","coordinates":[[[11.939570687295058,57.70143640976501],[11.939419241105131,57.70323034187753],[11.942770309614902,57.703311376475796],[11.94292159061475,57.70151743877668],[11.939570687295058,57.70143640976501]]]},"properties":{"grid":"city","values":[11.564,7.642,9.964,7.271,9.425,11.734,9.635]}},{"type":"Feature","geometry":{"type":"Polygon","coordinates":[[[11.94292159061475,57.70151743877668],[11.942770309614902,57.703311376475796],[11.946121396078063,57.7033923224548],[11.946272511884874,57.70159837917517],[11.94292159061475,57.70151743877668]]]},"properties":{"grid":"city","values":[11.63,7.486,10.111,9.313,9.921,11.807,8.975]}},{"type":"Feature","geometry":{"type":"Polygon","coordinates":[[[11.946272511884874,57.70159837917517],[11.946121396078063,57.7033923224548],[11.949472500475101,57.70347317981353],[11.94962345108593,57.70167923095947],[11.946272511884874,57.70159837917517]]]},"properties":{"grid":"city","values":[12.22,6.263,6.987,12.876,8.924,11.371,10.422]}},{"type":"Feature","geometry":{"type":"Polygon","coordinates":[[[11.94962345108593,57.70167923095947],[11.949472500475101,57.70347317981353],[11.952823622786507,57.703553948551026],[11.952974408198402,57.70175999412861],[11.94962345108593,57.70167923095947]]]},"properties":{"grid":"city","values":[12.443,6.459,5.931,15.399,8.352,10.953,11.09]}},{"type":"Feature","geometry":{"type":"Polygon","coordinates":[[[11.952974408198402,57.70175999412861],[11.952823622786507,57.703553948551026],[11.95617476299277,57.703634628666265],[11.956325383202783,57.70184066868159],[11.952974408198402,57.70175999412861]]]},"properties":{"grid":"city","values":[12.592,8.421,7.64,16.373,8.143,10.645,11.219]}},{"type":"Feature","geometry":{"type":"Polygon","coordinates":[[[11.956325383202783,57.70184066868159],[11.95617476299277,57.703634628666265],[11.959525921074373,57.70371522015832],[11.959676376079566,57.701921254617474],[11.956325383202783,57.70184066868159]]]},"properties":{"grid":"city","values":[12.28,8.935,12.725,13.845,7.941,10.178,10.755]}},{"type":"Feature","geometry":{"type":"Polygon","coordinates":[[[11.959676376079566,57.701921254617474],[11.959525921074373,57.70371522015832],[11.962877097011804,57.70379572302615],[11.963027386809236,57.70200175193521],[11.959676376079566,57.701921254617474]]]},"properties":{"grid":"city","values":[11.776,9.531,18.098,10.492,8.499,9.697,10.059]}},{"type":"Feature","geometry":{"type":"Polygon","coordinates":[[[11.963027386809236,57.70200175193521],[11.962877097011804,57.70379572302615],[11.966228290785548,57.703876137268814],[11.966378415372287,57.70208216063388],[11.963027386809236,57.70200175193521]]]},"properties":{"grid":"city","values":[10.607,8.731,15.881,8.493,8.996,9.452,10.042]}},{"type":"Feature","geometry":{"type":"Polygon","coordinates":[[[11.966378415372287,57.70208216063388],[11.966228290785548,57.703876137268814],[11.969579502376092,57.703956462885316],[11.969729461749202,57.70216248071247],[11.966378415372287,57.70208216063388]]]},"properties":{"grid":"city","values":[9.91,8.008,12.103,8.363,8.931,8.847,11.345]}},{"type":"Feature","geometry":{"type":"Polygon","coordinates":[[[11.969729461749202,57.70216248071247],[11.969579502376092,57.703956462885316],[11.972930731763919,57.704036699874685],[11.97308052592047,57.702242712170005],[11.969729461749202,57.70216248071247]]]},"properties":{"grid":"city","values":[9.647,7.9,10.725,8.477,8.826,8.556,11.536]}},{"type":"Feature","geometry":{"type":"Polygon","coordinates":[[[11.97308052592047,57.702242712170005],[11.972930731763919,57.704036699874685],[11.976281978929512,57.704116848235955],[11.976431607866578,57.702322855005534],[11.97308052592047,57.702242712170005]]]},"properties":{"grid":"city","values":[9.503,8.063,8.737,10.0,7.973,7.493,11.304]}},{"type":"Feature","geometry":{"type":"Polygon","coordinates":[[[11.976431607866578,57.702322855005534],[11.976281978929512,57.704116848235955],[11.979633243853357,57.70419690796813],[11.979782707568015,57.702402909218044],[11.976431607866578,57.702322855005534]]]},"properties":{"grid":"city","values":[9.133,8.848,8.369,10.401,7.398,6.552,10.283]}},{"type":"Feature","geometry":{"type":"Polygon","coordinates":[[[11.979782707568015,57.702402909218044],[11.979633243853357,57.70419690796813],[11.982984526515931,57.70427687907025],[11.983133825005263,57.70248287480659],[11.979782707568015,57.702402909218044]]]},"properties":{"grid":"city","values":[9.983,10.28,9.686,10.986,7.319,6.411,11.457]}},{"type":"Feature","geometry":{"type":"Polygon","coordinates":[[[11.983133825005263,57.70248287480659],[11.982984526515931,57.70427687907025],[11.986335826897722,57.70435676154132],[11.98648496015881,57.70256275177018],[11.983133825005263,57.70248287480659]]]},"properties":{"grid":"city","values":[11.522,13.099,12.167,12.17,7.372,7.321,13.525]}},{"type":"Feature","geometry":{"type":"Polygon","coordinates":[[[11.98648496015881,57.70256275177018],[11.986335826897722,57.70435676154132],[11.989687144979206,57.7044365553804],[11.989836113009137,57.70264254010784],[11.98648496015881,57.70256275177018]]]},"properties":{"grid":"city","values":[12.025,13.778,12.579,12.442,7.719,7.907,13.911]}},{"type":"Feature","geometry":{"type":"Polygon","coordinates":[[[11.989836113009137,57.70264254010784],[11.989687144979206,57.7044365553804],[11.993038480740863,57.7045162605865],[11.993187283536729,57.70272223981862],[11.989836113009137,57.70264254010784]]]},"properties":{"grid":"city","values":[12.431,13.292,10.667,11.817,10.317,9.947,11.463]}},{"type":"Feature","geometry":{"type":"Polygon","coordinates":[[[11.993187283536729,57.70272223981862],[11.993038480740863,57.7045162605865],[11.996389834163177,57.70459587715864],[11.99653847172207,57.70280185090154],[11.993187283536729,57.70272223981862]]]},"properties":{"grid":"city","values":[12.66,12.809,9.783,11.744,12.074,11.198,10.422]}},{"type":"Feature","geometry":{"type":"Polygon","coordinates":[[[11.99653847172207,57.70280185090154],[11.996389834163177,57.70459587715864],[11.999741205226625,57.70467540509586],[11.99988967754564,57.70288137335561],[11.99653847172207,57.70280185090154]]]},"properties":{"grid":"city","values":[13.0,11.957,11.036,12.167,12.326,11.954,10.043]}},{"type":"Feature","geometry":{"type":"Polygon","coordinates":[[[11.936068190568264,57.70314921866097],[11.935916561198804,57.70494314441493],[11.939267776942303,57.70502427322474],[11.939419241105131,57.70323034187753],[11.936068190568264,57.70314921866097]]]},"properties":{"grid":"city","values":[11.186,11.953,9.239,0.96,10.417,10.166,10.718]}},{"type":"Feature","geometry":{"type":"Polygon","coordinates":[[[11.939419241105131,57.70323034187753],[11.939267776942303,57.70502427322474],[11.942619010661662,57.70510531341017],[11.942770309614902,57.703311376475796],[11.939419241105131,57.70323034187753]]]},"properties":{"grid":"city","values":[11.278,9.392,10.586,6.612,11.353,10.837,8.56]}},{"type":"Feature","geometry":{"type":"Polygon","coordinates":[[[11.942770309614902,57.703311376475796],[11.942619010661662,57.70510531341017],[11.945970262337367,57.70518626497022],[11.946121396078063,57.7033923224548],[11.942770309614902,57.703311376475796]]]},"properties":{"grid":"city","values":[11.086,9.905,12.32,10.256,14.069,10.139,6.035]}},{"type":"Feature","geometry":{"type":"Polygon","coordinates":[[[11.946121396078063,57.7033923224548],[11.945970262337367,57.70518626497022],[11.949321531949904,57.70526712790396],[11.949472500475101,57.70347317981353],[11.946121396078063,57.7033923224548]]]},"properties":{"grid":"city","values":[11.68,8.956,9.457,11.63,11.342,10.985,8.498]}},{"type":"Feature","geometry":{"type":"Polygon","coordinates":[[[11.949472500475101,57.70347317981353],[11.949321531949904,57.70526712790396],[11.952672819479758,57.70534790221032],[11.952823622786507,57.703553948551026],[11.949472500475101,57.70347317981353]]]},"properties":{"grid":"city","values":[11.069,9.571,6.385,12.395,10.218,11.179,9.076]}},{"type":"Feature","geometry":{"type":"Polygon","coordinates":[[[11.952823622786507,57.703553948551026],[11.952672819479758,57.70534790221032],[11.956024124907412,57.70542858788837],[11.95617476299277,57.703634628666265],[11.952823622786507,57.703553948551026]]]},"properties":{"grid":"city","values":[10.84,9.994,6.299,12.069,9.974,11.347,9.23]}},{"type":"Feature","geometry":{"type":"Polygon","coordinates":[[[11.95617476299277,57.703634628666265],[11.956024124907412,57.70542858788837],[11.959375448213349,57.70550918493714],[11.959525921074373,57.70371522015832],[11.95617476299277,57.703634628666265]]]},"properties":{"grid":"city","values":[11.878,9.776,15.57,11.266,9.242,9.999,9.023]}},{"type":"Feature","geometry":{"type":"Polygon","coordinates":[[[11.959525921074373,57.70371522015832],[11.959375448213349,57.70550918493714],[11.962726789378054,57.70558969335561],[11.962877097011804,57.70379572302615],[11.959525921074373,57.70371522015832]]]},"properties":{"grid":"city","values":[12.251,9.873,25.77,8.694,9.24,8.973,8.601]}},{"type":"Feature","geometry":{"type":"Polygon","coordinates":[[[11.962877097011804,57.70379572302615],[11.962726789378054,57.70558969335561],[11.96607814838201,57.70567011314284],[11.966228290785548,57.703876137268814],[11.962877097011804,57.70379572302615]]]},"properties":{"grid":"city","values":[10.975,9.233,19.32,8.187,9.017,8.901,9.55]}},{"type":"Feature","geometry":{"type":"Polygon","coordinates":[[[11.966228290785548,57.703876137268814],[11.96607814838201,57.70567011314284],[11.9694295252057,57.705750444297806],[11.969579502376092,57.703956462885316],[11.966228290785548,57.703876137268814]]]},"properties":{"grid":"city","values":[9.908,10.095,12.726,6.93,9.349,9.138,12.436]}},{"type":"Feature","geometry":{"type":"Polygon","coordinates":[[[11.969579502376092,57.703956462885316],[11.9694295252057,57.705750444297806],[11.972780919829601,57.705830686819546],[11.972930731763919,57.704036699874685],[11.969579502376092,57.703956462885316]]]},"properties":{"grid":"city","values":[9.81,10.395,11.991,6.725,9.446,9.188,12.947]}},{"type":"Feature","geometry":{"type":"Polygon","coordinates":[[[11.972930731763919,57.704036699874685],[11.972780919829601,57.705830686819546],[11.976132332234195,57.70591084070711],[11.976281978929512,57.704116848235955],[11.972930731763919,57.704036699874685]]]},"properties":{"grid":"city","values":[9.128,8.231,8.613,9.542,7.903,7.052,10.511]}},{"type":"Feature","geometry":{"type":"Polygon","coordinates":[[[11.976281978929512,57.704116848235955],[11.976132332234195,57.70591084070711],[11.979483762399964,57.70599090595948],[11.979633243853357,57.70419690796813],[11.976281978929512,57.704116848235955]]]},"properties":{"grid":"city","values":[8.322,8.353,7.09,10.853,6.784,5.919,8.922]}},{"type":"Feature","geometry":{"type":"Polygon","coordinates":[[[11.979633243853357,57.70419690796813],[11.979483762399964,57.70599090595948],[11.982835210307382,57.70607088257572],[11.982984526515931,57.70427687907025],[11.979633243853357,57.70419690796813]]]},"properties":{"grid":"city","values":[9.966,10.003,9.204,11.649,7.227,6.983,11.509]}},{"type":"Feature","geometry":{"type":"Polygon","coordinates":[[[11.982984526515931,57.70427687907025],[11.982835210307382,57.70607088257572],[11.986186675936935,57.70615077055482],[11.986335826897722,57.70435676154132],[11.982984526515931,57.70427687907025]]]},"properties":{"grid":"city","values":[13.19,16.18,15.246,13.681,6.572,9.8,18.518]}},{"type":"Feature","geometry":{"type":"Polygon","coordinates":[[[11.986335826897722,57.70435676154132],[11.986186675936935,57.70615077055482],[11.989538159269093,57.70623056989586],[11.989687144979206,57.7044365553804],[11.986335826897722,57.70435676154132]]]},"properties":{"grid":"city","values":[13.759,17.228,16.243,14.147,6.348,10.297,19.728]}},{"type":"Feature","geometry":{"type":"Polygon","coordinates":[[[11.989687144979206,57.7044365553804],[11.989538159269093,57.70623056989586],[11.992889660284341,57.7063102805978],[11.993038480740863,57.7045162605865],[11.989687144979206,57.7044365553804]]]},"properties":{"grid":"city","values":[12.99,14.566,10.882,11.429,11.266,11.349,13.591]}},{"type":"Feature","geometry":{"type":"Polygon","coordinates":[[[11.993038480740863,57.7045162605865],[11.992889660284341,57.7063102805978],[11.996241178963151,57.706389902659694],[11.996389834163177,57.70459587715864],[11.993038480740863,57.7045162605865]]]},"properties":{"grid":"city","values":[13.107,14.701,8.165,10.135,14.736,12.624,12.289]}},{"type":"Feature","geometry":{"type":"Polygon","coordinates":[[[11.996389834163177,57.70459587715864],[11.996241178963151,57.706389902659694],[11.999592715285997,57.7064694360806],[11.999741205226625,57.70467540509586],[11.996389834163177,57.70459587715864]]]},"properties":{"grid":"city","values":[13.062,12.927,9.531,11.186,13.628,12.605,10.821]}},{"type":"Feature","geometry":{"type":"Polygon","coordinates":[[[11.935916561198804,57.70494314441493],[11.935764913833973,57.706737069403],[11.939116294803616,57.706818203806584],[11.939267776942303,57.70502427322474],[11.935916561198804,57.70494314441493]]]},"properties":{"grid":"city","values":[10.907,9.007,9.002,3.837,10.987,9.887,9.34]}},{"type":"Feature","geometry":{"type":"Polygon","coordinates":[[[11.939267776942303,57.70502427322474],[11.939116294803616,57.706818203806584],[11.942467693752077,57.70689924957972],[11.942619010661662,57.70510531341017],[11.939267776942303,57.70502427322474]]]},"properties":{"grid":"city","values":[11.287,9.496,9.55,6.236,11.366,10.96,8.918]}},{"type":"Feature","geometry":{"type":"Polygon","coordinates":[[[11.942619010661662,57.70510531341017],[11.942467693752077,57.70689924957972],[11.945819110659842,57.70698020672139],[11.945970262337367,57.70518626497022],[11.942619010661662,57.70510531341017]]]},"properties":{"grid":"city","values":[11.36,10.298,9.993,8.078,13.104,10.764,7.466]}},{"type":"Feature","geometry":{"type":"Polygon","coordinates":[[[11.945970262337367,57.70518626497022],[11.945819110659842,57.70698020672139],[11.94917054550739,57.707061075230634],[11.949321531949904,57.70526712790396],[11.945970262337367,57.70518626497022]]]},"properties":{"grid":"city","values":[11.462,10.182,8.457,8.739,13.079,10.96,7.345]}},{"type":"Feature","geometry":{"type":"Polygon","coordinates":[[[11.949321531949904,57.70526712790396],[11.94917054550739,57.707061075230634],[11.952521998275206,57.70714185510646],[11.952672819479758,57.70534790221032],[11.949321531949904,57.70526712790396]]]},"properties":{"grid":"city","values":[11.406,9.792,7.666,9.876,12.498,11.062,6.941]}},{"type":"Feature","geometry":{"type":"Polygon","coordinates":[[[11.952672819479758,57.70534790221032],[11.952521998275206,57.70714185510646],[11.955873468943768,57.707222546347865],[11.956024124907412,57.70542858788837],[11.952672819479758,57.70534790221032]]]},"properties":{"grid":"city","values":[11.181,9.995,8.59,9.863,11.866,10.844,6.935]}},{"type":"Feature","geometry":{"type":"Polygon","coordinates":[[[11.956024124907412,57.70542858788837],[11.955873468943768,57.707222546347865],[11.959224957493559,57.7073031489539],[11.959375448213349,57.70550918493714],[11.956024124907412,57.70542858788837]]]},"properties":{"grid":"city","values":[10.926,9.459,13.218,9.01,10.518,9.904,7.667]}},{"type":"Feature","geometry":{"type":"Polygon","coordinates":[[[11.959375448213349,57.70550918493714],[11.959224957493559,57.7073031489539],[11.962576463905057,57.70738366292357],[11.962726789378054,57.70558969335561],[11.959375448213349,57.70550918493714]]]},"properties":{"grid":"city","values":[10.814,9.139,17.196,8.52,9.462,8.989,8.283]}},{"type":"Feature","geometry":{"type":"Polygon","coordinates":[[[11.962726789378054,57.70558969335561],[11.962576463905057,57.70738366292357],[11.965927988158743,57.70746408825587],[11.96607814838201,57.70567011314284],[11.962726789378054,57.70558969335561]]]},"properties":{"grid":"city","values":[10.097,9.111,15.545,7.997,8.748,8.685,9.284]}},{"type":"Feature","geometry":{"type":"Polygon","coordinates":[[[11.96607814838201,57.70567011314284],[11.965927988158743,57.70746408825587],[11.969279530235095,57.70754442494986],[11.9694295252057,57.705750444297806],[11.96607814838201,57.70567011314284]]]},"properties":{"grid":"city","values":[9.548,9.067,12.34,7.595,8.629,7.978,10.484]}},{"type":"Feature","geometry":{"type":"Polygon","coordinates":[[[11.9694295252057,57.705750444297806],[11.969279530235095,57.70754442494986],[11.97263109011459,57.707624673004524],[11.972780919829601,57.705830686819546],[11.9694295252057,57.705750444297806]]]},"properties":{"grid":"city","values":[9.482,9.011,11.191,7.807,8.567,7.776,10.84]}},{"type":"Feature","geometry":{"type":"Polygon","coordinates":[[[11.972780919829601,57.705830686819546],[11.97263109011459,57.707624673004524],[11.975982667777705,57.70770483241893],[11.976132332234195,57.70591084070711],[11.972780919829601,57.705830686819546]]]},"properties":{"grid":"city","values":[9.738,8.597,9.182,9.911,7.861,6.928,11.131]}},{"type":"Feature","geometry":{"type":"Polygon","coordinates":[[[11.976132332234195,57.70591084070711],[11.975982667777705,57.70770483241893],[11.979334263204919,57.707784903192035],[11.979483762399964,57.70599090595948],[11.976132332234195,57.70591084070711]]]},"properties":{"grid":"city","values":[9.941,8.373,8.38,11.286,7.737,6.942,11.085]}},{"type":"Feature","geometry":{"type":"Polygon","coordinates":[[[11.979483762399964,57.70599090595948],[11.979334263204919,57.707784903192035],[11.982685876376705,57.70786488532293],[11.982835210307382,57.70607088257572],[11.979483762399964,57.70599090595948]]]},"properties":{"grid":"city","values":[10.932,9.674,9.473,12.055,8.087,8.189,12.813]}},{"type":"Feature","geometry":{"type":"Polygon","coordinates":[[[11.982835210307382,57.70607088257572],[11.982685876376705,57.70786488532293],[11.986037507273542,57.707944778810614],[11.986186675936935,57.70615077055482],[11.982835210307382,57.70607088257572]]]},"properties":{"grid":"city","values":[12.658,13.089,12.094,12.779,8.762,10.633,15.606]}},{"type":"Feature","geometry":{"type":"Polygon","coordinates":[[[11.986186675936935,57.70615077055482],[11.986037507273542,57.707944778810614],[11.9893891558759,57.70802458365414],[11.989538159269093,57.70623056989586],[11.986186675936935,57.70615077055482]]]},"properties":{"grid":"city","values":[13.075,14.145,12.637,12.581,9.237,11.399,16.08]}},{"type":"Feature","geometry":{"type":"Polygon","coordinates":[[[11.989538159269093,57.70623056989586],[11.9893891558759,57.70802458365414],[11.992740822164256,57.70810429985246],[11.992889660284341,57.7063102805978],[11.989538159269093,57.70623056989586]]]},"properties":{"grid":"city","values":[13.227,14.14,10.974,11.086,11.787,12.715,13.468]}},{"type":"Feature","geometry":{"type":"Polygon","coordinates":[[[11.992889660284341,57.7063102805978],[11.992740822164256,57.70810429985246],[11.996092506119085,57.70818392740468],[11.996241178963151,57.706389902659694],[11.992889660284341,57.7063102805978]]]},"properties":{"grid":"city","values":[13.247,14.368,9.59,10.173,13.37,13.016,12.478]}},{"type":"Feature","geometry":{"type":"Polygon","coordinates":[[[11.996241178963151,57.706389902659694],[11.996092506119085,57.70818392740468],[11.999444207720856,57.70826346630981],[11.999592715285997,57.7064694360806],[11.996241178963151,57.706389902659694]]]},"properties":{"grid":"city","values":[13.171,13.68,9.606,10.879,12.89,12.965,11.421]}},{"type":"Feature","geometry":{"type":"Polygon","coordinates":[[[11.935764913833973,57.706737069403],[11.935613248470803,57.70853099362514],[11.938964794686107,57.70861213362307],[11.939116294803616,57.706818203806584],[11.935764913833973,57.706737069403]]]},"properties":{"grid":"city","values":[10.051,2.827,7.225,5.801,10.513,9.791,7.616]}},{"type":"Feature","geometry":{"type":"Polygon","coordinates":[[[11.939116294803616,57.706818203806584],[11.938964794686107,57.70861213362307],[11.94231635888319,57.708693184984455],[11.942467693752077,57.70689924957972],[11.939116294803616,57.706818203806584]]]},"properties":{"grid":"city","values":[11.411,8.772,8.331,6.106,11.814,11.616,9.23]}},{"type":"Feature","geometry":{"type":"Polygon","coordinates":[[[11.942467693752077,57.70689924957972],[11.94231635888319,57.708693184984455],[11.945667941042531,57.70877414770829],[11.945819110659842,57.70698020672139],[11.942467693752077,57.70689924957972]]]},"properties":{"grid":"city","values":[12.26,12.388,8.295,5.781,12.529,12.36,10.267]}},{"type":"Feature","geometry":{"type":"Polygon","coordinates":[[[11.945819110659842,57.70698020672139],[11.945667941042531,57.70877414770829],[11.94901954114461,57.7088550217936],[11.94917054550739,57.707061075230634],[11.945819110659842,57.70698020672139]]]},"properties":{"grid":"city","values":[12.393,11.82,8.366,7.776,13.577,12.163,8.042]}},{"type":"Feature","geometry":{"type":"Polygon","coordinates":[[[11.94917054550739,57.707061075230634],[11.94901954114461,57.7088550217936],[11.952371159169907,57.70893580723942],[11.952521998275206,57.70714185510646],[11.94917054550739,57.707061075230634]]]},"properties":{"grid":"city","values":[12.414,10.44,7.252,8.501,15.656,10.957,3.099]}},{"type":"Feature","geometry":{"type":"Polygon","coordinates":[[[11.952521998275206,57.70714185510646],[11.952371159169907,57.70893580723942],[11.955722795098898,57.70901650404474],[11.955873468943768,57.707222546347865],[11.952521998275206,57.70714185510646]]]},"properties":{"grid":"city","values":[12.438,10.049,7.525,8.491,15.828,10.748,2.339]}},{"type":"Feature","geometry":{"type":"Polygon","coordinates":[[[11.955873468943768,57.707222546347865],[11.955722795098898,57.70901650404474],[11.95907444891206,57.70909711220858],[11.959224957493559,57.7073031489539],[11.955873468943768,57.707222546347865]]]},"properties":{"grid":"city","values":[10.659,9.158,10.117,9.01,11.208,9.917,6.527]}},{"type":"Feature","geometry":{"type":"Polygon","coordinates":[[[11.959224957493559,57.7073031489539],[11.95907444891206,57.70909711220858],[11.962426120589873,57.70917763172998],[11.962576463905057,57.70738366292357],[11.959224957493559,57.7073031489539]]]},"properties":{"grid":"city","values":[8.664,7.345,9.03,8.381,8.455,8.683,8.246]}},{"type":"Feature","geometry":{"type":"Polygon","coordinates":[[[11.962576463905057,57.70738366292357],[11.962426120589873,57.70917763172998],[11.965777810112808,57.70925806260794],[11.965927988158743,57.70746408825587],[11.962576463905057,57.70738366292357]]]},"properties":{"grid":"city","values":[8.97,7.913,11.021,8.252,8.148,8.314,8.707]}},{"type":"Feature","geometry":{"type":"Polygon","coordinates":[[[11.965927988158743,57.70746408825587],[11.965777810112808,57.70925806260794],[11.969129517461344,57.70933840484147],[11.969279530235095,57.70754442494986],[11.965927988158743,57.70746408825587]]]},"properties":{"grid":"city","values":[8.428,7.589,10.256,7.64,7.589,6.332,7.813]}},{"type":"Feature","geometry":{"type":"Polygon","coordinates":[[[11.969279530235095,57.70754442494986],[11.969129517461344,57.70933840484147],[11.972481242615956,57.7094186584296],[11.97263109011459,57.707624673004524],[11.969279530235095,57.70754442494986]]]},"properties":{"grid":"city","values":[8.244,7.382,9.293,7.737,7.383,5.861,7.674]}},{"type":"Feature","geometry":{"type":"Polygon","coordinates":[[[11.97263109011459,57.707624673004524],[11.972481242615956,57.7094186584296],[11.975832985557116,57.70949882337138],[11.975982667777705,57.70770483241893],[11.97263109011459,57.707624673004524]]]},"properties":{"grid":"city","values":[10.292,6.83,8.452,10.581,8.185,6.672,10.905]}},{"type":"Feature","geometry":{"type":"Polygon","coordinates":[[[11.975982667777705,57.70770483241893],[11.975832985557116,57.70949882337138],[11.9791847462653,57.709578899665814],[11.979334263204919,57.707784903192035],[11.975982667777705,57.70770483241893]]]},"properties":{"grid":"city","values":[12.047,5.557,7.453,13.199,8.711,6.474,12.977]}},{"type":"Feature","geometry":{"type":"Polygon","coordinates":[[[11.979334263204919,57.707784903192035],[11.9791847462653,57.709578899665814],[11.982536524720976,57.70965888731192],[11.982685876376705,57.70786488532293],[11.979334263204919,57.707784903192035]]]},"properties":{"grid":"city","values":[12.046,7.541,8.718,12.847,9.219,8.555,13.463]}},{"type":"Feature","geometry":{"type":"Polygon","coordinates":[[[11.982685876376705,57.70786488532293],[11.982536524720976,57.70965888731192],[11.985888320904623,57.709738786308705],[11.986037507273542,57.707944778810614],[11.982685876376705,57.70786488532293]]]},"properties":{"grid":"city","values":[12.171,9.533,9.382,12.139,11.562,12.515,12.726]}},{"type":"Feature","geometry":{"type":"Polygon","coordinates":[[[11.986037507273542,57.707944778810614],[11.985888320904623,57.709738786308705],[11.989240134796708,57.709818596655246],[11.9893891558759,57.70802458365414],[11.986037507273542,57.707944778810614]]]},"properties":{"grid":"city","values":[12.374,10.044,9.374,11.791,12.44,13.572,12.526]}},{"type":"Feature","geometry":{"type":"Polygon","coordinates":[[[11.9893891558759,57.70802458365414],[11.989240134796708,57.709818596655246],[11.9925919663777,57.709898318350525],[11.992740822164256,57.70810429985246],[11.9893891558759,57.70802458365414]]]},"properties":{"grid":"city","values":[13.108,13.392,10.596,9.707,12.403,13.442,12.848]}},{"type":"Feature","geometry":{"type":"Polygon","coordinates":[[[11.992740822164256,57.70810429985246],[11.9925919663777,57.709898318350525],[11.995943815628074,57.709977951393604],[11.996092506119085,57.70818392740468],[11.992740822164256,57.70810429985246]]]},"properties":{"grid":"city","values":[13.652,15.26,10.549,7.372,13.227,14.052,11.934]}},{"type":"Feature","geometry":{"type":"Polygon","coordinates":[[[11.996092506119085,57.70818392740468],[11.995943815628074,57.709977951393604],[11.999295682528297,57.710057495783495],[11.999444207720856,57.70826346630981],[11.996092506119085,57.70818392740468]]]},"properties":{"grid":"city","values":[13.311,14.775,9.731,9.315,12.872,13.608,11.304]}},{"type":"Feature","geometry":{"type":"Polygon","coordinates":[[[11.935613248470803,57.70853099362514],[11.935461565106339,57.71032491708131],[11.938813276586822,57.71040606267414],[11.938964794686107,57.70861213362307],[11.935613248470803,57.70853099362514]]]},"properties":{"grid":"city","values":[10.148,2.551,7.084,6.207,10.529,10.234,7.679]}},{"type":"Feature","geometry":{"type":"Polygon","coordinates":[[[11.938964794686107,57.70861213362307],[11.938813276586822,57.71040606267414],[11.942165006052045,57.71048711962432],[11.94231635888319,57.708693184984455],[11.938964794686107,57.70861213362307]]]},"properties":{"grid":"city","values":[11.583,8.445,8.106,6.593,11.865,12.258,9.358]}},{"type":"Feature","geometry":{"type":"Polygon","coordinates":[[[11.94231635888319,57.708693184984455],[11.942165006052045,57.71048711962432],[11.945516753482485,57.71056808793087],[11.945667941042531,57.70877414770829],[11.94231635888319,57.708693184984455]]]},"properties":{"grid":"city","values":[12.355,12.235,8.172,6.018,12.556,12.699,10.349]}},{"type":"Feature","geometry":{"type":"Polygon","coordinates":[[[11.945667941042531,57.70877414770829],[11.945516753482485,57.71056808793087],[11.948868518858614,57.71064896759281],[11.94901954114461,57.7088550217936],[11.945667941042531,57.70877414770829]]]},"properties":{"grid":"city","values":[12.734,11.882,8.412,7.997,13.775,12.689,8.264]}},{"type":"Feature","geometry":{"type":"Polygon","coordinates":[[[11.94901954114461,57.7088550217936],[11.948868518858614,57.71064896759281],[11.952220302160914,57.71072975860917],[11.952371159169907,57.70893580723942],[11.94901954114461,57.7088550217936]]]},"properties":{"grid":"city","values":[12.776,10.603,7.444,8.734,15.885,11.415,3.291]}},{"type":"Feature","geometry":{"type":"Polygon","coordinates":[[[11.952371159169907,57.70893580723942],[11.952220302160914,57.71072975860917],[11.955572103369857,57.71081046097894],[11.955722795098898,57.70901650404474],[11.952371159169907,57.70893580723942]]]},"properties":{"grid":"city","values":[12.569,10.381,7.476,8.615,15.92,10.902,2.396]}},{"type":"Feature","geometry":{"type":"Polygon","coordinates":[[[11.955722795098898,57.70901650404474],[11.955572103369857,57.71081046097894],[11.958923922465914,57.710891074701166],[11.95907444891206,57.70909711220858],[11.955722795098898,57.70901650404474]]]},"properties":{"grid":"city","values":[10.799,9.544,9.899,9.173,11.287,10.168,6.633]}},{"type":"Feature","geometry":{"type":"Polygon","coordinates":[[[11.95907444891206,57.70909711220858],[11.958923922465914,57.710891074701166],[11.962275759429563,57.71097159977482],[11.962426120589873,57.70917763172998],[11.95907444891206,57.70909711220858]]]},"properties":{"grid":"city","values":[8.725,7.53,8.881,8.463,8.486,8.816,8.306]}},{"type":"Feature","geometry":{"type":"Polygon","coordinates":[[[11.962426120589873,57.70917763172998],[11.962275759429563,57.71097159977482],[11.965627614241274,57.71105203619896],[11.965777810112808,57.70925806260794],[11.962426120589873,57.70917763172998]]]},"properties":{"grid":"city","values":[8.984,7.889,10.236,8.602,8.078,8.605,8.675]}},{"type":"Feature","geometry":{"type":"Polygon","coordinates":[[[11.965777810112808,57.70925806260794],[11.965627614241274,57.71105203619896],[11.96897948688152,57.71113238397261],[11.969129517461344,57.70933840484147],[11.965777810112808,57.70925806260794]]]},"properties":{"grid":"city","values":[8.442,7.522,9.486,8.076,7.499,6.577,7.725]}},{"type":"Feature","geometry":{"type":"Polygon","coordinates":[[[11.969129517461344,57.70933840484147],[11.96897948688152,57.71113238397261],[11.972331377330775,57.71121264309477],[11.972481242615956,57.7094186584296],[11.969129517461344,57.70933840484147]]]},"properties":{"grid":"city","values":[8.357,7.22,9.232,7.886,7.455,6.077,7.69]}},{"type":"Feature","geometry":{"type":"Polygon","coordinates":[[[11.972481242615956,57.7094186584296],[11.972331377330775,57.71121264309477],[11.975683285569504,57.71129281356447],[11.975832985557116,57.70949882337138],[11.972481242615956,57.7094186584296]]]},"properties":{"grid":"city","values":[10.468,6.631,8.411,10.701,8.322,7.019,11.0]}},{"type":"Feature","geometry":{"type":"Polygon","coordinates":[[[11.975832985557116,57.70949882337138],[11.975683285569504,57.71129281356447],[11.979035211578186,57.711372895380734],[11.9791847462653,57.709578899665814],[11.975832985557116,57.70949882337138]]]},"properties":{"grid":"city","values":[12.147,5.45,7.435,13.259,8.786,6.654,13.042]}},{"type":"Feature","geometry":{"type":"Polygon","coordinates":[[[11.9791847462653,57.709578899665814],[11.979035211578186,57.711372895380734],[11.982387155337282,57.71145288854257],[11.982536524720976,57.70965888731192],[11.9791847462653,57.709578899665814]]]},"properties":{"grid":"city","values":[12.178,7.164,8.75,12.557,9.549,8.924,13.623]}},{"type":"Feature","geometry":{"type":"Polygon","coordinates":[[[11.982536524720976,57.70965888731192],[11.982387155337282,57.71145288854257],[11.985739116827265,57.711532793049045],[11.985888320904623,57.709738786308705],[11.982536524720976,57.70965888731192]]]},"properties":{"grid":"city","values":[12.27,9.054,9.373,11.836,11.927,12.851,12.827]}},{"type":"Feature","geometry":{"type":"Polygon","coordinates":[[[11.985888320904623,57.709738786308705],[11.985739116827265,57.711532793049045],[11.989091096028604,57.711612608899124],[11.989240134796708,57.709818596655246],[11.985888320904623,57.709738786308705]]]},"properties":{"grid":"city","values":[12.263,9.589,9.284,11.722,12.442,13.569,12.282]}},{"type":"Feature","geometry":{"type":"Polygon","coordinates":[[[11.989240134796708,57.709818596655246],[11.989091096028604,57.711612608899124],[11.992443092921766,57.71169233609192],[11.9925919663777,57.709898318350525],[11.989240134796708,57.709818596655246]]]},"properties":{"grid":"city","values":[12.966,12.859,10.509,9.631,12.342,13.441,12.532]}},{"type":"Feature","geometry":{"type":"Polygon","coordinates":[[[11.9925919663777,57.709898318350525],[11.992443092921766,57.71169233609192],[11.995795107487217,57.711771974626366],[11.995943815628074,57.709977951393604],[11.9925919663777,57.709898318350525]]]},"properties":{"grid":"city","values":[13.581,14.999,10.512,7.325,13.19,14.057,11.77]}},{"type":"Feature","geometry":{"type":"Polygon","coordinates":[[[11.995943815628074,57.709977951393604],[11.995795107487217,57.711771974626366],[11.999147139705423,57.71185152450156],[11.999295682528297,57.710057495783495],[11.995943815628074,57.709977951393604]]]},"properties":{"grid":"city","values":[13.449,15.319,9.494,13.184,12.521,13.17,11.857]}},{"type":"Feature","geometry":{"type":"Polygon","coordinates":[[[11.935461565106339,57.71032491708131],[11.935309863737613,57.71211883977151],[11.938661740502798,57.71219999095977],[11.938813276586822,57.71040606267414],[11.935461565106339,57.71032491708131]]]},"properties":{"grid":"city","values":[10.747,7.325,8.976,7.804,10.476,11.987,8.793]}},{"type":"Feature","geometry":{"type":"Polygon","coordinates":[[[11.938813276586822,57.71040606267414],[11.938661740502798,57.71219999095977],[11.942013635255684,57.7122810534993],[11.942165006052045,57.71048711962432],[11.938813276586822,57.71040606267414]]]},"properties":{"grid":"city","values":[12.314,8.494,8.468,9.196,12.277,13.975,9.386]}},{"type":"Feature","geometry":{"type":"Polygon","coordinates":[[[11.942165006052045,57.71048711962432],[11.942013635255684,57.7122810534993],[11.945365547976744,57.712362027389105],[11.945516753482485,57.71056808793087],[11.942165006052045,57.71048711962432]]]},"properties":{"grid":"city","values":[13.543,8.826,8.112,10.181,14.223,15.933,9.144]}},{"type":"Feature","geometry":{"type":"Polygon","coordinates":[[[11.945516753482485,57.71056808793087],[11.945365547976744,57.712362027389105],[11.948717478646453,57.712442912628255],[11.948868518858614,57.71064896759281],[11.945516753482485,57.71056808793087]]]},"properties":{"grid":"city","values":[13.551,11.01,9.002,10.601,14.123,14.406,8.544]}},{"type":"Feature","geometry":{"type":"Polygon","coordinates":[[[11.948868518858614,57.71064896759281],[11.948717478646453,57.712442912628255],[11.952069427245277,57.712523709215695],[11.952220302160914,57.71072975860917],[11.948868518858614,57.71064896759281]]]},"properties":{"grid":"city","values":[13.129,12.942,11.004,10.935,13.551,11.991,7.631]}},{"type":"Feature","geometry":{"type":"Polygon","coordinates":[[[11.952220302160914,57.71072975860917],[11.952069427245277,57.712523709215695],[11.955421393753696,57.71260441715046],[11.955572103369857,57.71081046097894],[11.952220302160914,57.71072975860917]]]},"properties":{"grid":"city","values":[12.837,13.232,11.602,11.022,12.978,11.334,7.553]}},{"type":"Feature","geometry":{"type":"Polygon","coordinates":[[[11.955572103369857,57.71081046097894],[11.955421393753696,57.71260441715046],[11.958773378152175,57.7126850364316],[11.958923922465914,57.710891074701166],[11.955572103369857,57.71081046097894]]]},"properties":{"grid":"city","values":[11.637,11.208,11.506,10.49,10.957,10.993,7.972]}},{"type":"Feature","geometry":{"type":"Polygon","coordinates":[[[11.958923922465914,57.710891074701166],[11.958773378152175,57.7126850364316],[11.96212538042119,57.71276556705808],[11.962275759429563,57.71097159977482],[11.958923922465914,57.710891074701166]]]},"properties":{"grid":"city","values":[11.132,10.171,11.838,9.91,9.381,11.71,8.851]}},{"type":"Feature","geometry":{"type":"Polygon","coordinates":[[[11.962275759429563,57.71097159977482],[11.96212538042119,57.71276556705808],[11.965477400541204,57.712846009028965],[11.965627614241274,57.71105203619896],[11.962275759429563,57.71097159977482]]]},"properties":{"grid":"city","values":[10.319,9.321,11.137,10.238,8.592,10.178,9.128]}},{"type":"Feature","geometry":{"type":"Polygon","coordinates":[[[11.965627614241274,57.71105203619896],[11.965477400541204,57.712846009028965],[11.96882943849269,57.71292636234325],[11.96897948688152,57.71113238397261],[11.965627614241274,57.71105203619896]]]},"properties":{"grid":"city","values":[9.817,7.956,9.522,10.787,8.154,8.673,9.514]}},{"type":"Feature","geometry":{"type":"Polygon","coordinates":[[[11.96897948688152,57.71113238397261],[11.96882943849269,57.71292636234325],[11.972181494256116,57.71300662699997],[11.972331377330775,57.71121264309477],[11.96897948688152,57.71113238397261]]]},"properties":{"grid":"city","values":[9.886,7.644,9.133,10.982,8.229,8.37,9.853]}},{"type":"Feature","geometry":{"type":"Polygon","coordinates":[[[11.972331377330775,57.71121264309477],[11.972181494256116,57.71300662699997],[11.975533567811947,57.71308680299814],[11.975683285569504,57.71129281356447],[11.972331377330775,57.71121264309477]]]},"properties":{"grid":"city","values":[10.877,7.408,9.285,10.467,9.147,9.06,11.693]}},{"type":"Feature","geometry":{"type":"Polygon","coordinates":[[[11.975683285569504,57.71129281356447],[11.975533567811947,57.71308680299814],[11.978885659140653,57.71316689033678],[11.979035211578186,57.711372895380734],[11.975683285569504,57.71129281356447]]]},"properties":{"grid":"city","values":[11.403,6.956,9.003,9.767,9.704,10.392,12.849]}},{"type":"Feature","geometry":{"type":"Polygon","coordinates":[[[11.979035211578186,57.711372895380734],[11.978885659140653,57.71316689033678],[11.982237768222701,57.713246889014926],[11.982387155337282,57.71145288854257],[11.979035211578186,57.711372895380734]]]},"properties":{"grid":"city","values":[12.027,7.776,9.966,10.846,10.268,10.72,13.83]}},{"type":"Feature","geometry":{"type":"Polygon","coordinates":[[[11.982387155337282,57.71145288854257],[11.982237768222701,57.713246889014926],[11.985589895038553,57.7133267990316],[11.985739116827265,57.711532793049045],[11.982387155337282,57.71145288854257]]]},"properties":{"grid":"city","values":[12.443,9.131,11.394,11.412,10.489,11.194,14.918]}},{"type":"Feature","geometry":{"type":"Polygon","coordinates":[[[11.985739116827265,57.711532793049045],[11.985589895038553,57.7133267990316],[11.98894203956868,57.71340662038581],[11.989091096028604,57.711612608899124],[11.985739116827265,57.711532793049045]]]},"properties":{"grid":"city","values":[12.536,9.842,11.727,11.419,10.658,11.475,14.837]}},{"type":"Feature","geometry":{"type":"Polygon","coordinates":[[[11.989091096028604,57.711612608899124],[11.98894203956868,57.71340662038581],[11.99229420179354,57.71348635307661],[11.992443092921766,57.71169233609192],[11.989091096028604,57.711612608899124]]]},"properties":{"grid":"city","values":[12.722,12.139,10.87,13.015,11.192,12.434,12.609]}},{"type":"Feature","geometry":{"type":"Polygon","coordinates":[[[11.992443092921766,57.71169233609192],[11.99229420179354,57.71348635307661],[11.995646381693602,57.71356599710301],[11.995795107487217,57.711771974626366],[11.992443092921766,57.71169233609192]]]},"properties":{"grid":"city","values":[12.515,12.827,9.318,13.297,11.582,12.904,11.009]}},{"type":"Feature","geometry":{"type":"Polygon","coordinates":[[[11.995795107487217,57.711771974626366],[11.995646381693602,57.71356599710301],[11.998998579249326,57.71364555246404],[11.999147139705423,57.71185152450156],[11.995795107487217,57.711771974626366]]]},"properties":{"grid":"city","values":[13.109,14.201,9.301,19.399,11.476,12.17,11.911]}},{"type":"Feature","geometry":{"type":"Polygon","coordinates":[[[11.935309863737613,57.71211883977151],[11.935158144361658,57.71391276169568],[11.938510186431072,57.713993918479915],[11.938661740502798,57.71219999095977],[11.935309863737613,57.71211883977151]]]},"properties":{"grid":"city","values":[10.287,9.555,10.44,7.619,9.423,12.08,9.262]}},{"type":"Feature","geometry":{"type":"Polygon","coordinates":[[[11.938661740502798,57.71219999095977],[11.938510186431072,57.713993918479915],[11.941862246491148,57.71407498660936],[11.942013635255684,57.7122810534993],[11.938661740502798,57.71219999095977]]]},"properties":{"grid":"city","values":[12.922,8.571,8.932,10.398,12.96,15.308,8.764]}},{"type":"Feature","geometry":{"type":"Polygon","coordinates":[[[11.942013635255684,57.7122810534993],[11.941862246491148,57.71407498660936],[11.945214324522357,57.714155966083005],[11.945365547976744,57.712362027389105],[11.942013635255684,57.7122810534993]]]},"properties":{"grid":"city","values":[15.153,6.589,7.239,13.092,16.233,20.163,9.419]}},{"type":"Feature","geometry":{"type":"Polygon","coordinates":[[[11.945365547976744,57.712362027389105],[11.945214324522357,57.714155966083005],[11.94856642050517,57.71423685689986],[11.948717478646453,57.712442912628255],[11.945365547976744,57.712362027389105]]]},"properties":{"grid":"city","values":[14.214,10.115,8.969,12.544,14.374,16.051,8.975]}},{"type":"Feature","geometry":{"type":"Polygon","coordinates":[[[11.948717478646453,57.712442912628255],[11.94856642050517,57.71423685689986],[11.95191853442005,57.714317659058935],[11.952069427245277,57.712523709215695],[11.948717478646453,57.712442912628255]]]},"properties":{"grid":"city","values":[13.443,15.726,13.731,12.919,12.336,11.112,9.381]}},{"type":"Feature","geometry":{"type":"Polygon","coordinates":[[[11.952069427245277,57.712523709215695],[11.95191853442005,57.714317659058935],[11.955270666247475,57.714398372559266],[11.955421393753696,57.71260441715046],[11.952069427245277,57.712523709215695]]]},"properties":{"grid":"city","values":[13.326,16.478,14.519,13.168,11.995,10.433,9.585]}},{"type":"Feature","geometry":{"type":"Polygon","coordinates":[[[11.955421393753696,57.71260441715046],[11.955270666247475,57.714398372559266],[11.958622815967907,57.71447899739987],[11.958773378152175,57.7126850364316],[11.955421393753696,57.71260441715046]]]},"properties":{"grid":"city","values":[12.206,12.438,13.074,11.189,10.33,11.764,8.887]}},{"type":"Feature","geometry":{"type":"Polygon","coordinates":[[[11.958773378152175,57.7126850364316],[11.958622815967907,57.71447899739987],[11.961974983561815,57.71455953357974],[11.96212538042119,57.71276556705808],[11.958773378152175,57.7126850364316]]]},"properties":{"grid":"city","values":[12.43,11.238,14.428,10.192,8.977,14.63,10.018]}},{"type":"Feature","geometry":{"type":"Polygon","coordinates":[[[11.96212538042119,57.71276556705808],[11.961974983561815,57.71455953357974],[11.965327169009662,57.714639981097896],[11.965477400541204,57.712846009028965],[11.96212538042119,57.71276556705808]]]},"properties":{"grid":"city","values":[11.281,10.142,12.275,10.701,8.841,11.886,9.67]}},{"type":"Feature","geometry":{"type":"Polygon","coordinates":[[[11.965477400541204,57.712846009028965],[11.965327169009662,57.714639981097896],[11.968679372291918,57.714720339953395],[11.96882943849269,57.71292636234325],[11.965477400541204,57.712846009028965]]]},"properties":{"grid":"city","values":[10.261,8.523,9.392,12.695,8.362,9.173,10.186]}},{"type":"Feature","geometry":{"type":"Polygon","coordinates":[[[11.96882943849269,57.71292636234325],[11.968679372291918,57.714720339953395],[11.972031593389048,57.714800610145204],[11.972181494256116,57.71300662699997],[11.96882943849269,57.71292636234325]]]},"properties":{"grid":"city","values":[10.215,8.213,9.001,13.201,8.323,8.78,10.373]}},{"type":"Feature","geometry":{"type":"Polygon","coordinates":[[[11.972181494256116,57.71300662699997],[11.972031593389048,57.714800610145204],[11.975383832281514,57.71488079167238],[11.975533567811947,57.71308680299814],[11.972181494256116,57.71300662699997]]]},"properties":{"grid":"city","values":[11.089,8.245,9.494,9.998,9.748,10.63,11.724]}},{"type":"Feature","geometry":{"type":"Polygon","coordinates":[[[11.975533567811947,57.71308680299814],[11.975383832281514,57.71488079167238],[11.978736088949782,57.71496088453395],[11.978885659140653,57.71316689033678],[11.975533567811947,57.71308680299814]]]},"properties":{"grid":"city","values":[11.287,7.073,9.085,7.059,10.409,12.92,13.107]}},{"type":"Feature","geometry":{"type":"Polygon","coordinates":[[[11.978885659140653,57.71316689033678],[11.978736088949782,57.71496088453395],[11.982088363374313,57.715040888728936],[11.982237768222701,57.713246889014926],[11.978885659140653,57.71316689033678]]]},"properties":{"grid":"city","values":[12.225,8.871,10.828,9.454,10.64,12.122,13.868]}},{"type":"Feature","geometry":{"type":"Polygon","coordinates":[[[11.982237768222701,57.713246889014926],[11.982088363374313,57.715040888728936],[11.985440655535571,57.71512080425636],[11.985589895038553,57.7133267990316],[11.982237768222701,57.713246889014926]]]},"properties":{"grid":"city","values":[12.929,10.031,14.004,12.058,9.598,10.407,17.229]}},{"type":"Feature","geometry":{"type":"Polygon","coordinates":[[[11.985589895038553,57.7133267990316],[11.985440655535571,57.71512080425636],[11.988792965414019,57.71520063111522],[11.98894203956868,57.71340662038581],[11.985589895038553,57.7133267990316]]]},"properties":{"grid":"city","values":[12.971,10.183,14.575,12.244,9.441,10.138,17.856]}},{"type":"Feature","geometry":{"type":"Polygon","coordinates":[[[11.98894203956868,57.71340662038581],[11.988792965414019,57.71520063111522],[11.992145292990115,57.715280369304594],[11.99229420179354,57.71348635307661],[11.98894203956868,57.71340662038581]]]},"properties":{"grid":"city","values":[12.699,12.555,11.593,11.241,10.643,12.609,12.118]}},{"type":"Feature","geometry":{"type":"Polygon","coordinates":[[[11.99229420179354,57.71348635307661],[11.992145292990115,57.715280369304594],[11.995497638244323,57.71536001882346],[11.995646381693602,57.71356599710301],[11.99229420179354,57.71348635307661]]]},"properties":{"grid":"city","values":[11.485,11.843,8.377,10.555,10.944,13.272,8.552]}},{"type":"Feature","geometry":{"type":"Polygon","coordinates":[[[11.995646381693602,57.71356599710301],[11.995497638244323,57.71536001882346],[11.998850001157102,57.71543957967089],[11.998998579249326,57.71364555246404],[11.995646381693602,57.71356599710301]]]},"properties":{"grid":"city","values":[12.836,13.729,9.279,19.898,11.117,11.797,11.124]}},{"type":"Feature","geometry":{"type":"Polygon","coordinates":[[[11.935158144361658,57.71391276169568],[11.935006406975514,57.71570668285382],[11.938358614368683,57.71578784523462],[11.938510186431072,57.713993918479915],[11.935158144361658,57.71391276169568]]]},"properties":{"grid":"city","values":[11.861,11.136,11.87,9.64,10.532,12.272,7.103]}},{"type":"Feature","geometry":{"type":"Polygon","coordinates":[[[11.938510186431072,57.713993918479915],[11.938358614368683,57.71578784523462],[11.941710839755478,57.71586891895452],[11.941862246491148,57.71407498660936],[11.938510186431072,57.713993918479915]]]},"properties":{"grid":"city","values":[13.038,10.993,10.397,11.16,12.493,13.809,7.933]}},{"type":"Feature","geometry":{"type":"Polygon","coordinates":[[[11.941862246491148,57.71407498660936],[11.941710839755478,57.71586891895452],[11.945063083116366,57.71594990401251],[11.945214324522357,57.714155966083005],[11.941862246491148,57.71407498660936]]]},"properties":{"grid":"city","values":[13.831,10.238,9.142,12.888,13.266,15.273,8.632]}},{"type":"Feature","geometry":{"type":"Polygon","coordinates":[[[11.945214324522357,57.714155966083005],[11.945063083116366,57.71594990401251],[11.948415344431812,57.71603080040765],[11.94856642050517,57.71423685689986],[11.945214324522357,57.714155966083005]]]},"properties":{"grid":"city","values":[13.48,11.79,9.63,12.948,12.251,13.788,9.229]}},{"type":"Feature","geometry":{"type":"Polygon","coordinates":[[[11.94856642050517,57.71423685689986],[11.948415344431812,57.71603080040765],[11.951767623682285,57.71611160813892],[11.95191853442005,57.714317659058935],[11.94856642050517,57.71423685689986]]]},"properties":{"grid":"city","values":[13.034,14.129,12.15,13.412,11.029,11.378,9.096]}},{"type":"Feature","geometry":{"type":"Polygon","coordinates":[[[11.95191853442005,57.714317659058935],[11.951767623682285,57.71611160813892],[11.955119920848244,57.716192327205356],[11.955270666247475,57.714398372559266],[11.95191853442005,57.714317659058935]]]},"properties":{"grid":"city","values":[12.776,14.415,12.824,13.176,10.661,10.781,9.103]}},{"type":"Feature","geometry":{"type":"Polygon","coordinates":[[[11.955270666247475,57.714398372559266],[11.955119920848244,57.716192327205356],[11.958472235910161,57.71627295760596],[11.958622815967907,57.71447899739987],[11.955270666247475,57.714398372559266]]]},"properties":{"grid":"city","values":[11.71,12.101,12.554,11.996,9.654,10.445,9.049]}},{"type":"Feature","geometry":{"type":"Polygon","coordinates":[[[11.958622815967907,57.71447899739987],[11.958472235910161,57.71627295760596],[11.961824568848497,57.71635349933974],[11.961974983561815,57.71455953357974],[11.958622815967907,57.71447899739987]]]},"properties":{"grid":"city","values":[11.702,11.178,12.771,11.377,9.502,11.404,9.369]}},{"type":"Feature","geometry":{"type":"Polygon","coordinates":[[[11.961974983561815,57.71455953357974],[11.961824568848497,57.71635349933974],[11.965176919643714,57.716433952405744],[11.965327169009662,57.714639981097896],[11.961974983561815,57.71455953357974]]]},"properties":{"grid":"city","values":[11.269,10.596,11.837,11.423,9.486,10.733,9.596]}},{"type":"Feature","geometry":{"type":"Polygon","coordinates":[[[11.965327169009662,57.714639981097896],[11.965176919643714,57.716433952405744],[11.968529288276276,57.71651431680296],[11.968679372291918,57.714720339953395],[11.965327169009662,57.714639981097896]]]},"properties":{"grid":"city","values":[11.205,10.323,10.682,12.04,9.472,10.406,10.392]}},{"type":"Feature","geometry":{"type":"Polygon","coordinates":[[[11.968679372291918,57.714720339953395],[11.968529288276276,57.71651431680296],[11.971881674726644,57.71659459253044],[11.972031593389048,57.714800610145204],[11.968679372291918,57.714720339953395]]]},"properties":{"grid":"city","values":[11.251,10.272,10.446,12.009,9.613,10.453,10.738]}},{"type":"Feature","geometry":{"type":"Polygon","coordinates":[[[11.972031593389048,57.714800610145204],[11.971881674726644,57.71659459253044],[11.975234078975278,57.71667477958719],[11.975383832281514,57.71488079167238],[11.972031593389048,57.714800610145204]]]},"properties":{"grid":"city","values":[11.89,10.037,10.814,10.91,10.534,11.125,12.224]}},{"type":"Feature","geometry":{"type":"Polygon","coordinates":[[[11.975383832281514,57.71488079167238],[11.975234078975278,57.71667477958719],[11.978586501002642,57.716754877972235],[11.978736088949782,57.71496088453395],[11.975383832281514,57.71488079167238]]]},"properties":{"grid":"city","values":[12.322,10.382,11.388,9.724,11.24,12.35,12.731]}},{"type":"Feature","geometry":{"type":"Polygon","coordinates":[[[11.978736088949782,57.71496088453395],[11.978586501002642,57.716754877972235],[11.981938940789197,57.71683488768459],[11.982088363374313,57.715040888728936],[11.978736088949782,57.71496088453395]]]},"properties":{"grid":"city","values":[12.996,11.273,12.382,10.713,11.253,12.151,13.397]}},{"type":"Feature","geometry":{"type":"Polygon","coordinates":[[[11.982088363374313,57.715040888728936],[11.981938940789197,57.71683488768459],[11.985291398315399,57.716914808723295],[11.985440655535571,57.71512080425636],[11.982088363374313,57.715040888728936]]]},"properties":{"grid":"city","values":[13.882,13.48,14.438,11.833,10.804,12.486,14.501]}},{"type":"Feature","geometry":{"type":"Polygon","coordinates":[[[11.985440655535571,57.71512080425636],[11.985291398315399,57.716914808723295],[11.988643873561708,57.71699464108737],[11.988792965414019,57.71520063111522],[11.985440655535571,57.71512080425636]]]},"properties":{"grid":"city","values":[13.945,13.844,14.637,12.163,10.468,12.406,14.517]}},{"type":"Feature","geometry":{"type":"Polygon","coordinates":[[[11.988792965414019,57.71520063111522],[11.988643873561708,57.71699464108737],[11.991996366508578,57.71707438477585],[11.992145292990115,57.715280369304594],[11.988792965414019,57.71520063111522]]]},"properties":{"grid":"city","values":[13.721,14.856,13.239,14.251,10.254,12.625,12.487]}},{"type":"Feature","geometry":{"type":"Polygon","coordinates":[[[11.992145292990115,57.715280369304594],[11.991996366508578,57.71707438477585],[11.995348877136474,57.71715403978774],[11.995497638244323,57.71536001882346],[11.992145292990115,57.715280369304594]]]},"properties":{"grid":"city","values":[13.086,14.393,11.764,14.899,10.243,12.122,11.196]}},{"type":"Feature","geometry":{"type":"Polygon","coordinates":[[[11.995497638244323,57.71536001882346],[11.995348877136474,57.71715403978774],[11.998701405425848,57.71723360612208],[11.998850001157102,57.71543957967089],[11.995497638244323,57.71536001882346]]]},"properties":{"grid":"city","values":[13.471,14.693,11.426,20.449,10.627,10.778,12.478]}},{"type":"Feature","geometry":{"type":"Polygon","coordinates":[[[11.935006406975514,57.71570668285382],[11.934854651576211,57.71750060324588],[11.938207024312671,57.717581771223784],[11.938358614368683,57.71578784523462],[11.935006406975514,57.71570668285382]]]},"properties":{"grid":"city","values":[13.495,13.812,16.266,10.015,12.417,11.616,2.36]}},{"type":"Feature","geometry":{"type":"Polygon","coordinates":[[[11.938358614368683,57.71578784523462],[11.938207024312671,57.717581771223784],[11.941559415045717,57.71766285053469],[11.941710839755478,57.71586891895452],[11.938358614368683,57.71578784523462]]]},"properties":{"grid":"city","values":[13.012,12.992,12.006,11.871,11.211,11.253,6.938]}},{"type":"Feature","geometry":{"type":"Polygon","coordinates":[[[11.941710839755478,57.71586891895452],[11.941559415045717,57.71766285053469],[11.944911823755817,57.71774384117761],[11.945063083116366,57.71594990401251],[11.941710839755478,57.71586891895452]]]},"properties":{"grid":"city","values":[12.735,13.887,9.014,14.134,10.132,9.811,8.619]}},{"type":"Feature","geometry":{"type":"Polygon","coordinates":[[[11.945063083116366,57.71594990401251],[11.944911823755817,57.71774384117761],[11.948264250423431,57.71782474315157],[11.948415344431812,57.71603080040765],[11.945063083116366,57.71594990401251]]]},"properties":{"grid":"city","values":[12.899,13.589,9.934,14.035,10.26,10.836,8.836]}},{"type":"Feature","geometry":{"type":"Polygon","coordinates":[[[11.948415344431812,57.71603080040765],[11.948264250423431,57.71782474315157],[11.951616695029028,57.717905556455584],[11.951767623682285,57.71611160813892],[11.948415344431812,57.71603080040765]]]},"properties":{"grid":"city","values":[12.383,13.798,10.66,13.941,8.606,10.709,8.014]}},{"type":"Feature","geometry":{"type":"Polygon","coordinates":[[[11.951767623682285,57.71611160813892],[11.951616695029028,57.717905556455584],[11.95496915755306,57.717986281088656],[11.955119920848244,57.716192327205356],[11.951767623682285,57.71611160813892]]]},"properties":{"grid":"city","values":[12.106,13.881,11.084,13.744,8.05,10.295,7.887]}},{"type":"Feature","geometry":{"type":"Polygon","coordinates":[[[11.955119920848244,57.716192327205356],[11.95496915755306,57.717986281088656],[11.958321637975997,57.718066917049825],[11.958472235910161,57.71627295760596],[11.955119920848244,57.716192327205356]]]},"properties":{"grid":"city","values":[11.513,11.545,11.67,12.621,9.767,8.881,8.866]}},{"type":"Feature","geometry":{"type":"Polygon","coordinates":[[[11.958472235910161,57.71627295760596],[11.958321637975997,57.718066917049825],[11.961674136278297,57.71814746433807],[11.961824568848497,57.71635349933974],[11.958472235910161,57.71627295760596]]]},"properties":{"grid":"city","values":[10.13,9.024,10.741,12.0,10.544,6.336,8.161]}},{"type":"Feature","geometry":{"type":"Polygon","coordinates":[[[11.961824568848497,57.71635349933974],[11.961674136278297,57.71814746433807],[11.96502665244042,57.718227922952465],[11.965176919643714,57.716433952405744],[11.961824568848497,57.71635349933974]]]},"properties":{"grid":"city","values":[11.125,10.463,11.393,11.766,10.612,8.695,9.758]}},{"type":"Feature","geometry":{"type":"Polygon","coordinates":[[[11.965176919643714,57.716433952405744],[11.96502665244042,57.718227922952465],[11.968379186442824,57.718308292891976],[11.968529288276276,57.71651431680296],[11.965176919643714,57.716433952405744]]]},"properties":{"grid":"city","values":[12.281,13.46,11.694,11.446,10.479,11.853,10.636]}},{"type":"Feature","geometry":{"type":"Polygon","coordinates":[[[11.968529288276276,57.71651431680296],[11.968379186442824,57.718308292891976],[11.971731738265971,57.71838857415565],[11.971881674726644,57.71659459253044],[11.968529288276276,57.71651431680296]]]},"properties":{"grid":"city","values":[12.533,13.93,11.692,11.247,10.643,12.345,11.021]}},{"type":"Feature","geometry":{"type":"Polygon","coordinates":[[[11.971881674726644,57.71659459253044],[11.971731738265971,57.71838857415565],[11.975084307890317,57.71846876674251],[11.975234078975278,57.71667477958719],[11.971881674726644,57.71659459253044]]]},"properties":{"grid":"city","values":[12.804,12.937,12.757,11.461,12.12,11.883,11.686]}},{"type":"Feature","geometry":{"type":"Polygon","coordinates":[[[11.975234078975278,57.71667477958719],[11.975084307890317,57.71846876674251],[11.978436895296317,57.718548870651574],[11.978586501002642,57.716754877972235],[11.975234078975278,57.71667477958719]]]},"properties":{"grid":"city","values":[13.586,13.97,14.409,12.149,13.802,11.685,11.963]}},{"type":"Feature","geometry":{"type":"Polygon","coordinates":[[[11.978586501002642,57.716754877972235],[11.978436895296317,57.718548870651574],[11.981789500464433,57.71862888588185],[11.981938940789197,57.71683488768459],[11.978586501002642,57.716754877972235]]]},"properties":{"grid":"city","values":[14.128,14.499,14.778,11.757,13.014,12.901,12.389]}},{"type":"Feature","geometry":{"type":"Polygon","coordinates":[[[11.981938940789197,57.71683488768459],[11.981789500464433,57.71862888588185],[11.98514212337512,57.71870881243239],[11.985291398315399,57.716914808723295],[11.981938940789197,57.71683488768459]]]},"properties":{"grid":"city","values":[16.205,19.46,16.086,12.434,12.692,16.038,11.503]}},{"type":"Feature","geometry":{"type":"Polygon","coordinates":[[[11.985291398315399,57.716914808723295],[11.98514212337512,57.71870881243239],[11.98849476400883,57.7187886503022],[11.988643873561708,57.71699464108737],[11.985291398315399,57.716914808723295]]]},"properties":{"grid":"city","values":[16.608,20.704,16.355,12.718,12.629,16.635,11.015]}},{"type":"Feature","geometry":{"type":"Polygon","coordinates":[[[11.988643873561708,57.71699464108737],[11.98849476400883,57.7187886503022],[11.991847422346021,57.718868399490326],[11.991996366508578,57.71707438477585],[11.988643873561708,57.71699464108737]]]},"properties":{"grid":"city","values":[14.719,17.138,15.699,12.991,9.876,13.312,12.224]}},{"type":"Feature","geometry":{"type":"Polygon","coordinates":[[[11.991996366508578,57.71707438477585],[11.991847422346021,57.718868399490326],[11.995200098367146,57.718948059995796],[11.995348877136474,57.71715403978774],[11.991996366508578,57.71707438477585]]]},"properties":{"grid":"city","values":[14.308,17.627,16.776,13.579,7.645,11.413,12.429]}},{"type":"Feature","geometry":{"type":"Polygon","coordinates":[[[11.995348877136474,57.71715403978774],[11.995200098367146,57.718948059995796],[11.998552792052658,57.71902763181761],[11.998701405425848,57.71723360612208],[11.995348877136474,57.71715403978774]]]},"properties":{"grid":"city","values":[14.014,16.343,14.328,16.693,9.682,10.345,12.758]}},{"type":"Feature","geometry":{"type":"Polygon","coordinates":[[[11.998701405425848,57.71723360612208],[11.998552792052658,57.71902763181761],[12.000305575449127,57.71906919638251],[12.000305579177969,57.717271646835215],[11.998701405425848,57.71723360612208]]]},"properties":{"grid":"city","values":[14.258,16.449,12.793,15.395,12.871,8.12,13.672]}},{"type":"Feature","geometry":{"type":"Polygon","coordinates":[[[11.934854651576211,57.71750060324588],[11.934702878160785,57.71929452287187],[11.938055416260068,57.719375696447415],[11.938207024312671,57.717581771223784],[11.934854651576211,57.71750060324588]]]},"properties":{"grid":"city","values":[13.535,14.235,16.897,9.976,11.993,11.079,2.49]}},{"type":"Feature","geometry":{"type":"Polygon","coordinates":[[[11.938207024312671,57.717581771223784],[11.938055416260068,57.719375696447415],[11.941407972358903,57.71945678134987],[11.941559415045717,57.71766285053469],[11.938207024312671,57.717581771223784]]]},"properties":{"grid":"city","values":[13.021,13.561,12.88,11.786,10.698,10.488,7.136]}},{"type":"Feature","geometry":{"type":"Polygon","coordinates":[[[11.941559415045717,57.71766285053469],[11.941407972358903,57.71945678134987],[11.94476054643775,57.71953777757825],[11.944911823755817,57.71774384117761],[11.941559415045717,57.71766285053469]]]},"properties":{"grid":"city","values":[12.733,14.187,9.461,14.092,9.87,9.4,8.725]}},{"type":"Feature","geometry":{"type":"Polygon","coordinates":[[[11.944911823755817,57.71774384117761],[11.94476054643775,57.71953777757825],[11.948113138477073,57.71961868513159],[11.948264250423431,57.71782474315157],[11.944911823755817,57.71774384117761]]]},"properties":{"grid":"city","values":[12.741,13.807,10.464,13.91,9.974,10.287,8.862]}},{"type":"Feature","geometry":{"type":"Polygon","coordinates":[[[11.948264250423431,57.71782474315157],[11.948113138477073,57.71961868513159],[11.951465748457327,57.7196995040089],[11.951616695029028,57.717905556455584],[11.948264250423431,57.71782474315157]]]},"properties":{"grid":"city","values":[12.222,13.913,11.047,13.852,8.264,10.256,7.992]}},{"type":"Feature","geometry":{"type":"Polygon","coordinates":[[[11.951616695029028,57.717905556455584],[11.951465748457327,57.7196995040089],[11.954818376358974,57.71978023420918],[11.95496915755306,57.717986281088656],[11.951616695029028,57.717905556455584]]]},"properties":{"grid":"city","values":[12.226,13.778,10.944,13.859,8.066,10.265,8.206]}},{"type":"Feature","geometry":{"type":"Polygon","coordinates":[[[11.95496915755306,57.717986281088656],[11.954818376358974,57.71978023420918],[11.958171022162471,57.71986087573145],[11.958321637975997,57.718066917049825],[11.95496915755306,57.717986281088656]]]},"properties":{"grid":"city","values":[11.705,11.467,11.562,12.765,9.876,8.782,9.391]}},{"type":"Feature","geometry":{"type":"Polygon","coordinates":[[[11.958321637975997,57.718066917049825],[11.958171022162471,57.71986087573145],[11.961523685848276,57.71994142857472],[11.961674136278297,57.71814746433807],[11.958321637975997,57.718066917049825]]]},"properties":{"grid":"city","values":[10.226,8.981,10.689,12.074,10.613,6.261,8.437]}},{"type":"Feature","geometry":{"type":"Polygon","coordinates":[[[11.961674136278297,57.71814746433807],[11.961523685848276,57.71994142857472],[11.964876367396844,57.720021892738025],[11.96502665244042,57.718227922952465],[11.961674136278297,57.71814746433807]]]},"properties":{"grid":"city","values":[11.487,10.879,11.716,11.802,11.178,8.586,10.522]}},{"type":"Feature","geometry":{"type":"Polygon","coordinates":[[[11.96502665244042,57.718227922952465],[11.964876367396844,57.720021892738025],[11.968229066788634,57.72010226822038],[11.968379186442824,57.718308292891976],[11.96502665244042,57.718227922952465]]]},"properties":{"grid":"city","values":[12.673,13.969,12.057,11.46,11.102,11.826,11.386]}},{"type":"Feature","geometry":{"type":"Polygon","coordinates":[[[11.968379186442824,57.718308292891976],[11.968229066788634,57.72010226822038],[11.9715817840041,57.72018255502079],[11.971731738265971,57.71838857415565],[11.968379186442824,57.718308292891976]]]},"properties":{"grid":"city","values":[12.744,14.403,12.105,11.306,10.954,12.519,11.03]}},{"type":"Feature","geometry":{"type":"Polygon","coordinates":[[[11.971731738265971,57.71838857415565],[11.9715817840041,57.72018255502079],[11.974934519023696,57.720262753138314],[11.975084307890317,57.71846876674251],[11.971731738265971,57.71838857415565]]]},"properties":{"grid":"city","values":[13.065,13.521,13.314,11.57,12.487,12.077,11.656]}},{"type":"Feature","geometry":{"type":"Polygon","coordinates":[[[11.975084307890317,57.71846876674251],[11.974934519023696,57.720262753138314],[11.97828727182788,57.720342862571925],[11.978436895296317,57.718548870651574],[11.975084307890317,57.71846876674251]]]},"properties":{"grid":"city","values":[13.719,14.268,14.702,12.214,13.992,11.775,11.943]}},{"type":"Feature","geometry":{"type":"Polygon","coordinates":[[[11.978436895296317,57.718548870651574],[11.97828727182788,57.720342862571925],[11.981640042397101,57.720422883320694],[11.981789500464433,57.71862888588185],[11.978436895296317,57.718548870651574]]]},"properties":{"grid":"city","values":[14.266,14.789,15.242,11.877,13.14,13.014,12.086]}},{"type":"Feature","geometry":{"type":"Polygon","coordinates":[[[11.981789500464433,57.71862888588185],[11.981640042397101,57.720422883320694],[11.984992830711816,57.7205028153836],[11.98514212337512,57.71870881243239],[11.981789500464433,57.71862888588185]]]},"properties":{"grid":"city","values":[16.351,19.753,16.547,12.527,12.832,16.194,11.154]}},{"type":"Feature","geometry":{"type":"Polygon","coordinates":[[[11.98514212337512,57.71870881243239],[11.984992830711816,57.7205028153836],[11.988345636752474,57.7205826587597],[11.98849476400883,57.7187886503022],[11.98514212337512,57.71870881243239]]]},"properties":{"grid":"city","values":[16.731,20.72,16.532,12.823,12.805,16.721,11.053]}},{"type":"Feature","geometry":{"type":"Polygon","coordinates":[[[11.98849476400883,57.7187886503022],[11.988345636752474,57.7205826587597],[11.991698460499528,57.72066241344802],[11.991847422346021,57.718868399490326],[11.98849476400883,57.7187886503022]]]},"properties":{"grid":"city","values":[14.88,17.124,15.928,13.166,10.102,13.379,12.359]}},{"type":"Feature","geometry":{"type":"Polygon","coordinates":[[[11.991847422346021,57.718868399490326],[11.991698460499528,57.72066241344802],[11.99505130193343,57.720742079447575],[11.995200098367146,57.718948059995796],[11.991847422346021,57.718868399490326]]]},"properties":{"grid":"city","values":[14.392,17.625,16.905,13.679,7.749,11.44,12.511]}},{"type":"Feature","geometry":{"type":"Polygon","coordinates":[[[11.995200098367146,57.718948059995796],[11.99505130193343,57.720742079447575],[11.99840416103463,57.7208216567574],[11.998552792052658,57.71902763181761],[11.995200098367146,57.718948059995796]]]},"properties":{"grid":"city","values":[14.013,16.196,14.681,15.139,9.824,10.409,12.812]}},{"type":"Feature","geometry":{"type":"Polygon","coordinates":[[[11.998552792052658,57.71902763181761],[11.99840416103463,57.7208216567574],[12.000305568776035,57.72086674548603],[12.000305575449127,57.71906919638251],[11.998552792052658,57.71902763181761]]]},"properties":{"grid":"city","values":[14.197,16.264,13.205,13.151,13.004,8.219,13.603]}},{"type":"Feature","geometry":{"type":"Polygon","coordinates":[[[11.934702878160785,57.71929452287187],[11.93455108672627,57.72108844173173],[11.937903790207914,57.72116962090546],[11.938055416260068,57.719375696447415],[11.934702878160785,57.71929452287187]]]},"properties":{"grid":"city","values":[13.239,13.956,14.537,10.385,6.015,9.818,9.0]}},{"type":"Feature","geometry":{"type":"Polygon","coordinates":[[[11.938055416260068,57.719375696447415],[11.937903790207914,57.72116962090546],[11.941256511692076,57.721250711400025],[11.941407972358903,57.71945678134987],[11.938055416260068,57.719375696447415]]]},"properties":{"grid":"city","values":[12.987,13.693,15.111,11.084,9.646,9.687,8.803]}},{"type":"Feature","geometry":{"type":"Polygon","coordinates":[[[11.941407972358903,57.71945678134987],[11.941256511692076,57.721250711400025],[11.944609251159212,57.72133171321445],[11.94476054643775,57.71953777757825],[11.941407972358903,57.71945678134987]]]},"properties":{"grid":"city","values":[12.884,13.768,15.701,11.504,11.265,9.464,9.699]}},{"type":"Feature","geometry":{"type":"Polygon","coordinates":[[[11.94476054643775,57.71953777757825],[11.944609251159212,57.72133171321445],[11.94796200858978,57.7214126263477],[11.948113138477073,57.71961868513159],[11.94476054643775,57.71953777757825]]]},"properties":{"grid":"city","values":[12.683,13.446,13.599,12.567,10.238,10.013,9.533]}},{"type":"Feature","geometry":{"type":"Polygon","coordinates":[[[11.948113138477073,57.71961868513159],[11.94796200858978,57.7214126263477],[11.951314783964236,57.72149345079887],[11.951465748457327,57.7196995040089],[11.948113138477073,57.71961868513159]]]},"properties":{"grid":"city","values":[12.586,12.909,11.265,13.787,9.03,10.984,8.818]}},{"type":"Feature","geometry":{"type":"Polygon","coordinates":[[[11.951465748457327,57.7196995040089],[11.951314783964236,57.72149345079887],[11.954667577263038,57.72157418656688],[11.954818376358974,57.71978023420918],[11.951465748457327,57.7196995040089]]]},"properties":{"grid":"city","values":[12.641,12.653,10.945,13.893,8.895,11.086,9.12]}},{"type":"Feature","geometry":{"type":"Polygon","coordinates":[[[11.954818376358974,57.71978023420918],[11.954667577263038,57.72157418656688],[11.958020388466636,57.72165483365081],[11.958171022162471,57.71986087573145],[11.954818376358974,57.71978023420918]]]},"properties":{"grid":"city","values":[13.207,12.473,12.379,13.04,10.798,10.114,12.17]}},{"type":"Feature","geometry":{"type":"Polygon","coordinates":[[[11.958171022162471,57.71986087573145],[11.958020388466636,57.72165483365081],[11.961373217555488,57.721735392049645],[11.961523685848276,57.71994142857472],[11.958171022162471,57.71986087573145]]]},"properties":{"grid":"city","values":[14.004,12.709,14.175,12.074,12.515,9.795,15.285]}},{"type":"Feature","geometry":{"type":"Polygon","coordinates":[[[11.961523685848276,57.71994142857472],[11.961373217555488,57.721735392049645],[11.964726064510046,57.72181586176244],[11.964876367396844,57.720021892738025],[11.961523685848276,57.71994142857472]]]},"properties":{"grid":"city","values":[13.6,13.0,13.473,12.099,12.644,10.182,14.156]}},{"type":"Feature","geometry":{"type":"Polygon","coordinates":[[[11.964876367396844,57.720021892738025],[11.964726064510046,57.72181586176244],[11.968078929310765,57.72189624278815],[11.968229066788634,57.72010226822038],[11.964876367396844,57.720021892738025]]]},"properties":{"grid":"city","values":[13.34,14.079,13.211,11.917,13.143,11.513,12.932]}},{"type":"Feature","geometry":{"type":"Polygon","coordinates":[[[11.968229066788634,57.72010226822038],[11.968078929310765,57.72189624278815],[11.971431811938098,57.721976535125854],[11.9715817840041,57.72018255502079],[11.968229066788634,57.72010226822038]]]},"properties":{"grid":"city","values":[13.307,14.309,13.215,11.892,13.183,11.998,12.441]}},{"type":"Feature","geometry":{"type":"Polygon","coordinates":[[[11.9715817840041,57.72018255502079],[11.971431811938098,57.721976535125854],[11.974784712372491,57.72205673877458],[11.974934519023696,57.720262753138314],[11.9715817840041,57.72018255502079]]]},"properties":{"grid":"city","values":[13.241,13.245,13.841,11.177,12.362,12.542,11.651]}},{"type":"Feature","geometry":{"type":"Polygon","coordinates":[[[11.974934519023696,57.720262753138314],[11.974784712372491,57.72205673877458],[11.978137630594402,57.72213685373331],[11.97828727182788,57.720342862571925],[11.974934519023696,57.720262753138314]]]},"properties":{"grid":"city","values":[13.606,13.342,15.262,10.978,12.478,13.049,11.272]}},{"type":"Feature","geometry":{"type":"Polygon","coordinates":[[[11.97828727182788,57.720342862571925],[11.978137630594402,57.72213685373331],[11.981490566584277,57.72221688000108],[11.981640042397101,57.720422883320694],[11.97828727182788,57.720342862571925]]]},"properties":{"grid":"city","values":[13.947,13.527,15.33,11.146,12.18,13.267,11.661]}},{"type":"Feature","geometry":{"type":"Polygon","coordinates":[[[11.981640042397101,57.720422883320694],[11.981490566584277,57.72221688000108],[11.984843520322567,57.722296817576925],[11.984992830711816,57.7205028153836],[11.981640042397101,57.720422883320694]]]},"properties":{"grid":"city","values":[14.59,14.294,16.36,11.933,11.751,13.541,12.716]}},{"type":"Feature","geometry":{"type":"Polygon","coordinates":[[[11.984992830711816,57.7205028153836],[11.984843520322567,57.722296817576925],[11.98819649178972,57.722376666459844],[11.988345636752474,57.7205826587597],[11.984992830711816,57.7205028153836]]]},"properties":{"grid":"city","values":[14.654,14.322,16.28,12.222,11.516,13.478,13.041]}},{"type":"Feature","geometry":{"type":"Polygon","coordinates":[[[11.988345636752474,57.7205826587597],[11.98819649178972,57.722376666459844],[11.991549480966189,57.722456426648904],[11.991698460499528,57.72066241344802],[11.988345636752474,57.7205826587597]]]},"properties":{"grid":"city","values":[14.393,14.403,14.947,12.98,11.48,12.859,13.129]}},{"type":"Feature","geometry":{"type":"Polygon","coordinates":[[[11.991698460499528,57.72066241344802],[11.991549480966189,57.722456426648904],[11.994902487832416,57.72253609814312],[11.99505130193343,57.720742079447575],[11.991698460499528,57.72066241344802]]]},"properties":{"grid":"city","values":[14.045,13.838,13.51,13.573,11.804,12.141,13.275]}},{"type":"Feature","geometry":{"type":"Polygon","coordinates":[[[11.99505130193343,57.720742079447575],[11.994902487832416,57.72253609814312],[11.998255512368852,57.722615680941495],[11.99840416103463,57.7208216567574],[11.99505130193343,57.720742079447575]]]},"properties":{"grid":"city","values":[13.619,13.699,13.678,12.818,11.665,10.954,13.077]}},{"type":"Feature","geometry":{"type":"Polygon","coordinates":[[[11.99840416103463,57.7208216567574],[11.998255512368852,57.722615680941495],[12.000305559158399,57.72266429414572],[12.000305568776035,57.72086674548603],[11.99840416103463,57.7208216567574]]]},"properties":{"grid":"city","values":[13.176,14.343,13.93,11.448,11.463,10.13,11.489]}},{"type":"Feature","geometry":{"type":"Polygon","coordinates":[[[11.93455108672627,57.72108844173173],[11.934399277269693,57.72288235982542],[11.93775214615324,57.722963544597924],[11.937903790207914,57.72116962090546],[11.93455108672627,57.72108844173173]]]},"properties":{"grid":"city","values":[12.867,13.485,13.624,9.375,1.233,9.098,11.107]}},{"type":"Feature","geometry":{"type":"Polygon","coordinates":[[[11.937903790207914,57.72116962090546],[11.93775214615324,57.722963544597924],[11.941105033042275,57.723044640685146],[11.941256511692076,57.721250711400025],[11.937903790207914,57.72116962090546]]]},"properties":{"grid":"city","values":[12.805,13.138,16.385,9.639,9.429,9.211,10.205]}},{"type":"Feature","geometry":{"type":"Polygon","coordinates":[[[11.941256511692076,57.721250711400025],[11.941105033042275,57.723044640685146],[11.94445793791724,57.72312564808613],[11.944609251159212,57.72133171321445],[11.941256511692076,57.721250711400025]]]},"properties":{"grid":"city","values":[13.015,13.566,20.446,9.876,14.279,8.896,11.618]}},{"type":"Feature","geometry":{"type":"Polygon","coordinates":[[[11.944609251159212,57.72133171321445],[11.94445793791724,57.72312564808613],[11.947810860758599,57.72320656679988],[11.94796200858978,57.7214126263477],[11.944609251159212,57.72133171321445]]]},"properties":{"grid":"city","values":[12.718,13.013,16.016,11.551,11.881,9.916,10.3]}},{"type":"Feature","geometry":{"type":"Polygon","coordinates":[[[11.94796200858978,57.7214126263477],[11.947810860758599,57.72320656679988],[11.951163801546803,57.72328739682542],[11.951314783964236,57.72149345079887],[11.94796200858978,57.7214126263477]]]},"properties":{"grid":"city","values":[12.603,12.297,10.163,14.315,8.143,12.271,8.158]}},{"type":"Feature","geometry":{"type":"Polygon","coordinates":[[[11.951314783964236,57.72149345079887],[11.951163801546803,57.72328739682542],[11.954516760262301,57.72336813816174],[11.954667577263038,57.72157418656688],[11.951314783964236,57.72149345079887]]]},"properties":{"grid":"city","values":[12.581,12.099,9.447,14.699,7.754,12.617,7.819]}},{"type":"Feature","geometry":{"type":"Polygon","coordinates":[[[11.954667577263038,57.72157418656688],[11.954516760262301,57.72336813816174],[11.957869736885549,57.72344879080788],[11.958020388466636,57.72165483365081],[11.954667577263038,57.72157418656688]]]},"properties":{"grid":"city","values":[14.079,12.774,13.336,12.75,11.134,10.755,14.204]}},{"type":"Feature","geometry":{"type":"Polygon","coordinates":[[[11.958020388466636,57.72165483365081],[11.957869736885549,57.72344879080788],[11.961222731396996,57.72352935476282],[11.961373217555488,57.721735392049645],[11.958020388466636,57.72165483365081]]]},"properties":{"grid":"city","values":[16.652,14.094,17.612,11.443,14.71,10.631,21.664]}},{"type":"Feature","geometry":{"type":"Polygon","coordinates":[[[11.961373217555488,57.721735392049645],[11.961222731396996,57.72352935476282],[11.964575743777091,57.72360983002563],[11.964726064510046,57.72181586176244],[11.961373217555488,57.721735392049645]]]},"properties":{"grid":"city","values":[14.689,13.581,14.45,11.732,13.459,10.692,16.532]}},{"type":"Feature","geometry":{"type":"Polygon","coordinates":[[[11.964726064510046,57.72181586176244],[11.964575743777091,57.72360983002563],[11.967928774006285,57.72369021659529],[11.968078929310765,57.72189624278815],[11.964726064510046,57.72181586176244]]]},"properties":{"grid":"city","values":[13.371,14.54,12.615,12.258,13.997,11.893,12.854]}},{"type":"Feature","geometry":{"type":"Polygon","coordinates":[[[11.968078929310765,57.72189624278815],[11.967928774006285,57.72369021659529],[11.97128182206503,57.723770514470836],[11.971431811938098,57.721976535125854],[11.968078929310765,57.72189624278815]]]},"properties":{"grid":"city","values":[13.404,14.911,12.708,12.452,14.337,12.168,12.759]}},{"type":"Feature","geometry":{"type":"Polygon","coordinates":[[[11.971431811938098,57.721976535125854],[11.97128182206503,57.723770514470836],[11.97463488793377,57.723850723651296],[11.974784712372491,57.72205673877458],[11.971431811938098,57.721976535125854]]]},"properties":{"grid":"city","values":[12.847,12.477,12.881,10.613,11.842,12.702,10.6]}},{"type":"Feature","geometry":{"type":"Polygon","coordinates":[[[11.974784712372491,57.72205673877458],[11.97463488793377,57.723850723651296],[11.977987971592956,57.723930844135666],[11.978137630594402,57.72213685373331],[11.974784712372491,57.72205673877458]]]},"properties":{"grid":"city","values":[13.193,11.711,15.777,9.759,11.675,13.478,10.367]}},{"type":"Feature","geometry":{"type":"Polygon","coordinates":[[[11.978137630594402,57.72213685373331],[11.977987971592956,57.723930844135666],[11.981341073023035,57.72401087592299],[11.981490566584277,57.72221688000108],[11.978137630594402,57.72213685373331]]]},"properties":{"grid":"city","values":[13.428,12.012,15.463,10.386,11.312,13.077,11.42]}},{"type":"Feature","geometry":{"type":"Polygon","coordinates":[[[11.981490566584277,57.72221688000108],[11.981341073023035,57.72401087592299],[11.984694192204454,57.72409081901231],[11.984843520322567,57.722296817576925],[11.981490566584277,57.72221688000108]]]},"properties":{"grid":"city","values":[13.798,11.247,16.851,11.471,10.929,12.243,14.084]}},{"type":"Feature","geometry":{"type":"Polygon","coordinates":[[[11.984843520322567,57.722296817576925],[11.984694192204454,57.72409081901231],[11.988047329117656,57.72417067340262],[11.98819649178972,57.722376666459844],[11.984843520322567,57.722296817576925]]]},"properties":{"grid":"city","values":[13.779,10.874,16.974,11.561,10.653,12.052,14.514]}},{"type":"Feature","geometry":{"type":"Polygon","coordinates":[[[11.98819649178972,57.722376666459844],[11.988047329117656,57.72417067340262],[11.991400483743089,57.724250439092934],[11.991549480966189,57.722456426648904],[11.98819649178972,57.722376666459844]]]},"properties":{"grid":"city","values":[13.938,12.365,14.108,12.934,12.22,12.383,13.899]}},{"type":"Feature","geometry":{"type":"Polygon","coordinates":[[[11.991549480966189,57.722456426648904],[11.991400483743089,57.724250439092934],[11.994753656061196,57.72433011608233],[11.994902487832416,57.72253609814312],[11.991549480966189,57.722456426648904]]]},"properties":{"grid":"city","values":[13.705,11.021,10.681,14.449,13.89,12.615,14.147]}},{"type":"Feature","geometry":{"type":"Polygon","coordinates":[[[11.994902487832416,57.72253609814312],[11.994753656061196,57.72433011608233],[11.998106846052421,57.72440970436981],[11.998255512368852,57.722615680941495],[11.994902487832416,57.72253609814312]]]},"properties":{"grid":"city","values":[13.38,12.416,12.095,13.034,12.546,11.544,13.197]}},{"type":"Feature","geometry":{"type":"Polygon","coordinates":[[[11.998255512368852,57.722615680941495],[11.998106846052421,57.72440970436981],[12.000305546595929,57.72446184236167],[12.000305559158399,57.72266429414572],[11.998255512368852,57.722615680941495]]]},"properties":{"grid":"city","values":[12.348,13.181,13.856,11.446,10.836,10.578,10.405]}},{"type":"Feature","geometry":{"type":"Polygon","coordinates":[[[11.937600484093087,57.72475746752476],[11.93775214615324,57.722963544597924],[11.934399277269693,57.72288235982542],[11.934332191306854,57.72367504025358],[11.934330358164218,57.72467828577101],[11.937600484093087,57.72475746752476]]]},"properties":{"grid":"city","values":[12.395,12.033,13.222,7.83,4.727,9.36,10.984]}},{"type":"Feature","geometry":{"type":"Polygon","coordinates":[[[11.93775214615324,57.722963544597924],[11.937600484093087,57.72475746752476],[11.940953536406532,57.72483856920521],[11.941105033042275,57.723044640685146],[11.93775214615324,57.722963544597924]]]},"properties":{"grid":"city","values":[12.443,12.123,14.638,9.248,8.885,9.425,10.247]}},{"type":"Feature","geometry":{"type":"Polygon","coordinates":[[[11.941105033042275,57.723044640685146],[11.940953536406532,57.72483856920521],[11.94430660670888,57.724919582193316],[11.94445793791724,57.72312564808613],[11.941105033042275,57.723044640685146]]]},"properties":{"grid":"city","values":[12.598,12.32,16.316,10.175,11.592,9.629,10.691]}},{"type":"Feature","geometry":{"type":"Polygon","coordinates":[[[11.94445793791724,57.72312564808613],[11.94430660670888,57.724919582193316],[11.947659694980576,57.72500050648809],[11.947810860758599,57.72320656679988],[11.94445793791724,57.72312564808613]]]},"properties":{"grid":"city","values":[12.538,12.277,14.516,11.61,10.851,10.181,10.318]}},{"type":"Feature","geometry":{"type":"Polygon","coordinates":[[[11.947810860758599,57.72320656679988],[11.947659694980576,57.72500050648809],[11.951012801202072,57.725081342088565],[11.951163801546803,57.72328739682542],[11.947810860758599,57.72320656679988]]]},"properties":{"grid":"city","values":[12.521,11.806,12.048,12.682,9.4,11.179,9.994]}},{"type":"Feature","geometry":{"type":"Polygon","coordinates":[[[11.951163801546803,57.72328739682542],[11.951012801202072,57.725081342088565],[11.954365925353818,57.72516208899374],[11.954516760262301,57.72336813816174],[11.951163801546803,57.72328739682542]]]},"properties":{"grid":"city","values":[12.684,11.883,11.513,12.968,9.074,11.351,10.283]}},{"type":"Feature","geometry":{"type":"Polygon","coordinates":[[[11.954516760262301,57.72336813816174],[11.954365925353818,57.72516208899374],[11.957719067416262,57.72524274720262],[11.957869736885549,57.72344879080788],[11.954516760262301,57.72336813816174]]]},"properties":{"grid":"city","values":[13.524,12.517,12.591,12.691,10.761,10.668,13.04]}},{"type":"Feature","geometry":{"type":"Polygon","coordinates":[[[11.957869736885549,57.72344879080788],[11.957719067416262,57.72524274720262],[11.96107222736985,57.725323316714245],[11.961222731396996,57.72352935476282],[11.957869736885549,57.72344879080788]]]},"properties":{"grid":"city","values":[14.42,13.211,13.496,12.222,12.187,10.762,15.16]}},{"type":"Feature","geometry":{"type":"Polygon","coordinates":[[[11.961222731396996,57.72352935476282],[11.96107222736985,57.725323316714245],[11.964425405195033,57.72540379752761],[11.964575743777091,57.72360983002563],[11.961222731396996,57.72352935476282]]]},"properties":{"grid":"city","values":[13.518,12.894,11.757,12.148,11.979,10.761,12.791]}},{"type":"Feature","geometry":{"type":"Polygon","coordinates":[[[11.964575743777091,57.72360983002563],[11.964425405195033,57.72540379752761],[11.967778600872256,57.72548418964175],[11.967928774006285,57.72369021659529],[11.964575743777091,57.72360983002563]]]},"properties":{"grid":"city","values":[12.545,12.644,9.994,11.323,11.695,11.654,10.452]}},{"type":"Feature","geometry":{"type":"Polygon","coordinates":[[[11.967928774006285,57.72369021659529],[11.967778600872256,57.72548418964175],[11.971131814381964,57.72556449305568],[11.97128182206503,57.723770514470836],[11.967928774006285,57.72369021659529]]]},"properties":{"grid":"city","values":[12.275,12.363,9.7,11.013,11.472,11.914,9.862]}},{"type":"Feature","geometry":{"type":"Polygon","coordinates":[[[11.97128182206503,57.723770514470836],[11.971131814381964,57.72556449305568],[11.974485045704604,57.72564470776844],[11.97463488793377,57.723850723651296],[11.97128182206503,57.723770514470836]]]},"properties":{"grid":"city","values":[12.191,11.019,10.554,10.055,10.423,12.364,9.671]}},{"type":"Feature","geometry":{"type":"Polygon","coordinates":[[[11.97463488793377,57.723850723651296],[11.974485045704604,57.72564470776844],[11.977838294820621,57.725724833779],[11.977987971592956,57.723930844135666],[11.97463488793377,57.723850723651296]]]},"properties":{"grid":"city","values":[12.518,10.639,12.43,9.686,10.128,12.667,10.388]}},{"type":"Feature","geometry":{"type":"Polygon","coordinates":[[[11.977987971592956,57.723930844135666],[11.977838294820621,57.725724833779],[11.981191561710455,57.725804871086446],[11.981341073023035,57.72401087592299],[11.977987971592956,57.723930844135666]]]},"properties":{"grid":"city","values":[12.897,10.956,13.906,10.216,10.409,12.346,11.781]}},{"type":"Feature","geometry":{"type":"Polygon","coordinates":[[[11.981341073023035,57.72401087592299],[11.981191561710455,57.725804871086446],[11.984544846354554,57.725884819689746],[11.984694192204454,57.72409081901231],[11.981341073023035,57.72401087592299]]]},"properties":{"grid":"city","values":[13.195,10.974,15.454,10.946,10.599,11.823,13.294]}},{"type":"Feature","geometry":{"type":"Polygon","coordinates":[[[11.984694192204454,57.72409081901231],[11.984544846354554,57.725884819689746],[11.98789814873336,57.72596467958797],[11.988047329117656,57.72417067340262],[11.984694192204454,57.72409081901231]]]},"properties":{"grid":"city","values":[13.332,11.135,15.737,11.308,11.007,11.669,13.777]}},{"type":"Feature","geometry":{"type":"Polygon","coordinates":[[[11.988047329117656,57.72417067340262],[11.98789814873336,57.72596467958797],[11.991251468827311,57.72604445078013],[11.991400483743089,57.724250439092934],[11.988047329117656,57.72417067340262]]]},"properties":{"grid":"city","values":[13.458,11.861,14.647,12.113,12.064,11.44,13.918]}},{"type":"Feature","geometry":{"type":"Polygon","coordinates":[[[11.991400483743089,57.724250439092934],[11.991251468827311,57.72604445078013],[11.994604806616854,57.72612413326525],[11.994753656061196,57.72433011608233],[11.991400483743089,57.724250439092934]]]},"properties":{"grid":"city","values":[13.386,11.634,12.674,12.436,12.887,11.58,13.905]}},{"type":"Feature","geometry":{"type":"Polygon","coordinates":[[[11.994753656061196,57.72433011608233],[11.994604806616854,57.72612413326525],[11.997958162082426,57.72620372704235],[11.998106846052421,57.72440970436981],[11.994753656061196,57.72433011608233]]]},"properties":{"grid":"city","values":[13.168,12.392,12.667,11.967,11.968,11.281,13.234]}},{"type":"Feature","geometry":{"type":"Polygon","coordinates":[[[11.998106846052421,57.72440970436981],[11.997958162082426,57.72620372704235],[12.00030553108833,57.72625939013383],[12.000305546595929,57.72446184236167],[11.998106846052421,57.72440970436981]]]},"properties":{"grid":"city","values":[12.454,13.056,12.111,11.174,10.813,10.909,11.404]}},{"type":"Feature","geometry":{"type":"Polygon","coordinates":[[[11.937448804024482,57.72655138968596],[11.937600484093087,57.72475746752476],[11.934330358164218,57.72467828577101],[11.93432707112307,57.72647580142647],[11.937448804024482,57.72655138968596]]]},"properties":{"grid":"city","values":[11.169,9.092,12.277,2.699,6.636,8.89,8.682]}},{"type":"Feature","geometry":{"type":"Polygon","coordinates":[[[11.937600484093087,57.72475746752476],[11.937448804024482,57.72655138968596],[11.940802021781892,57.72663249696019],[11.940953536406532,57.72483856920521],[11.937600484093087,57.72475746752476]]]},"properties":{"grid":"city","values":[12.381,11.886,13.06,8.337,9.452,10.051,9.674]}},{"type":"Feature","geometry":{"type":"Polygon","coordinates":[[[11.940953536406532,57.72483856920521],[11.940802021781892,57.72663249696019],[11.944155257531166,57.726713515535955],[11.94430660670888,57.724919582193316],[11.940953536406532,57.72483856920521]]]},"properties":{"grid":"city","values":[12.505,11.5,12.621,11.807,12.191,10.673,9.897]}},{"type":"Feature","geometry":{"type":"Polygon","coordinates":[[[11.94430660670888,57.724919582193316],[11.944155257531166,57.726713515535955],[11.94750851125275,57.72679444541231],[11.947659694980576,57.72500050648809],[11.94430660670888,57.724919582193316]]]},"properties":{"grid":"city","values":[12.551,12.173,12.988,11.642,11.304,10.433,10.11]}},{"type":"Feature","geometry":{"type":"Polygon","coordinates":[[[11.947659694980576,57.72500050648809],[11.94750851125275,57.72679444541231],[11.950861782927092,57.726875286588275],[11.951012801202072,57.725081342088565],[11.947659694980576,57.72500050648809]]]},"properties":{"grid":"city","values":[11.739,10.58,12.77,10.671,9.068,9.808,11.113]}},{"type":"Feature","geometry":{"type":"Polygon","coordinates":[[[11.951012801202072,57.725081342088565],[11.950861782927092,57.726875286588275],[11.954215072534636,57.726956039062834],[11.954365925353818,57.72516208899374],[11.951012801202072,57.725081342088565]]]},"properties":{"grid":"city","values":[11.753,10.481,12.513,10.507,8.558,9.738,11.693]}},{"type":"Feature","geometry":{"type":"Polygon","coordinates":[[[11.954365925353818,57.72516208899374],[11.954215072534636,57.726956039062834],[11.957568380055825,57.72703670283502],[11.957719067416262,57.72524274720262],[11.954365925353818,57.72516208899374]]]},"properties":{"grid":"city","values":[12.904,11.963,11.619,12.489,10.836,10.278,11.302]}},{"type":"Feature","geometry":{"type":"Polygon","coordinates":[[[11.957719067416262,57.72524274720262],[11.957568380055825,57.72703670283502],[11.960921705471113,57.727117277903865],[11.96107222736985,57.725323316714245],[11.957719067416262,57.72524274720262]]]},"properties":{"grid":"city","values":[12.725,12.858,9.746,13.988,10.388,10.281,9.094]}},{"type":"Feature","geometry":{"type":"Polygon","coordinates":[[[11.96107222736985,57.725323316714245],[11.960921705471113,57.727117277903865],[11.964275048760937,57.72719776426834],[11.964425405195033,57.72540379752761],[11.96107222736985,57.725323316714245]]]},"properties":{"grid":"city","values":[12.635,12.355,9.138,12.265,10.73,10.814,9.585]}},{"type":"Feature","geometry":{"type":"Polygon","coordinates":[[[11.964425405195033,57.72540379752761],[11.964275048760937,57.72719776426834],[11.96762840990574,57.72727816192751],[11.967778600872256,57.72548418964175],[11.964425405195033,57.72540379752761]]]},"properties":{"grid":"city","values":[10.238,9.892,4.019,9.481,7.793,11.352,4.406]}},{"type":"Feature","geometry":{"type":"Polygon","coordinates":[[[11.967778600872256,57.72548418964175],[11.96762840990574,57.72727816192751],[11.970981788885968,57.727358470880354],[11.971131814381964,57.72556449305568],[11.967778600872256,57.72548418964175]]]},"properties":{"grid":"city","values":[9.621,9.126,2.822,8.835,7.093,11.554,2.994]}},{"type":"Feature","geometry":{"type":"Polygon","coordinates":[[[11.971131814381964,57.72556449305568],[11.970981788885968,57.727358470880354],[11.974335185682063,57.727438691125954],[11.974485045704604,57.72564470776844],[11.971131814381964,57.72556449305568]]]},"properties":{"grid":"city","values":[11.209,8.661,7.354,8.315,7.627,12.0,8.303]}},{"type":"Feature","geometry":{"type":"Polygon","coordinates":[[[11.974485045704604,57.72564470776844],[11.974335185682063,57.727438691125954],[11.977688600274462,57.72751882266327],[11.977838294820621,57.725724833779],[11.974485045704604,57.72564470776844]]]},"properties":{"grid":"city","values":[11.441,7.341,6.748,8.121,6.649,12.023,10.315]}},{"type":"Feature","geometry":{"type":"Polygon","coordinates":[[[11.977838294820621,57.725724833779],[11.977688600274462,57.72751882266327],[11.981042032643611,57.72759886549136],[11.981191561710455,57.725804871086446],[11.977838294820621,57.725724833779]]]},"properties":{"grid":"city","values":[12.12,8.965,11.444,9.004,8.093,11.788,11.385]}},{"type":"Feature","geometry":{"type":"Polygon","coordinates":[[[11.981191561710455,57.725804871086446],[11.981042032643611,57.72759886549136],[11.98439548276995,57.727678819609224],[11.984544846354554,57.725884819689746],[11.981191561710455,57.725804871086446]]]},"properties":{"grid":"city","values":[12.861,12.376,16.151,11.038,10.32,11.153,12.631]}},{"type":"Feature","geometry":{"type":"Polygon","coordinates":[[[11.984544846354554,57.725884819689746],[11.98439548276995,57.727678819609224],[11.987748950633915,57.72775868501592],[11.98789814873336,57.72596467958797],[11.984544846354554,57.725884819689746]]]},"properties":{"grid":"city","values":[12.961,12.816,16.719,11.399,10.805,10.98,12.956]}},{"type":"Feature","geometry":{"type":"Polygon","coordinates":[[[11.98789814873336,57.72596467958797],[11.987748950633915,57.72775868501592],[11.991102436215945,57.727838461710434],[11.991251468827311,57.72604445078013],[11.98789814873336,57.72596467958797]]]},"properties":{"grid":"city","values":[13.392,12.183,15.832,11.162,12.439,10.716,14.238]}},{"type":"Feature","geometry":{"type":"Polygon","coordinates":[[[11.991251468827311,57.72604445078013],[11.991102436215945,57.727838461710434],[11.994455939496483,57.72791814969181],[11.994604806616854,57.72612413326525],[11.991251468827311,57.72604445078013]]]},"properties":{"grid":"city","values":[13.38,11.865,14.705,9.96,13.466,10.116,14.798]}},{"type":"Feature","geometry":{"type":"Polygon","coordinates":[[[11.994604806616854,57.72612413326525],[11.994455939496483,57.72791814969181],[11.99780946045596,57.727997748959105],[11.997958162082426,57.72620372704235],[11.994604806616854,57.72612413326525]]]},"properties":{"grid":"city","values":[13.112,12.263,13.36,10.392,12.344,10.581,14.041]}},{"type":"Feature","geometry":{"type":"Polygon","coordinates":[[[11.997958162082426,57.72620372704235],[11.99780946045596,57.727997748959105],[12.000305512635315,57.72805693746226],[12.00030553108833,57.72625939013383],[11.997958162082426,57.72620372704235]]]},"properties":{"grid":"city","values":[12.461,13.896,10.009,10.182,9.561,10.904,12.63]}},{"type":"Feature","geometry":{"type":"Polygon","coordinates":[[[11.937297105944465,57.72834531108147],[11.937448804024482,57.72655138968596],[11.93432707112307,57.72647580142647],[11.934323780747306,57.72827331663806],[11.937297105944465,57.72834531108147]]]},"properties":{"grid":"city","values":[11.331,9.635,11.879,2.678,6.726,9.229,8.544]}},{"type":"Feature","geometry":{"type":"Polygon","coordinates":[[[11.937448804024482,57.72655138968596],[11.937297105944465,57.72834531108147],[11.94065048916539,57.72842642395],[11.940802021781892,57.72663249696019],[11.937448804024482,57.72655138968596]]]},"properties":{"grid":"city","values":[12.602,12.703,12.436,8.293,9.349,10.456,9.493]}},{"type":"Feature","geometry":{"type":"Polygon","coordinates":[[[11.940802021781892,57.72663249696019],[11.94065048916539,57.72842642395],[11.944003890381143,57.72850744811402],[11.944155257531166,57.726713515535955],[11.940802021781892,57.72663249696019]]]},"properties":{"grid":"city","values":[12.619,11.927,12.281,11.791,12.118,10.878,9.803]}},{"type":"Feature","geometry":{"type":"Polygon","coordinates":[[[11.944155257531166,57.726713515535955],[11.944003890381143,57.72850744811402],[11.947357309572169,57.7285883835725],[11.94750851125275,57.72679444541231],[11.944155257531166,57.726713515535955]]]},"properties":{"grid":"city","values":[12.75,12.998,12.573,11.389,10.949,10.34,10.001]}},{"type":"Feature","geometry":{"type":"Polygon","coordinates":[[[11.94750851125275,57.72679444541231],[11.947357309572169,57.7285883835725],[11.950710746718908,57.72866923032451],[11.950861782927092,57.726875286588275],[11.94750851125275,57.72679444541231]]]},"properties":{"grid":"city","values":[11.943,11.345,12.533,10.398,8.941,9.639,11.027]}},{"type":"Feature","geometry":{"type":"Polygon","coordinates":[[[11.950861782927092,57.726875286588275],[11.950710746718908,57.72866923032451],[11.954064201801804,57.72874998836901],[11.954215072534636,57.726956039062834],[11.950861782927092,57.726875286588275]]]},"properties":{"grid":"city","values":[11.735,10.267,12.552,10.286,9.282,9.594,11.599]}},{"type":"Feature","geometry":{"type":"Polygon","coordinates":[[[11.954215072534636,57.726956039062834],[11.954064201801804,57.72874998836901],[11.9574176748013,57.728830657705046],[11.957568380055825,57.72703670283502],[11.954215072534636,57.726956039062834]]]},"properties":{"grid":"city","values":[12.858,11.64,11.532,12.205,11.728,10.146,11.143]}},{"type":"Feature","geometry":{"type":"Polygon","coordinates":[[[11.957568380055825,57.72703670283502],[11.9574176748013,57.728830657705046],[11.960771165697839,57.72891123833163],[11.960921705471113,57.727117277903865],[11.957568380055825,57.72703670283502]]]},"properties":{"grid":"city","values":[12.698,12.692,9.679,13.852,10.833,10.219,8.997]}},{"type":"Feature","geometry":{"type":"Polygon","coordinates":[[[11.960921705471113,57.727117277903865],[11.960771165697839,57.72891123833163],[11.96412467447186,57.72899173024778],[11.964275048760937,57.72719776426834],[11.960921705471113,57.727117277903865]]]},"properties":{"grid":"city","values":[12.62,12.041,8.763,11.942,10.811,10.905,9.563]}},{"type":"Feature","geometry":{"type":"Polygon","coordinates":[[[11.964275048760937,57.72719776426834],[11.96412467447186,57.72899173024778],[11.967478201103802,57.72907213345252],[11.96762840990574,57.72727816192751],[11.964275048760937,57.72719776426834]]]},"properties":{"grid":"city","values":[10.261,9.615,3.709,9.117,7.751,11.436,4.444]}},{"type":"Feature","geometry":{"type":"Polygon","coordinates":[[[11.96762840990574,57.72727816192751],[11.967478201103802,57.72907213345252],[11.970831745574106,57.729152447944855],[11.970981788885968,57.727358470880354],[11.96762840990574,57.72727816192751]]]},"properties":{"grid":"city","values":[9.608,8.736,3.085,8.324,6.6,11.472,3.1]}},{"type":"Feature","geometry":{"type":"Polygon","coordinates":[[[11.970981788885968,57.727358470880354],[11.970831745574106,57.729152447944855],[11.974185307863213,57.72923267372382],[11.974335185682063,57.727438691125954],[11.970981788885968,57.727358470880354]]]},"properties":{"grid":"city","values":[11.157,8.065,7.726,7.612,7.004,11.879,8.425]}},{"type":"Feature","geometry":{"type":"Polygon","coordinates":[[[11.974335185682063,57.727438691125954],[11.974185307863213,57.72923267372382],[11.977538887951559,57.729312810788436],[11.977688600274462,57.72751882266327],[11.974335185682063,57.727438691125954]]]},"properties":{"grid":"city","values":[11.408,7.016,6.924,7.754,6.324,11.959,10.376]}},{"type":"Feature","geometry":{"type":"Polygon","coordinates":[[[11.977688600274462,57.72751882266327],[11.977538887951559,57.729312810788436],[11.98089248581958,57.72939285913771],[11.981042032643611,57.72759886549136],[11.977688600274462,57.72751882266327]]]},"properties":{"grid":"city","values":[11.951,8.467,11.743,8.543,7.722,11.568,11.258]}},{"type":"Feature","geometry":{"type":"Polygon","coordinates":[[[11.981042032643611,57.72759886549136],[11.98089248581958,57.72939285913771],[11.984246101447717,57.729472818770674],[11.98439548276995,57.727678819609224],[11.981042032643611,57.72759886549136]]]},"properties":{"grid":"city","values":[12.712,12.007,16.474,10.663,9.968,10.906,12.497]}},{"type":"Feature","geometry":{"type":"Polygon","coordinates":[[[11.98439548276995,57.727678819609224],[11.984246101447717,57.729472818770674],[11.987599734816403,57.72955268968637],[11.987748950633915,57.72775868501592],[11.98439548276995,57.727678819609224]]]},"properties":{"grid":"city","values":[12.991,13.056,17.131,11.408,10.759,10.843,12.981]}},{"type":"Feature","geometry":{"type":"Polygon","coordinates":[[[11.987748950633915,57.72775868501592],[11.987599734816403,57.72955268968637],[11.990953385906074,57.72963247188379],[11.991102436215945,57.727838461710434],[11.987748950633915,57.72775868501592]]]},"properties":{"grid":"city","values":[13.433,12.458,16.411,11.128,12.391,10.554,14.298]}},{"type":"Feature","geometry":{"type":"Polygon","coordinates":[[[11.991102436215945,57.727838461710434],[11.990953385906074,57.72963247188379],[11.994307054697169,57.729712165362],[11.994455939496483,57.72791814969181],[11.991102436215945,57.727838461710434]]]},"properties":{"grid":"city","values":[13.401,11.999,15.01,9.931,13.447,10.032,14.835]}},{"type":"Feature","geometry":{"type":"Polygon","coordinates":[[[11.994455939496483,57.72791814969181],[11.994307054697169,57.729712165362],[11.997660741170117,57.72979177012],[11.99780946045596,57.727997748959105],[11.994455939496483,57.72791814969181]]]},"properties":{"grid":"city","values":[13.168,12.172,13.863,10.176,12.352,10.564,14.354]}},{"type":"Feature","geometry":{"type":"Polygon","coordinates":[[[11.99780946045596,57.727997748959105],[11.997660741170117,57.72979177012],[12.000305491236592,57.729854484346944],[12.000305512635315,57.72805693746226],[11.99780946045596,57.727997748959105]]]},"properties":{"grid":"city","values":[12.524,13.751,10.459,9.959,9.561,10.9,13.002]}},{"type":"Feature","geometry":{"type":"Polygon","coordinates":[[[11.937145389850063,57.73013923171127],[11.937297105944465,57.72834531108147],[11.934323780747306,57.72827331663806],[11.93432048703657,57.73007083140582],[11.937145389850063,57.73013923171127]]]},"properties":{"grid":"city","values":[13.295,13.579,12.48,8.839,10.329,12.979,9.567]}},{"type":"Feature","geometry":{"type":"Polygon","coordinates":[[[11.94065048916539,57.72842642395],[11.937297105944465,57.72834531108147],[11.937145389850063,57.73013923171127],[11.93828410255878,57.73016678585011],[11.940503374183352,57.73016784803439],[11.94065048916539,57.72842642395]]]},"properties":{"grid":"city","values":[13.742,16.453,11.8,8.788,8.458,11.463,9.293]}},{"type":"Feature","geometry":{"type":"Polygon","coordinates":[[[11.944003890381143,57.72850744811402],[11.94065048916539,57.72842642395],[11.940503374183352,57.73016784803439],[11.943863644802313,57.730169382258374],[11.944003890381143,57.72850744811402]]]},"properties":{"grid":"city","values":[14.134,19.561,10.569,8.638,6.332,10.598,9.509]}},{"type":"Feature","geometry":{"type":"Polygon","coordinates":[[[11.947357309572169,57.7285883835725],[11.944003890381143,57.72850744811402],[11.943863644802313,57.730169382258374],[11.947223918696588,57.73017082727465],[11.947357309572169,57.7285883835725]]]},"properties":{"grid":"city","values":[13.856,17.247,11.902,10.198,8.756,10.35,9.545]}},{"type":"Feature","geometry":{"type":"Polygon","coordinates":[[[11.950710746718908,57.72866923032451],[11.947357309572169,57.7285883835725],[11.947223918696588,57.73017082727465],[11.95058419584634,57.730172183083],[11.950710746718908,57.72866923032451]]]},"properties":{"grid":"city","values":[13.377,13.544,13.768,11.199,13.508,9.28,9.741]}},{"type":"Feature","geometry":{"type":"Polygon","coordinates":[[[11.954064201801804,57.72874998836901],[11.950710746718908,57.72866923032451],[11.95058419584634,57.730172183083],[11.953944476231724,57.7301734496833],[11.954064201801804,57.72874998836901]]]},"properties":{"grid":"city","values":[13.324,12.378,14.027,11.47,14.901,9.246,10.052]}},{"type":"Feature","geometry":{"type":"Polygon","coordinates":[[[11.9574176748013,57.728830657705046],[11.954064201801804,57.72874998836901],[11.953944476231724,57.7301734496833],[11.957304759832914,57.73017462707535],[11.9574176748013,57.728830657705046]]]},"properties":{"grid":"city","values":[13.66,10.833,12.318,10.78,15.179,10.408,12.976]}},{"type":"Feature","geometry":{"type":"Polygon","coordinates":[[[11.960771165697839,57.72891123833163],[11.9574176748013,57.728830657705046],[11.957304759832914,57.73017462707535],[11.960665046630066,57.73017571525899],[11.960771165697839,57.72891123833163]]]},"properties":{"grid":"city","values":[13.71,10.128,10.008,10.061,15.592,11.229,13.88]}},{"type":"Feature","geometry":{"type":"Polygon","coordinates":[[[11.96412467447186,57.72899173024778],[11.960771165697839,57.72891123833163],[11.960665046630066,57.73017571525899],[11.964025336603344,57.73017671423404],[11.96412467447186,57.72899173024778]]]},"properties":{"grid":"city","values":[13.673,10.959,9.959,9.937,13.486,11.45,13.109]}},{"type":"Feature","geometry":{"type":"Polygon","coordinates":[[[11.967478201103802,57.72907213345252],[11.96412467447186,57.72899173024778],[11.964025336603344,57.73017671423404],[11.96738562973291,57.73017762400035],[11.967478201103802,57.72907213345252]]]},"properties":{"grid":"city","values":[13.321,11.753,10.548,8.782,9.162,11.716,11.964]}},{"type":"Feature","geometry":{"type":"Polygon","coordinates":[[[11.970831745574106,57.729152447944855],[11.967478201103802,57.72907213345252],[11.96738562973291,57.73017762400035],[11.970745925998925,57.73017844455773],[11.970831745574106,57.729152447944855]]]},"properties":{"grid":"city","values":[13.138,11.406,11.156,8.128,8.035,11.761,11.684]}},{"type":"Feature","geometry":{"type":"Polygon","coordinates":[[[11.974185307863213,57.72923267372382],[11.970831745574106,57.729152447944855],[11.970745925998925,57.73017844455773],[11.974106225381552,57.73017917590602],[11.974185307863213,57.72923267372382]]]},"properties":{"grid":"city","values":[11.979,8.038,12.848,6.438,7.001,11.582,10.123]}},{"type":"Feature","geometry":{"type":"Polygon","coordinates":[[[11.977538887951559,57.729312810788436],[11.974185307863213,57.72923267372382],[11.974106225381552,57.73017917590602],[11.977466527860951,57.730179818045094],[11.977538887951559,57.729312810788436]]]},"properties":{"grid":"city","values":[11.162,5.107,14.916,4.647,6.648,11.412,9.91]}},{"type":"Feature","geometry":{"type":"Polygon","coordinates":[[[11.982006023196778,57.68323184350197],[11.982424691598881,57.68324183460832],[11.982435082345187,57.6831169054113],[11.982015589177273,57.683116846541886],[11.982006023196778,57.68323184350197]]]},"properties":{"grid":"campus","values":[11.63,9.309,7.463,12.492,10.729,9.295,12.519]}},{"type":"Feature","geometry":{"type":"Polygon","coordinates":[[[11.982424691598881,57.68324183460832],[11.982843360277526,57.683251824330924],[11.982854575560712,57.68311696288937],[11.982435082345187,57.6831169054113],[11.982424691598881,57.68324183460832]]]},"properties":{"grid":"campus","values":[11.765,8.524,7.522,12.545,10.458,9.521,13.287]}},{"type":"Feature","geometry":{"type":"Polygon","coordinates":[[[11.982843360277526,57.683251824330924],[11.983262029232671,57.68326181266979],[11.983274068823818,57.68311701897604],[11.982854575560712,57.68311696288937],[11.982843360277526,57.683251824330924]]]},"properties":{"grid":"campus","values":[11.645,7.259,8.485,11.512,10.951,6.947,13.777]}},{"type":"Feature","geometry":{"type":"Polygon","coordinates":[[[11.983262029232671,57.68326181266979],[11.983680698464282,57.68327179962491],[11.983693562134457,57.68311707367134],[11.983274068823818,57.68311701897604],[11.983262029232671,57.68326181266979]]]},"properties":{"grid":"campus","values":[11.404,5.79,9.991,9.955,12.029,2.599,13.849]}},{"type":"Feature","geometry":{"type":"Polygon","coordinates":[[[11.983680698464282,57.68327179962491],[11.984099367972316,57.68328178519631],[11.984113055492598,57.68311712697525],[11.983693562134457,57.68311707367134],[11.983680698464282,57.68327179962491]]]},"properties":{"grid":"campus","values":[11.728,3.887,11.363,8.162,12.841,0.286,13.826]}},{"type":"Feature","geometry":{"type":"Polygon","coordinates":[[[11.984099367972316,57.68328178519631],[11.98451803775674,57.68329176938392],[11.984532548898194,57.68311717888779],[11.984113055492598,57.68311712697525],[11.984099367972316,57.68328178519631]]]},"properties":{"grid":"campus","values":[12.458,2.24,12.125,6.602,13.058,0.784,13.699]}},{"type":"Feature","geometry":{"type":"Polygon","coordinates":[[[11.98451803775674,57.68329176938392],[11.984936707817512,57.68330175218782],[11.984952042351214,57.683117229408914],[11.984532548898194,57.68311717888779],[11.98451803775674,57.68329176938392]]]},"properties":{"grid":"campus","values":[12.311,3.6,11.823,5.706,12.433,1.662,13.408]}},{"type":"Feature","geometry":{"type":"Polygon","coordinates":[[[11.984936707817512,57.68330175218782],[11.985355378154596,57.683311733607965],[11.985371535851618,57.68311727853872],[11.984952042351214,57.683117229408914],[11.984936707817512,57.68330175218782]]]},"properties":{"grid":"campus","values":[11.352,7.672,10.615,5.547,11.241,2.458,13.04]}},{"type":"Feature","geometry":{"type":"Polygon","coordinates":[[[11.985355378154596,57.683311733607965],[11.985774048767952,57.68332171364436],[11.985791029399365,57.68311732627711],[11.985371535851618,57.68311727853872],[11.985355378154596,57.683311733607965]]]},"properties":{"grid":"campus","values":[11.708,9.53,10.685,7.592,10.697,3.621,13.113]}},{"type":"Feature","geometry":{"type":"Polygon","coordinates":[[[11.985774048767952,57.68332171364436],[11.986192719657547,57.683331692297],[11.986210522994416,57.68311737262412],[11.985791029399365,57.68311732627711],[11.985774048767952,57.68332171364436]]]},"properties":{"grid":"campus","values":[13.226,8.233,11.805,11.251,11.105,4.461,13.607]}},{"type":"Feature","geometry":{"type":"Polygon","coordinates":[[[11.986630016636738,57.68311741757973],[11.986210522994416,57.68311737262412],[11.986192719657547,57.683331692297],[11.986611390823338,57.683341669565884],[11.986630016636738,57.68311741757973]]]},"properties":{"grid":"campus","values":[13.673,7.881,12.164,12.266,11.227,4.701,13.745]}},{"type":"Feature","geometry":{"type":"Polygon","coordinates":[[[11.972358012612343,57.68322591519369],[11.97277667722164,57.68323593821183],[11.972786751607677,57.68311519939616],[11.972367259545537,57.683115108525094],[11.972358012612343,57.68322591519369]]]},"properties":{"grid":"campus","values":[14.884,4.274,10.461,9.218,9.382,13.875,19.349]}},{"type":"Feature","geometry":{"type":"Polygon","coordinates":[[[11.97277667722164,57.68323593821183],[11.97319534210836,57.68324595984626],[11.973206243718314,57.68311528887584],[11.972786751607677,57.68311519939616],[11.97277667722164,57.68323593821183]]]},"properties":{"grid":"campus","values":[14.87,3.505,10.502,9.371,8.593,14.013,19.031]}},{"type":"Feature","geometry":{"type":"Polygon","coordinates":[[[11.97319534210836,57.68324595984626],[11.97361400727246,57.683255980097016],[11.973625735877414,57.683115376964174],[11.973206243718314,57.68311528887584],[11.97319534210836,57.68324595984626]]]},"properties":{"grid":"campus","values":[14.083,5.434,10.037,10.331,1.566,13.998,15.751]}},{"type":"Feature","geometry":{"type":"Polygon","coordinates":[[[11.97361400727246,57.683255980097016],[11.974032672713905,57.683265998964046],[11.974045228084941,57.68311546366111],[11.973625735877414,57.683115376964174],[11.97361400727246,57.683255980097016]]]},"properties":{"grid":"campus","values":[13.927,5.667,9.09,10.449,0.71,13.879,15.132]}},{"type":"Feature","geometry":{"type":"Polygon","coordinates":[[[11.974032672713905,57.683265998964046],[11.974451338432658,57.68327601644735],[11.974464720340851,57.683115548966704],[11.974045228084941,57.68311546366111],[11.974032672713905,57.683265998964046]]]},"properties":{"grid":"campus","values":[13.374,5.541,2.073,10.317,0.528,13.014,13.517]}},{"type":"Feature","geometry":{"type":"Polygon","coordinates":[[[11.974451338432658,57.68327601644735],[11.974870004428679,57.683286032546924],[11.974884212645113,57.68311563288087],[11.974464720340851,57.683115548966704],[11.974451338432658,57.68327601644735]]]},"properties":{"grid":"campus","values":[13.02,5.045,1.856,10.245,0.528,13.39,12.176]}},{"type":"Feature","geometry":{"type":"Polygon","coordinates":[[[11.974870004428679,57.683286032546924],[11.97528867070193,57.68329604726282],[11.975303704997682,57.68311571540371],[11.974884212645113,57.68311563288087],[11.974870004428679,57.683286032546924]]]},"properties":{"grid":"campus","values":[10.567,1.244,7.016,9.813,0.0,17.421,1.91]}},{"type":"Feature","geometry":{"type":"Polygon","coordinates":[[[11.97528867070193,57.68329604726282],[11.975707337252373,57.68330606059498],[11.975723197398521,57.683115796535155],[11.975303704997682,57.68311571540371],[11.97528867070193,57.68329604726282]]]},"properties":{"grid":"campus","values":[10.636,0.738,7.778,9.749,0.0,17.923,1.978]}},{"type":"Feature","geometry":{"type":"Polygon","coordinates":[[[11.975707337252373,57.68330606059498],[11.97612600407997,57.68331607254342],[11.97614268984759,57.68311587627522],[11.975723197398521,57.683115796535155],[11.975707337252373,57.68330606059498]]]},"properties":{"grid":"campus","values":[13.84,0.44,8.408,9.811,0.0,17.919,12.776]}},{"type":"Feature","geometry":{"type":"Polygon","coordinates":[[[11.97612600407997,57.68331607254342],[11.976544671184685,57.68332608310814],[11.976562182344852,57.683115954623936],[11.97614268984759,57.68311587627522],[11.97612600407997,57.68331607254342]]]},"properties":{"grid":"campus","values":[14.563,1.037,7.668,9.934,0.597,17.919,14.586]}},{"type":"Feature","geometry":{"type":"Polygon","coordinates":[[[11.976544671184685,57.68332608310814],[11.976963338566478,57.683336092289146],[11.976981674890268,57.68311603158126],[11.976562182344852,57.683115954623936],[11.976544671184685,57.68332608310814]]]},"properties":{"grid":"campus","values":[17.312,6.265,1.635,10.895,5.628,18.096,19.102]}},{"type":"Feature","geometry":{"type":"Polygon","coordinates":[[[11.976963338566478,57.683336092289146],[11.977382006225309,57.68334610008643],[11.977400689036145,57.683121850005996],[11.977158612993893,57.68311606362396],[11.976981674890268,57.68311603158126],[11.976963338566478,57.683336092289146]]]},"properties":{"grid":"campus","values":[17.441,7.177,0.873,11.01,6.175,18.096,19.605]}},{"type":"Feature","geometry":{"type":"Polygon","coordinates":[[[11.977400689036145,57.683121850005996],[11.977382006225309,57.68334610008643],[11.977800674161143,57.68335610649997],[11.9778193543938,57.68313185633333],[11.977400689036145,57.683121850005996]]]},"properties":{"grid":"campus","values":[15.507,9.485,0.526,10.964,5.954,18.025,19.44]}},{"type":"Feature","geometry":{"type":"Polygon","coordinates":[[[11.9778193543938,57.68313185633333],[11.977800674161143,57.68335610649997],[11.978219342373944,57.68336611152978],[11.978238020028412,57.683141861276944],[11.9778193543938,57.68313185633333]]]},"properties":{"grid":"campus","values":[14.906,9.526,0.526,10.868,6.365,18.025,18.638]}},{"type":"Feature","geometry":{"type":"Polygon","coordinates":[[[11.978238020028412,57.683141861276944],[11.978219342373944,57.68336611152978],[11.978638010863666,57.683376115175875],[11.978656685939946,57.68315186483685],[11.978238020028412,57.683141861276944]]]},"properties":{"grid":"campus","values":[12.089,7.609,0.811,10.228,10.346,18.234,12.074]}},{"type":"Feature","geometry":{"type":"Polygon","coordinates":[[[11.978656685939946,57.68315186483685],[11.978638010863666,57.683376115175875],[11.97905667963028,57.68338611743823],[11.97907535212836,57.68316186701304],[11.978656685939946,57.68315186483685]]]},"properties":{"grid":"campus","values":[11.681,6.697,0.811,10.069,9.799,17.763,11.316]}},{"type":"Feature","geometry":{"type":"Polygon","coordinates":[[[11.97907535212836,57.68316186701304],[11.97905667963028,57.68338611743823],[11.979475348673743,57.68339611831684],[11.97949401859362,57.6831718678055],[11.97907535212836,57.68316186701304]]]},"properties":{"grid":"campus","values":[11.145,1.201,0.811,9.523,2.1,14.066,11.411]}},{"type":"Feature","geometry":{"type":"Polygon","coordinates":[[[11.97949401859362,57.6831718678055],[11.979475348673743,57.68339611831684],[11.979894017994017,57.68340611781175],[11.979912685335687,57.683181867214245],[11.97949401859362,57.6831718678055]]]},"properties":{"grid":"campus","values":[11.234,1.452,0.811,9.822,2.123,14.066,11.41]}},{"type":"Feature","geometry":{"type":"Polygon","coordinates":[[[11.979912685335687,57.683181867214245],[11.979894017994017,57.68340611781175],[11.980312687591065,57.68341611592288],[11.98033135235452,57.68319186523924],[11.979912685335687,57.683181867214245]]]},"properties":{"grid":"campus","values":[12.292,8.899,0.579,12.97,9.429,17.336,11.122]}},{"type":"Feature","geometry":{"type":"Polygon","coordinates":[[[11.98033135235452,57.68319186523924],[11.980312687591065,57.68341611592288],[11.98073135746485,57.68342611265028],[11.980750019650085,57.68320186188052],[11.98033135235452,57.68319186523924]]]},"properties":{"grid":"campus","values":[12.484,9.832,1.371,13.47,10.207,17.297,11.32]}},{"type":"Feature","geometry":{"type":"Polygon","coordinates":[[[11.980750019650085,57.68320186188052],[11.98073135746485,57.68342611265028],[11.981150027615332,57.68343610799396],[11.981168687222342,57.683211857138076],[11.980750019650085,57.68320186188052]]]},"properties":{"grid":"campus","values":[12.968,10.179,7.908,14.731,9.027,13.45,13.247]}},{"type":"Feature","geometry":{"type":"Polygon","coordinates":[[[11.981168687222342,57.683211857138076],[11.981150027615332,57.68343610799396],[11.981568698042473,57.68344610195386],[11.98158735507125,57.68322185101189],[11.981168687222342,57.683211857138076]]]},"properties":{"grid":"campus","values":[12.725,10.215,8.598,14.422,9.015,12.569,13.209]}},{"type":"Feature","geometry":{"type":"Polygon","coordinates":[[[11.98158735507125,57.68322185101189],[11.981568698042473,57.68344610195386],[11.981987368746235,57.68345609453006],[11.982006023196778,57.68323184350197],[11.98158735507125,57.68322185101189]]]},"properties":{"grid":"campus","values":[10.262,10.174,7.798,10.469,10.874,9.016,11.102]}},{"type":"Feature","geometry":{"type":"Polygon","coordinates":[[[11.982006023196778,57.68323184350197],[11.981987368746235,57.68345609453006],[11.982406039726584,57.683466085722465],[11.982424691598881,57.68324183460832],[11.982006023196778,57.68323184350197]]]},"properties":{"grid":"campus","values":[10.272,10.166,7.665,10.428,11.058,9.096,11.102]}},{"type":"Feature","geometry":{"type":"Polygon","coordinates":[[[11.982424691598881,57.68324183460832],[11.982406039726584,57.683466085722465],[11.982824710983476,57.68347607553114],[11.982843360277526,57.683251824330924],[11.982424691598881,57.68324183460832]]]},"properties":{"grid":"campus","values":[12.516,9.924,7.31,13.527,10.446,12.407,13.29]}},{"type":"Feature","geometry":{"type":"Polygon","coordinates":[[[11.982843360277526,57.683251824330924],[11.982824710983476,57.68347607553114],[11.983243382516875,57.68348606395606],[11.983262029232671,57.68326181266979],[11.982843360277526,57.683251824330924]]]},"properties":{"grid":"campus","values":[12.682,8.999,7.659,13.569,10.641,11.629,13.571]}},{"type":"Feature","geometry":{"type":"Polygon","coordinates":[[[11.983262029232671,57.68326181266979],[11.983243382516875,57.68348606395606],[11.983662054326743,57.683496050997235],[11.983680698464282,57.68327179962491],[11.983262029232671,57.68326181266979]]]},"properties":{"grid":"campus","values":[11.787,1.426,10.971,10.06,13.028,1.23,13.744]}},{"type":"Feature","geometry":{"type":"Polygon","coordinates":[[[11.983680698464282,57.68327179962491],[11.983662054326743,57.683496050997235],[11.984080726413046,57.68350603665464],[11.984099367972316,57.68328178519631],[11.983680698464282,57.68327179962491]]]},"properties":{"grid":"campus","values":[11.813,0.682,11.553,8.933,13.26,0.182,13.698]}},{"type":"Feature","geometry":{"type":"Polygon","coordinates":[[[11.984099367972316,57.68328178519631],[11.984080726413046,57.68350603665464],[11.984499398775739,57.683516020928316],[11.98451803775674,57.68329176938392],[11.984099367972316,57.68328178519631]]]},"properties":{"grid":"campus","values":[13.184,1.726,12.722,3.26,13.126,1.726,13.332]}},{"type":"Feature","geometry":{"type":"Polygon","coordinates":[[[11.98451803775674,57.68329176938392],[11.984499398775739,57.683516020928316],[11.98491807141479,57.6835260038182],[11.984936707817512,57.68330175218782],[11.98451803775674,57.68329176938392]]]},"properties":{"grid":"campus","values":[13.154,2.725,12.722,2.317,12.995,1.726,13.178]}},{"type":"Feature","geometry":{"type":"Polygon","coordinates":[[[11.984936707817512,57.68330175218782],[11.98491807141479,57.6835260038182],[11.985336744330155,57.68353598532435],[11.985355378154596,57.683311733607965],[11.984936707817512,57.68330175218782]]]},"properties":{"grid":"campus","values":[11.483,9.521,11.449,1.08,11.958,0.484,12.22]}},{"type":"Feature","geometry":{"type":"Polygon","coordinates":[[[11.985355378154596,57.683311733607965],[11.985336744330155,57.68353598532435],[11.985755417521801,57.68354596544672],[11.985774048767952,57.68332171364436],[11.985355378154596,57.683311733607965]]]},"properties":{"grid":"campus","values":[11.562,9.612,10.998,2.238,12.0,0.302,12.267]}},{"type":"Feature","geometry":{"type":"Polygon","coordinates":[[[11.985774048767952,57.68332171364436],[11.985755417521801,57.68354596544672],[11.986174090989689,57.683555944185336],[11.986192719657547,57.683331692297],[11.985774048767952,57.68332171364436]]]},"properties":{"grid":"campus","values":[13.911,4.025,9.344,12.838,13.18,0.497,13.501]}},{"type":"Feature","geometry":{"type":"Polygon","coordinates":[[[11.986611390823338,57.683341669565884],[11.986192719657547,57.683331692297],[11.986174090989689,57.683555944185336],[11.986592764733778,57.68356592154017],[11.986611390823338,57.683341669565884]]]},"properties":{"grid":"campus","values":[14.075,3.595,9.217,13.633,13.259,0.528,13.592]}},{"type":"Feature","geometry":{"type":"Polygon","coordinates":[[[11.97024596681182,57.68340002794857],[11.970264693728495,57.68317577934743],[11.96984603078452,57.68316574802708],[11.969827301289731,57.68338999654181],[11.97024596681182,57.68340002794857]]]},"properties":{"grid":"campus","values":[11.709,9.093,7.795,8.978,9.443,12.965,11.611]}},{"type":"Feature","geometry":{"type":"Polygon","coordinates":[[[11.970264693728495,57.68317577934743],[11.97024596681182,57.68340002794857],[11.970664632611568,57.68341005797165],[11.970683356950119,57.68318580928408],[11.970264693728495,57.68317577934743]]]},"properties":{"grid":"campus","values":[11.766,9.063,7.742,9.017,9.325,12.972,11.708]}},{"type":"Feature","geometry":{"type":"Polygon","coordinates":[[[11.970683356950119,57.68318580928408],[11.970664632611568,57.68341005797165],[11.971083298688928,57.68342008661101],[11.971102020449354,57.68319583783703],[11.970683356950119,57.68318580928408]]]},"properties":{"grid":"campus","values":[11.967,8.993,7.658,9.135,8.907,12.999,12.044]}},{"type":"Feature","geometry":{"type":"Polygon","coordinates":[[[11.971102020449354,57.68319583783703],[11.971083298688928,57.68342008661101],[11.971501965043869,57.683430113866635],[11.97152068422616,57.6832058650063],[11.971102020449354,57.68319583783703]]]},"properties":{"grid":"campus","values":[12.553,10.193,8.956,9.057,8.667,12.873,13.312]}},{"type":"Feature","geometry":{"type":"Polygon","coordinates":[[[11.97152068422616,57.6832058650063],[11.971501965043869,57.683430113866635],[11.97192063167635,57.68344013973857],[11.971939348280504,57.683215890791836],[11.97152068422616,57.6832058650063]]]},"properties":{"grid":"campus","values":[13.241,12.099,10.94,8.824,8.667,12.623,14.875]}},{"type":"Feature","geometry":{"type":"Polygon","coordinates":[[[11.971939348280504,57.683215890791836],[11.97192063167635,57.68344013973857],[11.972339298586332,57.683450164226784],[11.972358012612343,57.68322591519369],[11.971939348280504,57.683215890791836]]]},"properties":{"grid":"campus","values":[13.625,10.903,11.801,8.998,8.949,12.92,14.222]}},{"type":"Feature","geometry":{"type":"Polygon","coordinates":[[[11.972358012612343,57.68322591519369],[11.972339298586332,57.683450164226784],[11.972757965773779,57.68346018733128],[11.97277667722164,57.68323593821183],[11.972358012612343,57.68322591519369]]]},"properties":{"grid":"campus","values":[13.473,7.044,10.942,9.563,9.414,13.639,11.19]}},{"type":"Feature","geometry":{"type":"Polygon","coordinates":[[[11.97277667722164,57.68323593821183],[11.972757965773779,57.68346018733128],[11.973176633238655,57.68347020905206],[11.97319534210836,57.68324595984626],[11.97277667722164,57.68323593821183]]]},"properties":{"grid":"campus","values":[13.451,4.932,8.968,10.069,7.73,13.887,10.678]}},{"type":"Feature","geometry":{"type":"Polygon","coordinates":[[[11.97319534210836,57.68324595984626],[11.973176633238655,57.68347020905206],[11.973595300980916,57.68348022938913],[11.97361400727246,57.683255980097016],[11.97319534210836,57.68324595984626]]]},"properties":{"grid":"campus","values":[13.569,5.414,6.373,10.326,4.641,13.545,12.945]}},{"type":"Feature","geometry":{"type":"Polygon","coordinates":[[[11.97361400727246,57.683255980097016],[11.973595300980916,57.68348022938913],[11.974013969000529,57.68349024834247],[11.974032672713905,57.683265998964046],[11.97361400727246,57.683255980097016]]]},"properties":{"grid":"campus","values":[13.387,6.4,5.39,10.254,3.446,13.489,12.034]}},{"type":"Feature","geometry":{"type":"Polygon","coordinates":[[[11.974032672713905,57.683265998964046],[11.974013969000529,57.68349024834247],[11.974432637297454,57.68350026591208],[11.974451338432658,57.68327601644735],[11.974032672713905,57.683265998964046]]]},"properties":{"grid":"campus","values":[13.016,7.543,6.646,9.826,4.793,13.78,8.427]}},{"type":"Feature","geometry":{"type":"Polygon","coordinates":[[[11.974451338432658,57.68327601644735],[11.974432637297454,57.68350026591208],[11.974851305871653,57.683510282097984],[11.974870004428679,57.683286032546924],[11.974451338432658,57.68327601644735]]]},"properties":{"grid":"campus","values":[11.962,6.793,7.512,9.666,4.078,14.299,4.51]}},{"type":"Feature","geometry":{"type":"Polygon","coordinates":[[[11.974870004428679,57.683286032546924],[11.974851305871653,57.683510282097984],[11.975269974723087,57.683520296900134],[11.97528867070193,57.68329604726282],[11.974870004428679,57.683286032546924]]]},"properties":{"grid":"campus","values":[10.64,4.54,7.852,9.846,1.487,14.762,1.823]}},{"type":"Feature","geometry":{"type":"Polygon","coordinates":[[[11.97528867070193,57.68329604726282],[11.975269974723087,57.683520296900134],[11.97568864385172,57.68353031031857],[11.975707337252373,57.68330606059498],[11.97528867070193,57.68329604726282]]]},"properties":{"grid":"campus","values":[10.66,2.295,8.349,9.926,0.0,15.132,1.923]}},{"type":"Feature","geometry":{"type":"Polygon","coordinates":[[[11.975707337252373,57.68330606059498],[11.97568864385172,57.68353031031857],[11.976107313257513,57.68354032235328],[11.97612600407997,57.68331607254342],[11.975707337252373,57.68330606059498]]]},"properties":{"grid":"campus","values":[11.991,0.837,8.573,9.913,0.0,15.113,4.757]}},{"type":"Feature","geometry":{"type":"Polygon","coordinates":[[[11.97612600407997,57.68331607254342],[11.976107313257513,57.68354032235328],[11.976525982940428,57.68355033300424],[11.976544671184685,57.68332608310814],[11.97612600407997,57.68331607254342]]]},"properties":{"grid":"campus","values":[13.811,2.308,7.59,10.227,1.736,15.48,10.259]}},{"type":"Feature","geometry":{"type":"Polygon","coordinates":[[[11.976544671184685,57.68332608310814],[11.976525982940428,57.68355033300424],[11.976944652900428,57.68356034227148],[11.976963338566478,57.683336092289146],[11.976544671184685,57.68332608310814]]]},"properties":{"grid":"campus","values":[15.364,6.092,5.947,10.739,4.523,16.138,16.295]}},{"type":"Feature","geometry":{"type":"Polygon","coordinates":[[[11.976963338566478,57.683336092289146],[11.976944652900428,57.68356034227148],[11.977363323137471,57.68357035015498],[11.977382006225309,57.68334610008643],[11.976963338566478,57.683336092289146]]]},"properties":{"grid":"campus","values":[16.003,8.244,3.825,10.793,5.827,16.929,19.209]}},{"type":"Feature","geometry":{"type":"Polygon","coordinates":[[[11.977382006225309,57.68334610008643],[11.977363323137471,57.68357035015498],[11.977781993651526,57.68358035665472],[11.977800674161143,57.68335610649997],[11.977382006225309,57.68334610008643]]]},"properties":{"grid":"campus","values":[15.512,7.846,2.074,10.331,5.095,17.648,18.051]}},{"type":"Feature","geometry":{"type":"Polygon","coordinates":[[[11.977800674161143,57.68335610649997],[11.977781993651526,57.68358035665472],[11.978200664442548,57.683590361770754],[11.978219342373944,57.68336611152978],[11.977800674161143,57.68335610649997]]]},"properties":{"grid":"campus","values":[14.343,8.06,3.065,10.42,6.479,18.237,15.474]}},{"type":"Feature","geometry":{"type":"Polygon","coordinates":[[[11.978219342373944,57.68336611152978],[11.978200664442548,57.683590361770754],[11.978619335510501,57.68360036550303],[11.978638010863666,57.683376115175875],[11.978219342373944,57.68336611152978]]]},"properties":{"grid":"campus","values":[13.035,8.814,6.543,11.076,9.459,18.542,12.46]}},{"type":"Feature","geometry":{"type":"Polygon","coordinates":[[[11.978638010863666,57.683376115175875],[11.978619335510501,57.68360036550303],[11.979038006855351,57.68361036785154],[11.97905667963028,57.68338611743823],[11.978638010863666,57.683376115175875]]]},"properties":{"grid":"campus","values":[12.09,8.247,8.539,10.741,9.792,18.024,10.612]}},{"type":"Feature","geometry":{"type":"Polygon","coordinates":[[[11.97905667963028,57.68338611743823],[11.979038006855351,57.68361036785154],[11.979456678477051,57.683620368816335],[11.979475348673743,57.68339611831684],[11.97905667963028,57.68338611743823]]]},"properties":{"grid":"campus","values":[11.912,6.865,8.539,9.564,7.608,17.005,10.706]}},{"type":"Feature","geometry":{"type":"Polygon","coordinates":[[[11.979475348673743,57.68339611831684],[11.979456678477051,57.683620368816335],[11.979875350375574,57.68363036839738],[11.979894017994017,57.68340611781175],[11.979475348673743,57.68339611831684]]]},"properties":{"grid":"campus","values":[11.97,7.127,7.886,10.237,6.006,15.723,10.873]}},{"type":"Feature","geometry":{"type":"Polygon","coordinates":[[[11.979894017994017,57.68340611781175],[11.979875350375574,57.68363036839738],[11.980294022550874,57.68364036659468],[11.980312687591065,57.68341611592288],[11.979894017994017,57.68340611781175]]]},"properties":{"grid":"campus","values":[12.214,8.866,6.748,12.469,5.39,14.509,11.072]}},{"type":"Feature","geometry":{"type":"Polygon","coordinates":[[[11.980312687591065,57.68341611592288],[11.980294022550874,57.68364036659468],[11.980712695002918,57.683650363408184],[11.98073135746485,57.68342611265028],[11.980312687591065,57.68341611592288]]]},"properties":{"grid":"campus","values":[12.417,10.049,6.895,14.04,6.303,13.57,11.443]}},{"type":"Feature","geometry":{"type":"Polygon","coordinates":[[[11.98073135746485,57.68342611265028],[11.980712695002918,57.683650363408184],[11.981131367731663,57.68366035883796],[11.981150027615332,57.68343610799396],[11.98073135746485,57.68342611265028]]]},"properties":{"grid":"campus","values":[12.454,10.003,7.976,14.347,8.202,13.162,11.812]}},{"type":"Feature","geometry":{"type":"Polygon","coordinates":[[[11.981150027615332,57.68343610799396],[11.981131367731663,57.68366035883796],[11.981550040737075,57.683670352883986],[11.981568698042473,57.68344610195386],[11.981150027615332,57.68343610799396]]]},"properties":{"grid":"campus","values":[11.792,10.152,8.838,12.899,9.638,11.723,11.764]}},{"type":"Feature","geometry":{"type":"Polygon","coordinates":[[[11.981568698042473,57.68344610195386],[11.981550040737075,57.683670352883986],[11.98196871401911,57.68368034554626],[11.981987368746235,57.68345609453006],[11.981568698042473,57.68344610195386]]]},"properties":{"grid":"campus","values":[10.7,10.444,8.986,10.191,10.246,9.974,11.325]}},{"type":"Feature","geometry":{"type":"Polygon","coordinates":[[[11.981987368746235,57.68345609453006],[11.98196871401911,57.68368034554626],[11.98238738757774,57.68369033682476],[11.982406039726584,57.683466085722465],[11.981987368746235,57.68345609453006]]]},"properties":{"grid":"campus","values":[10.343,10.432,8.601,9.465,10.238,9.459,11.325]}},{"type":"Feature","geometry":{"type":"Polygon","coordinates":[[[11.982406039726584,57.683466085722465],[11.98238738757774,57.68369033682476],[11.982806061412917,57.68370032671952],[11.982824710983476,57.68347607553114],[11.982406039726584,57.683466085722465]]]},"properties":{"grid":"campus","values":[10.811,10.123,7.835,10.922,9.543,10.28,11.764]}},{"type":"Feature","geometry":{"type":"Polygon","coordinates":[[[11.982824710983476,57.68347607553114],[11.982806061412917,57.68370032671952],[11.98322473552461,57.68371031523048],[11.983243382516875,57.68348606395606],[11.982824710983476,57.68347607553114]]]},"properties":{"grid":"campus","values":[11.5,7.19,8.5,9.933,10.285,7.823,12.519]}},{"type":"Feature","geometry":{"type":"Polygon","coordinates":[[[11.983243382516875,57.68348606395606],[11.98322473552461,57.68371031523048],[11.983643409912776,57.6837203023577],[11.983662054326743,57.683496050997235],[11.983243382516875,57.68348606395606]]]},"properties":{"grid":"campus","values":[12.167,2.755,10.288,6.736,12.195,3.03,13.287]}},{"type":"Feature","geometry":{"type":"Polygon","coordinates":[[[11.983662054326743,57.683496050997235],[11.983643409912776,57.6837203023577],[11.984062084577383,57.683730288101145],[11.984080726413046,57.68350603665464],[11.983662054326743,57.683496050997235]]]},"properties":{"grid":"campus","values":[12.678,0.554,10.354,4.342,13.277,0.554,13.665]}},{"type":"Feature","geometry":{"type":"Polygon","coordinates":[[[11.984080726413046,57.68350603665464],[11.984062084577383,57.683730288101145],[11.984480759518386,57.683740272460824],[11.984499398775739,57.683516020928316],[11.984080726413046,57.68350603665464]]]},"properties":{"grid":"campus","values":[12.89,1.446,8.451,3.813,13.162,1.446,13.574]}},{"type":"Feature","geometry":{"type":"Polygon","coordinates":[[[11.984499398775739,57.683516020928316],[11.984480759518386,57.683740272460824],[11.98489943473575,57.68375025543674],[11.98491807141479,57.6835260038182],[11.984499398775739,57.683516020928316]]]},"properties":{"grid":"campus","values":[12.764,2.916,8.451,3.426,12.998,1.446,13.105]}},{"type":"Feature","geometry":{"type":"Polygon","coordinates":[[[11.98491807141479,57.6835260038182],[11.98489943473575,57.68375025543674],[11.985318110229437,57.68376023702887],[11.985336744330155,57.68353598532435],[11.98491807141479,57.6835260038182]]]},"properties":{"grid":"campus","values":[12.344,4.189,10.354,3.653,12.879,0.554,12.44]}},{"type":"Feature","geometry":{"type":"Polygon","coordinates":[[[11.985336744330155,57.68353598532435],[11.985318110229437,57.68376023702887],[11.985736785999409,57.68377021723724],[11.985755417521801,57.68354596544672],[11.985336744330155,57.68353598532435]]]},"properties":{"grid":"campus","values":[12.394,4.037,10.744,5.712,13.005,0.0,12.253]}},{"type":"Feature","geometry":{"type":"Polygon","coordinates":[[[11.985755417521801,57.68354596544672],[11.985736785999409,57.68377021723724],[11.986155462045627,57.68378019606182],[11.986174090989689,57.683555944185336],[11.985755417521801,57.68354596544672]]]},"properties":{"grid":"campus","values":[12.871,2.464,9.701,8.615,13.328,0.0,12.574]}},{"type":"Feature","geometry":{"type":"Polygon","coordinates":[[[11.986592764733778,57.68356592154017],[11.986174090989689,57.683555944185336],[11.986155462045627,57.68378019606182],[11.986574138368056,57.683790173502615],[11.986592764733778,57.68356592154017]]]},"properties":{"grid":"campus","values":[13.021,1.965,9.394,9.507,13.429,0.0,12.671]}},{"type":"Feature","geometry":{"type":"Polygon","coordinates":[[[11.970227239617492,57.683624276537884],[11.97024596681182,57.68340002794857],[11.969827301289731,57.68338999654181],[11.969808571517248,57.68361424504468],[11.970227239617492,57.683624276537884]]]},"properties":{"grid":"campus","values":[12.531,10.901,13.846,8.575,10.206,13.308,12.986]}},{"type":"Feature","geometry":{"type":"Polygon","coordinates":[[[11.97024596681182,57.68340002794857],[11.970227239617492,57.683624276537884],[11.970645907995396,57.683634306647356],[11.970664632611568,57.68341005797165],[11.97024596681182,57.68340002794857]]]},"properties":{"grid":"campus","values":[12.546,10.906,13.868,8.572,10.116,13.311,13.0]}},{"type":"Feature","geometry":{"type":"Polygon","coordinates":[[[11.970664632611568,57.68341005797165],[11.970645907995396,57.683634306647356],[11.971064576650921,57.68364433537311],[11.971083298688928,57.68342008661101],[11.970664632611568,57.68341005797165]]]},"properties":{"grid":"campus","values":[12.666,10.803,13.624,8.6,8.82,13.221,12.753]}},{"type":"Feature","geometry":{"type":"Polygon","coordinates":[[[11.971083298688928,57.68342008661101],[11.971064576650921,57.68364433537311],[11.971483245584032,57.683654362715146],[11.971501965043869,57.683430113866635],[11.971083298688928,57.68342008661101]]]},"properties":{"grid":"campus","values":[12.727,10.963,13.593,8.6,8.667,13.134,12.826]}},{"type":"Feature","geometry":{"type":"Polygon","coordinates":[[[11.971501965043869,57.683430113866635],[11.971483245584032,57.683654362715146],[11.971901914794689,57.68366438867346],[11.97192063167635,57.68344013973857],[11.971501965043869,57.683430113866635]]]},"properties":{"grid":"campus","values":[13.179,12.678,13.317,8.468,8.633,12.432,13.599]}},{"type":"Feature","geometry":{"type":"Polygon","coordinates":[[[11.97192063167635,57.68344013973857],[11.971901914794689,57.68366438867346],[11.972320584282855,57.68367441324804],[11.972339298586332,57.683450164226784],[11.97192063167635,57.68344013973857]]]},"properties":{"grid":"campus","values":[13.111,12.223,12.977,8.647,8.751,12.502,12.394]}},{"type":"Feature","geometry":{"type":"Polygon","coordinates":[[[11.972339298586332,57.683450164226784],[11.972320584282855,57.68367441324804],[11.972739254048491,57.68368443643888],[11.972757965773779,57.68346018733128],[11.972339298586332,57.683450164226784]]]},"properties":{"grid":"campus","values":[12.301,6.853,10.81,10.032,9.679,13.827,2.207]}},{"type":"Feature","geometry":{"type":"Polygon","coordinates":[[[11.972757965773779,57.68346018733128],[11.972739254048491,57.68368443643888],[11.97315792409156,57.68369445824601],[11.973176633238655,57.68347020905206],[11.972757965773779,57.68346018733128]]]},"properties":{"grid":"campus","values":[12.3,6.228,9.514,10.212,9.345,13.856,2.179]}},{"type":"Feature","geometry":{"type":"Polygon","coordinates":[[[11.973176633238655,57.68347020905206],[11.97315792409156,57.68369445824601],[11.973576594412021,57.6837044786694],[11.973595300980916,57.68348022938913],[11.973176633238655,57.68347020905206]]]},"properties":{"grid":"campus","values":[13.147,6.337,1.947,10.272,5.327,12.83,11.73]}},{"type":"Feature","geometry":{"type":"Polygon","coordinates":[[[11.973595300980916,57.68348022938913],[11.973576594412021,57.6837044786694],[11.973995265009837,57.68371449770906],[11.974013969000529,57.68349024834247],[11.973595300980916,57.68348022938913]]]},"properties":{"grid":"campus","values":[13.178,6.747,2.209,10.115,5.368,12.906,11.73]}},{"type":"Feature","geometry":{"type":"Polygon","coordinates":[[[11.974013969000529,57.68349024834247],[11.973995265009837,57.68371449770906],[11.974413935884971,57.683724515364986],[11.974432637297454,57.68350026591208],[11.974013969000529,57.68349024834247]]]},"properties":{"grid":"campus","values":[12.466,9.877,11.535,9.013,9.431,14.476,1.866]}},{"type":"Feature","geometry":{"type":"Polygon","coordinates":[[[11.974432637297454,57.68350026591208],[11.974413935884971,57.683724515364986],[11.974832607037387,57.68373453163718],[11.974851305871653,57.683510282097984],[11.974432637297454,57.68350026591208]]]},"properties":{"grid":"campus","values":[12.127,9.864,12.291,8.98,8.976,14.454,0.626]}},{"type":"Feature","geometry":{"type":"Polygon","coordinates":[[[11.974851305871653,57.683510282097984],[11.974832607037387,57.68373453163718],[11.975251278467045,57.68374454652561],[11.975269974723087,57.683520296900134],[11.974851305871653,57.683510282097984]]]},"properties":{"grid":"campus","values":[9.966,6.249,9.07,9.915,1.477,12.957,0.203]}},{"type":"Feature","geometry":{"type":"Polygon","coordinates":[[[11.975269974723087,57.683520296900134],[11.975251278467045,57.68374454652561],[11.975669950173907,57.68375456003031],[11.97568864385172,57.68353031031857],[11.975269974723087,57.683520296900134]]]},"properties":{"grid":"campus","values":[9.915,5.292,8.672,10.027,0.528,12.722,0.203]}},{"type":"Feature","geometry":{"type":"Polygon","coordinates":[[[11.97568864385172,57.68353031031857],[11.975669950173907,57.68375456003031],[11.976088622157933,57.683764572151276],[11.976107313257513,57.68354032235328],[11.97568864385172,57.68353031031857]]]},"properties":{"grid":"campus","values":[11.626,0.848,8.45,9.984,0.0,12.964,0.66]}},{"type":"Feature","geometry":{"type":"Polygon","coordinates":[[[11.976107313257513,57.68354032235328],[11.976088622157933,57.683764572151276],[11.976507294419086,57.6837745828885],[11.976525982940428,57.68355033300424],[11.976107313257513,57.68354032235328]]]},"properties":{"grid":"campus","values":[12.108,1.227,8.517,10.068,0.547,13.198,2.471]}},{"type":"Feature","geometry":{"type":"Polygon","coordinates":[[[11.976525982940428,57.68355033300424],[11.976507294419086,57.6837745828885],[11.976925966957332,57.68378459224198],[11.976944652900428,57.68356034227148],[11.976525982940428,57.68355033300424]]]},"properties":{"grid":"campus","values":[14.644,8.998,8.968,10.828,5.174,14.796,17.739]}},{"type":"Feature","geometry":{"type":"Polygon","coordinates":[[[11.976944652900428,57.68356034227148],[11.976925966957332,57.68378459224198],[11.977344639772626,57.683794600211684],[11.977363323137471,57.68357035015498],[11.976944652900428,57.68356034227148]]]},"properties":{"grid":"campus","values":[14.93,9.514,8.33,10.755,5.493,15.3,19.126]}},{"type":"Feature","geometry":{"type":"Polygon","coordinates":[[[11.977363323137471,57.68357035015498],[11.977344639772626,57.683794600211684],[11.977763312864935,57.68380460679765],[11.977781993651526,57.68358035665472],[11.977363323137471,57.68357035015498]]]},"properties":{"grid":"campus","values":[14.851,6.246,2.882,9.502,3.944,17.51,15.919]}},{"type":"Feature","geometry":{"type":"Polygon","coordinates":[[[11.977781993651526,57.68358035665472],[11.977763312864935,57.68380460679765],[11.978181986234217,57.68381461199988],[11.978200664442548,57.683590361770754],[11.977781993651526,57.68358035665472]]]},"properties":{"grid":"campus","values":[14.669,6.344,3.514,9.65,4.441,17.885,15.028]}},{"type":"Feature","geometry":{"type":"Polygon","coordinates":[[[11.978200664442548,57.683590361770754],[11.978181986234217,57.68381461199988],[11.97860065988044,57.68382461581835],[11.978619335510501,57.68360036550303],[11.978200664442548,57.683590361770754]]]},"properties":{"grid":"campus","values":[12.964,10.389,13.951,12.243,10.713,18.605,10.623]}},{"type":"Feature","geometry":{"type":"Polygon","coordinates":[[[11.978619335510501,57.68360036550303],[11.97860065988044,57.68382461581835],[11.979019333803562,57.68383461825306],[11.979038006855351,57.68361036785154],[11.978619335510501,57.68360036550303]]]},"properties":{"grid":"campus","values":[12.745,10.882,15.224,12.178,11.438,18.717,10.155]}},{"type":"Feature","geometry":{"type":"Polygon","coordinates":[[[11.979038006855351,57.68361036785154],[11.979019333803562,57.68383461825306],[11.979438008003543,57.683844619304004],[11.979456678477051,57.683620368816335],[11.979038006855351,57.68361036785154]]]},"properties":{"grid":"campus","values":[12.488,10.536,14.628,9.152,10.929,18.873,10.173]}},{"type":"Feature","geometry":{"type":"Polygon","coordinates":[[[11.979456678477051,57.683620368816335],[11.979438008003543,57.683844619304004],[11.97985668248035,57.68385461897118],[11.979875350375574,57.68363036839738],[11.979456678477051,57.683620368816335]]]},"properties":{"grid":"campus","values":[12.441,10.467,14.212,9.301,9.885,18.055,10.28]}},{"type":"Feature","geometry":{"type":"Polygon","coordinates":[[[11.979875350375574,57.68363036839738],[11.97985668248035,57.68385461897118],[11.98027535723394,57.683864617254606],[11.980294022550874,57.68364036659468],[11.979875350375574,57.68363036839738]]]},"properties":{"grid":"campus","values":[12.255,10.37,11.209,13.416,2.064,11.369,11.156]}},{"type":"Feature","geometry":{"type":"Polygon","coordinates":[[[11.980294022550874,57.68364036659468],[11.98027535723394,57.683864617254606],[11.98069403226428,57.68387461415427],[11.980712695002918,57.683650363408184],[11.980294022550874,57.68364036659468]]]},"properties":{"grid":"campus","values":[12.206,10.249,10.56,13.949,1.917,10.806,11.207]}},{"type":"Feature","geometry":{"type":"Polygon","coordinates":[[[11.980712695002918,57.683650363408184],[11.98069403226428,57.68387461415427],[11.981112707571326,57.68388460967017],[11.981131367731663,57.68366035883796],[11.980712695002918,57.683650363408184]]]},"properties":{"grid":"campus","values":[12.078,9.889,9.12,14.168,9.035,12.047,10.875]}},{"type":"Feature","geometry":{"type":"Polygon","coordinates":[[[11.981131367731663,57.68366035883796],[11.981112707571326,57.68388460967017],[11.981531383155046,57.68389460380231],[11.981550040737075,57.683670352883986],[11.981131367731663,57.68366035883796]]]},"properties":{"grid":"campus","values":[11.884,9.95,9.023,13.535,9.962,11.957,10.88]}},{"type":"Feature","geometry":{"type":"Polygon","coordinates":[[[11.981550040737075,57.683670352883986],[11.981531383155046,57.68389460380231],[11.981950059015395,57.683904596550654],[11.98196871401911,57.68368034554626],[11.981550040737075,57.683670352883986]]]},"properties":{"grid":"campus","values":[10.369,10.848,9.955,8.193,10.217,9.528,11.229]}},{"type":"Feature","geometry":{"type":"Polygon","coordinates":[[[11.98196871401911,57.68368034554626],[11.981950059015395,57.683904596550654],[11.982368735152342,57.68391458791523],[11.98238738757774,57.68369033682476],[11.98196871401911,57.68368034554626]]]},"properties":{"grid":"campus","values":[10.132,10.848,9.834,7.768,10.04,9.124,11.229]}},{"type":"Feature","geometry":{"type":"Polygon","coordinates":[[[11.98238738757774,57.68369033682476],[11.982368735152342,57.68391458791523],[11.982787411565848,57.68392457789606],[11.982806061412917,57.68370032671952],[11.98238738757774,57.68369033682476]]]},"properties":{"grid":"campus","values":[9.79,9.649,7.909,9.667,8.505,8.654,10.924]}},{"type":"Feature","geometry":{"type":"Polygon","coordinates":[[[11.982806061412917,57.68370032671952],[11.982787411565848,57.68392457789606],[11.983206088255868,57.68393456649309],[11.98322473552461,57.68371031523048],[11.982806061412917,57.68370032671952]]]},"properties":{"grid":"campus","values":[10.073,8.646,8.006,8.996,8.795,7.817,11.142]}},{"type":"Feature","geometry":{"type":"Polygon","coordinates":[[[11.98322473552461,57.68371031523048],[11.983206088255868,57.68393456649309],[11.983624765222372,57.68394455370635],[11.983643409912776,57.6837203023577],[11.98322473552461,57.68371031523048]]]},"properties":{"grid":"campus","values":[12.75,1.397,10.993,1.879,12.724,0.982,13.446]}},{"type":"Feature","geometry":{"type":"Polygon","coordinates":[[[11.983643409912776,57.6837203023577],[11.983624765222372,57.68394455370635],[11.984043442465317,57.68395453953583],[11.984062084577383,57.683730288101145],[11.983643409912776,57.6837203023577]]]},"properties":{"grid":"campus","values":[13.051,0.69,10.489,1.409,13.197,0.385,13.731]}},{"type":"Feature","geometry":{"type":"Polygon","coordinates":[[[11.984062084577383,57.683730288101145],[11.984043442465317,57.68395453953583],[11.984462119984668,57.68396452398155],[11.984480759518386,57.683740272460824],[11.984062084577383,57.683730288101145]]]},"properties":{"grid":"campus","values":[12.805,2.207,3.289,4.102,12.99,1.716,13.758]}},{"type":"Feature","geometry":{"type":"Polygon","coordinates":[[[11.984480759518386,57.683740272460824],[11.984462119984668,57.68396452398155],[11.984880797780384,57.68397450704346],[11.98489943473575,57.68375025543674],[11.984480759518386,57.683740272460824]]]},"properties":{"grid":"campus","values":[12.752,2.207,3.289,4.74,13.008,1.716,13.604]}},{"type":"Feature","geometry":{"type":"Polygon","coordinates":[[[11.98489943473575,57.68375025543674],[11.984880797780384,57.68397450704346],[11.985299475852432,57.68398448872158],[11.985318110229437,57.68376023702887],[11.98489943473575,57.68375025543674]]]},"properties":{"grid":"campus","values":[12.729,0.687,9.965,6.45,13.431,0.182,12.301]}},{"type":"Feature","geometry":{"type":"Polygon","coordinates":[[[11.985318110229437,57.68376023702887],[11.985299475852432,57.68398448872158],[11.985718154200768,57.683994469015936],[11.985736785999409,57.68377021723724],[11.985318110229437,57.68376023702887]]]},"properties":{"grid":"campus","values":[12.687,0.505,10.637,6.678,13.472,0.0,12.138]}},{"type":"Feature","geometry":{"type":"Polygon","coordinates":[[[11.985736785999409,57.68377021723724],[11.985718154200768,57.683994469015936],[11.986136832825357,57.684004447926476],[11.986155462045627,57.68378019606182],[11.985736785999409,57.68377021723724]]]},"properties":{"grid":"campus","values":[12.362,0.138,9.63,7.525,13.548,0.0,12.172]}},{"type":"Feature","geometry":{"type":"Polygon","coordinates":[[[11.986574138368056,57.683790173502615],[11.986155462045627,57.68378019606182],[11.986136832825357,57.684004447926476],[11.986555511726161,57.68401442545325],[11.986574138368056,57.683790173502615]]]},"properties":{"grid":"campus","values":[12.338,0.147,9.52,7.558,13.548,0.0,12.181]}},{"type":"Feature","geometry":{"type":"Polygon","coordinates":[[[11.9702085121455,57.6838485251153],[11.970227239617492,57.683624276537884],[11.969808571517248,57.68361424504468],[11.969789841467064,57.68383849353569],[11.9702085121455,57.6838485251153]]]},"properties":{"grid":"campus","values":[12.664,11.1,14.543,8.532,10.1,13.192,12.89]}},{"type":"Feature","geometry":{"type":"Polygon","coordinates":[[[11.970227239617492,57.683624276537884],[11.9702085121455,57.6838485251153],[11.970627183101602,57.68385855531118],[11.970645907995396,57.683634306647356],[11.970227239617492,57.683624276537884]]]},"properties":{"grid":"campus","values":[12.617,11.085,14.521,8.532,9.881,13.047,12.364]}},{"type":"Feature","geometry":{"type":"Polygon","coordinates":[[[11.970645907995396,57.683634306647356],[11.970627183101602,57.68385855531118],[11.971045854335332,57.683868584123346],[11.971064576650921,57.68364433537311],[11.970645907995396,57.683634306647356]]]},"properties":{"grid":"campus","values":[12.439,11.036,14.448,8.532,9.132,12.52,10.455]}},{"type":"Feature","geometry":{"type":"Polygon","coordinates":[[[11.971064576650921,57.68364433537311],[11.971045854335332,57.683868584123346],[11.971464525846653,57.68387861155176],[11.971483245584032,57.683654362715146],[11.971064576650921,57.68364433537311]]]},"properties":{"grid":"campus","values":[12.297,11.338,12.321,8.314,8.571,12.095,9.311]}},{"type":"Feature","geometry":{"type":"Polygon","coordinates":[[[11.971483245584032,57.683654362715146],[11.971464525846653,57.68387861155176],[11.971883197635522,57.68388863759646],[11.971901914794689,57.68366438867346],[11.971483245584032,57.683654362715146]]]},"properties":{"grid":"campus","values":[12.201,11.852,8.701,7.932,8.405,11.914,9.199]}},{"type":"Feature","geometry":{"type":"Polygon","coordinates":[[[11.971901914794689,57.68366438867346],[11.971883197635522,57.68388863759646],[11.97230186970191,57.683898662257405],[11.972320584282855,57.68367441324804],[11.971901914794689,57.68366438867346]]]},"properties":{"grid":"campus","values":[12.154,11.496,7.551,7.834,8.381,12.025,6.571]}},{"type":"Feature","geometry":{"type":"Polygon","coordinates":[[[11.972320584282855,57.68367441324804],[11.97230186970191,57.683898662257405],[11.97272054204577,57.68390868553461],[11.972739254048491,57.68368443643888],[11.972320584282855,57.68367441324804]]]},"properties":{"grid":"campus","values":[12.196,10.542,9.304,7.973,8.458,12.372,2.579]}},{"type":"Feature","geometry":{"type":"Polygon","coordinates":[[[11.972739254048491,57.68368443643888],[11.97272054204577,57.68390868553461],[11.97313921466707,57.68391870742808],[11.97315792409156,57.68369445824601],[11.972739254048491,57.68368443643888]]]},"properties":{"grid":"campus","values":[12.353,9.842,8.826,8.094,7.834,12.417,1.823]}},{"type":"Feature","geometry":{"type":"Polygon","coordinates":[[[11.97315792409156,57.68369445824601],[11.97313921466707,57.68391870742808],[11.973557887565768,57.6839287279378],[11.973576594412021,57.6837044786694],[11.97315792409156,57.68369445824601]]]},"properties":{"grid":"campus","values":[12.584,9.824,6.753,8.094,6.801,12.135,4.51]}},{"type":"Feature","geometry":{"type":"Polygon","coordinates":[[[11.973576594412021,57.6837044786694],[11.973557887565768,57.6839287279378],[11.973976560741828,57.68393874706377],[11.973995265009837,57.68371449770906],[11.973576594412021,57.6837044786694]]]},"properties":{"grid":"campus","values":[12.548,10.075,7.612,8.256,7.29,12.252,4.51]}},{"type":"Feature","geometry":{"type":"Polygon","coordinates":[[[11.973995265009837,57.68371449770906],[11.973976560741828,57.68393874706377],[11.974395234195214,57.683948764806],[11.974413935884971,57.683724515364986],[11.973995265009837,57.68371449770906]]]},"properties":{"grid":"campus","values":[12.242,10.368,11.078,8.601,9.16,12.706,1.823]}},{"type":"Feature","geometry":{"type":"Polygon","coordinates":[[[11.974413935884971,57.683724515364986],[11.974395234195214,57.683948764806],[11.974813907925883,57.683958781164485],[11.974832607037387,57.68373453163718],[11.974413935884971,57.683724515364986]]]},"properties":{"grid":"campus","values":[11.712,9.979,12.841,8.941,8.967,12.834,0.572]}},{"type":"Feature","geometry":{"type":"Polygon","coordinates":[[[11.974832607037387,57.68373453163718],[11.974813907925883,57.683958781164485],[11.975232581933799,57.683968796139226],[11.975251278467045,57.68374454652561],[11.974832607037387,57.68373453163718]]]},"properties":{"grid":"campus","values":[11.23,9.011,12.148,9.203,6.943,12.609,1.567]}},{"type":"Feature","geometry":{"type":"Polygon","coordinates":[[[11.975251278467045,57.68374454652561],[11.975232581933799,57.683968796139226],[11.975651256218926,57.68397880973019],[11.975669950173907,57.68375456003031],[11.975251278467045,57.68374454652561]]]},"properties":{"grid":"campus","values":[10.928,6.955,9.66,9.491,4.078,13.25,1.567]}},{"type":"Feature","geometry":{"type":"Polygon","coordinates":[[[11.975669950173907,57.68375456003031],[11.975651256218926,57.68397880973019],[11.976069930781224,57.68398882193743],[11.976088622157933,57.683764572151276],[11.975669950173907,57.68375456003031]]]},"properties":{"grid":"campus","values":[10.904,4.719,6.174,9.689,1.487,14.684,0.572]}},{"type":"Feature","geometry":{"type":"Polygon","coordinates":[[[11.976088622157933,57.683764572151276],[11.976069930781224,57.68398882193743],[11.976488605620656,57.683998832760885],[11.976507294419086,57.6837745828885],[11.976088622157933,57.683764572151276]]]},"properties":{"grid":"campus","values":[11.794,5.358,6.474,9.768,0.804,14.993,4.591]}},{"type":"Feature","geometry":{"type":"Polygon","coordinates":[[[11.976507294419086,57.6837745828885],[11.976488605620656,57.683998832760885],[11.976907280737182,57.6840088422006],[11.976925966957332,57.68378459224198],[11.976507294419086,57.6837745828885]]]},"properties":{"grid":"campus","values":[13.178,8.556,10.456,9.674,1.988,14.005,11.874]}},{"type":"Feature","geometry":{"type":"Polygon","coordinates":[[[11.976925966957332,57.68378459224198],[11.976907280737182,57.6840088422006],[11.977325956130766,57.684018850256535],[11.977344639772626,57.683794600211684],[11.976925966957332,57.68378459224198]]]},"properties":{"grid":"campus","values":[13.948,9.192,10.741,9.64,3.243,14.231,16.256]}},{"type":"Feature","geometry":{"type":"Polygon","coordinates":[[[11.977344639772626,57.683794600211684],[11.977325956130766,57.684018850256535],[11.97774463180137,57.68402885692873],[11.977763312864935,57.68380460679765],[11.977344639772626,57.683794600211684]]]},"properties":{"grid":"campus","values":[13.794,6.896,7.506,9.704,4.118,15.414,16.059]}},{"type":"Feature","geometry":{"type":"Polygon","coordinates":[[[11.977763312864935,57.68380460679765],[11.97774463180137,57.68402885692873],[11.978163307748954,57.68403886221714],[11.978181986234217,57.68381461199988],[11.977763312864935,57.68380460679765]]]},"properties":{"grid":"campus","values":[13.4,6.992,8.401,10.551,6.486,15.857,14.317]}},{"type":"Feature","geometry":{"type":"Polygon","coordinates":[[[11.978181986234217,57.68381461199988],[11.978163307748954,57.68403886221714],[11.97858198397348,57.68404886612179],[11.97860065988044,57.68382461581835],[11.978181986234217,57.68381461199988]]]},"properties":{"grid":"campus","values":[12.941,9.416,12.946,11.905,9.539,15.298,11.83]}},{"type":"Feature","geometry":{"type":"Polygon","coordinates":[[[11.97860065988044,57.68382461581835],[11.97858198397348,57.68404886612179],[11.979000660474913,57.684058868642666],[11.979019333803562,57.68383461825306],[11.97860065988044,57.68382461581835]]]},"properties":{"grid":"campus","values":[12.572,10.85,14.168,12.27,11.456,16.112,10.286]}},{"type":"Feature","geometry":{"type":"Polygon","coordinates":[[[11.979019333803562,57.68383461825306],[11.979000660474913,57.684058868642666],[11.979419337253212,57.68406886977979],[11.979438008003543,57.683844619304004],[11.979019333803562,57.68383461825306]]]},"properties":{"grid":"campus","values":[12.477,10.73,11.247,11.577,11.456,18.045,10.267]}},{"type":"Feature","geometry":{"type":"Polygon","coordinates":[[[11.979438008003543,57.683844619304004],[11.979419337253212,57.68406886977979],[11.979838014308342,57.684078869533124],[11.97985668248035,57.68385461897118],[11.979438008003543,57.683844619304004]]]},"properties":{"grid":"campus","values":[12.076,10.551,9.782,11.111,9.689,16.67,10.546]}},{"type":"Feature","geometry":{"type":"Polygon","coordinates":[[[11.97985668248035,57.68385461897118],[11.979838014308342,57.684078869533124],[11.98025669164026,57.684088867902695],[11.98027535723394,57.683864617254606],[11.97985668248035,57.68385461897118]]]},"properties":{"grid":"campus","values":[11.491,10.387,10.316,10.933,7.022,12.666,11.01]}},{"type":"Feature","geometry":{"type":"Polygon","coordinates":[[[11.98027535723394,57.683864617254606],[11.98025669164026,57.684088867902695],[11.980675369248935,57.68409886488848],[11.98069403226428,57.68387461415427],[11.98027535723394,57.683864617254606]]]},"properties":{"grid":"campus","values":[11.364,10.289,10.186,11.331,6.989,9.101,11.209]}},{"type":"Feature","geometry":{"type":"Polygon","coordinates":[[[11.98069403226428,57.68387461415427],[11.980675369248935,57.68409886488848],[11.98109404713432,57.68410886049049],[11.981112707571326,57.68388460967017],[11.98069403226428,57.68387461415427]]]},"properties":{"grid":"campus","values":[11.747,10.331,9.682,11.993,9.655,7.119,11.071]}},{"type":"Feature","geometry":{"type":"Polygon","coordinates":[[[11.981112707571326,57.68388460967017],[11.98109404713432,57.68410886049049],[11.981512725296385,57.68411885470873],[11.981531383155046,57.68389460380231],[11.981112707571326,57.68388460967017]]]},"properties":{"grid":"campus","values":[11.49,10.515,9.294,11.189,11.146,6.911,11.063]}},{"type":"Feature","geometry":{"type":"Polygon","coordinates":[[[11.981531383155046,57.68389460380231],[11.981512725296385,57.68411885470873],[11.981931403735087,57.68412884754318],[11.981950059015395,57.683904596550654],[11.981531383155046,57.68389460380231]]]},"properties":{"grid":"campus","values":[10.737,10.769,9.16,9.377,10.711,8.568,11.185]}},{"type":"Feature","geometry":{"type":"Polygon","coordinates":[[[11.981950059015395,57.683904596550654],[11.981931403735087,57.68412884754318],[11.98235008245039,57.68413883899387],[11.982368735152342,57.68391458791523],[11.981950059015395,57.683904596550654]]]},"properties":{"grid":"campus","values":[10.418,9.933,9.063,8.592,10.538,8.689,11.307]}},{"type":"Feature","geometry":{"type":"Polygon","coordinates":[[[11.982368735152342,57.68391458791523],[11.98235008245039,57.68413883899387],[11.982768761442259,57.68414882906074],[11.982787411565848,57.68392457789606],[11.982368735152342,57.68391458791523]]]},"properties":{"grid":"campus","values":[10.708,8.222,9.076,9.203,10.743,7.403,11.399]}},{"type":"Feature","geometry":{"type":"Polygon","coordinates":[[[11.982787411565848,57.68392457789606],[11.982768761442259,57.68414882906074],[11.983187440710648,57.68415881774383],[11.983206088255868,57.68393456649309],[11.982787411565848,57.68392457789606]]]},"properties":{"grid":"campus","values":[11.159,6.623,9.545,8.413,11.181,5.363,12.079]}},{"type":"Feature","geometry":{"type":"Polygon","coordinates":[[[11.983206088255868,57.68393456649309],[11.983187440710648,57.68415881774383],[11.983606120255523,57.68416880504315],[11.983624765222372,57.68394455370635],[11.983206088255868,57.68393456649309]]]},"properties":{"grid":"campus","values":[11.542,5.943,10.31,6.69,11.626,3.427,13.086]}},{"type":"Feature","geometry":{"type":"Polygon","coordinates":[[[11.983624765222372,57.68394455370635],[11.983606120255523,57.68416880504315],[11.98402480007685,57.68417879095864],[11.984043442465317,57.68395453953583],[11.983624765222372,57.68394455370635]]]},"properties":{"grid":"campus","values":[12.084,5.57,8.094,5.635,11.933,1.835,13.796]}},{"type":"Feature","geometry":{"type":"Polygon","coordinates":[[[11.984043442465317,57.68395453953583],[11.98402480007685,57.68417879095864],[11.984443480174585,57.684188775490384],[11.984462119984668,57.68396452398155],[11.984043442465317,57.68395453953583]]]},"properties":{"grid":"campus","values":[12.526,5.88,3.666,5.704,11.838,1.234,13.915]}},{"type":"Feature","geometry":{"type":"Polygon","coordinates":[[[11.984462119984668,57.68396452398155],[11.984443480174585,57.684188775490384],[11.984862160548692,57.6841987586383],[11.984880797780384,57.68397450704346],[11.984462119984668,57.68396452398155]]]},"properties":{"grid":"campus","values":[12.9,4.45,2.19,6.172,12.256,0.663,13.752]}},{"type":"Feature","geometry":{"type":"Polygon","coordinates":[[[11.984880797780384,57.68397450704346],[11.984862160548692,57.6841987586383],[11.985280841199137,57.68420874040244],[11.985299475852432,57.68398448872158],[11.984880797780384,57.68397450704346]]]},"properties":{"grid":"campus","values":[13.131,1.649,4.045,6.665,13.07,0.268,13.41]}},{"type":"Feature","geometry":{"type":"Polygon","coordinates":[[[11.985299475852432,57.68398448872158],[11.985280841199137,57.68420874040244],[11.985699522125875,57.68421872078276],[11.985718154200768,57.683994469015936],[11.985299475852432,57.68398448872158]]]},"properties":{"grid":"campus","values":[12.905,0.0,6.662,7.481,13.548,0.0,13.159]}},{"type":"Feature","geometry":{"type":"Polygon","coordinates":[[[11.985718154200768,57.683994469015936],[11.985699522125875,57.68421872078276],[11.986118203328873,57.68422869977929],[11.986136832825357,57.684004447926476],[11.985718154200768,57.683994469015936]]]},"properties":{"grid":"campus","values":[12.297,0.0,9.1,8.318,13.548,0.0,13.129]}},{"type":"Feature","geometry":{"type":"Polygon","coordinates":[[[11.986555511726161,57.68401442545325],[11.986136832825357,57.684004447926476],[11.986118203328873,57.68422869977929],[11.986536884808089,57.68423867739202],[11.986555511726161,57.68401442545325]]]},"properties":{"grid":"campus","values":[12.125,0.0,9.761,8.556,13.548,0.0,13.125]}},{"type":"Feature","geometry":{"type":"Polygon","coordinates":[[[11.970189784395846,57.68407277368084],[11.9702085121455,57.6838485251153],[11.969789841467064,57.68383849353569],[11.96977111113918,57.68406274201479],[11.970189784395846,57.68407277368084]]]},"properties":{"grid":"campus","values":[12.761,11.112,14.568,8.535,10.288,13.3,13.45]}},{"type":"Feature","geometry":{"type":"Polygon","coordinates":[[[11.9702085121455,57.6838485251153],[11.970189784395846,57.68407277368084],[11.970608457930181,57.68408280396314],[11.970627183101602,57.68385855531118],[11.9702085121455,57.6838485251153]]]},"properties":{"grid":"campus","values":[12.714,11.107,14.567,8.535,10.193,13.179,13.016]}},{"type":"Feature","geometry":{"type":"Polygon","coordinates":[[[11.970627183101602,57.68385855531118],[11.970608457930181,57.68408280396314],[11.971027131742154,57.6840928328617],[11.971045854335332,57.683868584123346],[11.970627183101602,57.68385855531118]]]},"properties":{"grid":"campus","values":[12.048,11.053,13.795,8.455,8.905,11.516,7.347]}},{"type":"Feature","geometry":{"type":"Polygon","coordinates":[[[11.971045854335332,57.683868584123346],[11.971027131742154,57.6840928328617],[11.971445805831719,57.68410286037651],[11.971464525846653,57.68387861155176],[11.971045854335332,57.683868584123346]]]},"properties":{"grid":"campus","values":[11.899,11.096,12.467,8.315,8.691,11.326,6.55]}},{"type":"Feature","geometry":{"type":"Polygon","coordinates":[[[11.971464525846653,57.68387861155176],[11.971445805831719,57.68410286037651],[11.971864480198843,57.684112886507585],[11.971883197635522,57.68388863759646],[11.971464525846653,57.68387861155176]]]},"properties":{"grid":"campus","values":[11.274,11.603,2.521,7.134,8.169,11.291,5.501]}},{"type":"Feature","geometry":{"type":"Polygon","coordinates":[[[11.971883197635522,57.68388863759646],[11.971864480198843,57.684112886507585],[11.972283154843486,57.68412291125488],[11.97230186970191,57.683898662257405],[11.971883197635522,57.68388863759646]]]},"properties":{"grid":"campus","values":[11.309,11.803,2.107,6.903,8.043,11.297,4.955]}},{"type":"Feature","geometry":{"type":"Polygon","coordinates":[[[11.97230186970191,57.683898662257405],[11.972283154843486,57.68412291125488],[11.972701829765613,57.68413293461846],[11.97272054204577,57.68390868553461],[11.97230186970191,57.683898662257405]]]},"properties":{"grid":"campus","values":[12.151,12.622,9.146,6.273,7.584,11.414,0.456]}},{"type":"Feature","geometry":{"type":"Polygon","coordinates":[[[11.97272054204577,57.68390868553461],[11.972701829765613,57.68413293461846],[11.97312050496518,57.68414295659827],[11.97313921466707,57.68391870742808],[11.97272054204577,57.68390868553461]]]},"properties":{"grid":"campus","values":[12.252,12.763,10.057,6.182,7.498,11.415,0.0]}},{"type":"Feature","geometry":{"type":"Polygon","coordinates":[[[11.97313921466707,57.68391870742808],[11.97312050496518,57.68414295659827],[11.973539180442156,57.68415297719432],[11.973557887565768,57.6839287279378],[11.97313921466707,57.68391870742808]]]},"properties":{"grid":"campus","values":[12.346,12.808,9.235,6.182,7.012,11.333,0.829]}},{"type":"Feature","geometry":{"type":"Polygon","coordinates":[[[11.973557887565768,57.6839287279378],[11.973539180442156,57.68415297719432],[11.973957856196497,57.68416299640662],[11.973976560741828,57.68393874706377],[11.973557887565768,57.6839287279378]]]},"properties":{"grid":"campus","values":[12.295,12.584,9.538,6.432,7.285,11.336,0.829]}},{"type":"Feature","geometry":{"type":"Polygon","coordinates":[[[11.973976560741828,57.68393874706377],[11.973957856196497,57.68416299640662],[11.974376532228167,57.68417301423517],[11.974395234195214,57.683948764806],[11.973976560741828,57.68393874706377]]]},"properties":{"grid":"campus","values":[11.87,10.941,13.021,8.502,10.001,11.665,0.0]}},{"type":"Feature","geometry":{"type":"Polygon","coordinates":[[[11.974395234195214,57.683948764806],[11.974376532228167,57.68417301423517],[11.97479520853713,57.68418303067994],[11.974813907925883,57.683958781164485],[11.974395234195214,57.683948764806]]]},"properties":{"grid":"campus","values":[11.85,10.705,13.436,8.751,10.305,11.767,0.364]}},{"type":"Feature","geometry":{"type":"Polygon","coordinates":[[[11.974813907925883,57.683958781164485],[11.97479520853713,57.68418303067994],[11.975213885123345,57.68419304574096],[11.975232581933799,57.683968796139226],[11.974813907925883,57.683958781164485]]]},"properties":{"grid":"campus","values":[11.911,10.362,14.097,8.797,9.886,12.59,3.452]}},{"type":"Feature","geometry":{"type":"Polygon","coordinates":[[[11.975232581933799,57.683968796139226],[11.975213885123345,57.68419304574096],[11.975632561986775,57.68420305941821],[11.975651256218926,57.68397880973019],[11.975232581933799,57.683968796139226]]]},"properties":{"grid":"campus","values":[11.766,9.948,12.884,8.877,8.949,13.22,3.452]}},{"type":"Feature","geometry":{"type":"Polygon","coordinates":[[[11.975651256218926,57.68397880973019],[11.975632561986775,57.68420305941821],[11.976051239127383,57.68421307171169],[11.976069930781224,57.68398882193743],[11.975651256218926,57.68397880973019]]]},"properties":{"grid":"campus","values":[10.469,6.588,1.741,9.427,1.264,17.051,0.364]}},{"type":"Feature","geometry":{"type":"Polygon","coordinates":[[[11.976069930781224,57.68398882193743],[11.976051239127383,57.68421307171169],[11.97646991654513,57.6842230826214],[11.976488605620656,57.683998832760885],[11.976069930781224,57.68398882193743]]]},"properties":{"grid":"campus","values":[10.584,6.64,1.869,9.398,0.316,17.029,1.23]}},{"type":"Feature","geometry":{"type":"Polygon","coordinates":[[[11.976488605620656,57.683998832760885],[11.97646991654513,57.6842230826214],[11.976888594239977,57.684233092147345],[11.976907280737182,57.6840088422006],[11.976488605620656,57.683998832760885]]]},"properties":{"grid":"campus","values":[13.008,10.64,13.853,8.571,0.606,12.778,12.472]}},{"type":"Feature","geometry":{"type":"Polygon","coordinates":[[[11.976907280737182,57.6840088422006],[11.976888594239977,57.684233092147345],[11.977307272211888,57.684243100289514],[11.977325956130766,57.684018850256535],[11.976907280737182,57.6840088422006]]]},"properties":{"grid":"campus","values":[13.23,10.561,14.633,8.618,1.107,12.45,13.966]}},{"type":"Feature","geometry":{"type":"Polygon","coordinates":[[[11.977325956130766,57.684018850256535],[11.977307272211888,57.684243100289514],[11.977725950460822,57.684253107047915],[11.97774463180137,57.68402885692873],[11.977325956130766,57.684018850256535]]]},"properties":{"grid":"campus","values":[12.733,6.198,8.747,9.882,5.259,14.37,15.862]}},{"type":"Feature","geometry":{"type":"Polygon","coordinates":[[[11.97774463180137,57.68402885692873],[11.977725950460822,57.684253107047915],[11.978144628986744,57.68426311242253],[11.978163307748954,57.68403886221714],[11.97774463180137,57.68402885692873]]]},"properties":{"grid":"campus","values":[12.653,6.168,8.725,10.284,6.303,14.301,15.587]}},{"type":"Feature","geometry":{"type":"Polygon","coordinates":[[[11.978163307748954,57.68403886221714],[11.978144628986744,57.68426311242253],[11.978563307789617,57.684273116413394],[11.97858198397348,57.68404886612179],[11.978163307748954,57.68403886221714]]]},"properties":{"grid":"campus","values":[12.472,10.307,15.088,12.561,10.875,12.041,10.999]}},{"type":"Feature","geometry":{"type":"Polygon","coordinates":[[[11.97858198397348,57.68404886612179],[11.978563307789617,57.684273116413394],[11.978981986869398,57.68428311902043],[11.979000660474913,57.684058868642666],[11.97858198397348,57.68404886612179]]]},"properties":{"grid":"campus","values":[12.444,10.758,14.673,12.855,11.417,12.455,10.453]}},{"type":"Feature","geometry":{"type":"Polygon","coordinates":[[[11.979000660474913,57.684058868642666],[11.978981986869398,57.68428311902043],[11.979400666226052,57.68429312024371],[11.979419337253212,57.68406886977979],[11.979000660474913,57.684058868642666]]]},"properties":{"grid":"campus","values":[12.344,10.409,6.237,13.04,11.506,18.169,10.416]}},{"type":"Feature","geometry":{"type":"Polygon","coordinates":[[[11.979419337253212,57.68406886977979],[11.979400666226052,57.68429312024371],[11.979819345859543,57.68430312008321],[11.979838014308342,57.684078869533124],[11.979419337253212,57.68406886977979]]]},"properties":{"grid":"campus","values":[12.132,10.359,5.694,12.603,11.358,18.059,10.494]}},{"type":"Feature","geometry":{"type":"Polygon","coordinates":[[[11.979838014308342,57.684078869533124],[11.979819345859543,57.68430312008321],[11.980238025769829,57.684313118538924],[11.98025669164026,57.684088867902695],[11.979838014308342,57.684078869533124]]]},"properties":{"grid":"campus","values":[10.48,10.243,9.56,8.901,9.691,10.979,11.187]}},{"type":"Feature","geometry":{"type":"Polygon","coordinates":[[[11.98025669164026,57.684088867902695],[11.980238025769829,57.684313118538924],[11.980656705956871,57.684323115610844],[11.980675369248935,57.68409886488848],[11.98025669164026,57.684088867902695]]]},"properties":{"grid":"campus","values":[10.445,10.294,10.085,8.655,9.808,9.234,11.267]}},{"type":"Feature","geometry":{"type":"Polygon","coordinates":[[[11.980675369248935,57.68409886488848],[11.980656705956871,57.684323115610844],[11.981075386420638,57.684333111298976],[11.98109404713432,57.68410886049049],[11.980675369248935,57.68409886488848]]]},"properties":{"grid":"campus","values":[11.769,10.717,9.968,10.568,12.571,2.016,11.196]}},{"type":"Feature","geometry":{"type":"Polygon","coordinates":[[[11.98109404713432,57.68410886049049],[11.981075386420638,57.684333111298976],[11.981494067161085,57.68434310560332],[11.981512725296385,57.68411885470873],[11.98109404713432,57.68410886049049]]]},"properties":{"grid":"campus","values":[11.786,10.777,9.811,10.649,12.653,1.969,11.186]}},{"type":"Feature","geometry":{"type":"Polygon","coordinates":[[[11.981512725296385,57.68411885470873],[11.981494067161085,57.68434310560332],[11.981912748178177,57.684353098523864],[11.981931403735087,57.68412884754318],[11.981512725296385,57.68411885470873]]]},"properties":{"grid":"campus","values":[10.467,10.875,8.429,8.868,11.027,8.713,11.23]}},{"type":"Feature","geometry":{"type":"Polygon","coordinates":[[[11.981931403735087,57.68412884754318],[11.981912748178177,57.684353098523864],[11.982331429471875,57.684363090060614],[11.98235008245039,57.68413883899387],[11.981931403735087,57.68412884754318]]]},"properties":{"grid":"campus","values":[10.485,10.342,8.48,8.766,11.083,9.168,11.308]}},{"type":"Feature","geometry":{"type":"Polygon","coordinates":[[[11.98235008245039,57.68413883899387],[11.982331429471875,57.684363090060614],[11.982750111042142,57.684373080213575],[11.982768761442259,57.68414882906074],[11.98235008245039,57.68413883899387]]]},"properties":{"grid":"campus","values":[11.869,5.755,10.161,9.494,12.859,5.588,11.916]}},{"type":"Feature","geometry":{"type":"Polygon","coordinates":[[[11.982768761442259,57.68414882906074],[11.982750111042142,57.684373080213575],[11.983168792888941,57.684383068982726],[11.983187440710648,57.68415881774383],[11.982768761442259,57.68414882906074]]]},"properties":{"grid":"campus","values":[11.891,5.675,10.369,9.619,12.867,5.072,12.145]}},{"type":"Feature","geometry":{"type":"Polygon","coordinates":[[[11.983187440710648,57.68415881774383],[11.983168792888941,57.684383068982726],[11.983587475012229,57.68439305636807],[11.983606120255523,57.68416880504315],[11.983187440710648,57.68415881774383]]]},"properties":{"grid":"campus","values":[10.946,8.838,9.858,9.711,11.29,3.958,13.621]}},{"type":"Feature","geometry":{"type":"Polygon","coordinates":[[[11.983606120255523,57.68416880504315],[11.983587475012229,57.68439305636807],[11.98400615741197,57.684403042369624],[11.98402480007685,57.68417879095864],[11.983606120255523,57.68416880504315]]]},"properties":{"grid":"campus","values":[11.01,9.263,8.916,9.479,11.043,3.502,13.807]}},{"type":"Feature","geometry":{"type":"Polygon","coordinates":[[[11.98402480007685,57.68417879095864],[11.98400615741197,57.684403042369624],[11.98442484008813,57.68441302698739],[11.984443480174585,57.684188775490384],[11.98402480007685,57.68417879095864]]]},"properties":{"grid":"campus","values":[12.646,8.854,1.034,7.185,10.903,0.456,14.113]}},{"type":"Feature","geometry":{"type":"Polygon","coordinates":[[[11.984443480174585,57.684188775490384],[11.98442484008813,57.68441302698739],[11.984843523040666,57.684423010221316],[11.984862160548692,57.6841987586383],[11.984443480174585,57.684188775490384]]]},"properties":{"grid":"campus","values":[12.933,7.943,0.092,6.885,11.152,0.092,14.154]}},{"type":"Feature","geometry":{"type":"Polygon","coordinates":[[[11.984862160548692,57.6841987586383],[11.984843523040666,57.684423010221316],[11.985262206269544,57.68443299207146],[11.985280841199137,57.68420874040244],[11.984862160548692,57.6841987586383]]]},"properties":{"grid":"campus","values":[13.448,0.881,0.524,7.0,13.272,0.0,13.869]}},{"type":"Feature","geometry":{"type":"Polygon","coordinates":[[[11.985280841199137,57.68420874040244],[11.985262206269544,57.68443299207146],[11.985680889774724,57.68444297253778],[11.985699522125875,57.68421872078276],[11.985280841199137,57.68420874040244]]]},"properties":{"grid":"campus","values":[13.343,0.0,1.563,7.306,13.538,0.0,13.862]}},{"type":"Feature","geometry":{"type":"Polygon","coordinates":[[[11.985699522125875,57.68421872078276],[11.985680889774724,57.68444297253778],[11.986099573556167,57.68445295162028],[11.986118203328873,57.68422869977929],[11.985699522125875,57.68421872078276]]]},"properties":{"grid":"campus","values":[11.986,0.0,10.268,9.732,13.548,0.0,14.058]}},{"type":"Feature","geometry":{"type":"Polygon","coordinates":[[[11.986536884808089,57.68423867739202],[11.986118203328873,57.68422869977929],[11.986099573556167,57.68445295162028],[11.986518257613836,57.68446292931897],[11.986536884808089,57.68423867739202]]]},"properties":{"grid":"campus","values":[11.88,0.0,10.904,9.901,13.548,0.0,14.051]}},{"type":"Feature","geometry":{"type":"Polygon","coordinates":[[[11.97017105636852,57.684297022234475],[11.970189784395846,57.68407277368084],[11.96977111113918,57.68406274201479],[11.969752380533583,57.684286990482015],[11.97017105636852,57.684297022234475]]]},"properties":{"grid":"campus","values":[12.662,11.144,13.485,8.44,10.225,13.26,13.069]}},{"type":"Feature","geometry":{"type":"Polygon","coordinates":[[[11.970189784395846,57.68407277368084],[11.97017105636852,57.684297022234475],[11.970589732481129,57.68430705260319],[11.970608457930181,57.68408280396314],[11.970189784395846,57.68407277368084]]]},"properties":{"grid":"campus","values":[12.527,11.17,12.484,8.332,10.121,12.953,12.476]}},{"type":"Feature","geometry":{"type":"Polygon","coordinates":[[[11.970608457930181,57.68408280396314],[11.970589732481129,57.68430705260319],[11.971008408871379,57.684317081588155],[11.971027131742154,57.6840928328617],[11.970608457930181,57.68408280396314]]]},"properties":{"grid":"campus","values":[12.057,11.269,8.853,7.939,9.79,11.902,10.53]}},{"type":"Feature","geometry":{"type":"Polygon","coordinates":[[[11.971027131742154,57.6840928328617],[11.971008408871379,57.684317081588155],[11.97142708553923,57.68432710918937],[11.971445805831719,57.68410286037651],[11.971027131742154,57.6840928328617]]]},"properties":{"grid":"campus","values":[11.429,11.415,6.344,7.293,9.359,11.196,8.107]}},{"type":"Feature","geometry":{"type":"Polygon","coordinates":[[[11.971445805831719,57.68410286037651],[11.97142708553923,57.68432710918937],[11.971845762484644,57.68433713540682],[11.971864480198843,57.684112886507585],[11.971445805831719,57.68410286037651]]]},"properties":{"grid":"campus","values":[10.865,11.554,6.128,6.618,9.025,11.093,6.146]}},{"type":"Feature","geometry":{"type":"Polygon","coordinates":[[[11.971864480198843,57.684112886507585],[11.971845762484644,57.68433713540682],[11.972264439707585,57.684347160240506],[11.972283154843486,57.68412291125488],[11.971864480198843,57.684112886507585]]]},"properties":{"grid":"campus","values":[10.846,11.783,7.043,6.064,8.712,11.116,3.616]}},{"type":"Feature","geometry":{"type":"Polygon","coordinates":[[[11.972283154843486,57.68412291125488],[11.972264439707585,57.684347160240506],[11.972683117208012,57.68435718369043],[11.972701829765613,57.68413293461846],[11.972283154843486,57.68412291125488]]]},"properties":{"grid":"campus","values":[11.364,11.965,9.017,5.867,8.55,11.258,1.384]}},{"type":"Feature","geometry":{"type":"Polygon","coordinates":[[[11.972701829765613,57.68413293461846],[11.972683117208012,57.68435718369043],[11.973101794985888,57.68436720575659],[11.97312050496518,57.68414295659827],[11.972701829765613,57.68413293461846]]]},"properties":{"grid":"campus","values":[11.896,12.369,9.404,5.733,8.129,11.293,0.572]}},{"type":"Feature","geometry":{"type":"Polygon","coordinates":[[[11.97312050496518,57.68414295659827],[11.973101794985888,57.68436720575659],[11.973520473041175,57.68437722643897],[11.973539180442156,57.68415297719432],[11.97312050496518,57.68414295659827]]]},"properties":{"grid":"campus","values":[12.266,12.837,7.744,5.733,7.591,11.211,1.567]}},{"type":"Feature","geometry":{"type":"Polygon","coordinates":[[[11.973539180442156,57.68415297719432],[11.973520473041175,57.68437722643897],[11.973939151373834,57.6843872457376],[11.973957856196497,57.68416299640662],[11.973539180442156,57.68415297719432]]]},"properties":{"grid":"campus","values":[12.371,12.432,8.571,6.57,8.113,11.737,1.567]}},{"type":"Feature","geometry":{"type":"Polygon","coordinates":[[[11.973957856196497,57.68416299640662],[11.973939151373834,57.6843872457376],[11.97435782998383,57.68439726365246],[11.974376532228167,57.68417301423517],[11.973957856196497,57.68416299640662]]]},"properties":{"grid":"campus","values":[12.205,11.347,11.552,7.929,9.453,12.733,0.572]}},{"type":"Feature","geometry":{"type":"Polygon","coordinates":[[[11.974376532228167,57.68417301423517],[11.97435782998383,57.68439726365246],[11.974776508871123,57.68440728018353],[11.97479520853713,57.68418303067994],[11.974376532228167,57.68417301423517]]]},"properties":{"grid":"campus","values":[12.072,10.696,13.499,8.76,10.229,13.894,1.107]}},{"type":"Feature","geometry":{"type":"Polygon","coordinates":[[[11.97479520853713,57.68418303067994],[11.974776508871123,57.68440728018353],[11.975195188035675,57.68441729533083],[11.975213885123345,57.68419304574096],[11.97479520853713,57.68418303067994]]]},"properties":{"grid":"campus","values":[12.014,10.739,13.748,8.75,10.121,14.88,2.893]}},{"type":"Feature","geometry":{"type":"Polygon","coordinates":[[[11.975213885123345,57.68419304574096],[11.975195188035675,57.68441729533083],[11.975613867477447,57.68442730909435],[11.975632561986775,57.68420305941821],[11.975213885123345,57.68419304574096]]]},"properties":{"grid":"campus","values":[11.616,10.283,10.057,8.613,8.162,15.231,2.893]}},{"type":"Feature","geometry":{"type":"Polygon","coordinates":[[[11.975632561986775,57.68420305941821],[11.975613867477447,57.68442730909435],[11.976032547196404,57.68443732147408],[11.976051239127383,57.68421307171169],[11.975632561986775,57.68420305941821]]]},"properties":{"grid":"campus","values":[11.037,9.609,3.859,8.353,5.227,14.609,1.107]}},{"type":"Feature","geometry":{"type":"Polygon","coordinates":[[[11.976051239127383,57.68421307171169],[11.976032547196404,57.68443732147408],[11.976451227192504,57.68444733247005],[11.97646991654513,57.6842230826214],[11.976051239127383,57.68421307171169]]]},"properties":{"grid":"campus","values":[11.127,9.79,3.456,8.059,3.367,13.566,3.48]}},{"type":"Feature","geometry":{"type":"Polygon","coordinates":[[[11.97646991654513,57.6842230826214],[11.976451227192504,57.68444733247005],[11.976869907465707,57.68445734208226],[11.976888594239977,57.684233092147345],[11.97646991654513,57.6842230826214]]]},"properties":{"grid":"campus","values":[11.817,10.759,8.902,7.819,3.436,12.38,9.057]}},{"type":"Feature","geometry":{"type":"Polygon","coordinates":[[[11.976888594239977,57.684233092147345],[11.976869907465707,57.68445734208226],[11.977288588015984,57.68446735031063],[11.977307272211888,57.684243100289514],[11.976888594239977,57.684233092147345]]]},"properties":{"grid":"campus","values":[12.201,10.645,10.762,8.179,5.062,11.943,12.987]}},{"type":"Feature","geometry":{"type":"Polygon","coordinates":[[[11.977307272211888,57.684243100289514],[11.977288588015984,57.68446735031063],[11.97770726884329,57.68447735715524],[11.977725950460822,57.684253107047915],[11.977307272211888,57.684243100289514]]]},"properties":{"grid":"campus","values":[12.093,9.51,8.249,9.028,7.627,12.496,13.667]}},{"type":"Feature","geometry":{"type":"Polygon","coordinates":[[[11.977725950460822,57.684253107047915],[11.97770726884329,57.68447735715524],[11.97812594994759,57.684487362616075],[11.978144628986744,57.68426311242253],[11.977725950460822,57.684253107047915]]]},"properties":{"grid":"campus","values":[12.124,9.376,9.142,10.423,9.76,12.44,13.089]}},{"type":"Feature","geometry":{"type":"Polygon","coordinates":[[[11.978144628986744,57.68426311242253],[11.97812594994759,57.684487362616075],[11.978544631328841,57.6844973666931],[11.978563307789617,57.684273116413394],[11.978144628986744,57.68426311242253]]]},"properties":{"grid":"campus","values":[12.32,10.291,13.218,11.846,10.5,11.815,11.511]}},{"type":"Feature","geometry":{"type":"Polygon","coordinates":[[[11.978563307789617,57.684273116413394],[11.978544631328841,57.6844973666931],[11.978963312987009,57.68450736938636],[11.978981986869398,57.68428311902043],[11.978563307789617,57.684273116413394]]]},"properties":{"grid":"campus","values":[12.445,10.86,14.204,12.752,11.298,12.759,10.526]}},{"type":"Feature","geometry":{"type":"Polygon","coordinates":[[[11.978981986869398,57.68428311902043],[11.978963312987009,57.68450736938636],[11.979381994922058,57.68451737069579],[11.979400666226052,57.68429312024371],[11.978981986869398,57.68428311902043]]]},"properties":{"grid":"campus","values":[12.478,10.758,12.008,12.793,11.734,14.864,10.604]}},{"type":"Feature","geometry":{"type":"Polygon","coordinates":[[[11.979400666226052,57.68429312024371],[11.979381994922058,57.68451737069579],[11.979800677133946,57.68452737062144],[11.979819345859543,57.68430312008321],[11.979400666226052,57.68429312024371]]]},"properties":{"grid":"campus","values":[12.021,10.577,11.042,11.777,11.864,14.471,10.687]}},{"type":"Feature","geometry":{"type":"Polygon","coordinates":[[[11.979819345859543,57.68430312008321],[11.979800677133946,57.68452737062144],[11.980219359622637,57.68453736916331],[11.980238025769829,57.684313118538924],[11.979819345859543,57.68430312008321]]]},"properties":{"grid":"campus","values":[11.276,10.385,11.771,10.139,11.712,11.726,10.723]}},{"type":"Feature","geometry":{"type":"Polygon","coordinates":[[[11.980238025769829,57.684313118538924],[11.980219359622637,57.68453736916331],[11.980638042388092,57.684547366321354],[11.980656705956871,57.684323115610844],[11.980238025769829,57.684313118538924]]]},"properties":{"grid":"campus","values":[11.143,10.356,12.308,9.46,12.589,8.588,10.755]}},{"type":"Feature","geometry":{"type":"Polygon","coordinates":[[[11.980656705956871,57.684323115610844],[11.980638042388092,57.684547366321354],[11.981056725430273,57.68455736209561],[11.981075386420638,57.684333111298976],[11.980656705956871,57.684323115610844]]]},"properties":{"grid":"campus","values":[11.67,10.48,12.308,10.012,14.224,6.556,10.744]}},{"type":"Feature","geometry":{"type":"Polygon","coordinates":[[[11.981075386420638,57.684333111298976],[11.981056725430273,57.68455736209561],[11.981475408749143,57.68456735648606],[11.981494067161085,57.68434310560332],[11.981075386420638,57.684333111298976]]]},"properties":{"grid":"campus","values":[11.587,10.62,11.48,9.593,14.407,6.339,10.872]}},{"type":"Feature","geometry":{"type":"Polygon","coordinates":[[[11.981494067161085,57.68434310560332],[11.981475408749143,57.68456735648606],[11.98189409234466,57.6845773494927],[11.981912748178177,57.684353098523864],[11.981494067161085,57.68434310560332]]]},"properties":{"grid":"campus","values":[10.909,10.718,10.099,8.28,13.06,8.011,11.11]}},{"type":"Feature","geometry":{"type":"Polygon","coordinates":[[[11.981912748178177,57.684353098523864],[11.98189409234466,57.6845773494927],[11.982312776216792,57.68458734111554],[11.982331429471875,57.684363090060614],[11.981912748178177,57.684353098523864]]]},"properties":{"grid":"campus","values":[11.047,9.175,10.042,8.045,12.565,8.012,11.321]}},{"type":"Feature","geometry":{"type":"Polygon","coordinates":[[[11.982331429471875,57.684363090060614],[11.982312776216792,57.68458734111554],[11.982731460365496,57.68459733135456],[11.982750111042142,57.684373080213575],[11.982331429471875,57.684363090060614]]]},"properties":{"grid":"campus","values":[11.958,6.6,11.301,8.99,13.029,6.159,11.419]}},{"type":"Feature","geometry":{"type":"Polygon","coordinates":[[[11.982750111042142,57.684373080213575],[11.982731460365496,57.68459733135456],[11.98315014479074,57.68460732020977],[11.983168792888941,57.684383068982726],[11.982750111042142,57.684373080213575]]]},"properties":{"grid":"campus","values":[12.333,5.671,10.13,9.645,13.009,4.866,12.217]}},{"type":"Feature","geometry":{"type":"Polygon","coordinates":[[[11.983168792888941,57.684383068982726],[11.98315014479074,57.68460732020977],[11.983568829492476,57.68461730768117],[11.983587475012229,57.68439305636807],[11.983168792888941,57.684383068982726]]]},"properties":{"grid":"campus","values":[12.065,6.66,6.749,9.792,12.509,4.669,13.418]}},{"type":"Feature","geometry":{"type":"Polygon","coordinates":[[[11.983587475012229,57.68439305636807],[11.983568829492476,57.68461730768117],[11.983987514470677,57.68462729376876],[11.98400615741197,57.684403042369624],[11.983587475012229,57.68439305636807]]]},"properties":{"grid":"campus","values":[12.262,6.57,3.424,9.087,12.145,3.284,14.153]}},{"type":"Feature","geometry":{"type":"Polygon","coordinates":[[[11.98400615741197,57.684403042369624],[11.983987514470677,57.68462729376876],[11.984406199725298,57.684637278472536],[11.98442484008813,57.68441302698739],[11.98400615741197,57.684403042369624]]]},"properties":{"grid":"campus","values":[12.847,5.258,1.384,7.804,12.11,1.25,14.16]}},{"type":"Feature","geometry":{"type":"Polygon","coordinates":[[[11.98442484008813,57.68441302698739],[11.984406199725298,57.684637278472536],[11.984824885256302,57.68464726179249],[11.984843523040666,57.684423010221316],[11.98442484008813,57.68441302698739]]]},"properties":{"grid":"campus","values":[12.986,3.203,0.0,7.0,12.477,0.0,13.594]}},{"type":"Feature","geometry":{"type":"Polygon","coordinates":[[[11.984843523040666,57.684423010221316],[11.984824885256302,57.68464726179249],[11.98524357106365,57.68465724372862],[11.985262206269544,57.68443299207146],[11.984843523040666,57.684423010221316]]]},"properties":{"grid":"campus","values":[12.53,1.295,0.0,7.0,13.051,0.0,12.587]}},{"type":"Feature","geometry":{"type":"Polygon","coordinates":[[[11.985262206269544,57.68443299207146],[11.98524357106365,57.68465724372862],[11.98566225714731,57.68466722428094],[11.985680889774724,57.68444297253778],[11.985262206269544,57.68443299207146]]]},"properties":{"grid":"campus","values":[12.405,0.0,3.156,7.451,13.47,0.0,12.715]}},{"type":"Feature","geometry":{"type":"Polygon","coordinates":[[[11.985680889774724,57.68444297253778],[11.98566225714731,57.68466722428094],[11.986080943507236,57.68467720344942],[11.986099573556167,57.68445295162028],[11.985680889774724,57.68444297253778]]]},"properties":{"grid":"campus","values":[12.687,0.0,8.244,8.115,13.519,0.0,13.946]}},{"type":"Feature","geometry":{"type":"Polygon","coordinates":[[[11.986518257613836,57.68446292931897],[11.986099573556167,57.68445295162028],[11.986080943507236,57.68467720344942],[11.986499630143395,57.68468718123408],[11.986518257613836,57.68446292931897]]]},"properties":{"grid":"campus","values":[12.754,0.0,9.731,8.316,13.533,0.0,14.287]}},{"type":"Feature","geometry":{"type":"Polygon","coordinates":[[[11.970152328063513,57.684521270776244],[11.97017105636852,57.684297022234475],[11.969752380533583,57.684286990482015],[11.969733649650275,57.684511238937354],[11.970152328063513,57.684521270776244]]]},"properties":{"grid":"campus","values":[12.743,11.14,13.816,8.437,10.414,13.577,13.839]}},{"type":"Feature","geometry":{"type":"Polygon","coordinates":[[[11.97017105636852,57.684297022234475],[11.970152328063513,57.684521270776244],[11.970571006754435,57.68453130123137],[11.970589732481129,57.68430705260319],[11.97017105636852,57.684297022234475]]]},"properties":{"grid":"campus","values":[12.677,11.166,13.011,8.353,10.41,13.443,13.737]}},{"type":"Feature","geometry":{"type":"Polygon","coordinates":[[[11.970589732481129,57.68430705260319],[11.970571006754435,57.68453130123137],[11.970989685723001,57.68454133030274],[11.971008408871379,57.684317081588155],[11.970589732481129,57.68430705260319]]]},"properties":{"grid":"campus","values":[11.783,11.527,2.509,7.138,10.435,11.505,11.947]}},{"type":"Feature","geometry":{"type":"Polygon","coordinates":[[[11.971008408871379,57.684317081588155],[11.970989685723001,57.68454133030274],[11.971408364969177,57.68455135799035],[11.97142708553923,57.68432710918937],[11.971008408871379,57.684317081588155]]]},"properties":{"grid":"campus","values":[11.522,11.58,2.154,6.858,10.361,11.233,11.149]}},{"type":"Feature","geometry":{"type":"Polygon","coordinates":[[[11.97142708553923,57.68432710918937],[11.971408364969177,57.68455135799035],[11.97182704449292,57.68456138429418],[11.971845762484644,57.68433713540682],[11.97142708553923,57.68432710918937]]]},"properties":{"grid":"campus","values":[10.338,11.617,9.079,6.136,9.817,10.922,5.392]}},{"type":"Feature","geometry":{"type":"Polygon","coordinates":[[[11.971845762484644,57.68433713540682],[11.97182704449292,57.68456138429418],[11.972245724294194,57.68457140921424],[11.972264439707585,57.684347160240506],[11.971845762484644,57.68433713540682]]]},"properties":{"grid":"campus","values":[10.293,11.576,10.051,6.0,9.735,10.932,4.291]}},{"type":"Feature","geometry":{"type":"Polygon","coordinates":[[[11.972264439707585,57.684347160240506],[11.972245724294194,57.68457140921424],[11.972664404372962,57.68458143275051],[11.972683117208012,57.68435718369043],[11.972264439707585,57.684347160240506]]]},"properties":{"grid":"campus","values":[11.257,11.235,10.511,5.599,9.705,11.325,0.456]}},{"type":"Feature","geometry":{"type":"Polygon","coordinates":[[[11.972683117208012,57.68435718369043],[11.972664404372962,57.68458143275051],[11.973083084729183,57.684591454903014],[11.973101794985888,57.68436720575659],[11.972683117208012,57.68435718369043]]]},"properties":{"grid":"campus","values":[11.501,11.362,9.903,5.599,9.516,11.346,0.364]}},{"type":"Feature","geometry":{"type":"Polygon","coordinates":[[[11.973101794985888,57.68436720575659],[11.973083084729183,57.684591454903014],[11.973501765362823,57.68460147567175],[11.973520473041175,57.68437722643897],[11.973101794985888,57.68436720575659]]]},"properties":{"grid":"campus","values":[12.501,12.896,4.934,5.599,7.686,11.198,3.248]}},{"type":"Feature","geometry":{"type":"Polygon","coordinates":[[[11.973520473041175,57.68437722643897],[11.973501765362823,57.68460147567175],[11.97392044627384,57.684611495056686],[11.973939151373834,57.6843872457376],[11.973520473041175,57.68437722643897]]]},"properties":{"grid":"campus","values":[12.616,12.849,5.178,5.898,7.762,11.53,3.248]}},{"type":"Feature","geometry":{"type":"Polygon","coordinates":[[[11.973939151373834,57.6843872457376],[11.97392044627384,57.684611495056686],[11.974339127462198,57.68462151305785],[11.97435782998383,57.68439726365246],[11.973939151373834,57.6843872457376]]]},"properties":{"grid":"campus","values":[12.385,10.963,12.328,8.376,10.037,14.4,0.618]}},{"type":"Feature","geometry":{"type":"Polygon","coordinates":[[[11.97435782998383,57.68439726365246],[11.974339127462198,57.68462151305785],[11.97475780892786,57.68463152967523],[11.974776508871123,57.68440728018353],[11.97435782998383,57.68439726365246]]]},"properties":{"grid":"campus","values":[12.318,10.77,13.18,8.673,10.247,15.045,0.618]}},{"type":"Feature","geometry":{"type":"Polygon","coordinates":[[[11.974776508871123,57.68440728018353],[11.97475780892786,57.68463152967523],[11.975176490670785,57.684641544908814],[11.975195188035675,57.68441729533083],[11.974776508871123,57.68440728018353]]]},"properties":{"grid":"campus","values":[11.898,10.915,13.231,8.593,9.841,17.233,3.737]}},{"type":"Feature","geometry":{"type":"Polygon","coordinates":[[[11.975195188035675,57.68441729533083],[11.975176490670785,57.684641544908814],[11.975595172690937,57.68465155875862],[11.975613867477447,57.68442730909435],[11.975195188035675,57.68441729533083]]]},"properties":{"grid":"campus","values":[11.779,11.012,12.015,8.431,9.47,16.867,3.737]}},{"type":"Feature","geometry":{"type":"Polygon","coordinates":[[[11.975613867477447,57.68442730909435],[11.975595172690937,57.68465155875862],[11.976013854988278,57.68466157122462],[11.976032547196404,57.68443732147408],[11.975613867477447,57.68442730909435]]]},"properties":{"grid":"campus","values":[11.128,11.358,1.709,7.281,6.43,12.0,0.968]}},{"type":"Feature","geometry":{"type":"Polygon","coordinates":[[[11.976032547196404,57.68443732147408],[11.976013854988278,57.68466157122462],[11.97643253756277,57.68467158230684],[11.976451227192504,57.68444733247005],[11.976032547196404,57.68443732147408]]]},"properties":{"grid":"campus","values":[11.077,11.425,1.331,7.121,6.133,11.356,1.67]}},{"type":"Feature","geometry":{"type":"Polygon","coordinates":[[[11.976451227192504,57.68444733247005],[11.97643253756277,57.68467158230684],[11.976851220414373,57.68468159200527],[11.976869907465707,57.68445734208226],[11.976451227192504,57.68444733247005]]]},"properties":{"grid":"campus","values":[11.486,11.658,8.71,7.039,6.545,11.031,10.724]}},{"type":"Feature","geometry":{"type":"Polygon","coordinates":[[[11.976869907465707,57.68445734208226],[11.976851220414373,57.68468159200527],[11.97726990354305,57.6846916003199],[11.977288588015984,57.68446735031063],[11.976869907465707,57.68445734208226]]]},"properties":{"grid":"campus","values":[11.522,11.659,9.166,7.225,7.112,11.06,11.83]}},{"type":"Feature","geometry":{"type":"Polygon","coordinates":[[[11.977288588015984,57.68446735031063],[11.97726990354305,57.6846916003199],[11.977688586948764,57.68470160725071],[11.97770726884329,57.68447735715524],[11.977288588015984,57.68446735031063]]]},"properties":{"grid":"campus","values":[11.588,11.386,5.748,8.801,11.699,11.289,12.206]}},{"type":"Feature","geometry":{"type":"Polygon","coordinates":[[[11.97770726884329,57.68447735715524],[11.977688586948764,57.68470160725071],[11.978107270631478,57.684711612797756],[11.97812594994759,57.684487362616075],[11.97770726884329,57.68447735715524]]]},"properties":{"grid":"campus","values":[11.684,11.33,6.337,9.314,12.081,11.318,12.095]}},{"type":"Feature","geometry":{"type":"Polygon","coordinates":[[[11.97812594994759,57.684487362616075],[11.978107270631478,57.684711612797756],[11.978525954591152,57.68472161696097],[11.978544631328841,57.6844973666931],[11.97812594994759,57.684487362616075]]]},"properties":{"grid":"campus","values":[12.292,11.261,14.246,12.239,11.035,11.319,10.736]}},{"type":"Feature","geometry":{"type":"Polygon","coordinates":[[[11.978544631328841,57.6844973666931],[11.978525954591152,57.68472161696097],[11.978944638827745,57.68473161974038],[11.978963312987009,57.68450736938636],[11.978544631328841,57.6844973666931]]]},"properties":{"grid":"campus","values":[12.399,11.2,15.263,12.541,11.035,11.532,10.62]}},{"type":"Feature","geometry":{"type":"Polygon","coordinates":[[[11.978963312987009,57.68450736938636],[11.978944638827745,57.68473161974038],[11.979363323341223,57.68474162113601],[11.979381994922058,57.68451737069579],[11.978963312987009,57.68450736938636]]]},"properties":{"grid":"campus","values":[12.73,11.159,14.945,12.738,12.314,13.551,10.868]}},{"type":"Feature","geometry":{"type":"Polygon","coordinates":[[[11.979381994922058,57.68451737069579],[11.979363323341223,57.68474162113601],[11.97978200813155,57.68475162114781],[11.979800677133946,57.68452737062144],[11.979381994922058,57.68451737069579]]]},"properties":{"grid":"campus","values":[12.637,11.09,14.838,12.5,12.535,13.404,10.848]}},{"type":"Feature","geometry":{"type":"Polygon","coordinates":[[[11.979800677133946,57.68452737062144],[11.97978200813155,57.68475162114781],[11.980200693198682,57.684761619775806],[11.980219359622637,57.68453736916331],[11.979800677133946,57.68452737062144]]]},"properties":{"grid":"campus","values":[11.491,10.376,14.474,10.147,12.788,9.655,10.401]}},{"type":"Feature","geometry":{"type":"Polygon","coordinates":[[[11.980219359622637,57.68453736916331],[11.980200693198682,57.684761619775806],[11.980619378542585,57.68477161702],[11.980638042388092,57.684547366321354],[11.980219359622637,57.68453736916331]]]},"properties":{"grid":"campus","values":[11.439,10.31,14.324,9.944,13.238,9.29,10.347]}},{"type":"Feature","geometry":{"type":"Polygon","coordinates":[[[11.980638042388092,57.684547366321354],[11.980619378542585,57.68477161702],[11.981038064163219,57.68478161288038],[11.981056725430273,57.68455736209561],[11.980638042388092,57.684547366321354]]]},"properties":{"grid":"campus","values":[11.987,10.337,14.326,10.151,16.571,9.261,10.317]}},{"type":"Feature","geometry":{"type":"Polygon","coordinates":[[[11.981056725430273,57.68455736209561],[11.981038064163219,57.68478161288038],[11.981456750060548,57.68479160735693],[11.981475408749143,57.68456735648606],[11.981056725430273,57.68455736209561]]]},"properties":{"grid":"campus","values":[11.917,10.37,13.945,9.808,16.611,9.167,10.408]}},{"type":"Feature","geometry":{"type":"Polygon","coordinates":[[[11.981475408749143,57.68456735648606],[11.981456750060548,57.68479160735693],[11.981875436234533,57.68480160044965],[11.98189409234466,57.6845773494927],[11.981475408749143,57.68456735648606]]]},"properties":{"grid":"campus","values":[10.741,10.663,10.49,6.727,13.79,8.919,11.319]}},{"type":"Feature","geometry":{"type":"Polygon","coordinates":[[[11.98189409234466,57.6845773494927],[11.981875436234533,57.68480160044965],[11.982294122685136,57.68481159215859],[11.982312776216792,57.68458734111554],[11.98189409234466,57.6845773494927]]]},"properties":{"grid":"campus","values":[10.812,10.179,10.405,6.673,13.422,8.492,11.38]}},{"type":"Feature","geometry":{"type":"Polygon","coordinates":[[[11.982312776216792,57.68458734111554],[11.982294122685136,57.68481159215859],[11.982712809412318,57.6848215824837],[11.982731460365496,57.68459733135456],[11.982312776216792,57.68458734111554]]]},"properties":{"grid":"campus","values":[12.629,5.684,13.14,9.078,13.38,5.087,11.027]}},{"type":"Feature","geometry":{"type":"Polygon","coordinates":[[[11.982731460365496,57.68459733135456],[11.982712809412318,57.6848215824837],[11.983131496416041,57.68483157142497],[11.98315014479074,57.68460732020977],[11.982731460365496,57.68459733135456]]]},"properties":{"grid":"campus","values":[12.847,5.167,12.198,9.378,13.36,4.746,11.321]}},{"type":"Feature","geometry":{"type":"Polygon","coordinates":[[[11.98315014479074,57.68460732020977],[11.983131496416041,57.68483157142497],[11.983550183696268,57.68484155898243],[11.983568829492476,57.68461730768117],[11.98315014479074,57.68460732020977]]]},"properties":{"grid":"campus","values":[12.81,5.23,1.916,9.58,13.232,5.174,13.963]}},{"type":"Feature","geometry":{"type":"Polygon","coordinates":[[[11.983568829492476,57.68461730768117],[11.983550183696268,57.68484155898243],[11.983968871252962,57.684851545156036],[11.983987514470677,57.68462729376876],[11.983568829492476,57.68461730768117]]]},"properties":{"grid":"campus","values":[12.876,4.775,0.678,9.348,13.232,4.718,14.257]}},{"type":"Feature","geometry":{"type":"Polygon","coordinates":[[[11.983987514470677,57.68462729376876],[11.983968871252962,57.684851545156036],[11.98438755908608,57.684861529945834],[11.984406199725298,57.684637278472536],[11.983987514470677,57.68462729376876]]]},"properties":{"grid":"campus","values":[13.506,1.617,0.615,7.595,13.221,0.456,14.202]}},{"type":"Feature","geometry":{"type":"Polygon","coordinates":[[[11.984406199725298,57.684637278472536],[11.98438755908608,57.684861529945834],[11.98480624719559,57.6848715133518],[11.984824885256302,57.68464726179249],[11.984406199725298,57.684637278472536]]]},"properties":{"grid":"campus","values":[13.324,1.162,0.615,7.363,13.221,0.0,13.804]}},{"type":"Feature","geometry":{"type":"Polygon","coordinates":[[[11.984824885256302,57.68464726179249],[11.98480624719559,57.6848715133518],[11.985224935581453,57.684881495373936],[11.98524357106365,57.68465724372862],[11.984824885256302,57.68464726179249]]]},"properties":{"grid":"campus","values":[11.476,0.0,0.0,7.0,13.358,0.482,10.886]}},{"type":"Feature","geometry":{"type":"Polygon","coordinates":[[[11.98524357106365,57.68465724372862],[11.985224935581453,57.684881495373936],[11.985643624243625,57.68489147601225],[11.98566225714731,57.68466722428094],[11.98524357106365,57.68465724372862]]]},"properties":{"grid":"campus","values":[11.495,0.0,1.039,7.0,13.376,0.482,10.974]}},{"type":"Feature","geometry":{"type":"Polygon","coordinates":[[[11.98566225714731,57.68466722428094],[11.985643624243625,57.68489147601225],[11.986062313182076,57.68490145526671],[11.986080943507236,57.68467720344942],[11.98566225714731,57.68466722428094]]]},"properties":{"grid":"campus","values":[13.451,0.0,9.783,6.799,13.519,0.0,14.6]}},{"type":"Feature","geometry":{"type":"Polygon","coordinates":[[[11.986499630143395,57.68468718123408],[11.986080943507236,57.68467720344942],[11.986062313182076,57.68490145526671],[11.986481002396761,57.68491143313733],[11.986499630143395,57.68468718123408]]]},"properties":{"grid":"campus","values":[13.6,0.0,10.388,6.787,13.53,0.0,14.877]}},{"type":"Feature","geometry":{"type":"Polygon","coordinates":[[[11.970133599480825,57.68474551930614],[11.970152328063513,57.684521270776244],[11.969733649650275,57.684511238937354],[11.969714918489242,57.68473548738081],[11.970133599480825,57.68474551930614]]]},"properties":{"grid":"campus","values":[12.366,11.254,11.084,7.506,11.17,12.307,14.722]}},{"type":"Feature","geometry":{"type":"Polygon","coordinates":[[[11.970152328063513,57.684521270776244],[11.970133599480825,57.68474551930614],[11.970552280750095,57.6847555498477],[11.970571006754435,57.68453130123137],[11.970152328063513,57.684521270776244]]]},"properties":{"grid":"campus","values":[12.319,11.313,10.198,7.309,11.306,12.141,14.305]}},{"type":"Feature","geometry":{"type":"Polygon","coordinates":[[[11.970571006754435,57.68453130123137],[11.970552280750095,57.6847555498477],[11.970970962297018,57.684765579005486],[11.970989685723001,57.68454133030274],[11.970571006754435,57.68453130123137]]]},"properties":{"grid":"campus","values":[12.173,11.518,7.341,6.624,11.81,11.585,12.858]}},{"type":"Feature","geometry":{"type":"Polygon","coordinates":[[[11.970989685723001,57.68454133030274],[11.970970962297018,57.684765579005486],[11.971389644121553,57.68477560677948],[11.971408364969177,57.68455135799035],[11.970989685723001,57.68454133030274]]]},"properties":{"grid":"campus","values":[11.954,11.484,6.558,7.209,12.195,11.186,9.341]}},{"type":"Feature","geometry":{"type":"Polygon","coordinates":[[[11.971408364969177,57.68455135799035],[11.971389644121553,57.68477560677948],[11.971808326223663,57.6847856331697],[11.97182704449292,57.68456138429418],[11.971408364969177,57.68455135799035]]]},"properties":{"grid":"campus","values":[11.822,11.2,8.19,9.024,12.39,11.152,4.978]}},{"type":"Feature","geometry":{"type":"Polygon","coordinates":[[[11.97182704449292,57.68456138429418],[11.971808326223663,57.6847856331697],[11.97222700860331,57.684795658176114],[11.972245724294194,57.68457140921424],[11.97182704449292,57.68456138429418]]]},"properties":{"grid":"campus","values":[12.082,10.914,9.348,9.037,12.653,11.167,1.657]}},{"type":"Feature","geometry":{"type":"Polygon","coordinates":[[[11.972245724294194,57.68457140921424],[11.97222700860331,57.684795658176114],[11.972645691260453,57.68480568179877],[11.972664404372962,57.68458143275051],[11.972245724294194,57.68457140921424]]]},"properties":{"grid":"campus","values":[12.686,10.716,9.348,7.3,12.948,11.222,0.67]}},{"type":"Feature","geometry":{"type":"Polygon","coordinates":[[[11.972664404372962,57.68458143275051],[11.972645691260453,57.68480568179877],[11.97306437419506,57.68481570403762],[11.973083084729183,57.684591454903014],[11.972664404372962,57.68458143275051]]]},"properties":{"grid":"campus","values":[12.981,11.251,7.997,6.302,11.758,11.467,0.536]}},{"type":"Feature","geometry":{"type":"Polygon","coordinates":[[[11.973083084729183,57.684591454903014],[11.97306437419506,57.68481570403762],[11.973483057407089,57.68482572489268],[11.973501765362823,57.68460147567175],[11.973083084729183,57.684591454903014]]]},"properties":{"grid":"campus","values":[12.797,12.329,5.885,6.302,9.464,11.831,1.325]}},{"type":"Feature","geometry":{"type":"Polygon","coordinates":[[[11.973501765362823,57.68460147567175],[11.973483057407089,57.68482572489268],[11.9739017408965,57.68483574436394],[11.97392044627384,57.684611495056686],[11.973501765362823,57.68460147567175]]]},"properties":{"grid":"campus","values":[12.626,12.655,6.525,6.706,8.734,12.57,2.04]}},{"type":"Feature","geometry":{"type":"Polygon","coordinates":[[[11.97392044627384,57.684611495056686],[11.9739017408965,57.68483574436394],[11.97432042466326,57.68484576245141],[11.974339127462198,57.68462151305785],[11.97392044627384,57.684611495056686]]]},"properties":{"grid":"campus","values":[12.467,12.164,9.655,7.291,9.725,13.362,2.495]}},{"type":"Feature","geometry":{"type":"Polygon","coordinates":[[[11.974339127462198,57.68462151305785],[11.97432042466326,57.68484576245141],[11.974739108707327,57.684855779155086],[11.97475780892786,57.68463152967523],[11.974339127462198,57.68462151305785]]]},"properties":{"grid":"campus","values":[12.037,11.631,11.598,7.513,10.199,14.041,3.352]}},{"type":"Feature","geometry":{"type":"Polygon","coordinates":[[[11.97475780892786,57.68463152967523],[11.974739108707327,57.684855779155086],[11.975157793028664,57.684865794474966],[11.975176490670785,57.684641544908814],[11.97475780892786,57.68463152967523]]]},"properties":{"grid":"campus","values":[11.474,11.271,11.516,7.197,9.95,14.175,4.391]}},{"type":"Feature","geometry":{"type":"Polygon","coordinates":[[[11.975176490670785,57.684641544908814],[11.975157793028664,57.684865794474966],[11.975576477627236,57.68487580841105],[11.975595172690937,57.68465155875862],[11.975176490670785,57.684641544908814]]]},"properties":{"grid":"campus","values":[11.12,11.224,9.659,6.995,9.289,13.352,5.376]}},{"type":"Feature","geometry":{"type":"Polygon","coordinates":[[[11.975595172690937,57.68465155875862],[11.975576477627236,57.68487580841105],[11.975995162503,57.684885820963316],[11.976013854988278,57.68466157122462],[11.975595172690937,57.68465155875862]]]},"properties":{"grid":"campus","values":[11.113,11.463,6.988,7.021,8.533,11.927,6.055]}},{"type":"Feature","geometry":{"type":"Polygon","coordinates":[[[11.976013854988278,57.68466157122462],[11.975995162503,57.684885820963316],[11.976413847655921,57.68489583213178],[11.97643253756277,57.68467158230684],[11.976013854988278,57.68466157122462]]]},"properties":{"grid":"campus","values":[11.318,11.635,6.415,6.929,8.661,10.741,7.925]}},{"type":"Feature","geometry":{"type":"Polygon","coordinates":[[[11.97643253756277,57.68467158230684],[11.976413847655921,57.68489583213178],[11.97683253308596,57.68490584191643],[11.976851220414373,57.68468159200527],[11.97643253756277,57.68467158230684]]]},"properties":{"grid":"campus","values":[11.703,11.669,8.238,6.804,9.758,10.353,10.226]}},{"type":"Feature","geometry":{"type":"Polygon","coordinates":[[[11.976851220414373,57.68468159200527],[11.97683253308596,57.68490584191643],[11.97725121879308,57.68491585031728],[11.97726990354305,57.6846916003199],[11.976851220414373,57.68468159200527]]]},"properties":{"grid":"campus","values":[11.971,11.633,8.802,7.077,11.323,9.942,11.648]}},{"type":"Feature","geometry":{"type":"Polygon","coordinates":[[[11.97726990354305,57.6846916003199],[11.97725121879308,57.68491585031728],[11.97766990477724,57.684925857334335],[11.977688586948764,57.68470160725071],[11.97726990354305,57.6846916003199]]]},"properties":{"grid":"campus","values":[12.038,11.535,7.783,7.605,12.729,9.602,11.387]}},{"type":"Feature","geometry":{"type":"Polygon","coordinates":[[[11.977688586948764,57.68470160725071],[11.97766990477724,57.684925857334335],[11.978088591038405,57.68493586296757],[11.978107270631478,57.684711612797756],[11.977688586948764,57.68470160725071]]]},"properties":{"grid":"campus","values":[12.054,11.792,8.192,9.037,13.269,9.751,11.305]}},{"type":"Feature","geometry":{"type":"Polygon","coordinates":[[[11.978107270631478,57.684711612797756],[11.978088591038405,57.68493586296757],[11.978507277576536,57.684945867216996],[11.978525954591152,57.68472161696097],[11.978107270631478,57.684711612797756]]]},"properties":{"grid":"campus","values":[11.976,12.358,9.692,10.803,12.652,10.339,11.467]}},{"type":"Feature","geometry":{"type":"Polygon","coordinates":[[[11.978525954591152,57.68472161696097],[11.978507277576536,57.684945867216996],[11.978925964391593,57.68495587008259],[11.978944638827745,57.68473161974038],[11.978525954591152,57.68472161696097]]]},"properties":{"grid":"campus","values":[12.447,12.667,10.48,12.882,12.537,10.996,11.524]}},{"type":"Feature","geometry":{"type":"Polygon","coordinates":[[[11.978944638827745,57.68473161974038],[11.978925964391593,57.68495587008259],[11.979344651483542,57.68496587156439],[11.979363323341223,57.68474162113601],[11.978944638827745,57.68473161974038]]]},"properties":{"grid":"campus","values":[13.303,12.662,9.954,14.618,12.954,11.468,11.508]}},{"type":"Feature","geometry":{"type":"Polygon","coordinates":[[[11.979363323341223,57.68474162113601],[11.979344651483542,57.68496587156439],[11.97976333885234,57.68497587166236],[11.97978200813155,57.68475162114781],[11.979363323341223,57.68474162113601]]]},"properties":{"grid":"campus","values":[13.236,12.029,11.013,14.116,12.86,9.815,11.246]}},{"type":"Feature","geometry":{"type":"Polygon","coordinates":[[[11.97978200813155,57.68475162114781],[11.97976333885234,57.68497587166236],[11.980182026497955,57.6849858703765],[11.980200693198682,57.684761619775806],[11.97978200813155,57.68475162114781]]]},"properties":{"grid":"campus","values":[12.301,10.96,13.428,11.6,12.192,6.521,10.815]}},{"type":"Feature","geometry":{"type":"Polygon","coordinates":[[[11.980200693198682,57.684761619775806],[11.980182026497955,57.6849858703765],[11.980600714420346,57.684995867706824],[11.980619378542585,57.68477161702],[11.980200693198682,57.684761619775806]]]},"properties":{"grid":"campus","values":[11.754,10.326,14.786,10.121,12.743,5.953,10.479]}},{"type":"Feature","geometry":{"type":"Polygon","coordinates":[[[11.980619378542585,57.68477161702],[11.980600714420346,57.684995867706824],[11.981019402619472,57.68500586365331],[11.981038064163219,57.68478161288038],[11.980619378542585,57.68477161702]]]},"properties":{"grid":"campus","values":[11.759,10.317,14.796,10.138,14.19,8.403,10.347]}},{"type":"Feature","geometry":{"type":"Polygon","coordinates":[[[11.981038064163219,57.68478161288038],[11.981019402619472,57.68500586365331],[11.9814380910953,57.68501585821598],[11.981456750060548,57.68479160735693],[11.981038064163219,57.68478161288038]]]},"properties":{"grid":"campus","values":[11.41,10.431,13.23,9.071,14.675,9.645,10.949]}},{"type":"Feature","geometry":{"type":"Polygon","coordinates":[[[11.981456750060548,57.68479160735693],[11.9814380910953,57.68501585821598],[11.981856779847787,57.685025851394805],[11.981875436234533,57.68480160044965],[11.981456750060548,57.68479160735693]]]},"properties":{"grid":"campus","values":[10.826,10.625,10.642,7.33,14.055,9.398,12.093]}},{"type":"Feature","geometry":{"type":"Polygon","coordinates":[[[11.981875436234533,57.68480160044965],[11.981856779847787,57.685025851394805],[11.982275468876898,57.685035843189816],[11.982294122685136,57.68481159215859],[11.981875436234533,57.68480160044965]]]},"properties":{"grid":"campus","values":[11.127,9.624,10.312,6.691,13.577,7.354,12.279]}},{"type":"Feature","geometry":{"type":"Polygon","coordinates":[[[11.982294122685136,57.68481159215859],[11.982275468876898,57.685035843189816],[11.982694158182593,57.685045833601],[11.982712809412318,57.6848215824837],[11.982294122685136,57.68481159215859]]]},"properties":{"grid":"campus","values":[12.208,7.877,12.358,7.342,13.509,4.209,11.434]}},{"type":"Feature","geometry":{"type":"Polygon","coordinates":[[[11.982712809412318,57.6848215824837],[11.982694158182593,57.685045833601],[11.983112847764838,57.685055822628335],[11.983131496416041,57.68483157142497],[11.982712809412318,57.6848215824837]]]},"properties":{"grid":"campus","values":[12.649,6.287,10.406,8.254,13.435,3.66,11.428]}},{"type":"Feature","geometry":{"type":"Polygon","coordinates":[[[11.983131496416041,57.68483157142497],[11.983112847764838,57.685055822628335],[11.983531537623593,57.685065810271844],[11.983550183696268,57.68484155898243],[11.983131496416041,57.68483157142497]]]},"properties":{"grid":"campus","values":[12.25,5.469,5.332,9.075,13.38,5.983,12.147]}},{"type":"Feature","geometry":{"type":"Polygon","coordinates":[[[11.983550183696268,57.68484155898243],[11.983531537623593,57.685065810271844],[11.983950227758816,57.68507579653149],[11.983968871252962,57.684851545156036],[11.983550183696268,57.68484155898243]]]},"properties":{"grid":"campus","values":[12.455,5.634,3.297,9.864,13.34,5.314,13.042]}},{"type":"Feature","geometry":{"type":"Polygon","coordinates":[[[11.983968871252962,57.684851545156036],[11.983950227758816,57.68507579653149],[11.984368918170473,57.68508578140733],[11.98438755908608,57.684861529945834],[11.983968871252962,57.684851545156036]]]},"properties":{"grid":"campus","values":[13.184,6.918,5.316,10.51,13.324,2.003,13.764]}},{"type":"Feature","geometry":{"type":"Polygon","coordinates":[[[11.98438755908608,57.684861529945834],[11.984368918170473,57.68508578140733],[11.984787608858527,57.6850957648993],[11.98480624719559,57.6848715133518],[11.98438755908608,57.684861529945834]]]},"properties":{"grid":"campus","values":[13.113,5.534,4.744,9.805,13.324,1.357,13.63]}},{"type":"Feature","geometry":{"type":"Polygon","coordinates":[[[11.98480624719559,57.6848715133518],[11.984787608858527,57.6850957648993],[11.985206299822938,57.685105747007455],[11.985224935581453,57.684881495373936],[11.98480624719559,57.6848715133518]]]},"properties":{"grid":"campus","values":[12.333,2.018,1.73,8.023,13.34,3.722,12.832]}},{"type":"Feature","geometry":{"type":"Polygon","coordinates":[[[11.985224935581453,57.684881495373936],[11.985206299822938,57.685105747007455],[11.985624991063665,57.685115727731734],[11.985643624243625,57.68489147601225],[11.985224935581453,57.684881495373936]]]},"properties":{"grid":"campus","values":[12.385,0.0,1.527,6.0,13.375,3.722,13.008]}},{"type":"Feature","geometry":{"type":"Polygon","coordinates":[[[11.985643624243625,57.68489147601225],[11.985624991063665,57.685115727731734],[11.986043682580675,57.685125707072174],[11.986062313182076,57.68490145526671],[11.985643624243625,57.68489147601225]]]},"properties":{"grid":"campus","values":[13.249,0.0,3.777,4.257,13.415,1.357,14.078]}},{"type":"Feature","geometry":{"type":"Polygon","coordinates":[[[11.986481002396761,57.68491143313733],[11.986062313182076,57.68490145526671],[11.986043682580675,57.685125707072174],[11.986462374373929,57.68513568502877],[11.986481002396761,57.68491143313733]]]},"properties":{"grid":"campus","values":[13.507,0.0,4.459,3.763,13.427,0.706,14.409]}},{"type":"Feature","geometry":{"type":"Polygon","coordinates":[[[11.970114870620446,57.68496976782417],[11.970133599480825,57.68474551930614],[11.969714918489242,57.68473548738081],[11.969696187050483,57.6849597358124],[11.970114870620446,57.68496976782417]]]},"properties":{"grid":"campus","values":[12.161,11.243,10.121,7.396,11.792,11.483,15.789]}},{"type":"Feature","geometry":{"type":"Polygon","coordinates":[[[11.970133599480825,57.68474551930614],[11.970114870620446,57.68496976782417],[11.970533554468105,57.68497979845214],[11.970552280750095,57.6847555498477],[11.970133599480825,57.68474551930614]]]},"properties":{"grid":"campus","values":[12.179,11.269,10.12,7.285,11.899,11.463,15.563]}},{"type":"Feature","geometry":{"type":"Polygon","coordinates":[[[11.970552280750095,57.6847555498477],[11.970533554468105,57.68497979845214],[11.970952238593421,57.684989827696334],[11.970970962297018,57.684765579005486],[11.970552280750095,57.6847555498477]]]},"properties":{"grid":"campus","values":[12.406,11.585,9.116,6.136,13.362,11.191,12.333]}},{"type":"Feature","geometry":{"type":"Polygon","coordinates":[[[11.970970962297018,57.684765579005486],[11.970952238593421,57.684989827696334],[11.971370922996355,57.684999855556725],[11.971389644121553,57.68477560677948],[11.970970962297018,57.684765579005486]]]},"properties":{"grid":"campus","values":[12.511,11.514,8.95,6.772,13.677,11.191,10.839]}},{"type":"Feature","geometry":{"type":"Polygon","coordinates":[[[11.971389644121553,57.68477560677948],[11.971370922996355,57.684999855556725],[11.97178960767687,57.68500988203332],[11.971808326223663,57.6847856331697],[11.971389644121553,57.68477560677948]]]},"properties":{"grid":"campus","values":[12.966,10.592,8.07,12.885,14.5,11.401,1.315]}},{"type":"Feature","geometry":{"type":"Polygon","coordinates":[[[11.971808326223663,57.6847856331697],[11.97178960767687,57.68500988203332],[11.972208292634928,57.685019907126126],[11.97222700860331,57.684795658176114],[11.971808326223663,57.6847856331697]]]},"properties":{"grid":"campus","values":[13.174,10.448,7.897,13.022,14.744,11.401,0.23]}},{"type":"Feature","geometry":{"type":"Polygon","coordinates":[[[11.97222700860331,57.684795658176114],[11.972208292634928,57.685019907126126],[11.972626977870489,57.685029930835114],[11.972645691260453,57.68480568179877],[11.97222700860331,57.684795658176114]]]},"properties":{"grid":"campus","values":[14.339,10.343,8.151,7.567,15.457,11.272,0.602]}},{"type":"Feature","geometry":{"type":"Polygon","coordinates":[[[11.972645691260453,57.68480568179877],[11.972626977870489,57.685029930835114],[11.973045663383516,57.685039953160306],[11.97306437419506,57.68481570403762],[11.972645691260453,57.68480568179877]]]},"properties":{"grid":"campus","values":[14.299,10.565,7.859,6.931,14.875,11.409,0.602]}},{"type":"Feature","geometry":{"type":"Polygon","coordinates":[[[11.97306437419506,57.68481570403762],[11.973045663383516,57.685039953160306],[11.973464349173971,57.685049974101716],[11.973483057407089,57.68482572489268],[11.97306437419506,57.68481570403762]]]},"properties":{"grid":"campus","values":[12.982,12.676,5.489,6.88,9.564,12.699,0.286]}},{"type":"Feature","geometry":{"type":"Polygon","coordinates":[[[11.973483057407089,57.68482572489268],[11.973464349173971,57.685049974101716],[11.973883035241817,57.6850599936593],[11.9739017408965,57.68483574436394],[11.973483057407089,57.68482572489268]]]},"properties":{"grid":"campus","values":[12.764,12.928,5.668,6.857,9.026,12.859,0.741]}},{"type":"Feature","geometry":{"type":"Polygon","coordinates":[[[11.9739017408965,57.68483574436394],[11.973883035241817,57.6850599936593],[11.974301721587016,57.68507001183308],[11.97432042466326,57.68484576245141],[11.9739017408965,57.68483574436394]]]},"properties":{"grid":"campus","values":[12.336,12.722,9.837,6.803,10.231,12.924,4.661]}},{"type":"Feature","geometry":{"type":"Polygon","coordinates":[[[11.97432042466326,57.68484576245141],[11.974301721587016,57.68507001183308],[11.974720408209528,57.68508002862307],[11.974739108707327,57.684855779155086],[11.97432042466326,57.68484576245141]]]},"properties":{"grid":"campus","values":[12.125,12.564,10.276,6.666,10.337,12.752,5.208]}},{"type":"Feature","geometry":{"type":"Polygon","coordinates":[[[11.974739108707327,57.684855779155086],[11.974720408209528,57.68508002862307],[11.975139095109315,57.68509004402923],[11.975157793028664,57.684865794474966],[11.974739108707327,57.684855779155086]]]},"properties":{"grid":"campus","values":[10.777,11.332,10.032,5.84,10.05,10.933,6.112]}},{"type":"Feature","geometry":{"type":"Polygon","coordinates":[[[11.975157793028664,57.684865794474966],[11.975139095109315,57.68509004402923],[11.975557782286343,57.68510005805159],[11.975576477627236,57.68487580841105],[11.975157793028664,57.684865794474966]]]},"properties":{"grid":"campus","values":[10.662,11.211,9.988,5.863,9.976,10.75,6.741]}},{"type":"Feature","geometry":{"type":"Polygon","coordinates":[[[11.975576477627236,57.68487580841105],[11.975557782286343,57.68510005805159],[11.97597646974057,57.68511007069012],[11.975995162503,57.684885820963316],[11.975576477627236,57.68487580841105]]]},"properties":{"grid":"campus","values":[11.087,11.52,9.273,6.863,9.645,11.025,10.781]}},{"type":"Feature","geometry":{"type":"Polygon","coordinates":[[[11.975995162503,57.684885820963316],[11.97597646974057,57.68511007069012],[11.976395157471957,57.685120081944845],[11.976413847655921,57.68489583213178],[11.975995162503,57.684885820963316]]]},"properties":{"grid":"campus","values":[11.266,11.567,9.261,6.954,10.005,10.872,11.316]}},{"type":"Feature","geometry":{"type":"Polygon","coordinates":[[[11.976413847655921,57.68489583213178],[11.976395157471957,57.685120081944845],[11.976813845480468,57.68513009181576],[11.97683253308596,57.68490584191643],[11.976413847655921,57.68489583213178]]]},"properties":{"grid":"campus","values":[12.234,11.68,9.677,6.509,13.036,9.55,11.775]}},{"type":"Feature","geometry":{"type":"Polygon","coordinates":[[[11.97683253308596,57.68490584191643],[11.976813845480468,57.68513009181576],[11.977232533766067,57.685140100302846],[11.97725121879308,57.68491585031728],[11.97683253308596,57.68490584191643]]]},"properties":{"grid":"campus","values":[12.371,11.655,9.61,6.509,13.502,9.261,11.645]}},{"type":"Feature","geometry":{"type":"Polygon","coordinates":[[[11.97725121879308,57.68491585031728],[11.977232533766067,57.685140100302846],[11.977651222328712,57.685150107406095],[11.97766990477724,57.684925857334335],[11.97725121879308,57.68491585031728]]]},"properties":{"grid":"campus","values":[12.565,11.352,8.878,7.399,14.574,8.34,10.748]}},{"type":"Feature","geometry":{"type":"Polygon","coordinates":[[[11.97766990477724,57.684925857334335],[11.977651222328712,57.685150107406095],[11.978069911168367,57.68516011312555],[11.978088591038405,57.68493586296757],[11.97766990477724,57.684925857334335]]]},"properties":{"grid":"campus","values":[12.485,11.568,8.587,7.831,14.56,8.408,10.799]}},{"type":"Feature","geometry":{"type":"Polygon","coordinates":[[[11.978088591038405,57.68493586296757],[11.978069911168367,57.68516011312555],[11.978488600284994,57.685170117461155],[11.978507277576536,57.684945867216996],[11.978088591038405,57.68493586296757]]]},"properties":{"grid":"campus","values":[11.805,13.731,7.019,11.202,13.593,9.888,12.161]}},{"type":"Feature","geometry":{"type":"Polygon","coordinates":[[[11.978507277576536,57.684945867216996],[11.978488600284994,57.685170117461155],[11.978907289678553,57.68518012041294],[11.978925964391593,57.68495587008259],[11.978507277576536,57.684945867216996]]]},"properties":{"grid":"campus","values":[12.006,13.985,6.568,12.244,13.519,10.107,12.306]}},{"type":"Feature","geometry":{"type":"Polygon","coordinates":[[[11.978925964391593,57.68495587008259],[11.978907289678553,57.68518012041294],[11.97932597934901,57.68519012198089],[11.979344651483542,57.68496587156439],[11.978925964391593,57.68495587008259]]]},"properties":{"grid":"campus","values":[14.216,13.984,4.983,17.138,13.804,10.266,12.008]}},{"type":"Feature","geometry":{"type":"Polygon","coordinates":[[[11.979344651483542,57.68496587156439],[11.97932597934901,57.68519012198089],[11.979744669296322,57.68520012216502],[11.97976333885234,57.68497587166236],[11.979344651483542,57.68496587156439]]]},"properties":{"grid":"campus","values":[14.26,13.644,5.758,17.041,13.536,9.349,11.86]}},{"type":"Feature","geometry":{"type":"Polygon","coordinates":[[[11.97976333885234,57.68497587166236],[11.979744669296322,57.68520012216502],[11.980163359520455,57.685210120965316],[11.980182026497955,57.6849858703765],[11.97976333885234,57.68497587166236]]]},"properties":{"grid":"campus","values":[12.445,10.874,13.221,11.35,11.259,1.906,11.02]}},{"type":"Feature","geometry":{"type":"Polygon","coordinates":[[[11.980182026497955,57.6849858703765],[11.980163359520455,57.685210120965316],[11.980582050021368,57.685220118381764],[11.980600714420346,57.684995867706824],[11.980182026497955,57.6849858703765]]]},"properties":{"grid":"campus","values":[12.146,10.532,14.228,10.596,11.188,1.886,10.856]}},{"type":"Feature","geometry":{"type":"Polygon","coordinates":[[[11.980600714420346,57.684995867706824],[11.980582050021368,57.685220118381764],[11.981000740799026,57.68523011441438],[11.981019402619472,57.68500586365331],[11.980600714420346,57.684995867706824]]]},"properties":{"grid":"campus","values":[11.61,10.318,15.019,10.161,12.981,8.495,10.365]}},{"type":"Feature","geometry":{"type":"Polygon","coordinates":[[[11.981019402619472,57.68500586365331],[11.981000740799026,57.68523011441438],[11.981419431853388,57.68524010906316],[11.9814380910953,57.68501585821598],[11.981019402619472,57.68500586365331]]]},"properties":{"grid":"campus","values":[11.452,10.359,14.378,9.802,13.252,9.375,10.663]}},{"type":"Feature","geometry":{"type":"Polygon","coordinates":[[[11.9814380910953,57.68501585821598],[11.981419431853388,57.68524010906316],[11.981838123184417,57.6852501023281],[11.981856779847787,57.685025851394805],[11.9814380910953,57.68501585821598]]]},"properties":{"grid":"campus","values":[10.499,10.724,9.052,6.787,13.599,9.645,13.453]}},{"type":"Feature","geometry":{"type":"Polygon","coordinates":[[[11.981856779847787,57.685025851394805],[11.981838123184417,57.6852501023281],[11.982256814792075,57.6852600942092],[11.982275468876898,57.685035843189816],[11.981856779847787,57.685025851394805]]]},"properties":{"grid":"campus","values":[10.624,10.54,8.921,6.431,13.64,8.742,13.514]}},{"type":"Feature","geometry":{"type":"Polygon","coordinates":[[[11.982275468876898,57.685035843189816],[11.982256814792075,57.6852600942092],[11.982675506676324,57.68527008470644],[11.982694158182593,57.685045833601],[11.982275468876898,57.685035843189816]]]},"properties":{"grid":"campus","values":[12.526,8.489,12.407,6.402,13.567,1.555,11.231]}},{"type":"Feature","geometry":{"type":"Polygon","coordinates":[[[11.982694158182593,57.685045833601],[11.982675506676324,57.68527008470644],[11.983094198837128,57.68528007381983],[11.983112847764838,57.685055822628335],[11.982694158182593,57.685045833601]]]},"properties":{"grid":"campus","values":[12.603,7.96,12.045,6.702,13.538,1.524,10.952]}},{"type":"Feature","geometry":{"type":"Polygon","coordinates":[[[11.983112847764838,57.685055822628335],[11.983094198837128,57.68528007381983],[11.983512891274444,57.685290061549395],[11.983531537623593,57.685065810271844],[11.983112847764838,57.685055822628335]]]},"properties":{"grid":"campus","values":[11.411,5.299,4.489,9.065,13.369,8.064,11.164]}},{"type":"Feature","geometry":{"type":"Polygon","coordinates":[[[11.983531537623593,57.685065810271844],[11.983512891274444,57.685290061549395],[11.983931583988241,57.68530004789511],[11.983950227758816,57.68507579653149],[11.983531537623593,57.685065810271844]]]},"properties":{"grid":"campus","values":[11.479,5.831,4.352,9.786,13.343,8.064,11.458]}},{"type":"Feature","geometry":{"type":"Polygon","coordinates":[[[11.983950227758816,57.68507579653149],[11.983931583988241,57.68530004789511],[11.984350276978473,57.68531003285697],[11.984368918170473,57.68508578140733],[11.983950227758816,57.68507579653149]]]},"properties":{"grid":"campus","values":[13.369,12.601,10.811,13.176,13.293,1.104,13.724]}},{"type":"Feature","geometry":{"type":"Polygon","coordinates":[[[11.984368918170473,57.68508578140733],[11.984350276978473,57.68531003285697],[11.984768970245105,57.685320016434964],[11.984787608858527,57.6850957648993],[11.984368918170473,57.68508578140733]]]},"properties":{"grid":"campus","values":[13.494,12.145,10.446,12.944,13.293,1.119,14.012]}},{"type":"Feature","geometry":{"type":"Polygon","coordinates":[[[11.984787608858527,57.6850957648993],[11.984768970245105,57.685320016434964],[11.985187663788103,57.6853299986291],[11.985206299822938,57.685105747007455],[11.984787608858527,57.6850957648993]]]},"properties":{"grid":"campus","values":[12.538,1.778,1.103,7.602,13.205,7.952,13.986]}},{"type":"Feature","geometry":{"type":"Polygon","coordinates":[[[11.985206299822938,57.685105747007455],[11.985187663788103,57.6853299986291],[11.985606357607425,57.68533997943938],[11.985624991063665,57.685115727731734],[11.985206299822938,57.685105747007455]]]},"properties":{"grid":"campus","values":[12.553,0.491,0.0,6.311,13.211,7.952,14.016]}},{"type":"Feature","geometry":{"type":"Polygon","coordinates":[[[11.985624991063665,57.685115727731734],[11.985606357607425,57.68533997943938],[11.986025051703033,57.68534995886581],[11.986043682580675,57.685125707072174],[11.985624991063665,57.685115727731734]]]},"properties":{"grid":"campus","values":[13.668,0.817,0.524,1.669,13.131,1.069,14.499]}},{"type":"Feature","geometry":{"type":"Polygon","coordinates":[[[11.986462374373929,57.68513568502877],[11.986043682580675,57.685125707072174],[11.986025051703033,57.68534995886581],[11.986443746074888,57.68535993690836],[11.986462374373929,57.68513568502877]]]},"properties":{"grid":"campus","values":[13.739,0.867,0.557,1.339,13.118,0.547,14.52]}},{"type":"Feature","geometry":{"type":"Polygon","coordinates":[[[11.970096141482376,57.68519401633031],[11.970114870620446,57.68496976782417],[11.969696187050483,57.6849597358124],[11.969677455333992,57.6851839842321],[11.970096141482376,57.68519401633031]]]},"properties":{"grid":"campus","values":[12.447,11.107,8.181,10.593,13.57,11.34,12.938]}},{"type":"Feature","geometry":{"type":"Polygon","coordinates":[[[11.970114870620446,57.68496976782417],[11.970096141482376,57.68519401633031],[11.97051482790846,57.68520404704469],[11.970533554468105,57.68497979845214],[11.970114870620446,57.68496976782417]]]},"properties":{"grid":"campus","values":[12.485,11.099,7.667,10.493,13.693,11.329,12.786]}},{"type":"Feature","geometry":{"type":"Polygon","coordinates":[[[11.970533554468105,57.68497979845214],[11.97051482790846,57.68520404704469],[11.970933514612206,57.6852140763753],[11.970952238593421,57.684989827696334],[11.970533554468105,57.68497979845214]]]},"properties":{"grid":"campus","values":[12.615,11.055,5.781,10.221,14.109,11.296,12.31]}},{"type":"Feature","geometry":{"type":"Polygon","coordinates":[[[11.970952238593421,57.684989827696334],[11.970933514612206,57.6852140763753],[11.971352201593579,57.685224104322074],[11.971370922996355,57.684999855556725],[11.970952238593421,57.684989827696334]]]},"properties":{"grid":"campus","values":[12.725,10.747,4.445,11.358,14.102,11.502,8.638]}},{"type":"Feature","geometry":{"type":"Polygon","coordinates":[[[11.971370922996355,57.684999855556725],[11.971352201593579,57.685224104322074],[11.971770888852536,57.685234130885064],[11.97178960767687,57.68500988203332],[11.971370922996355,57.684999855556725]]]},"properties":{"grid":"campus","values":[12.744,10.282,4.07,13.358,13.551,11.894,3.307]}},{"type":"Feature","geometry":{"type":"Polygon","coordinates":[[[11.97178960767687,57.68500988203332],[11.971770888852536,57.685234130885064],[11.972189576389042,57.68524415606424],[11.972208292634928,57.685019907126126],[11.97178960767687,57.68500988203332]]]},"properties":{"grid":"campus","values":[13.044,10.445,4.53,12.561,12.902,12.108,1.696]}},{"type":"Feature","geometry":{"type":"Polygon","coordinates":[[[11.972208292634928,57.685019907126126],[11.972189576389042,57.68524415606424],[11.972608264203055,57.685254179859605],[11.972626977870489,57.685029930835114],[11.972208292634928,57.685019907126126]]]},"properties":{"grid":"campus","values":[13.464,11.25,5.775,9.12,12.227,12.089,4.649]}},{"type":"Feature","geometry":{"type":"Polygon","coordinates":[[[11.972626977870489,57.685029930835114],[11.972608264203055,57.685254179859605],[11.973026952294545,57.68526420227114],[11.973045663383516,57.685039953160306],[11.972626977870489,57.685029930835114]]]},"properties":{"grid":"campus","values":[13.535,12.089,6.744,6.857,11.659,12.487,4.935]}},{"type":"Feature","geometry":{"type":"Polygon","coordinates":[[[11.973045663383516,57.685039953160306],[11.973026952294545,57.68526420227114],[11.973445640663464,57.68527422329888],[11.973464349173971,57.685049974101716],[11.973045663383516,57.685039953160306]]]},"properties":{"grid":"campus","values":[13.254,12.659,7.304,6.608,11.572,13.145,2.479]}},{"type":"Feature","geometry":{"type":"Polygon","coordinates":[[[11.973464349173971,57.685049974101716],[11.973445640663464,57.68527422329888],[11.973864329309782,57.68528424294279],[11.973883035241817,57.6850599936593],[11.973464349173971,57.685049974101716]]]},"properties":{"grid":"campus","values":[12.705,12.829,8.287,6.36,11.088,13.17,3.143]}},{"type":"Feature","geometry":{"type":"Polygon","coordinates":[[[11.973883035241817,57.6850599936593],[11.973864329309782,57.68528424294279],[11.974283018233457,57.68529426120289],[11.974301721587016,57.68507001183308],[11.973883035241817,57.6850599936593]]]},"properties":{"grid":"campus","values":[12.115,12.457,9.37,6.187,10.542,12.493,6.576]}},{"type":"Feature","geometry":{"type":"Polygon","coordinates":[[[11.974301721587016,57.68507001183308],[11.974283018233457,57.68529426120289],[11.974701707434452,57.68530427807919],[11.974720408209528,57.68508002862307],[11.974301721587016,57.68507001183308]]]},"properties":{"grid":"campus","values":[11.615,11.973,10.057,6.129,10.628,10.218,8.783]}},{"type":"Feature","geometry":{"type":"Polygon","coordinates":[[[11.974720408209528,57.68508002862307],[11.974701707434452,57.68530427807919],[11.97512039691273,57.68531429357164],[11.975139095109315,57.68509004402923],[11.974720408209528,57.68508002862307]]]},"properties":{"grid":"campus","values":[11.42,11.565,9.996,6.255,11.282,6.999,8.979]}},{"type":"Feature","geometry":{"type":"Polygon","coordinates":[[[11.975139095109315,57.68509004402923],[11.97512039691273,57.68531429357164],[11.975539086668249,57.68532430768027],[11.975557782286343,57.68510005805159],[11.975139095109315,57.68509004402923]]]},"properties":{"grid":"campus","values":[11.381,11.346,9.936,6.503,11.61,6.959,9.821]}},{"type":"Feature","geometry":{"type":"Polygon","coordinates":[[[11.975557782286343,57.68510005805159],[11.975539086668249,57.68532430768027],[11.975957776700975,57.68533432040508],[11.97597646974057,57.68511007069012],[11.975557782286343,57.68510005805159]]]},"properties":{"grid":"campus","values":[11.554,11.422,9.91,6.799,11.557,10.179,10.843]}},{"type":"Feature","geometry":{"type":"Polygon","coordinates":[[[11.97597646974057,57.68511007069012],[11.975957776700975,57.68533432040508],[11.97637646701087,57.68534433174605],[11.976395157471957,57.685120081944845],[11.97597646974057,57.68511007069012]]]},"properties":{"grid":"campus","values":[11.837,11.533,9.842,6.695,12.082,11.324,11.39]}},{"type":"Feature","geometry":{"type":"Polygon","coordinates":[[[11.976395157471957,57.685120081944845],[11.97637646701087,57.68534433174605],[11.976795157597891,57.685354341703196],[11.976813845480468,57.68513009181576],[11.976395157471957,57.685120081944845]]]},"properties":{"grid":"campus","values":[12.086,11.632,9.755,6.181,12.907,10.16,11.11]}},{"type":"Feature","geometry":{"type":"Polygon","coordinates":[[[11.976813845480468,57.68513009181576],[11.976795157597891,57.685354341703196],[11.977213848462005,57.68536435027651],[11.977232533766067,57.685140100302846],[11.976813845480468,57.68513009181576]]]},"properties":{"grid":"campus","values":[12.459,11.607,9.617,7.167,13.942,9.831,11.007]}},{"type":"Feature","geometry":{"type":"Polygon","coordinates":[[[11.977232533766067,57.685140100302846],[11.977213848462005,57.68536435027651],[11.977632539603174,57.685374357466],[11.977651222328712,57.685150107406095],[11.977232533766067,57.685140100302846]]]},"properties":{"grid":"campus","values":[12.805,11.473,9.49,9.398,14.735,10.535,11.16]}},{"type":"Feature","geometry":{"type":"Polygon","coordinates":[[[11.977651222328712,57.685150107406095],[11.977632539603174,57.685374357466],[11.978051231021357,57.68538436327164],[11.978069911168367,57.68516011312555],[11.977651222328712,57.685150107406095]]]},"properties":{"grid":"campus","values":[12.966,12.281,8.246,11.656,14.777,10.652,11.561]}},{"type":"Feature","geometry":{"type":"Polygon","coordinates":[[[11.978069911168367,57.68516011312555],[11.978051231021357,57.68538436327164],[11.978469922716519,57.68539436769345],[11.978488600284994,57.685170117461155],[11.978069911168367,57.68516011312555]]]},"properties":{"grid":"campus","values":[12.931,13.738,6.32,13.187,14.062,10.126,12.086]}},{"type":"Feature","geometry":{"type":"Polygon","coordinates":[[[11.978488600284994,57.685170117461155],[11.978469922716519,57.68539436769345],[11.978888614688618,57.685404370731426],[11.978907289678553,57.68518012041294],[11.978488600284994,57.685170117461155]]]},"properties":{"grid":"campus","values":[12.923,14.631,5.38,14.34,13.667,9.881,12.226]}},{"type":"Feature","geometry":{"type":"Polygon","coordinates":[[[11.978907289678553,57.68518012041294],[11.978888614688618,57.685404370731426],[11.979307306937619,57.685414372385544],[11.97932597934901,57.68519012198089],[11.978907289678553,57.68518012041294]]]},"properties":{"grid":"campus","values":[12.863,14.631,5.846,14.407,13.722,9.893,11.887]}},{"type":"Feature","geometry":{"type":"Polygon","coordinates":[[[11.97932597934901,57.68519012198089],[11.979307306937619,57.685414372385544],[11.979725999463483,57.68542437265583],[11.979744669296322,57.68520012216502],[11.97932597934901,57.68519012198089]]]},"properties":{"grid":"campus","values":[13.186,13.983,6.414,14.516,13.369,8.658,11.793]}},{"type":"Feature","geometry":{"type":"Polygon","coordinates":[[[11.979744669296322,57.68520012216502],[11.979725999463483,57.68542437265583],[11.98014469226617,57.68543437154228],[11.980163359520455,57.685210120965316],[11.979744669296322,57.68520012216502]]]},"properties":{"grid":"campus","values":[13.791,12.987,6.632,14.677,12.804,6.857,12.027]}},{"type":"Feature","geometry":{"type":"Polygon","coordinates":[[[11.980163359520455,57.685210120965316],[11.98014469226617,57.68543437154228],[11.980563385345649,57.68544436904486],[11.980582050021368,57.685220118381764],[11.980163359520455,57.685210120965316]]]},"properties":{"grid":"campus","values":[13.473,11.803,9.134,13.404,12.293,5.442,11.758]}},{"type":"Feature","geometry":{"type":"Polygon","coordinates":[[[11.980582050021368,57.685220118381764],[11.980563385345649,57.68544436904486],[11.980982078701873,57.685454365163594],[11.981000740799026,57.68523011441438],[11.980582050021368,57.685220118381764]]]},"properties":{"grid":"campus","values":[12.434,10.873,12.878,11.325,11.997,4.784,11.122]}},{"type":"Feature","geometry":{"type":"Polygon","coordinates":[[[11.981000740799026,57.68523011441438],[11.980982078701873,57.685454365163594],[11.98140077233481,57.68546435989848],[11.981419431853388,57.68524010906316],[11.981000740799026,57.68523011441438]]]},"properties":{"grid":"campus","values":[11.606,10.398,13.997,9.565,12.323,5.96,11.255]}},{"type":"Feature","geometry":{"type":"Polygon","coordinates":[[[11.981419431853388,57.68524010906316],[11.98140077233481,57.68546435989848],[11.981819466244419,57.68547435324953],[11.981838123184417,57.6852501023281],[11.981419431853388,57.68524010906316]]]},"properties":{"grid":"campus","values":[11.266,10.486,12.456,8.72,13.081,8.318,12.007]}},{"type":"Feature","geometry":{"type":"Polygon","coordinates":[[[11.981838123184417,57.6852501023281],[11.981819466244419,57.68547435324953],[11.982238160430661,57.68548434521671],[11.982256814792075,57.6852600942092],[11.981838123184417,57.6852501023281]]]},"properties":{"grid":"campus","values":[11.224,10.27,10.119,7.645,13.537,8.24,12.075]}},{"type":"Feature","geometry":{"type":"Polygon","coordinates":[[[11.982256814792075,57.6852600942092],[11.982238160430661,57.68548434521671],[11.982656854893502,57.685494335800044],[11.982675506676324,57.68527008470644],[11.982256814792075,57.6852600942092]]]},"properties":{"grid":"campus","values":[11.443,9.879,7.641,6.759,13.558,6.102,11.419]}},{"type":"Feature","geometry":{"type":"Polygon","coordinates":[[[11.982675506676324,57.68527008470644],[11.982656854893502,57.685494335800044],[11.9830755496329,57.685504324999506],[11.983094198837128,57.68528007381983],[11.982675506676324,57.68527008470644]]]},"properties":{"grid":"campus","values":[11.535,8.342,5.047,6.656,13.507,5.391,10.987]}},{"type":"Feature","geometry":{"type":"Polygon","coordinates":[[[11.983094198837128,57.68528007381983],[11.9830755496329,57.685504324999506],[11.98349424464882,57.68551431281511],[11.983512891274444,57.685290061549395],[11.983094198837128,57.68528007381983]]]},"properties":{"grid":"campus","values":[11.446,6.262,3.149,7.244,13.409,6.301,11.0]}},{"type":"Feature","geometry":{"type":"Polygon","coordinates":[[[11.983512891274444,57.685290061549395],[11.98349424464882,57.68551431281511],[11.983912939941224,57.685524299246865],[11.983931583988241,57.68530004789511],[11.983512891274444,57.685290061549395]]]},"properties":{"grid":"campus","values":[11.885,7.404,4.672,8.775,13.331,5.766,11.433]}},{"type":"Feature","geometry":{"type":"Polygon","coordinates":[[[11.983931583988241,57.68530004789511],[11.983912939941224,57.685524299246865],[11.98433163551007,57.68553428429473],[11.984350276978473,57.68531003285697],[11.983931583988241,57.68530004789511]]]},"properties":{"grid":"campus","values":[12.712,11.263,9.276,10.568,13.302,3.924,12.057]}},{"type":"Feature","geometry":{"type":"Polygon","coordinates":[[[11.984350276978473,57.68531003285697],[11.98433163551007,57.68553428429473],[11.984750331355322,57.68554426795877],[11.984768970245105,57.685320016434964],[11.984350276978473,57.68531003285697]]]},"properties":{"grid":"campus","values":[13.0,11.26,8.74,10.227,12.915,3.898,12.933]}},{"type":"Feature","geometry":{"type":"Polygon","coordinates":[[[11.984768970245105,57.685320016434964],[11.984750331355322,57.68554426795877],[11.985169027476944,57.68555425023891],[11.985187663788103,57.6853299986291],[11.984768970245105,57.685320016434964]]]},"properties":{"grid":"campus","values":[12.626,7.575,3.346,7.931,12.268,5.691,13.72]}},{"type":"Feature","geometry":{"type":"Polygon","coordinates":[[[11.985187663788103,57.6853299986291],[11.985169027476944,57.68555425023891],[11.985587723874897,57.6855642311352],[11.985606357607425,57.68533997943938],[11.985187663788103,57.6853299986291]]]},"properties":{"grid":"campus","values":[12.729,6.087,0.0,6.667,11.648,5.548,14.263]}},{"type":"Feature","geometry":{"type":"Polygon","coordinates":[[[11.985606357607425,57.68533997943938],[11.985587723874897,57.6855642311352],[11.98600642054914,57.685574210647594],[11.986025051703033,57.68534995886581],[11.985606357607425,57.68533997943938]]]},"properties":{"grid":"campus","values":[13.278,7.686,0.0,7.271,11.213,3.507,14.409]}},{"type":"Feature","geometry":{"type":"Polygon","coordinates":[[[11.986443746074888,57.68535993690836],[11.986025051703033,57.68534995886581],[11.98600642054914,57.685574210647594],[11.98642511749964,57.68558418877612],[11.986443746074888,57.68535993690836]]]},"properties":{"grid":"campus","values":[13.438,8.16,0.0,7.414,11.083,2.882,14.452]}},{"type":"Feature","geometry":{"type":"Polygon","coordinates":[[[11.970077412066603,57.685418264824555],[11.970096141482376,57.68519401633031],[11.969677455333992,57.6851839842321],[11.96965872333976,57.685408232639915],[11.970077412066603,57.685418264824555]]]},"properties":{"grid":"campus","values":[12.656,11.005,7.612,13.552,14.727,11.34,10.994]}},{"type":"Feature","geometry":{"type":"Polygon","coordinates":[[[11.970096141482376,57.68519401633031],[11.970077412066603,57.685418264824555],[11.970496101071152,57.685428295625385],[11.97051482790846,57.68520404704469],[11.970096141482376,57.68519401633031]]]},"properties":{"grid":"campus","values":[12.671,10.974,7.168,13.577,14.746,11.342,11.051]}},{"type":"Feature","geometry":{"type":"Polygon","coordinates":[[[11.97051482790846,57.68520404704469],[11.970496101071152,57.685428295625385],[11.970914790353367,57.68543832504237],[11.970933514612206,57.6852140763753],[11.97051482790846,57.68520404704469]]]},"properties":{"grid":"campus","values":[12.825,10.529,1.701,13.656,14.764,11.442,12.046]}},{"type":"Feature","geometry":{"type":"Polygon","coordinates":[[[11.970933514612206,57.6852140763753],[11.970914790353367,57.68543832504237],[11.971333479913213,57.68544835307558],[11.971352201593579,57.685224104322074],[11.970933514612206,57.6852140763753]]]},"properties":{"grid":"campus","values":[12.797,10.399,1.006,13.784,14.465,11.573,11.105]}},{"type":"Feature","geometry":{"type":"Polygon","coordinates":[[[11.971352201593579,57.685224104322074],[11.971333479913213,57.68544835307558],[11.971752169750651,57.68545837972494],[11.971770888852536,57.685234130885064],[11.971352201593579,57.685224104322074]]]},"properties":{"grid":"campus","values":[12.432,9.802,0.919,15.111,12.12,12.609,1.772]}},{"type":"Feature","geometry":{"type":"Polygon","coordinates":[[[11.971770888852536,57.685234130885064],[11.971752169750651,57.68545837972494],[11.972170859865644,57.68546840499048],[11.972189576389042,57.68524415606424],[11.971770888852536,57.685234130885064]]]},"properties":{"grid":"campus","values":[12.428,10.041,1.374,14.475,11.478,12.746,1.762]}},{"type":"Feature","geometry":{"type":"Polygon","coordinates":[[[11.972189576389042,57.68524415606424],[11.972170859865644,57.68546840499048],[11.972589550258153,57.68547842887221],[11.972608264203055,57.685254179859605],[11.972189576389042,57.68524415606424]]]},"properties":{"grid":"campus","values":[12.885,12.535,4.951,7.755,9.01,12.663,10.244]}},{"type":"Feature","geometry":{"type":"Polygon","coordinates":[[[11.972608264203055,57.685254179859605],[11.972589550258153,57.68547842887221],[11.973008240928138,57.685488451370105],[11.973026952294545,57.68526420227114],[11.972608264203055,57.685254179859605]]]},"properties":{"grid":"campus","values":[12.968,12.862,5.842,6.909,9.193,12.788,10.426]}},{"type":"Feature","geometry":{"type":"Polygon","coordinates":[[[11.973026952294545,57.68526420227114],[11.973008240928138,57.685488451370105],[11.973426931875562,57.68549847248418],[11.973445640663464,57.68527422329888],[11.973026952294545,57.68526420227114]]]},"properties":{"grid":"campus","values":[13.115,13.039,9.145,6.188,12.752,13.79,3.309]}},{"type":"Feature","geometry":{"type":"Polygon","coordinates":[[[11.973445640663464,57.68527422329888],[11.973426931875562,57.68549847248418],[11.97384562310039,57.685508492214424],[11.973864329309782,57.68528424294279],[11.973445640663464,57.68527422329888]]]},"properties":{"grid":"campus","values":[12.968,12.911,9.605,6.051,12.947,13.657,3.305]}},{"type":"Feature","geometry":{"type":"Polygon","coordinates":[[[11.973864329309782,57.68528424294279],[11.97384562310039,57.685508492214424],[11.974264314602578,57.68551851056084],[11.974283018233457,57.68529426120289],[11.973864329309782,57.68528424294279]]]},"properties":{"grid":"campus","values":[11.598,11.964,9.512,6.034,10.791,11.787,10.62]}},{"type":"Feature","geometry":{"type":"Polygon","coordinates":[[[11.974283018233457,57.68529426120289],[11.974264314602578,57.68551851056084],[11.974683006382095,57.68552852752343],[11.974701707434452,57.68530427807919],[11.974283018233457,57.68529426120289]]]},"properties":{"grid":"campus","values":[11.478,11.804,9.537,6.125,10.747,10.497,11.514]}},{"type":"Feature","geometry":{"type":"Polygon","coordinates":[[[11.974701707434452,57.68530427807919],[11.974683006382095,57.68552852752343],[11.975101698438896,57.68553854310217],[11.97512039691273,57.68531429357164],[11.974701707434452,57.68530427807919]]]},"properties":{"grid":"campus","values":[11.886,11.524,10.055,7.161,12.782,2.183,11.478]}},{"type":"Feature","geometry":{"type":"Polygon","coordinates":[[[11.97512039691273,57.68531429357164],[11.975101698438896,57.68553854310217],[11.97552039077295,57.685548557297075],[11.975539086668249,57.68532430768027],[11.97512039691273,57.68531429357164]]]},"properties":{"grid":"campus","values":[11.969,11.498,10.058,7.298,13.061,2.328,11.426]}},{"type":"Feature","geometry":{"type":"Polygon","coordinates":[[[11.975539086668249,57.68532430768027],[11.97552039077295,57.685548557297075],[11.975939083384215,57.68555857010816],[11.975957776700975,57.68533432040508],[11.975539086668249,57.68532430768027]]]},"properties":{"grid":"campus","values":[12.154,11.509,9.542,7.367,13.012,11.697,11.302]}},{"type":"Feature","geometry":{"type":"Polygon","coordinates":[[[11.975957776700975,57.68533432040508],[11.975939083384215,57.68555857010816],[11.976357776272652,57.685568581535385],[11.97637646701087,57.68534433174605],[11.975957776700975,57.68533432040508]]]},"properties":{"grid":"campus","values":[12.167,11.536,9.51,7.215,13.009,12.571,11.15]}},{"type":"Feature","geometry":{"type":"Polygon","coordinates":[[[11.97637646701087,57.68534433174605],[11.976357776272652,57.685568581535385],[11.976776469438223,57.685578591578775],[11.976795157597891,57.685354341703196],[11.97637646701087,57.68534433174605]]]},"properties":{"grid":"campus","values":[12.157,11.599,9.747,5.982,13.139,10.057,10.332]}},{"type":"Feature","geometry":{"type":"Polygon","coordinates":[[[11.976795157597891,57.685354341703196],[11.976776469438223,57.685578591578775],[11.977195162880893,57.68558860023833],[11.977213848462005,57.68536435027651],[11.976795157597891,57.685354341703196]]]},"properties":{"grid":"campus","values":[12.267,11.606,9.722,6.611,13.361,10.118,10.388]}},{"type":"Feature","geometry":{"type":"Polygon","coordinates":[[[11.977213848462005,57.68536435027651],[11.977195162880893,57.68558860023833],[11.977613856600621,57.68559860751403],[11.977632539603174,57.685374357466],[11.977213848462005,57.68536435027651]]]},"properties":{"grid":"campus","values":[13.182,11.478,9.753,12.818,15.17,12.991,11.575]}},{"type":"Feature","geometry":{"type":"Polygon","coordinates":[[[11.977632539603174,57.685374357466],[11.977613856600621,57.68559860751403],[11.97803255059737,57.68560861340588],[11.978051231021357,57.68538436327164],[11.977632539603174,57.685374357466]]]},"properties":{"grid":"campus","values":[13.36,11.79,9.232,13.852,15.209,13.002,11.783]}},{"type":"Feature","geometry":{"type":"Polygon","coordinates":[[[11.978051231021357,57.68538436327164],[11.97803255059737,57.68560861340588],[11.978451244871104,57.685618617913875],[11.978469922716519,57.68539436769345],[11.978051231021357,57.68538436327164]]]},"properties":{"grid":"campus","values":[13.92,14.566,4.955,16.191,13.901,9.987,12.323]}},{"type":"Feature","geometry":{"type":"Polygon","coordinates":[[[11.978469922716519,57.68539436769345],[11.978451244871104,57.685618617913875],[11.97886993942178,57.68562862103805],[11.978888614688618,57.685404370731426],[11.978469922716519,57.68539436769345]]]},"properties":{"grid":"campus","values":[13.727,14.898,4.779,15.949,13.718,9.625,12.276]}},{"type":"Feature","geometry":{"type":"Polygon","coordinates":[[[11.978888614688618,57.685404370731426],[11.97886993942178,57.68562862103805],[11.979288634249366,57.68563862277835],[11.979307306937619,57.685414372385544],[11.978888614688618,57.685404370731426]]]},"properties":{"grid":"campus","values":[11.815,15.072,7.328,12.44,13.656,9.722,11.484]}},{"type":"Feature","geometry":{"type":"Polygon","coordinates":[[[11.979307306937619,57.685414372385544],[11.979288634249366,57.68563862277835],[11.979707329353818,57.6856486231348],[11.979725999463483,57.68542437265583],[11.979307306937619,57.685414372385544]]]},"properties":{"grid":"campus","values":[11.979,14.976,6.964,12.6,13.682,9.794,11.563]}},{"type":"Feature","geometry":{"type":"Polygon","coordinates":[[[11.979725999463483,57.68542437265583],[11.979707329353818,57.6856486231348],[11.980126024735101,57.68565862210738],[11.98014469226617,57.68543437154228],[11.979725999463483,57.68542437265583]]]},"properties":{"grid":"campus","values":[15.08,13.84,2.168,16.931,13.574,9.944,12.866]}},{"type":"Feature","geometry":{"type":"Polygon","coordinates":[[[11.98014469226617,57.68543437154228],[11.980126024735101,57.68565862210738],[11.980544720393178,57.6856686196961],[11.980563385345649,57.68544436904486],[11.98014469226617,57.68543437154228]]]},"properties":{"grid":"campus","values":[15.158,13.406,2.82,16.827,13.316,9.06,12.848]}},{"type":"Feature","geometry":{"type":"Polygon","coordinates":[[[11.980563385345649,57.68544436904486],[11.980544720393178,57.6856686196961],[11.98096341632801,57.685678615900976],[11.980982078701873,57.685454365163594],[11.980563385345649,57.68544436904486]]]},"properties":{"grid":"campus","values":[12.41,10.677,13.645,10.869,11.301,1.915,11.297]}},{"type":"Feature","geometry":{"type":"Polygon","coordinates":[[[11.980982078701873,57.685454365163594],[11.98096341632801,57.685678615900976],[11.981382112539558,57.685688610721975],[11.98140077233481,57.68546435989848],[11.980982078701873,57.685454365163594]]]},"properties":{"grid":"campus","values":[12.029,10.336,14.96,10.083,11.255,1.84,11.103]}},{"type":"Feature","geometry":{"type":"Polygon","coordinates":[[[11.98140077233481,57.68546435989848],[11.981382112539558,57.685688610721975],[11.981800809027785,57.68569860415912],[11.981819466244419,57.68547435324953],[11.98140077233481,57.68546435989848]]]},"properties":{"grid":"campus","values":[11.603,10.371,13.919,9.672,13.22,8.797,11.259]}},{"type":"Feature","geometry":{"type":"Polygon","coordinates":[[[11.981819466244419,57.68547435324953],[11.981800809027785,57.68569860415912],[11.982219505792651,57.68570859621241],[11.982238160430661,57.68548434521671],[11.981819466244419,57.68547435324953]]]},"properties":{"grid":"campus","values":[11.459,10.407,12.552,9.321,13.473,9.594,11.246]}},{"type":"Feature","geometry":{"type":"Polygon","coordinates":[[[11.982238160430661,57.68548434521671],[11.982219505792651,57.68570859621241],[11.98263820283412,57.685718586881805],[11.982656854893502,57.685494335800044],[11.982238160430661,57.68548434521671]]]},"properties":{"grid":"campus","values":[10.822,10.6,2.632,6.574,13.553,8.186,10.97]}},{"type":"Feature","geometry":{"type":"Polygon","coordinates":[[[11.982656854893502,57.685494335800044],[11.98263820283412,57.685718586881805],[11.983056900152155,57.68572857616732],[11.9830755496329,57.685504324999506],[11.982656854893502,57.685494335800044]]]},"properties":{"grid":"campus","values":[10.809,10.115,1.317,6.227,13.548,7.76,10.957]}},{"type":"Feature","geometry":{"type":"Polygon","coordinates":[[[11.9830755496329,57.685504324999506],[11.983056900152155,57.68572857616732],[11.983475597746715,57.685738564069],[11.98349424464882,57.68551431281511],[11.9830755496329,57.685504324999506]]]},"properties":{"grid":"campus","values":[11.524,5.957,0.801,6.596,13.366,5.49,11.027]}},{"type":"Feature","geometry":{"type":"Polygon","coordinates":[[[11.98349424464882,57.68551431281511],[11.983475597746715,57.685738564069],[11.983894295617764,57.685748550586766],[11.983912939941224,57.685524299246865],[11.98349424464882,57.68551431281511]]]},"properties":{"grid":"campus","values":[11.739,6.186,1.901,6.896,13.34,5.149,11.027]}},{"type":"Feature","geometry":{"type":"Polygon","coordinates":[[[11.983912939941224,57.685524299246865],[11.983894295617764,57.685748550586766],[11.984312993765261,57.685758535720694],[11.98433163551007,57.68553428429473],[11.983912939941224,57.685524299246865]]]},"properties":{"grid":"campus","values":[12.703,12.371,10.357,9.204,13.156,4.77,11.173]}},{"type":"Feature","geometry":{"type":"Polygon","coordinates":[[[11.98433163551007,57.68553428429473],[11.984312993765261,57.685758535720694],[11.984731692189172,57.68576851947072],[11.984750331355322,57.68554426795877],[11.98433163551007,57.68553428429473]]]},"properties":{"grid":"campus","values":[12.77,12.796,10.357,9.204,12.909,4.74,11.461]}},{"type":"Feature","geometry":{"type":"Polygon","coordinates":[[[11.984750331355322,57.68554426795877],[11.984731692189172,57.68576851947072],[11.985150390889457,57.685778501836886],[11.985169027476944,57.68555425023891],[11.984750331355322,57.68554426795877]]]},"properties":{"grid":"campus","values":[12.35,9.55,1.099,6.613,11.002,5.276,13.833]}},{"type":"Feature","geometry":{"type":"Polygon","coordinates":[[[11.985169027476944,57.68555425023891],[11.985150390889457,57.685778501836886],[11.985569089866077,57.685788482819156],[11.985587723874897,57.6855642311352],[11.985169027476944,57.68555425023891]]]},"properties":{"grid":"campus","values":[12.402,9.807,0.0,7.017,10.602,5.185,14.151]}},{"type":"Feature","geometry":{"type":"Polygon","coordinates":[[[11.985587723874897,57.6855642311352],[11.985569089866077,57.685788482819156],[11.985987789118996,57.68579846241754],[11.98600642054914,57.685574210647594],[11.985587723874897,57.6855642311352]]]},"properties":{"grid":"campus","values":[13.287,14.44,0.0,12.151,9.339,4.261,14.454]}},{"type":"Feature","geometry":{"type":"Polygon","coordinates":[[[11.98642511749964,57.68558418877612],[11.98600642054914,57.685574210647594],[11.985987789118996,57.68579846241754],[11.986406488648177,57.68580844063202],[11.98642511749964,57.68558418877612]]]},"properties":{"grid":"campus","values":[13.35,14.736,0.0,12.531,9.259,4.235,14.471]}},{"type":"Feature","geometry":{"type":"Polygon","coordinates":[[[11.970058682373125,57.68564251330693],[11.970077412066603,57.685418264824555],[11.96965872333976,57.685408232639915],[11.969639991067787,57.68563248103586],[11.970058682373125,57.68564251330693]]]},"properties":{"grid":"campus","values":[12.605,10.955,8.382,14.029,13.823,11.469,13.622]}},{"type":"Feature","geometry":{"type":"Polygon","coordinates":[[[11.970077412066603,57.685418264824555],[11.970058682373125,57.68564251330693],[11.970477373956175,57.685652544194184],[11.970496101071152,57.685428295625385],[11.970077412066603,57.685418264824555]]]},"properties":{"grid":"campus","values":[12.585,10.809,7.953,14.138,13.668,11.582,13.727]}},{"type":"Feature","geometry":{"type":"Polygon","coordinates":[[[11.970496101071152,57.685428295625385],[11.970477373956175,57.685652544194184],[11.970896065816898,57.6856625736976],[11.970914790353367,57.68543832504237],[11.970496101071152,57.685428295625385]]]},"properties":{"grid":"campus","values":[12.505,10.295,6.621,14.53,13.087,11.99,14.106]}},{"type":"Feature","geometry":{"type":"Polygon","coordinates":[[[11.970914790353367,57.68543832504237],[11.970896065816898,57.6856625736976],[11.971314757955259,57.685672601817174],[11.971333479913213,57.68544835307558],[11.970914790353367,57.68543832504237]]]},"properties":{"grid":"campus","values":[12.356,10.172,5.7,14.913,12.317,12.46,12.322]}},{"type":"Feature","geometry":{"type":"Polygon","coordinates":[[[11.971333479913213,57.68544835307558],[11.971314757955259,57.685672601817174],[11.971733450371216,57.68568262855293],[11.971752169750651,57.68545837972494],[11.971333479913213,57.68544835307558]]]},"properties":{"grid":"campus","values":[12.187,10.523,5.702,15.135,11.675,12.821,9.207]}},{"type":"Feature","geometry":{"type":"Polygon","coordinates":[[[11.971752169750651,57.68545837972494],[11.971733450371216,57.68568262855293],[11.972152143064731,57.68569265390486],[11.972170859865644,57.68546840499048],[11.971752169750651,57.68545837972494]]]},"properties":{"grid":"campus","values":[12.236,11.098,6.292,12.995,11.154,12.661,8.551]}},{"type":"Feature","geometry":{"type":"Polygon","coordinates":[[[11.972170859865644,57.68546840499048],[11.972152143064731,57.68569265390486],[11.972570836035768,57.685702677872946],[11.972589550258153,57.68547842887221],[11.972170859865644,57.68546840499048]]]},"properties":{"grid":"campus","values":[12.491,11.657,7.138,9.295,11.143,11.967,10.528]}},{"type":"Feature","geometry":{"type":"Polygon","coordinates":[[[11.972589550258153,57.68547842887221],[11.972570836035768,57.685702677872946],[11.972989529284291,57.68571270045721],[11.973008240928138,57.685488451370105],[11.972589550258153,57.68547842887221]]]},"properties":{"grid":"campus","values":[12.513,12.059,8.368,6.866,11.24,11.743,10.578]}},{"type":"Feature","geometry":{"type":"Polygon","coordinates":[[[11.973008240928138,57.685488451370105],[11.972989529284291,57.68571270045721],[11.973408222810258,57.685722721657605],[11.973426931875562,57.68549847248418],[11.973008240928138,57.685488451370105]]]},"properties":{"grid":"campus","values":[12.264,12.072,9.313,6.669,11.346,11.996,8.617]}},{"type":"Feature","geometry":{"type":"Polygon","coordinates":[[[11.973426931875562,57.68549847248418],[11.973408222810258,57.685722721657605],[11.973826916613632,57.6857327414742],[11.97384562310039,57.685508492214424],[11.973426931875562,57.68549847248418]]]},"properties":{"grid":"campus","values":[12.17,12.216,8.545,7.465,12.002,12.104,8.604]}},{"type":"Feature","geometry":{"type":"Polygon","coordinates":[[[11.97384562310039,57.685508492214424],[11.973826916613632,57.6857327414742],[11.974245610694373,57.68574275990692],[11.974264314602578,57.68551851056084],[11.97384562310039,57.685508492214424]]]},"properties":{"grid":"campus","values":[12.313,12.504,6.08,9.104,12.961,12.092,10.545]}},{"type":"Feature","geometry":{"type":"Polygon","coordinates":[[[11.974264314602578,57.68551851056084],[11.974245610694373,57.68574275990692],[11.974664305052448,57.6857527769558],[11.974683006382095,57.68552852752343],[11.974264314602578,57.68551851056084]]]},"properties":{"grid":"campus","values":[12.396,12.611,6.124,10.271,13.393,10.5,11.636]}},{"type":"Feature","geometry":{"type":"Polygon","coordinates":[[[11.974683006382095,57.68552852752343],[11.974664305052448,57.6857527769558],[11.975082999687816,57.68576279262084],[11.975101698438896,57.68553854310217],[11.974683006382095,57.68552852752343]]]},"properties":{"grid":"campus","values":[12.447,12.573,8.655,10.627,13.205,8.247,11.242]}},{"type":"Feature","geometry":{"type":"Polygon","coordinates":[[[11.975101698438896,57.68553854310217],[11.975082999687816,57.68576279262084],[11.975501694600439,57.68577280690204],[11.97552039077295,57.685548557297075],[11.975101698438896,57.68553854310217]]]},"properties":{"grid":"campus","values":[12.554,12.526,8.66,10.863,13.104,8.46,10.99]}},{"type":"Feature","geometry":{"type":"Polygon","coordinates":[[[11.97552039077295,57.685548557297075],[11.975501694600439,57.68577280690204],[11.975920389790279,57.68578281979938],[11.975939083384215,57.68555857010816],[11.97552039077295,57.685548557297075]]]},"properties":{"grid":"campus","values":[12.658,12.494,6.136,10.863,13.006,11.026,10.965]}},{"type":"Feature","geometry":{"type":"Polygon","coordinates":[[[11.975939083384215,57.68555857010816],[11.975920389790279,57.68578281979938],[11.976339085257298,57.685792831312874],[11.976357776272652,57.685568581535385],[11.975939083384215,57.68555857010816]]]},"properties":{"grid":"campus","values":[12.623,12.081,6.039,10.618,12.785,12.362,10.724]}},{"type":"Feature","geometry":{"type":"Polygon","coordinates":[[[11.976357776272652,57.685568581535385],[11.976339085257298,57.685792831312874],[11.976757781001456,57.68580284144251],[11.976776469438223,57.685578591578775],[11.976357776272652,57.685568581535385]]]},"properties":{"grid":"campus","values":[12.455,11.383,8.407,10.251,12.498,11.778,10.391]}},{"type":"Feature","geometry":{"type":"Polygon","coordinates":[[[11.976776469438223,57.685578591578775],[11.976757781001456,57.68580284144251],[11.97717647702272,57.68581285018828],[11.977195162880893,57.68558860023833],[11.976776469438223,57.685578591578775]]]},"properties":{"grid":"campus","values":[12.538,11.089,9.779,11.175,12.665,11.924,10.446]}},{"type":"Feature","geometry":{"type":"Polygon","coordinates":[[[11.977195162880893,57.68558860023833],[11.97717647702272,57.68581285018828],[11.977595173321047,57.68582285755021],[11.977613856600621,57.68559860751403],[11.977195162880893,57.68558860023833]]]},"properties":{"grid":"campus","values":[12.809,11.273,9.809,12.904,13.154,12.737,10.853]}},{"type":"Feature","geometry":{"type":"Polygon","coordinates":[[[11.977613856600621,57.68559860751403],[11.977595173321047,57.68582285755021],[11.978013869896401,57.68583286352826],[11.97803255059737,57.68560861340588],[11.977613856600621,57.68559860751403]]]},"properties":{"grid":"campus","values":[13.386,11.921,9.094,14.836,13.756,12.007,11.323]}},{"type":"Feature","geometry":{"type":"Polygon","coordinates":[[[11.97803255059737,57.68560861340588],[11.978013869896401,57.68583286352826],[11.978432566748742,57.68584286812247],[11.978451244871104,57.685618617913875],[11.97803255059737,57.68560861340588]]]},"properties":{"grid":"campus","values":[14.05,12.741,8.023,16.064,14.301,9.918,11.653]}},{"type":"Feature","geometry":{"type":"Polygon","coordinates":[[[11.978451244871104,57.685618617913875],[11.978432566748742,57.68584286812247],[11.978851263878038,57.6858528713328],[11.97886993942178,57.68562862103805],[11.978451244871104,57.685618617913875]]]},"properties":{"grid":"campus","values":[13.981,13.777,7.477,16.31,14.361,8.921,11.709]}},{"type":"Feature","geometry":{"type":"Polygon","coordinates":[[[11.97886993942178,57.68562862103805],[11.978851263878038,57.6858528713328],[11.979269961284242,57.68586287315928],[11.979288634249366,57.68563862277835],[11.97886993942178,57.68562862103805]]]},"properties":{"grid":"campus","values":[13.271,14.63,7.668,15.608,13.992,9.417,11.497]}},{"type":"Feature","geometry":{"type":"Polygon","coordinates":[[[11.979288634249366,57.68563862277835],[11.979269961284242,57.68586287315928],[11.979688658967323,57.685872873601895],[11.979707329353818,57.6856486231348],[11.979288634249366,57.68563862277835]]]},"properties":{"grid":"campus","values":[13.132,14.395,7.826,14.729,13.358,9.922,11.505]}},{"type":"Feature","geometry":{"type":"Polygon","coordinates":[[[11.979707329353818,57.6856486231348],[11.979688658967323,57.685872873601895],[11.98010735692724,57.685882872660635],[11.980126024735101,57.68565862210738],[11.979707329353818,57.6856486231348]]]},"properties":{"grid":"campus","values":[13.534,13.17,8.055,13.837,12.612,10.279,11.701]}},{"type":"Feature","geometry":{"type":"Polygon","coordinates":[[[11.980126024735101,57.68565862210738],[11.98010735692724,57.685882872660635],[11.980526055163955,57.68589287033549],[11.980544720393178,57.6856686196961],[11.980126024735101,57.68565862210738]]]},"properties":{"grid":"campus","values":[13.324,11.798,10.041,12.505,12.119,9.008,11.605]}},{"type":"Feature","geometry":{"type":"Polygon","coordinates":[[[11.980544720393178,57.6856686196961],[11.980526055163955,57.68589287033549],[11.98094475367743,57.685902866626485],[11.98096341632801,57.685678615900976],[11.980544720393178,57.6856686196961]]]},"properties":{"grid":"campus","values":[12.527,10.805,13.014,11.117,12.109,6.786,11.249]}},{"type":"Feature","geometry":{"type":"Polygon","coordinates":[[[11.98096341632801,57.685678615900976],[11.98094475367743,57.685902866626485],[11.98136345246763,57.68591286153361],[11.981382112539558,57.685688610721975],[11.98096341632801,57.685678615900976]]]},"properties":{"grid":"campus","values":[11.732,10.259,14.113,10.05,12.544,6.584,10.948]}},{"type":"Feature","geometry":{"type":"Polygon","coordinates":[[[11.981382112539558,57.685688610721975],[11.98136345246763,57.68591286153361],[11.98178215153451,57.68592285505685],[11.981800809027785,57.68569860415912],[11.981382112539558,57.685688610721975]]]},"properties":{"grid":"campus","values":[11.294,10.435,12.534,9.889,13.329,8.483,10.857]}},{"type":"Feature","geometry":{"type":"Polygon","coordinates":[[[11.981800809027785,57.68569860415912],[11.98178215153451,57.68592285505685],[11.982200850878039,57.68593284719621],[11.982219505792651,57.68570859621241],[11.981800809027785,57.68569860415912]]]},"properties":{"grid":"campus","values":[11.116,10.604,10.318,8.811,13.764,8.812,10.719]}},{"type":"Feature","geometry":{"type":"Polygon","coordinates":[[[11.982219505792651,57.68570859621241],[11.982200850878039,57.68593284719621],[11.982619550498177,57.68594283795169],[11.98263820283412,57.685718586881805],[11.982219505792651,57.68570859621241]]]},"properties":{"grid":"campus","values":[11.302,10.707,8.574,7.231,13.637,7.17,10.575]}},{"type":"Feature","geometry":{"type":"Polygon","coordinates":[[[11.98263820283412,57.685718586881805],[11.982619550498177,57.68594283795169],[11.983038250394882,57.685952827323284],[11.983056900152155,57.68572857616732],[11.98263820283412,57.685718586881805]]]},"properties":{"grid":"campus","values":[11.69,10.396,7.068,7.335,13.499,5.706,10.68]}},{"type":"Feature","geometry":{"type":"Polygon","coordinates":[[[11.983056900152155,57.68572857616732],[11.983038250394882,57.685952827323284],[11.98345695056812,57.68596281531101],[11.983475597746715,57.685738564069],[11.983056900152155,57.68572857616732]]]},"properties":{"grid":"campus","values":[12.187,9.942,6.707,9.233,13.387,4.967,11.01]}},{"type":"Feature","geometry":{"type":"Polygon","coordinates":[[[11.983475597746715,57.685738564069],[11.98345695056812,57.68596281531101],[11.983875651017852,57.68597280191483],[11.983894295617764,57.685748550586766],[11.983475597746715,57.685738564069]]]},"properties":{"grid":"campus","values":[12.328,10.117,6.379,9.496,12.93,4.608,11.2]}},{"type":"Feature","geometry":{"type":"Polygon","coordinates":[[[11.983894295617764,57.685748550586766],[11.983875651017852,57.68597280191483],[11.984294351744042,57.68598278713478],[11.984312993765261,57.685758535720694],[11.983894295617764,57.685748550586766]]]},"properties":{"grid":"campus","values":[11.992,10.787,5.735,7.937,12.257,4.857,11.2]}},{"type":"Feature","geometry":{"type":"Polygon","coordinates":[[[11.984312993765261,57.685758535720694],[11.984294351744042,57.68598278713478],[11.984713052746645,57.685992770970834],[11.984731692189172,57.68576851947072],[11.984312993765261,57.685758535720694]]]},"properties":{"grid":"campus","values":[11.958,10.86,3.998,7.47,11.514,5.912,11.879]}},{"type":"Feature","geometry":{"type":"Polygon","coordinates":[[[11.984731692189172,57.68576851947072],[11.984713052746645,57.685992770970834],[11.985131754025632,57.686002753423004],[11.985150390889457,57.685778501836886],[11.984731692189172,57.68576851947072]]]},"properties":{"grid":"campus","values":[12.21,10.149,1.617,8.215,10.991,7.513,12.949]}},{"type":"Feature","geometry":{"type":"Polygon","coordinates":[[[11.985150390889457,57.685778501836886],[11.985131754025632,57.686002753423004],[11.98555045558096,57.68601273449127],[11.985569089866077,57.685788482819156],[11.985150390889457,57.685778501836886]]]},"properties":{"grid":"campus","values":[12.424,10.528,0.0,8.808,10.402,8.316,13.817]}},{"type":"Feature","geometry":{"type":"Polygon","coordinates":[[[11.985569089866077,57.685788482819156],[11.98555045558096,57.68601273449127],[11.98596915741259,57.68602271417565],[11.985987789118996,57.68579846241754],[11.985569089866077,57.685788482819156]]]},"properties":{"grid":"campus","values":[12.526,11.796,0.0,8.938,10.056,8.151,14.136]}},{"type":"Feature","geometry":{"type":"Polygon","coordinates":[[[11.986406488648177,57.68580844063202],[11.985987789118996,57.68579846241754],[11.98596915741259,57.68602271417565],[11.98638785952049,57.68603269247611],[11.986406488648177,57.68580844063202]]]},"properties":{"grid":"campus","values":[12.56,12.18,0.0,9.014,9.952,8.116,14.225]}},{"type":"Feature","geometry":{"type":"Polygon","coordinates":[[[11.970039952401935,57.68586676177744],[11.970058682373125,57.68564251330693],[11.969639991067787,57.68563248103586],[11.969621258518064,57.685856729419925],[11.970039952401935,57.68586676177744]]]},"properties":{"grid":"campus","values":[12.542,11.172,9.905,14.066,13.02,11.516,15.946]}},{"type":"Feature","geometry":{"type":"Polygon","coordinates":[[[11.970058682373125,57.68564251330693],[11.970039952401935,57.68586676177744],[11.970458646563525,57.685876792751095],[11.970477373956175,57.685652544194184],[11.970058682373125,57.68564251330693]]]},"properties":{"grid":"campus","values":[12.515,11.079,9.949,14.146,12.888,11.601,15.974]}},{"type":"Feature","geometry":{"type":"Polygon","coordinates":[[[11.970477373956175,57.685652544194184],[11.970458646563525,57.685876792751095],[11.970877341002794,57.685886822340926],[11.970896065816898,57.6856625736976],[11.970477373956175,57.685652544194184]]]},"properties":{"grid":"campus","values":[12.243,9.87,10.18,14.937,11.212,12.684,16.23]}},{"type":"Feature","geometry":{"type":"Polygon","coordinates":[[[11.970896065816898,57.6856625736976],[11.970877341002794,57.685886822340926],[11.971296035719705,57.685896850546904],[11.971314757955259,57.685672601817174],[11.970896065816898,57.6856625736976]]]},"properties":{"grid":"campus","values":[12.174,9.914,10.245,15.06,11.002,12.862,15.974]}},{"type":"Feature","geometry":{"type":"Polygon","coordinates":[[[11.971314757955259,57.685672601817174],[11.971296035719705,57.685896850546904],[11.971714730714218,57.68590687736907],[11.971733450371216,57.68568262855293],[11.971314757955259,57.685672601817174]]]},"properties":{"grid":"campus","values":[11.87,11.402,9.888,15.329,10.902,13.22,12.927]}},{"type":"Feature","geometry":{"type":"Polygon","coordinates":[[[11.971733450371216,57.68568262855293],[11.971714730714218,57.68590687736907],[11.972133425986296,57.685916902807364],[11.972152143064731,57.68569265390486],[11.971733450371216,57.68568262855293]]]},"properties":{"grid":"campus","values":[11.905,11.545,9.837,14.56,11.172,12.99,12.518]}},{"type":"Feature","geometry":{"type":"Polygon","coordinates":[[[11.972152143064731,57.68569265390486],[11.972133425986296,57.685916902807364],[11.972552121535903,57.68592692686181],[11.972570836035768,57.685702677872946],[11.972152143064731,57.68569265390486]]]},"properties":{"grid":"campus","values":[12.469,11.31,9.658,8.11,13.328,10.858,12.012]}},{"type":"Feature","geometry":{"type":"Polygon","coordinates":[[[11.972570836035768,57.685702677872946],[11.972552121535903,57.68592692686181],[11.972970817362999,57.68593694953241],[11.972989529284291,57.68571270045721],[11.972570836035768,57.685702677872946]]]},"properties":{"grid":"campus","values":[12.405,11.26,9.607,7.354,13.218,10.597,11.874]}},{"type":"Feature","geometry":{"type":"Polygon","coordinates":[[[11.972989529284291,57.68571270045721],[11.972970817362999,57.68593694953241],[11.973389513467545,57.68594697081917],[11.973408222810258,57.685722721657605],[11.972989529284291,57.68571270045721]]]},"properties":{"grid":"campus","values":[11.425,11.236,9.827,7.321,10.36,10.652,11.467]}},{"type":"Feature","geometry":{"type":"Polygon","coordinates":[[[11.973408222810258,57.685722721657605],[11.973389513467545,57.68594697081917],[11.973808209849505,57.68595699072206],[11.973826916613632,57.6857327414742],[11.973408222810258,57.685722721657605]]]},"properties":{"grid":"campus","values":[11.502,11.448,8.906,7.957,10.596,10.846,11.462]}},{"type":"Feature","geometry":{"type":"Polygon","coordinates":[[[11.973826916613632,57.6857327414742],[11.973808209849505,57.68595699072206],[11.97422690650884,57.68596700924112],[11.974245610694373,57.68574275990692],[11.973826916613632,57.6857327414742]]]},"properties":{"grid":"campus","values":[12.978,13.058,1.382,12.968,15.252,12.254,11.827]}},{"type":"Feature","geometry":{"type":"Polygon","coordinates":[[[11.974245610694373,57.68574275990692],[11.97422690650884,57.68596700924112],[11.974645603445511,57.68597702637632],[11.974664305052448,57.6857527769558],[11.974245610694373,57.68574275990692]]]},"properties":{"grid":"campus","values":[13.144,13.276,1.386,13.626,15.57,12.448,11.684]}},{"type":"Feature","geometry":{"type":"Polygon","coordinates":[[[11.974664305052448,57.6857527769558],[11.974645603445511,57.68597702637632],[11.975064300659481,57.68598704212765],[11.975082999687816,57.68576279262084],[11.974664305052448,57.6857527769558]]]},"properties":{"grid":"campus","values":[12.889,13.435,9.282,13.373,13.262,11.957,10.576]}},{"type":"Feature","geometry":{"type":"Polygon","coordinates":[[[11.975082999687816,57.68576279262084],[11.975064300659481,57.68598704212765],[11.975482998150712,57.68599705649511],[11.975501694600439,57.68577280690204],[11.975082999687816,57.68576279262084]]]},"properties":{"grid":"campus","values":[12.88,13.429,9.282,13.395,12.936,11.957,10.464]}},{"type":"Feature","geometry":{"type":"Polygon","coordinates":[[[11.975501694600439,57.68577280690204],[11.975482998150712,57.68599705649511],[11.975901695919166,57.686007069478734],[11.975920389790279,57.68578281979938],[11.975501694600439,57.68577280690204]]]},"properties":{"grid":"campus","values":[13.081,13.33,1.971,13.525,12.669,12.571,10.662]}},{"type":"Feature","geometry":{"type":"Polygon","coordinates":[[[11.975920389790279,57.68578281979938],[11.975901695919166,57.686007069478734],[11.976320393964803,57.68601708107847],[11.976339085257298,57.685792831312874],[11.975920389790279,57.68578281979938]]]},"properties":{"grid":"campus","values":[13.047,13.042,1.94,13.512,12.53,12.604,10.651]}},{"type":"Feature","geometry":{"type":"Polygon","coordinates":[[[11.976339085257298,57.685792831312874],[11.976320393964803,57.68601708107847],[11.976739092287588,57.68602709129435],[11.976757781001456,57.68580284144251],[11.976339085257298,57.685792831312874]]]},"properties":{"grid":"campus","values":[12.586,10.872,8.99,13.3,11.706,12.691,10.293]}},{"type":"Feature","geometry":{"type":"Polygon","coordinates":[[[11.976757781001456,57.68580284144251],[11.976739092287588,57.68602709129435],[11.977157790887482,57.686037100126384],[11.97717647702272,57.68581285018828],[11.976757781001456,57.68580284144251]]]},"properties":{"grid":"campus","values":[12.537,10.679,9.888,13.3,11.604,12.727,10.275]}},{"type":"Feature","geometry":{"type":"Polygon","coordinates":[[[11.97717647702272,57.68581285018828],[11.977157790887482,57.686037100126384],[11.977576489764445,57.68604710757453],[11.977595173321047,57.68582285755021],[11.97717647702272,57.68581285018828]]]},"properties":{"grid":"campus","values":[12.664,11.326,9.93,13.804,11.734,12.949,10.554]}},{"type":"Feature","geometry":{"type":"Polygon","coordinates":[[[11.977595173321047,57.68582285755021],[11.977576489764445,57.68604710757453],[11.977995188918442,57.686057113638796],[11.978013869896401,57.68583286352826],[11.977595173321047,57.68582285755021]]]},"properties":{"grid":"campus","values":[12.866,11.446,9.962,14.066,12.081,12.473,10.66]}},{"type":"Feature","geometry":{"type":"Polygon","coordinates":[[[11.978013869896401,57.68583286352826],[11.977995188918442,57.686057113638796],[11.978413888349433,57.6860671183192],[11.978432566748742,57.68584286812247],[11.978013869896401,57.68583286352826]]]},"properties":{"grid":"campus","values":[14.49,11.789,9.828,16.621,14.772,8.638,11.304]}},{"type":"Feature","geometry":{"type":"Polygon","coordinates":[[[11.978432566748742,57.68584286812247],[11.978413888349433,57.6860671183192],[11.97883258805738,57.68607712161573],[11.978851263878038,57.6858528713328],[11.978432566748742,57.68584286812247]]]},"properties":{"grid":"campus","values":[14.627,12.138,9.646,17.005,14.982,8.342,11.385]}},{"type":"Feature","geometry":{"type":"Polygon","coordinates":[[[11.978851263878038,57.6858528713328],[11.97883258805738,57.68607712161573],[11.979251288042246,57.68608712352838],[11.979269961284242,57.68586287315928],[11.978851263878038,57.6858528713328]]]},"properties":{"grid":"campus","values":[14.135,14.634,8.19,17.976,14.109,9.435,11.338]}},{"type":"Feature","geometry":{"type":"Polygon","coordinates":[[[11.979269961284242,57.68586287315928],[11.979251288042246,57.68608712352838],[11.979669988303991,57.68609712405714],[11.979688658967323,57.685872873601895],[11.979269961284242,57.68586287315928]]]},"properties":{"grid":"campus","values":[13.892,14.573,8.633,17.265,13.681,9.69,11.269]}},{"type":"Feature","geometry":{"type":"Polygon","coordinates":[[[11.979688658967323,57.685872873601895],[11.979669988303991,57.68609712405714],[11.980088688842578,57.68610712320203],[11.98010735692724,57.685882872660635],[11.979688658967323,57.685872873601895]]]},"properties":{"grid":"campus","values":[12.507,11.697,12.904,10.904,11.137,10.371,10.771]}},{"type":"Feature","geometry":{"type":"Polygon","coordinates":[[[11.98010735692724,57.685882872660635],[11.980088688842578,57.68610712320203],[11.980507389657971,57.68611712096303],[11.980526055163955,57.68589287033549],[11.98010735692724,57.685882872660635]]]},"properties":{"grid":"campus","values":[12.3,11.229,13.56,10.153,11.065,10.39,10.726]}},{"type":"Feature","geometry":{"type":"Polygon","coordinates":[[[11.980526055163955,57.68589287033549],[11.980507389657971,57.68611712096303],[11.980926090750128,57.686127117340156],[11.98094475367743,57.685902866626485],[11.980526055163955,57.68589287033549]]]},"properties":{"grid":"campus","values":[11.921,10.112,15.039,10.081,12.67,9.1,10.833]}},{"type":"Feature","geometry":{"type":"Polygon","coordinates":[[[11.98094475367743,57.685902866626485],[11.980926090750128,57.686127117340156],[11.981344792119016,57.68613711233339],[11.98136345246763,57.68591286153361],[11.98094475367743,57.685902866626485]]]},"properties":{"grid":"campus","values":[11.77,10.083,14.507,10.137,12.991,9.042,10.823]}},{"type":"Feature","geometry":{"type":"Polygon","coordinates":[[[11.98136345246763,57.68591286153361],[11.981344792119016,57.68613711233339],[11.98176349376459,57.68614710594273],[11.98178215153451,57.68592285505685],[11.98136345246763,57.68591286153361]]]},"properties":{"grid":"campus","values":[10.732,10.595,10.244,9.83,14.071,9.859,10.59]}},{"type":"Feature","geometry":{"type":"Polygon","coordinates":[[[11.98178215153451,57.68592285505685],[11.98176349376459,57.68614710594273],[11.982182195686818,57.686157098168195],[11.982200850878039,57.68593284719621],[11.98178215153451,57.68592285505685]]]},"properties":{"grid":"campus","values":[10.753,10.67,10.112,9.471,14.111,9.321,10.515]}},{"type":"Feature","geometry":{"type":"Polygon","coordinates":[[[11.982200850878039,57.68593284719621],[11.982182195686818,57.686157098168195],[11.982600897885659,57.68616708900975],[11.982619550498177,57.68594283795169],[11.982200850878039,57.68593284719621]]]},"properties":{"grid":"campus","values":[11.856,10.788,12.411,6.746,13.658,4.55,10.192]}},{"type":"Feature","geometry":{"type":"Polygon","coordinates":[[[11.982619550498177,57.68594283795169],[11.982600897885659,57.68616708900975],[11.983019600361077,57.68617707846742],[11.983038250394882,57.685952827323284],[11.982619550498177,57.68594283795169]]]},"properties":{"grid":"campus","values":[12.117,11.045,12.683,7.138,13.575,4.015,10.271]}},{"type":"Feature","geometry":{"type":"Polygon","coordinates":[[[11.983038250394882,57.685952827323284],[11.983019600361077,57.68617707846742],[11.983438303113031,57.686187066541194],[11.98345695056812,57.68596281531101],[11.983038250394882,57.685952827323284]]]},"properties":{"grid":"campus","values":[13.029,12.75,11.112,12.593,13.333,4.046,11.228]}},{"type":"Feature","geometry":{"type":"Polygon","coordinates":[[[11.98345695056812,57.68596281531101],[11.983438303113031,57.686187066541194],[11.983857006141486,57.686197053231076],[11.983875651017852,57.68597280191483],[11.98345695056812,57.68596281531101]]]},"properties":{"grid":"campus","values":[12.917,12.647,9.872,12.479,13.066,4.137,11.349]}},{"type":"Feature","geometry":{"type":"Polygon","coordinates":[[[11.983875651017852,57.68597280191483],[11.983857006141486,57.686197053231076],[11.984275709446402,57.68620703853704],[11.984294351744042,57.68598278713478],[11.983875651017852,57.68597280191483]]]},"properties":{"grid":"campus","values":[11.351,10.51,1.663,6.488,10.916,4.655,11.349]}},{"type":"Feature","geometry":{"type":"Polygon","coordinates":[[[11.984294351744042,57.68598278713478],[11.984275709446402,57.68620703853704],[11.984694413027741,57.68621702245912],[11.984713052746645,57.685992770970834],[11.984294351744042,57.68598278713478]]]},"properties":{"grid":"campus","values":[11.267,10.158,0.555,6.19,10.674,5.356,11.512]}},{"type":"Feature","geometry":{"type":"Polygon","coordinates":[[[11.984713052746645,57.685992770970834],[11.984694413027741,57.68621702245912],[11.985113116885467,57.68622700499728],[11.985131754025632,57.686002753423004],[11.984713052746645,57.685992770970834]]]},"properties":{"grid":"campus","values":[12.257,9.667,0.0,9.76,10.636,10.422,13.09]}},{"type":"Feature","geometry":{"type":"Polygon","coordinates":[[[11.985131754025632,57.686002753423004],[11.985113116885467,57.68622700499728],[11.98553182101954,57.68623698615154],[11.98555045558096,57.68601273449127],[11.985131754025632,57.686002753423004]]]},"properties":{"grid":"campus","values":[12.346,9.667,0.0,9.76,10.636,11.02,13.346]}},{"type":"Feature","geometry":{"type":"Polygon","coordinates":[[[11.98555045558096,57.68601273449127],[11.98553182101954,57.68623698615154],[11.98595052542992,57.68624696592192],[11.98596915741259,57.68602271417565],[11.98555045558096,57.68601273449127]]]},"properties":{"grid":"campus","values":[12.085,9.962,0.0,6.454,10.556,11.305,14.043]}},{"type":"Feature","geometry":{"type":"Polygon","coordinates":[[[11.98638785952049,57.68603269247611],[11.98596915741259,57.68602271417565],[11.98595052542992,57.68624696592192],[11.986369230116575,57.686256944308354],[11.98638785952049,57.68603269247611]]]},"properties":{"grid":"campus","values":[12.066,9.981,0.0,6.185,10.551,11.281,14.098]}},{"type":"Feature","geometry":{"type":"Polygon","coordinates":[[[11.970021222153028,57.68609101023604],[11.970039952401935,57.68586676177744],[11.969621258518064,57.685856729419925],[11.969602525690583,57.686080977792095],[11.970021222153028,57.68609101023604]]]},"properties":{"grid":"campus","values":[12.441,11.352,10.504,14.419,11.783,12.404,16.336]}},{"type":"Feature","geometry":{"type":"Polygon","coordinates":[[[11.970039952401935,57.68586676177744],[11.970021222153028,57.68609101023604],[11.970439918893195,57.68610104129615],[11.970458646563525,57.685876792751095],[11.970039952401935,57.68586676177744]]]},"properties":{"grid":"campus","values":[12.515,11.25,10.648,14.112,11.694,12.395,16.383]}},{"type":"Feature","geometry":{"type":"Polygon","coordinates":[[[11.970458646563525,57.685876792751095],[11.970439918893195,57.68610104129615],[11.970858615911048,57.68611107097237],[11.970877341002794,57.685886822340926],[11.970458646563525,57.685876792751095]]]},"properties":{"grid":"campus","values":[12.794,10.926,11.155,12.969,11.416,12.335,16.545]}},{"type":"Feature","geometry":{"type":"Polygon","coordinates":[[[11.970877341002794,57.685886822340926],[11.970858615911048,57.68611107097237],[11.97127731320655,57.686121099264774],[11.971296035719705,57.685896850546904],[11.970877341002794,57.685886822340926]]]},"properties":{"grid":"campus","values":[12.636,10.99,10.439,13.202,11.217,12.521,15.348]}},{"type":"Feature","geometry":{"type":"Polygon","coordinates":[[[11.971296035719705,57.685896850546904],[11.97127731320655,57.686121099264774],[11.971696010779656,57.68613112617331],[11.971714730714218,57.68590687736907],[11.971296035719705,57.685896850546904]]]},"properties":{"grid":"campus","values":[12.108,11.408,8.658,14.702,11.233,12.833,13.201]}},{"type":"Feature","geometry":{"type":"Polygon","coordinates":[[[11.971714730714218,57.68590687736907],[11.971696010779656,57.68613112617331],[11.972114708630338,57.68614115169799],[11.972133425986296,57.685916902807364],[11.971714730714218,57.68590687736907]]]},"properties":{"grid":"campus","values":[12.123,11.619,7.561,14.19,12.303,12.436,11.727]}},{"type":"Feature","geometry":{"type":"Polygon","coordinates":[[[11.972133425986296,57.685916902807364],[11.972114708630338,57.68614115169799],[11.972533406758549,57.68615117583881],[11.972552121535903,57.68592692686181],[11.972133425986296,57.685916902807364]]]},"properties":{"grid":"campus","values":[12.663,11.51,7.449,12.102,14.046,11.523,11.469]}},{"type":"Feature","geometry":{"type":"Polygon","coordinates":[[[11.972552121535903,57.68592692686181],[11.972533406758549,57.68615117583881],[11.972952105164255,57.68616119859576],[11.972970817362999,57.68593694953241],[11.972552121535903,57.68592692686181]]]},"properties":{"grid":"campus","values":[12.703,11.358,7.373,10.768,14.098,10.927,11.527]}},{"type":"Feature","geometry":{"type":"Polygon","coordinates":[[[11.972970817362999,57.68593694953241],[11.972952105164255,57.68616119859576],[11.973370803847422,57.686171219968855],[11.973389513467545,57.68594697081917],[11.972970817362999,57.68593694953241]]]},"properties":{"grid":"campus","values":[12.256,11.221,7.373,10.828,12.49,10.907,11.941]}},{"type":"Feature","geometry":{"type":"Polygon","coordinates":[[[11.973389513467545,57.68594697081917],[11.973370803847422,57.686171219968855],[11.973789502808003,57.68618123995808],[11.973808209849505,57.68595699072206],[11.973389513467545,57.68594697081917]]]},"properties":{"grid":"campus","values":[12.254,11.455,5.306,11.798,12.378,11.176,11.926]}},{"type":"Feature","geometry":{"type":"Polygon","coordinates":[[[11.973808209849505,57.68595699072206],[11.973789502808003,57.68618123995808],[11.974208202045968,57.68619125856345],[11.97422690650884,57.68596700924112],[11.973808209849505,57.68595699072206]]]},"properties":{"grid":"campus","values":[12.668,11.914,2.068,13.176,13.698,11.59,11.488]}},{"type":"Feature","geometry":{"type":"Polygon","coordinates":[[[11.97422690650884,57.68596700924112],[11.974208202045968,57.68619125856345],[11.974626901561273,57.68620127578496],[11.974645603445511,57.68597702637632],[11.97422690650884,57.68596700924112]]]},"properties":{"grid":"campus","values":[12.826,12.573,2.988,12.744,13.774,11.973,11.109]}},{"type":"Feature","geometry":{"type":"Polygon","coordinates":[[[11.974645603445511,57.68597702637632],[11.974626901561273,57.68620127578496],[11.975045601353886,57.686211291622584],[11.975064300659481,57.68598704212765],[11.974645603445511,57.68597702637632]]]},"properties":{"grid":"campus","values":[12.621,13.175,7.829,10.354,12.461,12.15,10.943]}},{"type":"Feature","geometry":{"type":"Polygon","coordinates":[[[11.975064300659481,57.68598704212765],[11.975045601353886,57.686211291622584],[11.975464301423761,57.68622130607635],[11.975482998150712,57.68599705649511],[11.975064300659481,57.68598704212765]]]},"properties":{"grid":"campus","values":[12.546,13.491,9.471,9.354,11.596,12.296,10.779]}},{"type":"Feature","geometry":{"type":"Polygon","coordinates":[[[11.975482998150712,57.68599705649511],[11.975464301423761,57.68622130607635],[11.975883001770866,57.68623131914623],[11.975901695919166,57.686007069478734],[11.975482998150712,57.68599705649511]]]},"properties":{"grid":"campus","values":[12.626,13.442,7.49,9.994,11.53,12.374,10.703]}},{"type":"Feature","geometry":{"type":"Polygon","coordinates":[[[11.975901695919166,57.686007069478734],[11.975883001770866,57.68623131914623],[11.976301702395162,57.686241330832225],[11.976320393964803,57.68601708107847],[11.975901695919166,57.686007069478734]]]},"properties":{"grid":"campus","values":[12.591,13.021,7.457,10.27,11.34,12.425,10.685]}},{"type":"Feature","geometry":{"type":"Polygon","coordinates":[[[11.976320393964803,57.68601708107847],[11.976301702395162,57.686241330832225],[11.97672040329661,57.68625134113436],[11.976739092287588,57.68602709129435],[11.976320393964803,57.68601708107847]]]},"properties":{"grid":"campus","values":[12.465,12.451,9.392,10.115,11.128,12.424,10.735]}},{"type":"Feature","geometry":{"type":"Polygon","coordinates":[[[11.976739092287588,57.68602709129435],[11.97672040329661,57.68625134113436],[11.977139104475174,57.6862613500526],[11.977157790887482,57.686037100126384],[11.976739092287588,57.68602709129435]]]},"properties":{"grid":"campus","values":[12.398,12.183,10.706,10.044,10.986,12.469,10.799]}},{"type":"Feature","geometry":{"type":"Polygon","coordinates":[[[11.977157790887482,57.686037100126384],[11.977139104475174,57.6862613500526],[11.977557805930813,57.686271357586975],[11.977576489764445,57.68604710757453],[11.977157790887482,57.686037100126384]]]},"properties":{"grid":"campus","values":[12.427,12.364,10.707,10.074,10.99,12.536,10.867]}},{"type":"Feature","geometry":{"type":"Polygon","coordinates":[[[11.977576489764445,57.68604710757453],[11.977557805930813,57.686271357586975],[11.97797650766349,57.68628136373746],[11.977995188918442,57.686057113638796],[11.977576489764445,57.68604710757453]]]},"properties":{"grid":"campus","values":[12.91,12.21,10.527,11.755,11.654,12.254,10.988]}},{"type":"Feature","geometry":{"type":"Polygon","coordinates":[[[11.977995188918442,57.686057113638796],[11.97797650766349,57.68628136373746],[11.978395209673167,57.68629136850406],[11.978413888349433,57.6860671183192],[11.977995188918442,57.686057113638796]]]},"properties":{"grid":"campus","values":[13.644,11.713,10.202,14.549,12.668,11.883,11.088]}},{"type":"Feature","geometry":{"type":"Polygon","coordinates":[[[11.978413888349433,57.6860671183192],[11.978395209673167,57.68629136850406],[11.978813911959804,57.68630137188678],[11.97883258805738,57.68607712161573],[11.978413888349433,57.6860671183192]]]},"properties":{"grid":"campus","values":[14.26,11.964,9.771,16.833,13.682,10.849,11.172]}},{"type":"Feature","geometry":{"type":"Polygon","coordinates":[[[11.97883258805738,57.68607712161573],[11.978813911959804,57.68630137188678],[11.97923261452337,57.686311373885594],[11.979251288042246,57.68608712352838],[11.97883258805738,57.68607712161573]]]},"properties":{"grid":"campus","values":[14.546,12.76,9.418,17.865,14.353,9.534,11.186]}},{"type":"Feature","geometry":{"type":"Polygon","coordinates":[[[11.979251288042246,57.68608712352838],[11.97923261452337,57.686311373885594],[11.979651317363817,57.68632137450054],[11.979669988303991,57.68609712405714],[11.979251288042246,57.68608712352838]]]},"properties":{"grid":"campus","values":[14.086,13.079,8.653,17.249,13.617,9.12,10.967]}},{"type":"Feature","geometry":{"type":"Polygon","coordinates":[[[11.979669988303991,57.68609712405714],[11.979651317363817,57.68632137450054],[11.980070020481115,57.68633137373158],[11.980088688842578,57.68610712320203],[11.979669988303991,57.68609712405714]]]},"properties":{"grid":"campus","values":[13.095,12.864,7.498,15.423,11.832,9.613,10.598]}},{"type":"Feature","geometry":{"type":"Polygon","coordinates":[[[11.980088688842578,57.68610712320203],[11.980070020481115,57.68633137373158],[11.98048872387522,57.686341371578706],[11.980507389657971,57.68611712096303],[11.980088688842578,57.68610712320203]]]},"properties":{"grid":"campus","values":[12.318,11.976,9.126,13.101,11.049,8.774,10.45]}},{"type":"Feature","geometry":{"type":"Polygon","coordinates":[[[11.980507389657971,57.68611712096303],[11.98048872387522,57.686341371578706],[11.980907427546098,57.68635136804197],[11.980926090750128,57.686127117340156],[11.980507389657971,57.68611712096303]]]},"properties":{"grid":"campus","values":[12.039,10.831,12.857,11.18,11.496,6.814,10.577]}},{"type":"Feature","geometry":{"type":"Polygon","coordinates":[[[11.980926090750128,57.686127117340156],[11.980907427546098,57.68635136804197],[11.981326131493711,57.68636136312131],[11.981344792119016,57.68613711233339],[11.980926090750128,57.686127117340156]]]},"properties":{"grid":"campus","values":[11.718,10.205,14.224,10.054,12.455,6.796,10.694]}},{"type":"Feature","geometry":{"type":"Polygon","coordinates":[[[11.981344792119016,57.68613711233339],[11.981326131493711,57.68636136312131],[11.981744835718018,57.68637135681677],[11.98176349376459,57.68614710594273],[11.981344792119016,57.68613711233339]]]},"properties":{"grid":"campus","values":[11.498,10.271,13.087,9.993,13.553,8.746,10.776]}},{"type":"Feature","geometry":{"type":"Polygon","coordinates":[[[11.98176349376459,57.68614710594273],[11.981744835718018,57.68637135681677],[11.982163540218984,57.686381349128304],[11.982182195686818,57.686157098168195],[11.98176349376459,57.68614710594273]]]},"properties":{"grid":"campus","values":[11.431,10.452,12.233,9.42,14.12,7.67,10.793]}},{"type":"Feature","geometry":{"type":"Polygon","coordinates":[[[11.982182195686818,57.686157098168195],[11.982163540218984,57.686381349128304],[11.982582244996568,57.68639134005597],[11.982600897885659,57.68616708900975],[11.982182195686818,57.686157098168195]]]},"properties":{"grid":"campus","values":[11.524,10.67,11.936,8.626,13.994,4.056,10.77]}},{"type":"Feature","geometry":{"type":"Polygon","coordinates":[[[11.982600897885659,57.68616708900975],[11.982582244996568,57.68639134005597],[11.983000950050734,57.686401329599704],[11.983019600361077,57.68617707846742],[11.982600897885659,57.68616708900975]]]},"properties":{"grid":"campus","values":[11.802,11.157,10.186,8.651,13.781,2.433,10.926]}},{"type":"Feature","geometry":{"type":"Polygon","coordinates":[[[11.983019600361077,57.68617707846742],[11.983000950050734,57.686401329599704],[11.983419655381443,57.68641131775953],[11.983438303113031,57.686187066541194],[11.983019600361077,57.68617707846742]]]},"properties":{"grid":"campus","values":[12.09,11.685,7.327,9.336,13.567,3.428,11.188]}},{"type":"Feature","geometry":{"type":"Polygon","coordinates":[[[11.983438303113031,57.686187066541194],[11.983419655381443,57.68641131775953],[11.983838360988658,57.68642130453544],[11.983857006141486,57.686197053231076],[11.983438303113031,57.686187066541194]]]},"properties":{"grid":"campus","values":[12.281,12.288,4.028,9.769,12.428,3.562,11.365]}},{"type":"Feature","geometry":{"type":"Polygon","coordinates":[[[11.983857006141486,57.686197053231076],[11.983838360988658,57.68642130453544],[11.984257066872338,57.686431289927455],[11.984275709446402,57.68620703853704],[11.983857006141486,57.686197053231076]]]},"properties":{"grid":"campus","values":[12.372,12.851,1.629,9.883,10.763,2.764,11.365]}},{"type":"Feature","geometry":{"type":"Polygon","coordinates":[[[11.984275709446402,57.68620703853704],[11.984257066872338,57.686431289927455],[11.984675773032452,57.68644127393555],[11.984694413027741,57.68621702245912],[11.984275709446402,57.68620703853704]]]},"properties":{"grid":"campus","values":[12.4,12.178,0.0,9.266,9.988,3.938,12.006]}},{"type":"Feature","geometry":{"type":"Polygon","coordinates":[[[11.984694413027741,57.68621702245912],[11.984675773032452,57.68644127393555],[11.985094479468954,57.686451256559735],[11.985113116885467,57.68622700499728],[11.984694413027741,57.68621702245912]]]},"properties":{"grid":"campus","values":[12.391,10.583,0.0,8.196,10.4,6.504,13.058]}},{"type":"Feature","geometry":{"type":"Polygon","coordinates":[[[11.985113116885467,57.68622700499728],[11.985094479468954,57.686451256559735],[11.985513186181809,57.68646123779998],[11.98553182101954,57.68623698615154],[11.985113116885467,57.68622700499728]]]},"properties":{"grid":"campus","values":[12.534,9.667,0.0,8.365,10.636,9.261,13.69]}},{"type":"Feature","geometry":{"type":"Polygon","coordinates":[[[11.98553182101954,57.68623698615154],[11.985513186181809,57.68646123779998],[11.98593189317098,57.686471217656326],[11.98595052542992,57.68624696592192],[11.98553182101954,57.68623698615154]]]},"properties":{"grid":"campus","values":[12.757,9.667,0.0,9.73,10.636,11.26,13.637]}},{"type":"Feature","geometry":{"type":"Polygon","coordinates":[[[11.986369230116575,57.686256944308354],[11.98595052542992,57.68624696592192],[11.98593189317098,57.686471217656326],[11.986350600436428,57.686481196128746],[11.986369230116575,57.686256944308354]]]},"properties":{"grid":"campus","values":[12.819,9.667,0.0,10.085,10.636,11.814,13.628]}},{"type":"Feature","geometry":{"type":"Polygon","coordinates":[[[11.970002491626396,57.68631525868279],[11.970021222153028,57.68609101023604],[11.969602525690583,57.686080977792095],[11.969583792585341,57.68630522615242],[11.970002491626396,57.68631525868279]]]},"properties":{"grid":"campus","values":[12.335,11.669,10.775,14.84,11.01,13.073,16.382]}},{"type":"Feature","geometry":{"type":"Polygon","coordinates":[[[11.970021222153028,57.68609101023604],[11.970002491626396,57.68631525868279],[11.97042119094518,57.68632528982933],[11.970439918893195,57.68610104129615],[11.970021222153028,57.68609101023604]]]},"properties":{"grid":"campus","values":[12.415,11.67,10.856,14.537,11.044,12.998,16.407]}},{"type":"Feature","geometry":{"type":"Polygon","coordinates":[[[11.970439918893195,57.68610104129615],[11.97042119094518,57.68632528982933],[11.970839890541653,57.68633531959197],[11.970858615911048,57.68611107097237],[11.970439918893195,57.68610104129615]]]},"properties":{"grid":"campus","values":[13.358,11.49,11.337,10.423,11.475,11.93,16.554]}},{"type":"Feature","geometry":{"type":"Polygon","coordinates":[[[11.970858615911048,57.68611107097237],[11.970839890541653,57.68633531959197],[11.97125859041578,57.68634534797076],[11.97127731320655,57.686121099264774],[11.970858615911048,57.68611107097237]]]},"properties":{"grid":"campus","values":[13.321,11.49,10.82,10.456,11.546,11.882,16.031]}},{"type":"Feature","geometry":{"type":"Polygon","coordinates":[[[11.97127731320655,57.686121099264774],[11.97125859041578,57.68634534797076],[11.971677290567523,57.68635537496568],[11.971696010779656,57.68613112617331],[11.97127731320655,57.686121099264774]]]},"properties":{"grid":"campus","values":[11.966,11.668,6.199,14.671,11.529,12.727,11.585]}},{"type":"Feature","geometry":{"type":"Polygon","coordinates":[[[11.971696010779656,57.68613112617331],[11.971677290567523,57.68635537496568],[11.972095990996843,57.68636540057674],[11.972114708630338,57.68614115169799],[11.971696010779656,57.68613112617331]]]},"properties":{"grid":"campus","values":[11.944,11.668,5.547,15.065,11.958,12.69,11.029]}},{"type":"Feature","geometry":{"type":"Polygon","coordinates":[[[11.972114708630338,57.68614115169799],[11.972095990996843,57.68636540057674],[11.972514691703699,57.68637542480392],[11.972533406758549,57.68615117583881],[11.972114708630338,57.68614115169799]]]},"properties":{"grid":"campus","values":[13.158,11.643,5.563,13.899,15.483,11.55,10.696]}},{"type":"Feature","geometry":{"type":"Polygon","coordinates":[[[11.972533406758549,57.68615117583881],[11.972514691703699,57.68637542480392],[11.972933392688056,57.68638544764725],[11.972952105164255,57.68616119859576],[11.972533406758549,57.68615117583881]]]},"properties":{"grid":"campus","values":[13.243,11.593,5.563,13.756,15.619,11.415,10.863]}},{"type":"Feature","geometry":{"type":"Polygon","coordinates":[[[11.972952105164255,57.68616119859576],[11.972933392688056,57.68638544764725],[11.973352093949877,57.686395469106685],[11.973370803847422,57.686171219968855],[11.972952105164255,57.68616119859576]]]},"properties":{"grid":"campus","values":[12.632,11.147,5.562,13.427,13.1,11.32,12.22]}},{"type":"Feature","geometry":{"type":"Polygon","coordinates":[[[11.973370803847422,57.686171219968855],[11.973352093949877,57.686395469106685],[11.97377079548912,57.686405489182256],[11.973789502808003,57.68618123995808],[11.973370803847422,57.686171219968855]]]},"properties":{"grid":"campus","values":[12.559,11.097,5.107,13.449,12.808,11.31,12.215]}},{"type":"Feature","geometry":{"type":"Polygon","coordinates":[[[11.973789502808003,57.68618123995808],[11.97377079548912,57.686405489182256],[11.974189497305751,57.68641550787393],[11.974208202045968,57.68619125856345],[11.973789502808003,57.68618123995808]]]},"properties":{"grid":"campus","values":[12.612,11.25,1.039,13.745,13.116,11.388,10.973]}},{"type":"Feature","geometry":{"type":"Polygon","coordinates":[[[11.974208202045968,57.68619125856345],[11.974189497305751,57.68641550787393],[11.97460819939973,57.68642552518175],[11.974626901561273,57.68620127578496],[11.974208202045968,57.68619125856345]]]},"properties":{"grid":"campus","values":[12.557,11.465,1.622,12.852,12.867,11.45,10.866]}},{"type":"Feature","geometry":{"type":"Polygon","coordinates":[[[11.974626901561273,57.68620127578496],[11.97460819939973,57.68642552518175],[11.97502690177102,57.68643554110565],[11.975045601353886,57.686211291622584],[11.974626901561273,57.68620127578496]]]},"properties":{"grid":"campus","values":[12.222,13.2,10.324,5.851,10.657,11.92,11.264]}},{"type":"Feature","geometry":{"type":"Polygon","coordinates":[[[11.975045601353886,57.686211291622584],[11.97502690177102,57.68643554110565],[11.975445604419582,57.686445555645705],[11.975464301423761,57.68622130607635],[11.975045601353886,57.686211291622584]]]},"properties":{"grid":"campus","values":[12.183,13.407,11.371,5.193,10.411,12.014,11.264]}},{"type":"Feature","geometry":{"type":"Polygon","coordinates":[[[11.975464301423761,57.68622130607635],[11.975445604419582,57.686445555645705],[11.975864307345377,57.68645556880187],[11.975883001770866,57.68623131914623],[11.975464301423761,57.68622130607635]]]},"properties":{"grid":"campus","values":[12.276,13.332,10.988,7.098,10.387,12.237,10.869]}},{"type":"Feature","geometry":{"type":"Polygon","coordinates":[[[11.975883001770866,57.68623131914623],[11.975864307345377,57.68645556880187],[11.97628301054837,57.686465580574115],[11.976301702395162,57.686241330832225],[11.975883001770866,57.68623131914623]]]},"properties":{"grid":"campus","values":[12.286,13.335,10.997,7.287,10.395,12.239,10.867]}},{"type":"Feature","geometry":{"type":"Polygon","coordinates":[[[11.976301702395162,57.686241330832225],[11.97628301054837,57.686465580574115],[11.97670171402852,57.686475590962495],[11.97672040329661,57.68625134113436],[11.976301702395162,57.686241330832225]]]},"properties":{"grid":"campus","values":[12.258,13.341,11.447,6.919,10.395,12.048,11.247]}},{"type":"Feature","geometry":{"type":"Polygon","coordinates":[[[11.97672040329661,57.68625134113436],[11.97670171402852,57.686475590962495],[11.97712041778579,57.68648559996698],[11.977139104475174,57.6862613500526],[11.97672040329661,57.68625134113436]]]},"properties":{"grid":"campus","values":[12.262,13.352,11.444,6.874,10.4,12.044,11.304]}},{"type":"Feature","geometry":{"type":"Polygon","coordinates":[[[11.977139104475174,57.6862613500526],[11.97712041778579,57.68648559996698],[11.97753912182014,57.686495607587574],[11.977557805930813,57.686271357586975],[11.977139104475174,57.6862613500526]]]},"properties":{"grid":"campus","values":[12.313,13.418,10.976,7.327,10.634,12.25,11.309]}},{"type":"Feature","geometry":{"type":"Polygon","coordinates":[[[11.977557805930813,57.686271357586975],[11.97753912182014,57.686495607587574],[11.977957826131536,57.68650561382429],[11.97797650766349,57.68628136373746],[11.977557805930813,57.686271357586975]]]},"properties":{"grid":"campus","values":[12.432,13.207,10.831,8.153,10.732,12.516,11.287]}},{"type":"Feature","geometry":{"type":"Polygon","coordinates":[[[11.97797650766349,57.68628136373746],[11.977957826131536,57.68650561382429],[11.978376530719938,57.68651561867708],[11.978395209673167,57.68629136850406],[11.97797650766349,57.68628136373746]]]},"properties":{"grid":"campus","values":[13.461,11.451,10.062,14.796,11.61,14.347,11.055]}},{"type":"Feature","geometry":{"type":"Polygon","coordinates":[[[11.978395209673167,57.68629136850406],[11.978376530719938,57.68651561867708],[11.978795235585306,57.686525622145986],[11.978813911959804,57.68630137188678],[11.978395209673167,57.68629136850406]]]},"properties":{"grid":"campus","values":[13.726,11.283,9.958,15.892,12.06,13.965,11.033]}},{"type":"Feature","geometry":{"type":"Polygon","coordinates":[[[11.978813911959804,57.68630137188678],[11.978795235585306,57.686525622145986],[11.979213940727604,57.68653562423098],[11.97923261452337,57.686311373885594],[11.978813911959804,57.68630137188678]]]},"properties":{"grid":"campus","values":[14.826,11.806,10.155,17.622,14.914,8.792,11.053]}},{"type":"Feature","geometry":{"type":"Polygon","coordinates":[[[11.97923261452337,57.686311373885594],[11.979213940727604,57.68653562423098],[11.979632646146795,57.68654562493208],[11.979651317363817,57.68632137450054],[11.97923261452337,57.686311373885594]]]},"properties":{"grid":"campus","values":[14.761,12.067,9.252,17.895,14.846,8.289,10.977]}},{"type":"Feature","geometry":{"type":"Polygon","coordinates":[[[11.979651317363817,57.68632137450054],[11.979632646146795,57.68654562493208],[11.980051351842839,57.686555624249266],[11.980070020481115,57.68633137373158],[11.979651317363817,57.68632137450054]]]},"properties":{"grid":"campus","values":[13.016,13.593,2.153,18.129,11.208,9.26,10.293]}},{"type":"Feature","geometry":{"type":"Polygon","coordinates":[[[11.980070020481115,57.68633137373158],[11.980051351842839,57.686555624249266],[11.980470057815698,57.68656562218257],[11.98048872387522,57.686341371578706],[11.980070020481115,57.68633137373158]]]},"properties":{"grid":"campus","values":[12.715,13.466,2.576,17.354,10.775,8.708,10.24]}},{"type":"Feature","geometry":{"type":"Polygon","coordinates":[[[11.98048872387522,57.686341371578706],[11.980470057815698,57.68656562218257],[11.980888764065334,57.686575618731936],[11.980907427546098,57.68635136804197],[11.98048872387522,57.686341371578706]]]},"properties":{"grid":"campus","values":[11.963,10.665,13.612,10.736,10.779,3.454,10.566]}},{"type":"Feature","geometry":{"type":"Polygon","coordinates":[[[11.980907427546098,57.68635136804197],[11.980888764065334,57.686575618731936],[11.98130747059171,57.686585613897414],[11.981326131493711,57.68636136312131],[11.980907427546098,57.68635136804197]]]},"properties":{"grid":"campus","values":[11.899,10.293,14.983,9.966,11.091,3.496,10.65]}},{"type":"Feature","geometry":{"type":"Polygon","coordinates":[[[11.981326131493711,57.68636136312131],[11.98130747059171,57.686585613897414],[11.981726177394789,57.686595607678974],[11.981744835718018,57.68637135681677],[11.981326131493711,57.68636136312131]]]},"properties":{"grid":"campus","values":[11.992,10.064,14.771,10.084,13.709,9.15,11.023]}},{"type":"Feature","geometry":{"type":"Polygon","coordinates":[[[11.981744835718018,57.68637135681677],[11.981726177394789,57.686595607678974],[11.982144884474527,57.6866056000766],[11.982163540218984,57.686381349128304],[11.981744835718018,57.68637135681677]]]},"properties":{"grid":"campus","values":[11.929,10.11,14.349,10.055,14.033,8.967,11.104]}},{"type":"Feature","geometry":{"type":"Polygon","coordinates":[[[11.982163540218984,57.686381349128304],[11.982144884474527,57.6866056000766],[11.982563591830894,57.68661559109034],[11.982582244996568,57.68639134005597],[11.982163540218984,57.686381349128304]]]},"properties":{"grid":"campus","values":[11.331,10.7,11.153,9.581,14.188,1.58,11.279]}},{"type":"Feature","geometry":{"type":"Polygon","coordinates":[[[11.982582244996568,57.68639134005597],[11.982563591830894,57.68661559109034],[11.982982299463847,57.68662558072014],[11.983000950050734,57.686401329599704],[11.982582244996568,57.68639134005597]]]},"properties":{"grid":"campus","values":[11.264,10.77,9.782,9.23,14.13,1.046,11.304]}},{"type":"Feature","geometry":{"type":"Polygon","coordinates":[[[11.983000950050734,57.686401329599704],[11.982982299463847,57.68662558072014],[11.983401007373349,57.68663556896603],[11.983419655381443,57.68641131775953],[11.983000950050734,57.686401329599704]]]},"properties":{"grid":"campus","values":[11.489,10.882,2.167,6.925,13.606,3.955,11.365]}},{"type":"Feature","geometry":{"type":"Polygon","coordinates":[[[11.983419655381443,57.68641131775953],[11.983401007373349,57.68663556896603],[11.983819715559362,57.686645555828],[11.983838360988658,57.68642130453544],[11.983419655381443,57.68641131775953]]]},"properties":{"grid":"campus","values":[11.716,11.363,1.225,7.307,13.13,3.955,11.365]}},{"type":"Feature","geometry":{"type":"Polygon","coordinates":[[[11.983838360988658,57.68642130453544],[11.983819715559362,57.686645555828],[11.984238424021846,57.68665554130604],[11.984257066872338,57.686431289927455],[11.983838360988658,57.68642130453544]]]},"properties":{"grid":"campus","values":[13.209,14.734,0.203,12.576,9.709,0.594,11.347]}},{"type":"Feature","geometry":{"type":"Polygon","coordinates":[[[11.984257066872338,57.686431289927455],[11.984238424021846,57.68665554130604],[11.984657132760768,57.68666552540016],[11.984675773032452,57.68644127393555],[11.984257066872338,57.686431289927455]]]},"properties":{"grid":"campus","values":[13.305,14.636,0.203,12.462,9.441,0.686,11.603]}},{"type":"Feature","geometry":{"type":"Polygon","coordinates":[[[11.984675773032452,57.68644127393555],[11.984657132760768,57.68666552540016],[11.985075841776085,57.68667550811033],[11.985094479468954,57.686451256559735],[11.984675773032452,57.68644127393555]]]},"properties":{"grid":"campus","values":[12.622,10.581,0.0,6.532,10.406,4.852,13.87]}},{"type":"Feature","geometry":{"type":"Polygon","coordinates":[[[11.985094479468954,57.686451256559735],[11.985075841776085,57.68667550811033],[11.985494551067761,57.68668548943661],[11.985513186181809,57.68646123779998],[11.985094479468954,57.686451256559735]]]},"properties":{"grid":"campus","values":[12.631,9.997,0.0,6.64,10.557,6.05,14.033]}},{"type":"Feature","geometry":{"type":"Polygon","coordinates":[[[11.985513186181809,57.68646123779998],[11.985494551067761,57.68668548943661],[11.985913260635758,57.686695469378925],[11.98593189317098,57.686471217656326],[11.985513186181809,57.68646123779998]]]},"properties":{"grid":"campus","values":[13.568,9.667,0.0,13.833,10.636,11.887,13.294]}},{"type":"Feature","geometry":{"type":"Polygon","coordinates":[[[11.986350600436428,57.686481196128746],[11.98593189317098,57.686471217656326],[11.985913260635758,57.686695469378925],[11.98633197048004,57.68670544793731],[11.986350600436428,57.686481196128746]]]},"properties":{"grid":"campus","values":[13.638,9.667,0.0,14.38,10.636,12.313,13.24]}},{"type":"Feature","geometry":{"type":"Polygon","coordinates":[[[11.96998376082204,57.68653950711763],[11.970002491626396,57.68631525868279],[11.969583792585341,57.68630522615242],[11.969565059202335,57.68652947450082],[11.96998376082204,57.68653950711763]]]},"properties":{"grid":"campus","values":[12.917,11.538,10.677,11.811,11.275,12.31,16.361]}},{"type":"Feature","geometry":{"type":"Polygon","coordinates":[[[11.970002491626396,57.68631525868279],[11.96998376082204,57.68653950711763],[11.970402462719475,57.68654953835059],[11.97042119094518,57.68632528982933],[11.970002491626396,57.68631525868279]]]},"properties":{"grid":"campus","values":[12.836,11.396,9.931,11.442,11.299,12.153,16.103]}},{"type":"Feature","geometry":{"type":"Polygon","coordinates":[[[11.97042119094518,57.68632528982933],[11.970402462719475,57.68654953835059],[11.970821164894609,57.68655956819966],[11.970839890541653,57.68633531959197],[11.97042119094518,57.68632528982933]]]},"properties":{"grid":"campus","values":[12.512,10.88,7.196,10.214,11.374,11.612,15.159]}},{"type":"Feature","geometry":{"type":"Polygon","coordinates":[[[11.970839890541653,57.68633531959197],[11.970821164894609,57.68655956819966],[11.971239867347402,57.68656959666484],[11.97125859041578,57.68634534797076],[11.970839890541653,57.68633531959197]]]},"properties":{"grid":"campus","values":[12.213,10.812,6.219,9.642,11.367,11.735,14.313]}},{"type":"Feature","geometry":{"type":"Polygon","coordinates":[[[11.97125859041578,57.68634534797076],[11.971239867347402,57.68656959666484],[11.971658570077816,57.68657962374617],[11.971677290567523,57.68635537496568],[11.97125859041578,57.68634534797076]]]},"properties":{"grid":"campus","values":[12.031,11.209,7.456,9.86,11.254,12.509,13.991]}},{"type":"Feature","geometry":{"type":"Polygon","coordinates":[[[11.971677290567523,57.68635537496568],[11.971658570077816,57.68657962374617],[11.97207727308581,57.68658964944362],[11.972095990996843,57.68636540057674],[11.971677290567523,57.68635537496568]]]},"properties":{"grid":"campus","values":[12.064,11.437,8.134,11.336,11.82,12.787,12.689]}},{"type":"Feature","geometry":{"type":"Polygon","coordinates":[[[11.972095990996843,57.68636540057674],[11.97207727308581,57.68658964944362],[11.97249597637135,57.686599673757165],[11.972514691703699,57.68637542480392],[11.972095990996843,57.68636540057674]]]},"properties":{"grid":"campus","values":[12.313,11.437,8.337,13.534,12.748,12.511,10.962]}},{"type":"Feature","geometry":{"type":"Polygon","coordinates":[[[11.972514691703699,57.68637542480392],[11.97249597637135,57.686599673757165],[11.972914679934396,57.68660969668683],[11.972933392688056,57.68638544764725],[11.972514691703699,57.68637542480392]]]},"properties":{"grid":"campus","values":[12.34,11.223,8.453,13.371,12.896,12.214,10.566]}},{"type":"Feature","geometry":{"type":"Polygon","coordinates":[[[11.972933392688056,57.68638544764725],[11.972914679934396,57.68660969668683],[11.97333338377491,57.68661971823262],[11.973352093949877,57.686395469106685],[11.972933392688056,57.68638544764725]]]},"properties":{"grid":"campus","values":[12.103,10.871,8.452,10.946,12.171,12.026,11.536]}},{"type":"Feature","geometry":{"type":"Polygon","coordinates":[[[11.973352093949877,57.686395469106685],[11.97333338377491,57.68661971823262],[11.973752087892853,57.686629738394515],[11.97377079548912,57.686405489182256],[11.973352093949877,57.686395469106685]]]},"properties":{"grid":"campus","values":[11.947,10.787,7.786,9.488,11.688,11.913,11.972]}},{"type":"Feature","geometry":{"type":"Polygon","coordinates":[[[11.97377079548912,57.686405489182256],[11.973752087892853,57.686629738394515],[11.974170792288188,57.68663975717252],[11.974189497305751,57.68641550787393],[11.97377079548912,57.686405489182256]]]},"properties":{"grid":"campus","values":[11.94,11.013,6.809,9.364,11.688,11.907,11.764]}},{"type":"Feature","geometry":{"type":"Polygon","coordinates":[[[11.974189497305751,57.68641550787393],[11.974170792288188,57.68663975717252],[11.97458949696088,57.68664977456663],[11.97460819939973,57.68642552518175],[11.974189497305751,57.68641550787393]]]},"properties":{"grid":"campus","values":[12.056,11.538,7.715,8.123,11.066,11.873,11.828]}},{"type":"Feature","geometry":{"type":"Polygon","coordinates":[[[11.97460819939973,57.68642552518175],[11.97458949696088,57.68664977456663],[11.975008201910887,57.68665979057686],[11.97502690177102,57.68643554110565],[11.97460819939973,57.68642552518175]]]},"properties":{"grid":"campus","values":[12.288,12.141,10.043,6.438,10.081,11.794,12.189]}},{"type":"Feature","geometry":{"type":"Polygon","coordinates":[[[11.97502690177102,57.68643554110565],[11.975008201910887,57.68665979057686],[11.975426907138171,57.686669805203174],[11.975445604419582,57.686445555645705],[11.97502690177102,57.68643554110565]]]},"properties":{"grid":"campus","values":[12.421,12.523,11.677,5.756,9.381,11.801,12.357]}},{"type":"Feature","geometry":{"type":"Polygon","coordinates":[[[11.975445604419582,57.686445555645705],[11.975426907138171,57.686669805203174],[11.975845612642695,57.6866798184456],[11.975864307345377,57.68645556880187],[11.975445604419582,57.686445555645705]]]},"properties":{"grid":"campus","values":[12.439,12.505,11.784,6.513,9.243,11.855,12.287]}},{"type":"Feature","geometry":{"type":"Polygon","coordinates":[[[11.975864307345377,57.68645556880187],[11.975845612642695,57.6866798184456],[11.97626431842442,57.68668983030414],[11.97628301054837,57.686465580574115],[11.975864307345377,57.68645556880187]]]},"properties":{"grid":"campus","values":[12.459,12.681,11.848,6.933,9.203,11.858,12.285]}},{"type":"Feature","geometry":{"type":"Polygon","coordinates":[[[11.97628301054837,57.686465580574115],[11.97626431842442,57.68668983030414],[11.976683024483307,57.686699840778765],[11.97670171402852,57.686475590962495],[11.97628301054837,57.686465580574115]]]},"properties":{"grid":"campus","values":[12.471,13.006,11.848,6.834,9.266,11.81,12.351]}},{"type":"Feature","geometry":{"type":"Polygon","coordinates":[[[11.97670171402852,57.686475590962495],[11.976683024483307,57.686699840778765],[11.977101730819324,57.686709849869494],[11.97712041778579,57.68648559996698],[11.97670171402852,57.686475590962495]]]},"properties":{"grid":"campus","values":[12.533,13.258,10.605,8.024,9.961,11.889,12.268]}},{"type":"Feature","geometry":{"type":"Polygon","coordinates":[[[11.97712041778579,57.68648559996698],[11.977101730819324,57.686709849869494],[11.977520437432425,57.68671985757631],[11.97753912182014,57.686495607587574],[11.97712041778579,57.68648559996698]]]},"properties":{"grid":"campus","values":[12.628,13.365,8.441,10.212,11.106,12.076,12.034]}},{"type":"Feature","geometry":{"type":"Polygon","coordinates":[[[11.97753912182014,57.686495607587574],[11.977520437432425,57.68671985757631],[11.977939144322578,57.68672986389922],[11.977957826131536,57.68650561382429],[11.97753912182014,57.686495607587574]]]},"properties":{"grid":"campus","values":[12.904,12.824,7.91,12.637,11.711,12.946,11.691]}},{"type":"Feature","geometry":{"type":"Polygon","coordinates":[[[11.977957826131536,57.68650561382429],[11.977939144322578,57.68672986389922],[11.978357851489742,57.68673986883821],[11.978376530719938,57.68651561867708],[11.977957826131536,57.68650561382429]]]},"properties":{"grid":"campus","values":[13.244,11.856,9.204,14.345,11.582,14.168,11.336]}},{"type":"Feature","geometry":{"type":"Polygon","coordinates":[[[11.978376530719938,57.68651561867708],[11.978357851489742,57.68673986883821],[11.978776558933879,57.68674987239329],[11.978795235585306,57.686525622145986],[11.978376530719938,57.68651561867708]]]},"properties":{"grid":"campus","values":[13.534,11.375,10.012,14.558,12.419,13.123,11.076]}},{"type":"Feature","geometry":{"type":"Polygon","coordinates":[[[11.978795235585306,57.686525622145986],[11.978776558933879,57.68674987239329],[11.979195266654951,57.68675987456448],[11.979213940727604,57.68653562423098],[11.978795235585306,57.686525622145986]]]},"properties":{"grid":"campus","values":[13.594,11.57,10.168,12.787,13.827,10.23,10.987]}},{"type":"Feature","geometry":{"type":"Polygon","coordinates":[[[11.979213940727604,57.68653562423098],[11.979195266654951,57.68675987456448],[11.979613974652922,57.686769875351736],[11.979632646146795,57.68654562493208],[11.979213940727604,57.68653562423098]]]},"properties":{"grid":"campus","values":[13.488,12.011,8.896,13.644,13.637,8.508,10.78]}},{"type":"Feature","geometry":{"type":"Polygon","coordinates":[[[11.979632646146795,57.68654562493208],[11.979613974652922,57.686769875351736],[11.98003268292775,57.6867798747551],[11.980051351842839,57.686555624249266],[11.979632646146795,57.68654562493208]]]},"properties":{"grid":"campus","values":[13.268,12.48,6.881,16.8,11.925,8.6,10.539]}},{"type":"Feature","geometry":{"type":"Polygon","coordinates":[[[11.980051351842839,57.686555624249266],[11.98003268292775,57.6867798747551],[11.9804513914794,57.68678987277453],[11.980470057815698,57.68656562218257],[11.980051351842839,57.686555624249266]]]},"properties":{"grid":"campus","values":[12.803,12.199,8.222,16.037,10.797,7.995,10.694]}},{"type":"Feature","geometry":{"type":"Polygon","coordinates":[[[11.980470057815698,57.68656562218257],[11.9804513914794,57.68678987277453],[11.980870100307833,57.686799869410045],[11.980888764065334,57.686575618731936],[11.980470057815698,57.68656562218257]]]},"properties":{"grid":"campus","values":[12.332,11.29,12.407,11.859,10.717,7.066,11.225]}},{"type":"Feature","geometry":{"type":"Polygon","coordinates":[[[11.980888764065334,57.686575618731936],[11.980870100307833,57.686799869410045],[11.981288809413012,57.686809864661626],[11.98130747059171,57.686585613897414],[11.980888764065334,57.686575618731936]]]},"properties":{"grid":"campus","values":[12.009,10.552,15.101,9.516,11.16,7.391,11.462]}},{"type":"Feature","geometry":{"type":"Polygon","coordinates":[[[11.98130747059171,57.686585613897414],[11.981288809413012,57.686809864661626],[11.981707518794895,57.68681985852929],[11.981726177394789,57.686595607678974],[11.98130747059171,57.686585613897414]]]},"properties":{"grid":"campus","values":[11.943,10.323,15.067,9.916,11.89,8.869,11.312]}},{"type":"Feature","geometry":{"type":"Polygon","coordinates":[[[11.981726177394789,57.686595607678974],[11.981707518794895,57.68681985852929],[11.98212622845345,57.686829851013016],[11.982144884474527,57.6866056000766],[11.981726177394789,57.686595607678974]]]},"properties":{"grid":"campus","values":[11.81,10.29,14.418,10.025,12.902,8.545,11.275]}},{"type":"Feature","geometry":{"type":"Polygon","coordinates":[[[11.982144884474527,57.6866056000766],[11.98212622845345,57.686829851013016],[11.982544938388635,57.686839842112825],[11.982563591830894,57.68661559109034],[11.982144884474527,57.6866056000766]]]},"properties":{"grid":"campus","values":[11.669,10.444,13.487,9.826,13.808,6.576,11.329]}},{"type":"Feature","geometry":{"type":"Polygon","coordinates":[[[11.982563591830894,57.68661559109034],[11.982544938388635,57.686839842112825],[11.982963648600412,57.68684983182872],[11.982982299463847,57.68662558072014],[11.982563591830894,57.68661559109034]]]},"properties":{"grid":"campus","values":[11.64,10.601,11.195,8.748,14.099,5.847,11.365]}},{"type":"Feature","geometry":{"type":"Polygon","coordinates":[[[11.982982299463847,57.68662558072014],[11.982963648600412,57.68684983182872],[11.983382359088745,57.68685982016066],[11.983401007373349,57.68663556896603],[11.982982299463847,57.68662558072014]]]},"properties":{"grid":"campus","values":[11.756,10.693,8.676,7.206,13.724,6.758,11.365]}},{"type":"Feature","geometry":{"type":"Polygon","coordinates":[[[11.983401007373349,57.68663556896603],[11.983382359088745,57.68685982016066],[11.983801069853595,57.686869807108685],[11.983819715559362,57.686645555828],[11.983401007373349,57.68663556896603]]]},"properties":{"grid":"campus","values":[12.019,10.639,5.713,7.746,12.9,5.357,11.314]}},{"type":"Feature","geometry":{"type":"Polygon","coordinates":[[[11.983819715559362,57.686645555828],[11.983801069853595,57.686869807108685],[11.984219780894923,57.68687979267275],[11.984238424021846,57.68665554130604],[11.983819715559362,57.686645555828]]]},"properties":{"grid":"campus","values":[12.269,10.261,3.442,10.077,12.029,2.006,11.226]}},{"type":"Feature","geometry":{"type":"Polygon","coordinates":[[[11.984238424021846,57.68665554130604],[11.984219780894923,57.68687979267275],[11.98463849221269,57.68688977685289],[11.984657132760768,57.68666552540016],[11.984238424021846,57.68665554130604]]]},"properties":{"grid":"campus","values":[12.661,10.892,1.567,11.009,11.013,1.384,12.003]}},{"type":"Feature","geometry":{"type":"Polygon","coordinates":[[[11.984657132760768,57.68666552540016],[11.98463849221269,57.68688977685289],[11.985057203806862,57.6868997596491],[11.985075841776085,57.68667550811033],[11.984657132760768,57.68666552540016]]]},"properties":{"grid":"campus","values":[13.055,12.407,0.572,10.345,10.221,3.616,13.344]}},{"type":"Feature","geometry":{"type":"Polygon","coordinates":[[[11.985075841776085,57.68667550811033],[11.985057203806862,57.6868997596491],[11.985475915677396,57.686909741061356],[11.985494551067761,57.68668548943661],[11.985075841776085,57.68667550811033]]]},"properties":{"grid":"campus","values":[13.468,12.215,0.0,11.654,10.024,6.019,13.891]}},{"type":"Feature","geometry":{"type":"Polygon","coordinates":[[[11.985494551067761,57.68668548943661],[11.985475915677396,57.686909741061356],[11.985894627824258,57.686919721089666],[11.985913260635758,57.686695469378925],[11.985494551067761,57.68668548943661]]]},"properties":{"grid":"campus","values":[13.792,10.596,0.0,14.555,10.413,7.501,13.436]}},{"type":"Feature","geometry":{"type":"Polygon","coordinates":[[[11.98633197048004,57.68670544793731],[11.985913260635758,57.686695469378925],[11.985894627824258,57.686919721089666],[11.98631334024741,57.686929699734044],[11.98633197048004,57.68670544793731]]]},"properties":{"grid":"campus","values":[13.891,10.15,0.0,15.434,10.52,7.952,13.304]}},{"type":"Feature","geometry":{"type":"Polygon","coordinates":[[[11.969965029739944,57.686763755540625],[11.96998376082204,57.68653950711763],[11.969565059202335,57.68652947450082],[11.969546325541554,57.68675372283737],[11.969965029739944,57.686763755540625]]]},"properties":{"grid":"campus","values":[13.435,11.628,11.233,9.804,11.658,11.805,16.186]}},{"type":"Feature","geometry":{"type":"Polygon","coordinates":[[[11.96998376082204,57.68653950711763],[11.969965029739944,57.686763755540625],[11.970383734216073,57.686773786859995],[11.970402462719475,57.68654953835059],[11.96998376082204,57.68653950711763]]]},"properties":{"grid":"campus","values":[13.304,11.511,10.578,9.766,11.636,11.748,15.984]}},{"type":"Feature","geometry":{"type":"Polygon","coordinates":[[[11.970402462719475,57.68654953835059],[11.970383734216073,57.686773786859995],[11.970802438969905,57.68678381679549],[11.970821164894609,57.68655956819966],[11.970402462719475,57.68654953835059]]]},"properties":{"grid":"campus","values":[11.568,10.02,1.88,9.245,11.446,10.979,12.994]}},{"type":"Feature","geometry":{"type":"Polygon","coordinates":[[[11.970821164894609,57.68655956819966],[11.970802438969905,57.68678381679549],[11.971221144001401,57.68679384534709],[11.971239867347402,57.68656959666484],[11.970821164894609,57.68655956819966]]]},"properties":{"grid":"campus","values":[11.412,9.977,1.742,8.85,11.376,11.103,12.945]}},{"type":"Feature","geometry":{"type":"Polygon","coordinates":[[[11.971239867347402,57.68656959666484],[11.971221144001401,57.68679384534709],[11.971639849310524,57.68680387251479],[11.971658570077816,57.68657962374617],[11.971239867347402,57.68656959666484]]]},"properties":{"grid":"campus","values":[11.9,11.091,9.415,6.087,10.903,12.92,15.762]}},{"type":"Feature","geometry":{"type":"Polygon","coordinates":[[[11.971658570077816,57.68657962374617],[11.971639849310524,57.68680387251479],[11.972058554897233,57.6868138982986],[11.97207727308581,57.68658964944362],[11.971658570077816,57.68657962374617]]]},"properties":{"grid":"campus","values":[11.943,11.236,10.459,6.659,10.861,13.132,15.453]}},{"type":"Feature","geometry":{"type":"Polygon","coordinates":[[[11.97207727308581,57.68658964944362],[11.972058554897233,57.6868138982986],[11.972477260761494,57.68682392269852],[11.97249597637135,57.686599673757165],[11.97207727308581,57.68658964944362]]]},"properties":{"grid":"campus","values":[11.788,11.24,11.051,13.918,11.081,13.067,10.38]}},{"type":"Feature","geometry":{"type":"Polygon","coordinates":[[[11.97249597637135,57.686599673757165],[11.972477260761494,57.68682392269852],[11.972895966903266,57.68683394571455],[11.972914679934396,57.68660969668683],[11.97249597637135,57.686599673757165]]]},"properties":{"grid":"campus","values":[11.726,11.151,11.125,13.949,11.047,13.004,9.971]}},{"type":"Feature","geometry":{"type":"Polygon","coordinates":[[[11.972914679934396,57.68660969668683],[11.972895966903266,57.68683394571455],[11.973314673322513,57.68684396734667],[11.97333338377491,57.68661971823262],[11.972914679934396,57.68660969668683]]]},"properties":{"grid":"campus","values":[11.445,10.389,11.175,6.883,10.598,12.426,11.716]}},{"type":"Feature","geometry":{"type":"Polygon","coordinates":[[[11.97333338377491,57.68661971823262],[11.973314673322513,57.68684396734667],[11.973733380019192,57.68685398759491],[11.973752087892853,57.686629738394515],[11.97333338377491,57.68661971823262]]]},"properties":{"grid":"campus","values":[11.414,10.383,11.178,5.932,10.564,12.363,11.999]}},{"type":"Feature","geometry":{"type":"Polygon","coordinates":[[[11.973752087892853,57.686629738394515],[11.973733380019192,57.68685398759491],[11.974152086993273,57.68686400645925],[11.974170792288188,57.68663975717252],[11.973752087892853,57.686629738394515]]]},"properties":{"grid":"campus","values":[11.351,11.109,10.376,5.784,10.565,12.311,12.203]}},{"type":"Feature","geometry":{"type":"Polygon","coordinates":[[[11.974170792288188,57.68663975717252],[11.974152086993273,57.68686400645925],[11.974570794244713,57.68687402393967],[11.97458949696088,57.68664977456663],[11.974170792288188,57.68663975717252]]]},"properties":{"grid":"campus","values":[11.476,11.242,10.408,5.829,10.402,12.231,12.345]}},{"type":"Feature","geometry":{"type":"Polygon","coordinates":[[[11.97458949696088,57.68664977456663],[11.974570794244713,57.68687402393967],[11.974989501773473,57.68688404003618],[11.975008201910887,57.68665979057686],[11.97458949696088,57.68664977456663]]]},"properties":{"grid":"campus","values":[12.525,11.698,11.408,5.837,8.908,11.677,13.229]}},{"type":"Feature","geometry":{"type":"Polygon","coordinates":[[[11.975008201910887,57.68665979057686],[11.974989501773473,57.68688404003618],[11.975408209579518,57.686894054748805],[11.975426907138171,57.686669805203174],[11.975008201910887,57.68665979057686]]]},"properties":{"grid":"campus","values":[12.646,11.748,11.469,6.019,8.692,11.593,13.335]}},{"type":"Feature","geometry":{"type":"Polygon","coordinates":[[[11.975426907138171,57.686669805203174],[11.975408209579518,57.686894054748805],[11.975826917662808,57.6869040680775],[11.975845612642695,57.6866798184456],[11.975426907138171,57.686669805203174]]]},"properties":{"grid":"campus","values":[12.534,11.78,11.477,7.121,8.346,11.54,13.288]}},{"type":"Feature","geometry":{"type":"Polygon","coordinates":[[[11.975845612642695,57.6866798184456],[11.975826917662808,57.6869040680775],[11.976245626023305,57.686914080022284],[11.97626431842442,57.68668983030414],[11.975845612642695,57.6866798184456]]]},"properties":{"grid":"campus","values":[12.537,11.891,11.51,7.212,8.312,11.54,13.288]}},{"type":"Feature","geometry":{"type":"Polygon","coordinates":[[[11.97626431842442,57.68668983030414],[11.976245626023305,57.686914080022284],[11.97666433466097,57.68692409058316],[11.976683024483307,57.686699840778765],[11.97626431842442,57.68668983030414]]]},"properties":{"grid":"campus","values":[12.571,12.773,11.51,7.175,8.466,11.54,13.18]}},{"type":"Feature","geometry":{"type":"Polygon","coordinates":[[[11.976683024483307,57.686699840778765],[11.97666433466097,57.68692409058316],[11.977083043575771,57.68693409976012],[11.977101730819324,57.686709849869494],[11.976683024483307,57.686699840778765]]]},"properties":{"grid":"campus","values":[12.608,12.923,10.721,7.976,8.904,11.594,13.073]}},{"type":"Feature","geometry":{"type":"Polygon","coordinates":[[[11.977101730819324,57.686709849869494],[11.977083043575771,57.68693409976012],[11.977501752767662,57.68694410755317],[11.977520437432425,57.68671985757631],[11.977101730819324,57.686709849869494]]]},"properties":{"grid":"campus","values":[12.937,13.305,5.053,14.017,12.232,12.095,12.431]}},{"type":"Feature","geometry":{"type":"Polygon","coordinates":[[[11.977520437432425,57.68671985757631],[11.977501752767662,57.68694410755317],[11.977920462236607,57.686954113962294],[11.977939144322578,57.68672986389922],[11.977520437432425,57.68671985757631]]]},"properties":{"grid":"campus","values":[13.001,13.157,4.849,14.788,12.526,12.4,12.232]}},{"type":"Feature","geometry":{"type":"Polygon","coordinates":[[[11.977939144322578,57.68672986389922],[11.977920462236607,57.686954113962294],[11.978339171982572,57.68696411898752],[11.978357851489742,57.68673986883821],[11.977939144322578,57.68672986389922]]]},"properties":{"grid":"campus","values":[13.296,11.485,9.411,15.452,11.6,14.537,11.313]}},{"type":"Feature","geometry":{"type":"Polygon","coordinates":[[[11.978357851489742,57.68673986883821],[11.978339171982572,57.68696411898752],[11.978757882005516,57.68697412262878],[11.978776558933879,57.68674987239329],[11.978357851489742,57.68673986883821]]]},"properties":{"grid":"campus","values":[13.233,11.335,10.024,14.559,11.712,14.228,11.167]}},{"type":"Feature","geometry":{"type":"Polygon","coordinates":[[[11.978776558933879,57.68674987239329],[11.978757882005516,57.68697412262878],[11.9791765923054,57.68698412488615],[11.979195266654951,57.68675987456448],[11.978776558933879,57.68674987239329]]]},"properties":{"grid":"campus","values":[12.634,11.655,10.19,7.917,13.812,9.592,10.901]}},{"type":"Feature","geometry":{"type":"Polygon","coordinates":[[[11.979195266654951,57.68675987456448],[11.9791765923054,57.68698412488615],[11.979595302882187,57.686994125759576],[11.979613974652922,57.686769875351736],[11.979195266654951,57.68675987456448]]]},"properties":{"grid":"campus","values":[12.628,11.692,10.225,8.207,13.754,8.966,10.84]}},{"type":"Feature","geometry":{"type":"Polygon","coordinates":[[[11.979613974652922,57.686769875351736],[11.979595302882187,57.686994125759576],[11.980014013735838,57.68700412524908],[11.98003268292775,57.6867798747551],[11.979613974652922,57.686769875351736]]]},"properties":{"grid":"campus","values":[13.174,11.771,10.081,17.018,11.178,8.291,10.691]}},{"type":"Feature","geometry":{"type":"Polygon","coordinates":[[[11.98003268292775,57.6867798747551],[11.980014013735838,57.68700412524908],[11.980432724866318,57.68701412335464],[11.9804513914794,57.68678987277453],[11.98003268292775,57.6867798747551]]]},"properties":{"grid":"campus","values":[13.16,11.711,10.539,17.259,10.864,8.422,10.839]}},{"type":"Feature","geometry":{"type":"Polygon","coordinates":[[[11.9804513914794,57.68678987277453],[11.980432724866318,57.68701412335464],[11.980851436273586,57.687024120076295],[11.980870100307833,57.686799869410045],[11.9804513914794,57.68678987277453]]]},"properties":{"grid":"campus","values":[12.328,11.212,14.021,10.122,10.707,9.601,12.26]}},{"type":"Feature","geometry":{"type":"Polygon","coordinates":[[[11.980870100307833,57.686799869410045],[11.980851436273586,57.687024120076295],[11.981270147957604,57.687034115414],[11.981288809413012,57.686809864661626],[11.980870100307833,57.686799869410045]]]},"properties":{"grid":"campus","values":[12.182,11.09,14.453,9.35,10.698,9.769,12.333]}},{"type":"Feature","geometry":{"type":"Polygon","coordinates":[[[11.981288809413012,57.686809864661626],[11.981270147957604,57.687034115414],[11.981688859918336,57.68704410936776],[11.981707518794895,57.68681985852929],[11.981288809413012,57.686809864661626]]]},"properties":{"grid":"campus","values":[11.824,10.404,15.069,10.043,11.057,9.919,11.43]}},{"type":"Feature","geometry":{"type":"Polygon","coordinates":[[[11.981707518794895,57.68681985852929],[11.981688859918336,57.68704410936776],[11.98210757215574,57.6870541019376],[11.98212622845345,57.686829851013016],[11.981707518794895,57.68681985852929]]]},"properties":{"grid":"campus","values":[11.799,10.34,15.05,10.139,11.399,9.884,11.33]}},{"type":"Feature","geometry":{"type":"Polygon","coordinates":[[[11.98212622845345,57.686829851013016],[11.98210757215574,57.6870541019376],[11.982526284669781,57.6870640931235],[11.982544938388635,57.686839842112825],[11.98212622845345,57.686829851013016]]]},"properties":{"grid":"campus","values":[11.88,10.339,14.833,9.768,14.08,9.363,11.346]}},{"type":"Feature","geometry":{"type":"Polygon","coordinates":[[[11.982544938388635,57.686839842112825],[11.982526284669781,57.6870640931235],[11.982944997460422,57.68707408292545],[11.982963648600412,57.68684983182872],[11.982544938388635,57.686839842112825]]]},"properties":{"grid":"campus","values":[11.924,10.374,14.657,9.409,14.32,9.399,11.346]}},{"type":"Feature","geometry":{"type":"Polygon","coordinates":[[[11.982963648600412,57.68684983182872],[11.982944997460422,57.68707408292545],[11.983363710527625,57.68708407134346],[11.983382359088745,57.68685982016066],[11.982963648600412,57.68684983182872]]]},"properties":{"grid":"campus","values":[12.105,10.705,12.608,6.744,13.569,9.434,11.4]}},{"type":"Feature","geometry":{"type":"Polygon","coordinates":[[[11.983382359088745,57.68685982016066],[11.983363710527625,57.68708407134346],[11.983782423871348,57.68709405837751],[11.983801069853595,57.686869807108685],[11.983382359088745,57.68685982016066]]]},"properties":{"grid":"campus","values":[12.059,10.219,11.601,6.729,13.49,8.541,11.367]}},{"type":"Feature","geometry":{"type":"Polygon","coordinates":[[[11.983801069853595,57.686869807108685],[11.983782423871348,57.68709405837751],[11.984201137491556,57.68710404402763],[11.984219780894923,57.68687979267275],[11.983801069853595,57.686869807108685]]]},"properties":{"grid":"campus","values":[11.674,6.434,5.116,9.278,13.358,1.455,11.058]}},{"type":"Feature","geometry":{"type":"Polygon","coordinates":[[[11.984219780894923,57.68687979267275],[11.984201137491556,57.68710404402763],[11.98461985138821,57.68711402829379],[11.98463849221269,57.68688977685289],[11.984219780894923,57.68687979267275]]]},"properties":{"grid":"campus","values":[11.833,6.929,3.92,9.979,12.961,0.973,11.314]}},{"type":"Feature","geometry":{"type":"Polygon","coordinates":[[[11.98463849221269,57.68688977685289],[11.98461985138821,57.68711402829379],[11.985038565561272,57.687124011176],[11.985057203806862,57.6868997596491],[11.98463849221269,57.68688977685289]]]},"properties":{"grid":"campus","values":[13.564,14.544,1.057,12.873,9.655,4.77,13.721]}},{"type":"Feature","geometry":{"type":"Polygon","coordinates":[[[11.985057203806862,57.6868997596491],[11.985038565561272,57.687124011176],[11.985457280010705,57.68713399267427],[11.985475915677396,57.686909741061356],[11.985057203806862,57.6868997596491]]]},"properties":{"grid":"campus","values":[13.82,14.97,0.692,13.607,9.388,5.18,13.916]}},{"type":"Feature","geometry":{"type":"Polygon","coordinates":[[[11.985475915677396,57.686909741061356],[11.985457280010705,57.68713399267427],[11.98587599473647,57.687143972788576],[11.985894627824258,57.686919721089666],[11.985475915677396,57.686909741061356]]]},"properties":{"grid":"campus","values":[14.093,10.022,0.0,16.702,10.632,4.968,13.316]}},{"type":"Feature","geometry":{"type":"Polygon","coordinates":[[[11.98631334024741,57.686929699734044],[11.985894627824258,57.686919721089666],[11.98587599473647,57.687143972788576],[11.986294709738528,57.68715395151892],[11.98631334024741,57.686929699734044]]]},"properties":{"grid":"campus","values":[14.1,9.642,0.0,16.873,10.728,4.966,13.262]}},{"type":"Feature","geometry":{"type":"Polygon","coordinates":[[[11.96994629838011,57.686988003951726],[11.969965029739944,57.686763755540625],[11.969546325541554,57.68675372283737],[11.969527591602997,57.68697797116201],[11.96994629838011,57.686988003951726]]]},"properties":{"grid":"campus","values":[12.532,11.631,7.009,9.654,12.64,11.463,11.281]}},{"type":"Feature","geometry":{"type":"Polygon","coordinates":[[[11.969965029739944,57.686763755540625],[11.96994629838011,57.686988003951726],[11.970365005434969,57.68699803535751],[11.970383734216073,57.686773786859995],[11.969965029739944,57.686763755540625]]]},"properties":{"grid":"campus","values":[12.381,11.507,6.274,9.629,12.618,11.404,11.043]}},{"type":"Feature","geometry":{"type":"Polygon","coordinates":[[[11.970383734216073,57.686773786859995],[11.970365005434969,57.68699803535751],[11.970783712767536,57.687008065379416],[11.970802438969905,57.68678381679549],[11.970383734216073,57.686773786859995]]]},"properties":{"grid":"campus","values":[11.889,11.117,3.874,9.552,12.562,11.213,10.219]}},{"type":"Feature","geometry":{"type":"Polygon","coordinates":[[[11.970802438969905,57.68678381679549],[11.970783712767536,57.687008065379416],[11.971202420377773,57.687018094017425],[11.971221144001401,57.68679384534709],[11.970802438969905,57.68678381679549]]]},"properties":{"grid":"campus","values":[11.681,10.963,4.592,8.494,12.058,11.66,11.485]}},{"type":"Feature","geometry":{"type":"Polygon","coordinates":[[[11.971221144001401,57.68679384534709],[11.971202420377773,57.687018094017425],[11.971621128265644,57.687028121271524],[11.971639849310524,57.68680387251479],[11.971221144001401,57.68679384534709]]]},"properties":{"grid":"campus","values":[11.872,11.102,8.298,6.886,11.264,12.581,14.534]}},{"type":"Feature","geometry":{"type":"Polygon","coordinates":[[[11.971639849310524,57.68680387251479],[11.971621128265644,57.687028121271524],[11.972039836431106,57.68703814714173],[11.972058554897233,57.6868138982986],[11.971639849310524,57.68680387251479]]]},"properties":{"grid":"campus","values":[11.954,11.224,10.766,7.088,10.807,13.155,15.404]}},{"type":"Feature","geometry":{"type":"Polygon","coordinates":[[[11.972058554897233,57.6868138982986],[11.972039836431106,57.68703814714173],[11.972458544874126,57.687048171628014],[11.972477260761494,57.68682392269852],[11.972058554897233,57.6868138982986]]]},"properties":{"grid":"campus","values":[11.889,11.242,10.948,8.824,10.821,13.151,13.993]}},{"type":"Feature","geometry":{"type":"Polygon","coordinates":[[[11.972477260761494,57.68682392269852],[11.972458544874126,57.687048171628014],[11.972877253594662,57.68705819473041],[11.972895966903266,57.68683394571455],[11.972477260761494,57.68682392269852]]]},"properties":{"grid":"campus","values":[11.847,11.036,11.222,8.94,10.684,12.839,12.905]}},{"type":"Feature","geometry":{"type":"Polygon","coordinates":[[[11.972895966903266,57.68683394571455],[11.972877253594662,57.68705819473041],[11.973295962592678,57.68706821644889],[11.973314673322513,57.68684396734667],[11.972895966903266,57.68683394571455]]]},"properties":{"grid":"campus","values":[11.865,10.694,11.487,7.395,10.445,12.324,12.582]}},{"type":"Feature","geometry":{"type":"Polygon","coordinates":[[[11.973314673322513,57.68684396734667],[11.973295962592678,57.68706821644889],[11.973714671868136,57.68707823678344],[11.973733380019192,57.68685398759491],[11.973314673322513,57.68684396734667]]]},"properties":{"grid":"campus","values":[11.647,10.802,9.958,6.832,10.303,11.872,12.188]}},{"type":"Feature","geometry":{"type":"Polygon","coordinates":[[[11.973733380019192,57.68685398759491],[11.973714671868136,57.68707823678344],[11.974133381420996,57.6870882557341],[11.974152086993273,57.68686400645925],[11.973733380019192,57.68685398759491]]]},"properties":{"grid":"campus","values":[11.26,11.336,7.028,7.773,10.307,11.622,11.712]}},{"type":"Feature","geometry":{"type":"Polygon","coordinates":[[[11.974152086993273,57.68686400645925],[11.974133381420996,57.6870882557341],[11.974552091251223,57.687098273300826],[11.974570794244713,57.68687402393967],[11.974152086993273,57.68686400645925]]]},"properties":{"grid":"campus","values":[11.491,11.596,6.103,7.698,9.854,11.498,11.988]}},{"type":"Feature","geometry":{"type":"Polygon","coordinates":[[[11.974570794244713,57.68687402393967],[11.974552091251223,57.687098273300826],[11.974970801358776,57.68710828948365],[11.974989501773473,57.68688404003618],[11.974570794244713,57.68687402393967]]]},"properties":{"grid":"campus","values":[12.229,11.463,7.408,6.606,9.123,11.563,12.889]}},{"type":"Feature","geometry":{"type":"Polygon","coordinates":[[[11.974989501773473,57.68688404003618],[11.974970801358776,57.68710828948365],[11.97538951174362,57.68711830428255],[11.975408209579518,57.686894054748805],[11.974989501773473,57.68688404003618]]]},"properties":{"grid":"campus","values":[12.388,11.502,7.498,6.874,8.778,11.453,13.023]}},{"type":"Feature","geometry":{"type":"Polygon","coordinates":[[[11.975408209579518,57.686894054748805],[11.97538951174362,57.68711830428255],[11.975808222405712,57.687128317697535],[11.975826917662808,57.6869040680775],[11.975408209579518,57.686894054748805]]]},"properties":{"grid":"campus","values":[11.878,11.681,6.324,8.36,8.991,11.227,12.313]}},{"type":"Feature","geometry":{"type":"Polygon","coordinates":[[[11.975826917662808,57.6869040680775],[11.975808222405712,57.687128317697535],[11.976226933345021,57.68713832972858],[11.976245626023305,57.686914080022284],[11.975826917662808,57.6869040680775]]]},"properties":{"grid":"campus","values":[11.582,11.951,5.657,9.194,9.13,11.064,11.881]}},{"type":"Feature","geometry":{"type":"Polygon","coordinates":[[[11.976245626023305,57.686914080022284],[11.976226933345021,57.68713832972858],[11.976645644561502,57.68714834037571],[11.97666433466097,57.68692409058316],[11.976245626023305,57.686914080022284]]]},"properties":{"grid":"campus","values":[11.577,12.197,5.657,9.124,9.172,11.005,11.839]}},{"type":"Feature","geometry":{"type":"Polygon","coordinates":[[[11.97666433466097,57.68692409058316],[11.976645644561502,57.68714834037571],[11.977064356055122,57.68715834963892],[11.977083043575771,57.68693409976012],[11.97666433466097,57.68692409058316]]]},"properties":{"grid":"campus","values":[11.841,12.623,6.119,9.419,9.849,11.293,11.867]}},{"type":"Feature","geometry":{"type":"Polygon","coordinates":[[[11.977083043575771,57.68693409976012],[11.977064356055122,57.68715834963892],[11.97748306782584,57.68716835751818],[11.977501752767662,57.68694410755317],[11.977083043575771,57.68693409976012]]]},"properties":{"grid":"campus","values":[12.293,13.058,7.234,9.687,10.815,11.834,12.001]}},{"type":"Feature","geometry":{"type":"Polygon","coordinates":[[[11.977501752767662,57.68694410755317],[11.97748306782584,57.68716835751818],[11.977901779873621,57.687178364013526],[11.977920462236607,57.686954113962294],[11.977501752767662,57.68694410755317]]]},"properties":{"grid":"campus","values":[12.539,12.799,8.57,11.33,11.315,12.539,11.768]}},{"type":"Feature","geometry":{"type":"Polygon","coordinates":[[[11.977920462236607,57.686954113962294],[11.977901779873621,57.687178364013526],[11.978320492198423,57.68718836912493],[11.978339171982572,57.68696411898752],[11.977920462236607,57.686954113962294]]]},"properties":{"grid":"campus","values":[12.49,11.971,9.862,13.619,11.105,13.106,11.309]}},{"type":"Feature","geometry":{"type":"Polygon","coordinates":[[[11.978339171982572,57.68696411898752],[11.978320492198423,57.68718836912493],[11.97873920480021,57.68719837285241],[11.978757882005516,57.68697412262878],[11.978339171982572,57.68696411898752]]]},"properties":{"grid":"campus","values":[12.579,11.521,10.565,13.794,11.457,13.038,11.024]}},{"type":"Feature","geometry":{"type":"Polygon","coordinates":[[[11.978757882005516,57.68697412262878],[11.97873920480021,57.68719837285241],[11.979157917678943,57.687208375195944],[11.9791765923054,57.68698412488615],[11.978757882005516,57.68697412262878]]]},"properties":{"grid":"campus","values":[12.809,11.624,10.254,12.162,12.235,12.475,11.045]}},{"type":"Feature","geometry":{"type":"Polygon","coordinates":[[[11.9791765923054,57.68698412488615],[11.979157917678943,57.687208375195944],[11.979576630834588,57.68721837615554],[11.979595302882187,57.686994125759576],[11.9791765923054,57.68698412488615]]]},"properties":{"grid":"campus","values":[12.89,11.606,10.859,11.832,12.189,11.266,11.252]}},{"type":"Feature","geometry":{"type":"Polygon","coordinates":[[[11.979595302882187,57.686994125759576],[11.979576630834588,57.68721837615554],[11.9799953442671,57.68722837573121],[11.980014013735838,57.68700412524908],[11.979595302882187,57.686994125759576]]]},"properties":{"grid":"campus","values":[12.803,11.455,12.209,12.774,11.352,9.971,11.617]}},{"type":"Feature","geometry":{"type":"Polygon","coordinates":[[[11.980014013735838,57.68700412524908],[11.9799953442671,57.68722837573121],[11.980414057976446,57.68723837392294],[11.980432724866318,57.68701412335464],[11.980014013735838,57.68700412524908]]]},"properties":{"grid":"campus","values":[12.714,11.706,11.461,13.579,10.791,9.443,12.194]}},{"type":"Feature","geometry":{"type":"Polygon","coordinates":[[[11.980432724866318,57.68701412335464],[11.980414057976446,57.68723837392294],[11.980832771962586,57.68724837073069],[11.980851436273586,57.687024120076295],[11.980432724866318,57.68701412335464]]]},"properties":{"grid":"campus","values":[12.653,12.318,8.626,13.943,10.773,9.765,12.776]}},{"type":"Feature","geometry":{"type":"Polygon","coordinates":[[[11.980851436273586,57.687024120076295],[11.980832771962586,57.68724837073069],[11.981251486225483,57.68725836615452],[11.981270147957604,57.687034115414],[11.980851436273586,57.687024120076295]]]},"properties":{"grid":"campus","values":[12.441,12.036,9.223,12.956,11.094,9.965,12.598]}},{"type":"Feature","geometry":{"type":"Polygon","coordinates":[[[11.981270147957604,57.687034115414],[11.981251486225483,57.68725836615452],[11.981670200765098,57.687268360194395],[11.981688859918336,57.68704410936776],[11.981270147957604,57.687034115414]]]},"properties":{"grid":"campus","values":[12.192,10.98,12.928,11.177,11.672,9.923,11.678]}},{"type":"Feature","geometry":{"type":"Polygon","coordinates":[[[11.981688859918336,57.68704410936776],[11.981670200765098,57.687268360194395],[11.982088915581395,57.68727835285033],[11.98210757215574,57.6870541019376],[11.981688859918336,57.68704410936776]]]},"properties":{"grid":"campus","values":[12.036,10.303,15.05,10.11,12.658,9.876,11.136]}},{"type":"Feature","geometry":{"type":"Polygon","coordinates":[[[11.98210757215574,57.6870541019376],[11.982088915581395,57.68727835285033],[11.982507630674329,57.687288344122315],[11.982526284669781,57.6870640931235],[11.98210757215574,57.6870541019376]]]},"properties":{"grid":"campus","values":[12.021,10.203,15.05,9.994,13.661,9.85,11.152]}},{"type":"Feature","geometry":{"type":"Polygon","coordinates":[[[11.982526284669781,57.6870640931235],[11.982507630674329,57.687288344122315],[11.982926346043872,57.68729833401034],[11.982944997460422,57.68707408292545],[11.982526284669781,57.6870640931235]]]},"properties":{"grid":"campus","values":[11.935,10.31,14.27,9.407,14.178,8.489,11.312]}},{"type":"Feature","geometry":{"type":"Polygon","coordinates":[[[11.982944997460422,57.68707408292545],[11.982926346043872,57.68729833401034],[11.983345061689981,57.687308322514404],[11.983363710527625,57.68708407134346],[11.982944997460422,57.68707408292545]]]},"properties":{"grid":"campus","values":[11.781,10.582,12.981,8.644,13.98,6.132,11.576]}},{"type":"Feature","geometry":{"type":"Polygon","coordinates":[[[11.983363710527625,57.68708407134346],[11.983345061689981,57.687308322514404],[11.983763777612618,57.68731830963452],[11.983782423871348,57.68709405837751],[11.983363710527625,57.68708407134346]]]},"properties":{"grid":"campus","values":[11.839,10.285,11.24,8.072,13.811,4.866,11.532]}},{"type":"Feature","geometry":{"type":"Polygon","coordinates":[[[11.983782423871348,57.68709405837751],[11.983763777612618,57.68731830963452],[11.984182493811744,57.68732829537066],[11.984201137491556,57.68710404402763],[11.983782423871348,57.68709405837751]]]},"properties":{"grid":"campus","values":[12.112,9.689,9.894,7.845,13.746,5.371,11.205]}},{"type":"Feature","geometry":{"type":"Polygon","coordinates":[[[11.984201137491556,57.68710404402763],[11.984182493811744,57.68732829537066],[11.98460121028732,57.68733827972286],[11.98461985138821,57.68711402829379],[11.984201137491556,57.68710404402763]]]},"properties":{"grid":"campus","values":[12.447,10.321,8.455,8.754,12.708,6.011,11.425]}},{"type":"Feature","geometry":{"type":"Polygon","coordinates":[[[11.98461985138821,57.68711402829379],[11.98460121028732,57.68733827972286],[11.985019927039312,57.68734826269108],[11.985038565561272,57.687124011176],[11.98461985138821,57.68711402829379]]]},"properties":{"grid":"campus","values":[12.695,11.822,7.767,10.287,11.123,6.813,12.036]}},{"type":"Feature","geometry":{"type":"Polygon","coordinates":[[[11.985038565561272,57.687124011176],[11.985019927039312,57.68734826269108],[11.98543864406768,57.68735824427535],[11.985457280010705,57.68713399267427],[11.985038565561272,57.687124011176]]]},"properties":{"grid":"campus","values":[13.002,11.317,5.342,11.736,10.661,6.674,12.822]}},{"type":"Feature","geometry":{"type":"Polygon","coordinates":[[[11.985457280010705,57.68713399267427],[11.98543864406768,57.68735824427535],[11.985857361372386,57.68736822447565],[11.98587599473647,57.687143972788576],[11.985457280010705,57.68713399267427]]]},"properties":{"grid":"campus","values":[13.19,8.769,1.948,12.438,11.546,5.469,13.504]}},{"type":"Feature","geometry":{"type":"Polygon","coordinates":[[[11.986294709738528,57.68715395151892],[11.98587599473647,57.687143972788576],[11.985857361372386,57.68736822447565],[11.986276078953392,57.68737820329197],[11.986294709738528,57.68715395151892]]]},"properties":{"grid":"campus","values":[13.24,8.009,1.013,12.641,11.807,5.135,13.687]}},{"type":"Feature","geometry":{"type":"Polygon","coordinates":[[[11.96992756674253,57.687212252350925],[11.96994629838011,57.686988003951726],[11.969527591602997,57.68697797116201],[11.969508857386653,57.68720221947479],[11.96992756674253,57.687212252350925]]]},"properties":{"grid":"campus","values":[11.824,11.833,4.524,9.618,12.749,11.258,7.483]}},{"type":"Feature","geometry":{"type":"Polygon","coordinates":[[[11.96994629838011,57.686988003951726],[11.96992756674253,57.687212252350925],[11.970346276376157,57.68722228384316],[11.970365005434969,57.68699803535751],[11.96994629838011,57.686988003951726]]]},"properties":{"grid":"campus","values":[11.827,11.838,4.505,9.628,12.799,11.261,7.455]}},{"type":"Feature","geometry":{"type":"Polygon","coordinates":[[[11.970365005434969,57.68699803535751],[11.970346276376157,57.68722228384316],[11.970764986287499,57.687232313951476],[11.970783712767536,57.687008065379416],[11.970365005434969,57.68699803535751]]]},"properties":{"grid":"campus","values":[11.849,11.804,3.997,9.732,13.58,11.288,7.212]}},{"type":"Feature","geometry":{"type":"Polygon","coordinates":[[[11.970783712767536,57.687008065379416],[11.970764986287499,57.687232313951476],[11.971183696476515,57.687242342675894],[11.971202420377773,57.687018094017425],[11.970783712767536,57.687008065379416]]]},"properties":{"grid":"campus","values":[11.863,11.746,4.584,9.429,13.325,11.457,8.065]}},{"type":"Feature","geometry":{"type":"Polygon","coordinates":[[[11.971202420377773,57.687018094017425],[11.971183696476515,57.687242342675894],[11.97160240694317,57.687252370016395],[11.971621128265644,57.687028121271524],[11.971202420377773,57.687018094017425]]]},"properties":{"grid":"campus","values":[12.113,11.279,9.517,6.894,11.045,12.885,15.88]}},{"type":"Feature","geometry":{"type":"Polygon","coordinates":[[[11.971621128265644,57.687028121271524],[11.97160240694317,57.687252370016395],[11.972021117687424,57.68726239597298],[11.972039836431106,57.68703814714173],[11.971621128265644,57.687028121271524]]]},"properties":{"grid":"campus","values":[12.125,11.221,10.112,6.487,10.793,13.053,16.725]}},{"type":"Feature","geometry":{"type":"Polygon","coordinates":[[[11.972039836431106,57.68703814714173],[11.972021117687424,57.68726239597298],[11.97243982870924,57.68727242054564],[11.972458544874126,57.687048171628014],[11.972039836431106,57.68703814714173]]]},"properties":{"grid":"campus","values":[12.017,11.358,10.566,5.963,10.847,13.063,15.784]}},{"type":"Feature","geometry":{"type":"Polygon","coordinates":[[[11.972458544874126,57.687048171628014],[11.97243982870924,57.68727242054564],[11.972858540008577,57.68728244373439],[11.972877253594662,57.68705819473041],[11.972458544874126,57.687048171628014]]]},"properties":{"grid":"campus","values":[12.049,11.31,10.672,6.009,10.791,12.923,15.474]}},{"type":"Feature","geometry":{"type":"Polygon","coordinates":[[[11.972877253594662,57.68705819473041],[11.972858540008577,57.68728244373439],[11.973277251585403,57.687292465539215],[11.973295962592678,57.68706821644889],[11.972877253594662,57.68705819473041]]]},"properties":{"grid":"campus","values":[12.21,10.817,11.589,6.956,10.317,11.76,13.102]}},{"type":"Feature","geometry":{"type":"Polygon","coordinates":[[[11.973295962592678,57.68706821644889],[11.973277251585403,57.687292465539215],[11.973695963439672,57.687302485960124],[11.973714671868136,57.68707823678344],[11.973295962592678,57.68706821644889]]]},"properties":{"grid":"campus","values":[12.099,10.892,10.611,7.488,10.258,11.53,12.585]}},{"type":"Feature","geometry":{"type":"Polygon","coordinates":[[[11.973714671868136,57.68707823678344],[11.973695963439672,57.687302485960124],[11.974114675571354,57.6873125049971],[11.974133381420996,57.6870882557341],[11.973714671868136,57.68707823678344]]]},"properties":{"grid":"campus","values":[10.984,11.926,1.756,10.481,10.274,10.827,10.681]}},{"type":"Feature","geometry":{"type":"Polygon","coordinates":[[[11.974133381420996,57.6870882557341],[11.974114675571354,57.6873125049971],[11.974533387980406,57.68732252265015],[11.974552091251223,57.687098273300826],[11.974133381420996,57.6870882557341]]]},"properties":{"grid":"campus","values":[11.013,11.967,1.136,10.39,10.137,10.823,10.724]}},{"type":"Feature","geometry":{"type":"Polygon","coordinates":[[[11.974552091251223,57.687098273300826],[11.974533387980406,57.68732252265015],[11.974952100666789,57.68733253891925],[11.974970801358776,57.68710828948365],[11.974552091251223,57.687098273300826]]]},"properties":{"grid":"campus","values":[12.442,11.346,4.806,6.698,8.964,11.476,12.815]}},{"type":"Feature","geometry":{"type":"Polygon","coordinates":[[[11.974970801358776,57.68710828948365],[11.974952100666789,57.68733253891925],[11.97537081363047,57.68734255380444],[11.97538951174362,57.68711830428255],[11.974970801358776,57.68710828948365]]]},"properties":{"grid":"campus","values":[12.429,11.323,4.806,6.698,8.946,11.484,12.801]}},{"type":"Feature","geometry":{"type":"Polygon","coordinates":[[[11.97538951174362,57.68711830428255],[11.97537081363047,57.68734255380444],[11.975789526871408,57.6873525673057],[11.975808222405712,57.687128317697535],[11.97538951174362,57.68711830428255]]]},"properties":{"grid":"campus","values":[11.051,11.844,1.218,10.226,9.709,10.86,11.007]}},{"type":"Feature","geometry":{"type":"Polygon","coordinates":[[[11.975808222405712,57.687128317697535],[11.975789526871408,57.6873525673057],[11.976208240389562,57.68736257942301],[11.976226933345021,57.68713832972858],[11.975808222405712,57.687128317697535]]]},"properties":{"grid":"campus","values":[10.86,11.912,0.762,10.672,9.829,10.756,10.732]}},{"type":"Feature","geometry":{"type":"Polygon","coordinates":[[[11.976226933345021,57.68713832972858],[11.976208240389562,57.68736257942301],[11.976626954184898,57.687372590156386],[11.976645644561502,57.68714834037571],[11.976226933345021,57.68713832972858]]]},"properties":{"grid":"campus","values":[10.695,11.936,0.559,10.743,9.91,10.517,10.556]}},{"type":"Feature","geometry":{"type":"Polygon","coordinates":[[[11.976645644561502,57.68714834037571],[11.976626954184898,57.687372590156386],[11.977045668257377,57.68738259950583],[11.977064356055122,57.68715834963892],[11.976645644561502,57.68714834037571]]]},"properties":{"grid":"campus","values":[10.83,12.067,1.593,10.18,9.931,10.65,10.674]}},{"type":"Feature","geometry":{"type":"Polygon","coordinates":[[[11.977064356055122,57.68715834963892],[11.977045668257377,57.68738259950583],[11.977464382606959,57.687392607471345],[11.97748306782584,57.68716835751818],[11.977064356055122,57.68715834963892]]]},"properties":{"grid":"campus","values":[12.062,13.152,9.951,6.135,10.22,11.983,11.731]}},{"type":"Feature","geometry":{"type":"Polygon","coordinates":[[[11.97748306782584,57.68716835751818],[11.977464382606959,57.687392607471345],[11.977883097233612,57.68740261405291],[11.977901779873621,57.687178364013526],[11.97748306782584,57.68716835751818]]]},"properties":{"grid":"campus","values":[12.158,13.126,10.994,6.459,10.263,12.146,11.769]}},{"type":"Feature","geometry":{"type":"Polygon","coordinates":[[[11.977901779873621,57.687178364013526],[11.977883097233612,57.68740261405291],[11.978301812137289,57.68741261925051],[11.978320492198423,57.68718836912493],[11.977901779873621,57.687178364013526]]]},"properties":{"grid":"campus","values":[11.763,11.737,11.371,13.168,10.477,12.355,11.015]}},{"type":"Feature","geometry":{"type":"Polygon","coordinates":[[[11.978320492198423,57.68718836912493],[11.978301812137289,57.68741261925051],[11.978720527317959,57.68742262306417],[11.97873920480021,57.68719837285241],[11.978320492198423,57.68718836912493]]]},"properties":{"grid":"campus","values":[11.879,11.591,11.244,14.116,10.596,12.601,10.969]}},{"type":"Feature","geometry":{"type":"Polygon","coordinates":[[[11.97873920480021,57.68719837285241],[11.978720527317959,57.68742262306417],[11.979139242775581,57.6874326254939],[11.979157917678943,57.687208375195944],[11.97873920480021,57.68719837285241]]]},"properties":{"grid":"campus","values":[13.261,11.642,10.109,15.052,11.692,14.006,11.18]}},{"type":"Feature","geometry":{"type":"Polygon","coordinates":[[[11.979157917678943,57.687208375195944],[11.979139242775581,57.6874326254939],[11.979557958510117,57.687442626539664],[11.979576630834588,57.68721837615554],[11.979157917678943,57.687208375195944]]]},"properties":{"grid":"campus","values":[13.319,11.595,10.462,14.569,11.716,13.822,11.37]}},{"type":"Feature","geometry":{"type":"Polygon","coordinates":[[[11.979576630834588,57.68721837615554],[11.979557958510117,57.687442626539664],[11.979976674521529,57.68745262620148],[11.9799953442671,57.68722837573121],[11.979576630834588,57.68721837615554]]]},"properties":{"grid":"campus","values":[12.433,11.2,14.34,10.051,10.98,10.026,12.533]}},{"type":"Feature","geometry":{"type":"Polygon","coordinates":[[[11.9799953442671,57.68722837573121],[11.979976674521529,57.68745262620148],[11.980395390809779,57.687462624479345],[11.980414057976446,57.68723837392294],[11.9799953442671,57.68722837573121]]]},"properties":{"grid":"campus","values":[12.389,11.417,13.433,10.339,10.916,9.566,12.762]}},{"type":"Feature","geometry":{"type":"Polygon","coordinates":[[[11.980414057976446,57.68723837392294],[11.980395390809779,57.687462624479345],[11.980814107374831,57.68747262137325],[11.980832771962586,57.68724837073069],[11.980414057976446,57.68723837392294]]]},"properties":{"grid":"campus","values":[12.964,13.537,2.621,17.251,11.046,9.787,13.614]}},{"type":"Feature","geometry":{"type":"Polygon","coordinates":[[[11.980832771962586,57.68724837073069],[11.980814107374831,57.68747262137325],[11.981232824216644,57.6874826168832],[11.981251486225483,57.68725836615452],[11.980832771962586,57.68724837073069]]]},"properties":{"grid":"campus","values":[12.966,13.471,2.596,17.345,11.259,9.757,13.433]}},{"type":"Feature","geometry":{"type":"Polygon","coordinates":[[[11.981251486225483,57.68725836615452],[11.981232824216644,57.6874826168832],[11.981651541335182,57.68749261100919],[11.981670200765098,57.687268360194395],[11.981251486225483,57.68725836615452]]]},"properties":{"grid":"campus","values":[12.381,10.887,12.915,10.898,12.761,9.918,11.326]}},{"type":"Feature","geometry":{"type":"Polygon","coordinates":[[[11.981670200765098,57.687268360194395],[11.981651541335182,57.68749261100919],[11.982070258730403,57.68750260375123],[11.982088915581395,57.68727835285033],[11.981670200765098,57.687268360194395]]]},"properties":{"grid":"campus","values":[12.305,10.514,14.286,10.127,13.069,9.921,11.073]}},{"type":"Feature","geometry":{"type":"Polygon","coordinates":[[[11.982088915581395,57.68727835285033],[11.982070258730403,57.68750260375123],[11.982488976402275,57.68751259510928],[11.982507630674329,57.687288344122315],[11.982088915581395,57.68727835285033]]]},"properties":{"grid":"campus","values":[12.143,10.052,15.05,10.096,14.054,9.86,11.139]}},{"type":"Feature","geometry":{"type":"Polygon","coordinates":[[[11.982507630674329,57.687288344122315],[11.982488976402275,57.68751259510928],[11.982907694350756,57.68752258508337],[11.982926346043872,57.68729833401034],[11.982507630674329,57.687288344122315]]]},"properties":{"grid":"campus","values":[12.046,10.088,14.717,10.058,14.158,8.958,11.241]}},{"type":"Feature","geometry":{"type":"Polygon","coordinates":[[[11.982926346043872,57.68729833401034],[11.982907694350756,57.68752258508337],[11.98332641257581,57.687532573673515],[11.983345061689981,57.687308322514404],[11.982926346043872,57.68729833401034]]]},"properties":{"grid":"campus","values":[11.313,10.665,11.617,9.638,13.449,1.87,11.866]}},{"type":"Feature","geometry":{"type":"Polygon","coordinates":[[[11.983345061689981,57.687308322514404],[11.98332641257581,57.687532573673515],[11.983745131077397,57.68754256087967],[11.983763777612618,57.68731830963452],[11.983345061689981,57.687308322514404]]]},"properties":{"grid":"campus","values":[11.393,10.932,11.451,9.287,13.415,1.9,11.869]}},{"type":"Feature","geometry":{"type":"Polygon","coordinates":[[[11.983763777612618,57.68731830963452],[11.983745131077397,57.68754256087967],[11.984163849855479,57.68755254670186],[11.984182493811744,57.68732829537066],[11.983763777612618,57.68731830963452]]]},"properties":{"grid":"campus","values":[12.625,12.235,12.344,6.723,13.442,8.478,11.097]}},{"type":"Feature","geometry":{"type":"Polygon","coordinates":[[[11.984182493811744,57.68732829537066],[11.984163849855479,57.68755254670186],[11.984582568910017,57.68756253114008],[11.98460121028732,57.68733827972286],[11.984182493811744,57.68732829537066]]]},"properties":{"grid":"campus","values":[12.689,12.174,12.547,6.645,13.153,9.338,10.998]}},{"type":"Feature","geometry":{"type":"Polygon","coordinates":[[[11.98460121028732,57.68733827972286],[11.984582568910017,57.68756253114008],[11.985001288240976,57.687572514194336],[11.985019927039312,57.68734826269108],[11.98460121028732,57.68733827972286]]]},"properties":{"grid":"campus","values":[12.068,10.648,12.278,8.775,10.941,9.031,11.111]}},{"type":"Feature","geometry":{"type":"Polygon","coordinates":[[[11.985019927039312,57.68734826269108],[11.985001288240976,57.687572514194336],[11.985420007848317,57.687582495864596],[11.98543864406768,57.68735824427535],[11.985019927039312,57.68734826269108]]]},"properties":{"grid":"campus","values":[12.025,9.928,11.073,9.011,10.896,8.559,11.429]}},{"type":"Feature","geometry":{"type":"Polygon","coordinates":[[[11.98543864406768,57.68735824427535],[11.985420007848317,57.687582495864596],[11.985838727732002,57.687592476150876],[11.985857361372386,57.68736822447565],[11.98543864406768,57.68735824427535]]]},"properties":{"grid":"campus","values":[12.55,6.095,1.857,9.276,13.012,5.128,13.938]}},{"type":"Feature","geometry":{"type":"Polygon","coordinates":[[[11.986276078953392,57.68737820329197],[11.985857361372386,57.68736822447565],[11.985838727732002,57.687592476150876],[11.986257447891992,57.687602455053174],[11.986276078953392,57.68737820329197]]]},"properties":{"grid":"campus","values":[12.587,5.848,1.128,9.298,13.134,4.861,14.123]}},{"type":"Feature","geometry":{"type":"Polygon","coordinates":[[[11.969908834827196,57.687436500738286],[11.96992756674253,57.687212252350925],[11.969508857386653,57.68720221947479],[11.96949012289252,57.6874264677757],[11.969908834827196,57.687436500738286]]]},"properties":{"grid":"campus","values":[10.777,11.778,3.63,8.089,7.432,10.656,6.926]}},{"type":"Feature","geometry":{"type":"Polygon","coordinates":[[[11.96992756674253,57.687212252350925],[11.969908834827196,57.687436500738286],[11.97032754703963,57.68744653231695],[11.970346276376157,57.68722228384316],[11.96992756674253,57.687212252350925]]]},"properties":{"grid":"campus","values":[10.958,11.792,3.701,8.289,8.514,10.756,6.857]}},{"type":"Feature","geometry":{"type":"Polygon","coordinates":[[[11.970346276376157,57.68722228384316],[11.97032754703963,57.68744653231695],[11.970746259529783,57.687456562511684],[11.970764986287499,57.687232313951476],[11.970346276376157,57.68722228384316]]]},"properties":{"grid":"campus","values":[11.594,11.838,3.95,8.985,12.34,11.108,6.608]}},{"type":"Feature","geometry":{"type":"Polygon","coordinates":[[[11.970764986287499,57.687232313951476],[11.970746259529783,57.687456562511684],[11.971164972297618,57.68746659132251],[11.971183696476515,57.687242342675894],[11.970764986287499,57.687232313951476]]]},"properties":{"grid":"campus","values":[12.293,11.685,4.385,9.018,13.536,11.511,10.249]}},{"type":"Feature","geometry":{"type":"Polygon","coordinates":[[[11.971183696476515,57.687242342675894],[11.971164972297618,57.68746659132251],[11.971583685343095,57.6874766187494],[11.97160240694317,57.687252370016395],[11.971183696476515,57.687242342675894]]]},"properties":{"grid":"campus","values":[12.869,11.395,4.661,8.499,11.895,11.794,16.503]}},{"type":"Feature","geometry":{"type":"Polygon","coordinates":[[[11.97160240694317,57.687252370016395],[11.971583685343095,57.6874766187494],[11.972002398666179,57.68748664479237],[11.972021117687424,57.68726239597298],[11.97160240694317,57.687252370016395]]]},"properties":{"grid":"campus","values":[12.957,11.466,5.965,7.54,10.943,12.058,18.719]}},{"type":"Feature","geometry":{"type":"Polygon","coordinates":[[[11.972021117687424,57.68726239597298],[11.972002398666179,57.68748664479237],[11.97242111226683,57.687496669451406],[11.97243982870924,57.68727242054564],[11.972021117687424,57.68726239597298]]]},"properties":{"grid":"campus","values":[12.529,11.901,7.724,6.55,11.025,12.168,15.992]}},{"type":"Feature","geometry":{"type":"Polygon","coordinates":[[[11.97243982870924,57.68727242054564],[11.97242111226683,57.687496669451406],[11.972839826145009,57.687506692726515],[11.972858540008577,57.68728244373439],[11.97243982870924,57.68727242054564]]]},"properties":{"grid":"campus","values":[12.093,12.025,9.289,6.749,11.048,11.929,13.699]}},{"type":"Feature","geometry":{"type":"Polygon","coordinates":[[[11.972858540008577,57.68728244373439],[11.972839826145009,57.687506692726515],[11.973258540300677,57.6875167146177],[11.973277251585403,57.687292465539215],[11.972858540008577,57.68728244373439]]]},"properties":{"grid":"campus","values":[11.747,11.824,10.215,8.068,11.028,11.456,12.555]}},{"type":"Feature","geometry":{"type":"Polygon","coordinates":[[[11.973277251585403,57.687292465539215],[11.973258540300677,57.6875167146177],[11.973677254733802,57.68752673512494],[11.973695963439672,57.687302485960124],[11.973277251585403,57.687292465539215]]]},"properties":{"grid":"campus","values":[11.395,11.79,8.206,9.427,11.012,11.075,10.869]}},{"type":"Feature","geometry":{"type":"Polygon","coordinates":[[[11.973695963439672,57.687302485960124],[11.973677254733802,57.68752673512494],[11.974095969444342,57.68753675424823],[11.974114675571354,57.6873125049971],[11.973695963439672,57.687302485960124]]]},"properties":{"grid":"campus","values":[11.172,11.901,4.167,10.266,11.026,10.976,9.279]}},{"type":"Feature","geometry":{"type":"Polygon","coordinates":[[[11.974114675571354,57.6873125049971],[11.974095969444342,57.68753675424823],[11.974514684432254,57.687546771987584],[11.974533387980406,57.68732252265015],[11.974114675571354,57.6873125049971]]]},"properties":{"grid":"campus","values":[11.271,12.009,2.417,10.129,10.837,11.027,8.698]}},{"type":"Feature","geometry":{"type":"Polygon","coordinates":[[[11.974533387980406,57.68732252265015],[11.974514684432254,57.687546771987584],[11.974933399697507,57.687556788343],[11.974952100666789,57.68733253891925],[11.974533387980406,57.68732252265015]]]},"properties":{"grid":"campus","values":[11.655,12.07,3.653,9.089,10.546,11.217,9.258]}},{"type":"Feature","geometry":{"type":"Polygon","coordinates":[[[11.974952100666789,57.68733253891925],[11.974933399697507,57.687556788343],[11.975352115240062,57.68756680331448],[11.97537081363047,57.68734255380444],[11.974952100666789,57.68733253891925]]]},"properties":{"grid":"campus","values":[11.897,12.182,3.795,8.37,10.075,11.262,10.247]}},{"type":"Feature","geometry":{"type":"Polygon","coordinates":[[[11.97537081363047,57.68734255380444],[11.975352115240062,57.68756680331448],[11.97577083105988,57.687576816902016],[11.975789526871408,57.6873525673057],[11.97537081363047,57.68734255380444]]]},"properties":{"grid":"campus","values":[11.94,12.325,2.809,8.157,9.552,11.146,11.416]}},{"type":"Feature","geometry":{"type":"Polygon","coordinates":[[[11.975789526871408,57.6873525673057],[11.97577083105988,57.687576816902016],[11.97618954715692,57.68758682910559],[11.976208240389562,57.68736257942301],[11.975789526871408,57.6873525673057]]]},"properties":{"grid":"campus","values":[11.57,12.28,1.567,8.876,9.48,10.893,11.596]}},{"type":"Feature","geometry":{"type":"Polygon","coordinates":[[[11.976208240389562,57.68736257942301],[11.97618954715692,57.68758682910559],[11.97660826353115,57.68759683992521],[11.976626954184898,57.687372590156386],[11.976208240389562,57.68736257942301]]]},"properties":{"grid":"campus","values":[10.957,12.033,0.572,10.163,9.829,10.609,10.849]}},{"type":"Feature","geometry":{"type":"Polygon","coordinates":[[[11.976626954184898,57.687372590156386],[11.97660826353115,57.68759683992521],[11.977026980182526,57.687606849360904],[11.977045668257377,57.68738259950583],[11.976626954184898,57.687372590156386]]]},"properties":{"grid":"campus","values":[11.109,12.225,3.139,9.55,9.808,10.841,11.024]}},{"type":"Feature","geometry":{"type":"Polygon","coordinates":[[[11.977045668257377,57.68738259950583],[11.977026980182526,57.687606849360904],[11.977445697111012,57.687616857412635],[11.977464382606959,57.687392607471345],[11.977045668257377,57.68738259950583]]]},"properties":{"grid":"campus","values":[11.933,12.755,8.2,7.416,9.413,11.478,12.03]}},{"type":"Feature","geometry":{"type":"Polygon","coordinates":[[[11.977464382606959,57.687392607471345],[11.977445697111012,57.687616857412635],[11.977864414316572,57.687626864080414],[11.977883097233612,57.68740261405291],[11.977464382606959,57.687392607471345]]]},"properties":{"grid":"campus","values":[12.194,12.669,11.376,7.074,9.509,11.977,12.372]}},{"type":"Feature","geometry":{"type":"Polygon","coordinates":[[[11.977883097233612,57.68740261405291],[11.977864414316572,57.687626864080414],[11.978283131799165,57.68763686936423],[11.978301812137289,57.68741261925051],[11.977883097233612,57.68740261405291]]]},"properties":{"grid":"campus","values":[11.789,12.0,11.435,8.484,10.055,12.144,11.948]}},{"type":"Feature","geometry":{"type":"Polygon","coordinates":[[[11.978301812137289,57.68741261925051],[11.978283131799165,57.68763686936423],[11.978701849558753,57.68764687326409],[11.978720527317959,57.68742262306417],[11.978301812137289,57.68741261925051]]]},"properties":{"grid":"campus","values":[12.23,11.493,11.069,11.544,11.088,11.996,11.57]}},{"type":"Feature","geometry":{"type":"Polygon","coordinates":[[[11.978720527317959,57.68742262306417],[11.978701849558753,57.68764687326409],[11.979120567595302,57.68765687578],[11.979139242775581,57.6874326254939],[11.978720527317959,57.68742262306417]]]},"properties":{"grid":"campus","values":[13.359,11.338,10.421,15.09,12.296,11.473,11.352]}},{"type":"Feature","geometry":{"type":"Polygon","coordinates":[[[11.979139242775581,57.6874326254939],[11.979120567595302,57.68765687578],[11.97953928590877,57.68766687691195],[11.979557958510117,57.687442626539664],[11.979139242775581,57.6874326254939]]]},"properties":{"grid":"campus","values":[13.568,11.288,10.759,14.642,12.883,9.454,11.364]}},{"type":"Feature","geometry":{"type":"Polygon","coordinates":[[[11.979557958510117,57.687442626539664],[11.97953928590877,57.68766687691195],[11.97995800449912,57.68767687665989],[11.979976674521529,57.68745262620148],[11.979557958510117,57.687442626539664]]]},"properties":{"grid":"campus","values":[12.781,11.374,11.856,10.506,12.689,6.53,11.529]}},{"type":"Feature","geometry":{"type":"Polygon","coordinates":[[[11.979976674521529,57.68745262620148],[11.97995800449912,57.68767687665989],[11.980376723366314,57.68768687502392],[11.980395390809779,57.687462624479345],[11.979976674521529,57.68745262620148]]]},"properties":{"grid":"campus","values":[12.827,11.81,10.556,10.928,12.761,5.854,12.225]}},{"type":"Feature","geometry":{"type":"Polygon","coordinates":[[[11.980395390809779,57.687462624479345],[11.980376723366314,57.68768687502392],[11.980795442510312,57.68769687200396],[11.980814107374831,57.68747262137325],[11.980395390809779,57.687462624479345]]]},"properties":{"grid":"campus","values":[13.712,12.399,7.552,15.686,13.108,7.78,13.183]}},{"type":"Feature","geometry":{"type":"Polygon","coordinates":[[[11.980814107374831,57.68747262137325],[11.980795442510312,57.68769687200396],[11.981214161931081,57.68770686760004],[11.981232824216644,57.6874826168832],[11.980814107374831,57.68747262137325]]]},"properties":{"grid":"campus","values":[13.839,12.641,6.055,16.133,13.285,9.237,13.324]}},{"type":"Feature","geometry":{"type":"Polygon","coordinates":[[[11.981232824216644,57.6874826168832],[11.981214161931081,57.68770686760004],[11.981632881628578,57.68771686181213],[11.981651541335182,57.68749261100919],[11.981232824216644,57.6874826168832]]]},"properties":{"grid":"campus","values":[13.173,12.501,6.46,12.114,13.164,9.859,12.683]}},{"type":"Feature","geometry":{"type":"Polygon","coordinates":[[[11.981651541335182,57.68749261100919],[11.981632881628578,57.68771686181213],[11.982051601602766,57.687726854640275],[11.982070258730403,57.68750260375123],[11.981651541335182,57.68749261100919]]]},"properties":{"grid":"campus","values":[12.691,11.763,9.153,9.771,13.272,10.122,12.324]}},{"type":"Feature","geometry":{"type":"Polygon","coordinates":[[[11.982070258730403,57.68750260375123],[11.982051601602766,57.687726854640275],[11.982470321853608,57.68773684608442],[11.982488976402275,57.68751259510928],[11.982070258730403,57.68750260375123]]]},"properties":{"grid":"campus","values":[12.545,10.765,12.899,10.011,13.46,9.957,12.441]}},{"type":"Feature","geometry":{"type":"Polygon","coordinates":[[[11.982488976402275,57.68751259510928],[11.982470321853608,57.68773684608442],[11.982889042381068,57.6877468361446],[11.982907694350756,57.68752258508337],[11.982488976402275,57.68751259510928]]]},"properties":{"grid":"campus","values":[11.969,10.303,13.492,10.035,11.726,8.534,12.257]}},{"type":"Feature","geometry":{"type":"Polygon","coordinates":[[[11.982907694350756,57.68752258508337],[11.982889042381068,57.6877468361446],[11.983307763185103,57.68775682482078],[11.98332641257581,57.687532573673515],[11.982907694350756,57.68752258508337]]]},"properties":{"grid":"campus","values":[11.151,10.481,10.91,9.849,8.476,6.575,11.778]}},{"type":"Feature","geometry":{"type":"Polygon","coordinates":[[[11.98332641257581,57.687532573673515],[11.983307763185103,57.68775682482078],[11.983726484265677,57.68776681211299],[11.983745131077397,57.68754256087967],[11.98332641257581,57.687532573673515]]]},"properties":{"grid":"campus","values":[10.954,10.916,9.587,8.771,7.37,5.782,11.361]}},{"type":"Feature","geometry":{"type":"Polygon","coordinates":[[[11.983745131077397,57.68754256087967],[11.983726484265677,57.68776681211299],[11.984145205622754,57.68777679802123],[11.984163849855479,57.68755254670186],[11.983745131077397,57.68754256087967]]]},"properties":{"grid":"campus","values":[11.399,11.392,9.93,7.216,8.708,6.346,11.112]}},{"type":"Feature","geometry":{"type":"Polygon","coordinates":[[[11.984163849855479,57.68755254670186],[11.984145205622754,57.68777679802123],[11.984563927256294,57.687786782545466],[11.984582568910017,57.68756253114008],[11.984163849855479,57.68755254670186]]]},"properties":{"grid":"campus","values":[11.559,11.331,9.147,6.608,9.14,6.78,10.956]}},{"type":"Feature","geometry":{"type":"Polygon","coordinates":[[[11.984582568910017,57.68756253114008],[11.984563927256294,57.687786782545466],[11.984982649166259,57.687796765685725],[11.985001288240976,57.687572514194336],[11.984582568910017,57.68756253114008]]]},"properties":{"grid":"campus","values":[11.368,10.773,7.361,7.136,8.669,6.633,10.975]}},{"type":"Feature","geometry":{"type":"Polygon","coordinates":[[[11.985001288240976,57.687572514194336],[11.984982649166259,57.687796765685725],[11.98540137135261,57.68780674744199],[11.985420007848317,57.687582495864596],[11.985001288240976,57.687572514194336]]]},"properties":{"grid":"campus","values":[11.64,10.078,6.247,7.912,9.698,5.366,11.459]}},{"type":"Feature","geometry":{"type":"Polygon","coordinates":[[[11.985420007848317,57.687582495864596],[11.98540137135261,57.68780674744199],[11.985820093815311,57.68781672781428],[11.985838727732002,57.687592476150876],[11.985420007848317,57.687582495864596]]]},"properties":{"grid":"campus","values":[12.32,9.711,6.569,8.644,11.979,3.494,12.159]}},{"type":"Feature","geometry":{"type":"Polygon","coordinates":[[[11.986257447891992,57.687602455053174],[11.985838727732002,57.687592476150876],[11.985820093815311,57.68781672781428],[11.986238816554325,57.68782670680256],[11.986257447891992,57.687602455053174]]]},"properties":{"grid":"campus","values":[12.513,9.589,6.581,8.846,12.624,2.934,12.371]}},{"type":"Feature","geometry":{"type":"Polygon","coordinates":[[[11.969890102634109,57.687660749113725],[11.969908834827196,57.687436500738286],[11.96949012289252,57.6874264677757],[11.969471388120594,57.687650716064695],[11.969890102634109,57.687660749113725]]]},"properties":{"grid":"campus","values":[9.95,11.768,2.932,6.411,1.99,10.09,6.965]}},{"type":"Feature","geometry":{"type":"Polygon","coordinates":[[[11.969908834827196,57.687436500738286],[11.969890102634109,57.687660749113725],[11.970308817425385,57.68767078077883],[11.97032754703963,57.68744653231695],[11.969908834827196,57.687436500738286]]]},"properties":{"grid":"campus","values":[10.072,11.771,2.994,6.563,2.769,10.162,6.909]}},{"type":"Feature","geometry":{"type":"Polygon","coordinates":[[[11.97032754703963,57.68744653231695],[11.970308817425385,57.68767078077883],[11.97072753249439,57.68768081105999],[11.970746259529783,57.687456562511684],[11.97032754703963,57.68744653231695]]]},"properties":{"grid":"campus","values":[11.798,11.818,3.918,8.803,13.873,11.181,6.162]}},{"type":"Feature","geometry":{"type":"Polygon","coordinates":[[[11.970746259529783,57.687456562511684],[11.97072753249439,57.68768081105999],[11.97114624784108,57.68769083995723],[11.971164972297618,57.68746659132251],[11.970746259529783,57.687456562511684]]]},"properties":{"grid":"campus","values":[12.231,11.774,3.645,9.109,14.876,11.28,7.685]}},{"type":"Feature","geometry":{"type":"Polygon","coordinates":[[[11.971164972297618,57.68746659132251],[11.97114624784108,57.68769083995723],[11.971564963465418,57.68770086747052],[11.971583685343095,57.6874766187494],[11.971164972297618,57.68746659132251]]]},"properties":{"grid":"campus","values":[13.779,11.345,0.854,9.334,11.403,11.123,20.855]}},{"type":"Feature","geometry":{"type":"Polygon","coordinates":[[[11.971583685343095,57.6874766187494],[11.971564963465418,57.68770086747052],[11.97198367936737,57.68771089359987],[11.972002398666179,57.68748664479237],[11.971583685343095,57.6874766187494]]]},"properties":{"grid":"campus","values":[13.824,11.444,1.127,9.104,11.033,11.135,21.476]}},{"type":"Feature","geometry":{"type":"Polygon","coordinates":[[[11.972002398666179,57.68748664479237],[11.97198367936737,57.68771089359987],[11.972402395546892,57.68772091834527],[11.97242111226683,57.687496669451406],[11.972002398666179,57.68748664479237]]]},"properties":{"grid":"campus","values":[12.663,12.592,6.796,6.725,11.239,11.477,14.004]}},{"type":"Feature","geometry":{"type":"Polygon","coordinates":[[[11.97242111226683,57.687496669451406],[11.972402395546892,57.68772091834527],[11.97282111200395,57.68773094170674],[11.972839826145009,57.687506692726515],[11.97242111226683,57.687496669451406]]]},"properties":{"grid":"campus","values":[12.355,12.716,7.695,6.809,11.305,11.456,12.833]}},{"type":"Feature","geometry":{"type":"Polygon","coordinates":[[[11.972839826145009,57.687506692726515],[11.97282111200395,57.68773094170674],[11.973239828738503,57.68774096368426],[11.973258540300677,57.6875167146177],[11.972839826145009,57.687506692726515]]]},"properties":{"grid":"campus","values":[11.082,12.405,9.781,9.778,11.554,10.96,11.111]}},{"type":"Feature","geometry":{"type":"Polygon","coordinates":[[[11.973258540300677,57.6875167146177],[11.973239828738503,57.68774096368426],[11.973658545750515,57.68775098427784],[11.973677254733802,57.68752673512494],[11.973258540300677,57.6875167146177]]]},"properties":{"grid":"campus","values":[10.961,12.313,9.416,10.146,11.599,10.933,10.52]}},{"type":"Feature","geometry":{"type":"Polygon","coordinates":[[[11.973677254733802,57.68752673512494],[11.973658545750515,57.68775098427784],[11.97407726303995,57.68776100348745],[11.974095969444342,57.68753675424823],[11.973677254733802,57.68752673512494]]]},"properties":{"grid":"campus","values":[11.152,11.954,3.59,10.378,11.69,11.08,6.619]}},{"type":"Feature","geometry":{"type":"Polygon","coordinates":[[[11.974095969444342,57.68753675424823],[11.97407726303995,57.68776100348745],[11.974495980606767,57.687771021313125],[11.974514684432254,57.687546771987584],[11.974095969444342,57.68753675424823]]]},"properties":{"grid":"campus","values":[11.187,11.984,3.055,10.377,11.698,11.116,6.208]}},{"type":"Feature","geometry":{"type":"Polygon","coordinates":[[[11.974514684432254,57.687546771987584],[11.974495980606767,57.687771021313125],[11.974914698450927,57.68778103775487],[11.974933399697507,57.687556788343],[11.974514684432254,57.687546771987584]]]},"properties":{"grid":"campus","values":[11.234,12.643,4.254,10.123,11.653,11.093,6.944]}},{"type":"Feature","geometry":{"type":"Polygon","coordinates":[[[11.974933399697507,57.687556788343],[11.974914698450927,57.68778103775487],[11.975333416572393,57.68779105281262],[11.975352115240062,57.68756680331448],[11.974933399697507,57.687556788343]]]},"properties":{"grid":"campus","values":[11.401,12.736,4.345,9.665,11.37,11.115,7.588]}},{"type":"Feature","geometry":{"type":"Polygon","coordinates":[[[11.975352115240062,57.68756680331448],[11.975333416572393,57.68779105281262],[11.97575213497113,57.687801066486436],[11.97577083105988,57.687576816902016],[11.975352115240062,57.68756680331448]]]},"properties":{"grid":"campus","values":[12.584,12.797,3.613,6.33,9.163,11.242,11.944]}},{"type":"Feature","geometry":{"type":"Polygon","coordinates":[[[11.97577083105988,57.687576816902016],[11.97575213497113,57.687801066486436],[11.976170853647096,57.687811078776264],[11.97618954715692,57.68758682910559],[11.97577083105988,57.687576816902016]]]},"properties":{"grid":"campus","values":[12.527,12.704,3.248,6.37,9.004,11.178,12.317]}},{"type":"Feature","geometry":{"type":"Polygon","coordinates":[[[11.97618954715692,57.68758682910559],[11.976170853647096,57.687811078776264],[11.976589572600254,57.68782108968216],[11.97660826353115,57.68759683992521],[11.97618954715692,57.68758682910559]]]},"properties":{"grid":"campus","values":[10.863,11.974,0.517,10.385,10.031,10.56,10.481]}},{"type":"Feature","geometry":{"type":"Polygon","coordinates":[[[11.97660826353115,57.68759683992521],[11.976589572600254,57.68782108968216],[11.977008291830565,57.6878310992041],[11.977026980182526,57.687606849360904],[11.97660826353115,57.68759683992521]]]},"properties":{"grid":"campus","values":[10.834,11.974,1.185,10.521,9.998,10.584,10.482]}},{"type":"Feature","geometry":{"type":"Polygon","coordinates":[[[11.977026980182526,57.687606849360904],[11.977008291830565,57.6878310992041],[11.977427011337994,57.68784110734205],[11.977445697111012,57.687616857412635],[11.977026980182526,57.687606849360904]]]},"properties":{"grid":"campus","values":[12.483,12.742,10.301,7.187,8.509,11.541,13.08]}},{"type":"Feature","geometry":{"type":"Polygon","coordinates":[[[11.977445697111012,57.687616857412635],[11.977427011337994,57.68784110734205],[11.9778457311225,57.68785111409604],[11.977864414316572,57.687626864080414],[11.977445697111012,57.687616857412635]]]},"properties":{"grid":"campus","values":[12.56,12.713,11.348,6.665,8.53,11.705,13.262]}},{"type":"Feature","geometry":{"type":"Polygon","coordinates":[[[11.977864414316572,57.687626864080414],[11.9778457311225,57.68785111409604],[11.978264451184046,57.68786111946606],[11.978283131799165,57.68763686936423],[11.977864414316572,57.687626864080414]]]},"properties":{"grid":"campus","values":[11.572,11.64,11.509,5.738,9.999,12.154,12.445]}},{"type":"Feature","geometry":{"type":"Polygon","coordinates":[[[11.978283131799165,57.68763686936423],[11.978264451184046,57.68786111946606],[11.978683171522592,57.68787112345214],[11.978701849558753,57.68764687326409],[11.978283131799165,57.68763686936423]]]},"properties":{"grid":"campus","values":[11.744,11.454,11.394,6.8,10.546,11.828,12.246]}},{"type":"Feature","geometry":{"type":"Polygon","coordinates":[[[11.978701849558753,57.68764687326409],[11.978683171522592,57.68787112345214],[11.979101892138104,57.6878811260542],[11.979120567595302,57.68765687578],[11.978701849558753,57.68764687326409]]]},"properties":{"grid":"campus","values":[14.105,11.006,10.264,17.117,13.613,8.961,11.344]}},{"type":"Feature","geometry":{"type":"Polygon","coordinates":[[[11.979120567595302,57.68765687578],[11.979101892138104,57.6878811260542],[11.979520613030541,57.687891127272344],[11.97953928590877,57.68766687691195],[11.979120567595302,57.68765687578]]]},"properties":{"grid":"campus","values":[14.185,11.018,10.149,17.284,13.965,7.845,11.174]}},{"type":"Feature","geometry":{"type":"Polygon","coordinates":[[[11.97953928590877,57.68766687691195],[11.979520613030541,57.687891127272344],[11.979939334199868,57.687901127106464],[11.97995800449912,57.68767687665989],[11.97953928590877,57.68766687691195]]]},"properties":{"grid":"campus","values":[12.598,11.589,10.434,8.591,13.88,1.962,10.896]}},{"type":"Feature","geometry":{"type":"Polygon","coordinates":[[[11.97995800449912,57.68767687665989],[11.979939334199868,57.687901127106464],[11.980358055646043,57.68791112555663],[11.980376723366314,57.68768687502392],[11.97995800449912,57.68767687665989]]]},"properties":{"grid":"campus","values":[12.668,11.664,10.455,8.591,13.986,1.962,11.126]}},{"type":"Feature","geometry":{"type":"Polygon","coordinates":[[[11.980376723366314,57.68768687502392],[11.980358055646043,57.68791112555663],[11.980776777369028,57.6879211226228],[11.980795442510312,57.68769687200396],[11.980376723366314,57.68768687502392]]]},"properties":{"grid":"campus","values":[14.943,11.802,9.826,17.591,15.082,7.395,13.24]}},{"type":"Feature","geometry":{"type":"Polygon","coordinates":[[[11.980795442510312,57.68769687200396],[11.980776777369028,57.6879211226228],[11.981195499368788,57.687931118304995],[11.981214161931081,57.68770686760004],[11.980795442510312,57.68769687200396]]]},"properties":{"grid":"campus","values":[15.021,12.018,8.894,17.788,14.995,8.351,13.5]}},{"type":"Feature","geometry":{"type":"Polygon","coordinates":[[[11.981214161931081,57.68770686760004],[11.981195499368788,57.687931118304995],[11.981614221645284,57.6879411126032],[11.981632881628578,57.68771686181213],[11.981214161931081,57.68770686760004]]]},"properties":{"grid":"campus","values":[13.428,13.678,2.155,10.545,13.533,10.219,13.82]}},{"type":"Feature","geometry":{"type":"Polygon","coordinates":[[[11.981632881628578,57.68771686181213],[11.981614221645284,57.6879411126032],[11.982032944198476,57.687951105517435],[11.982051601602766,57.687726854640275],[11.981632881628578,57.68771686181213]]]},"properties":{"grid":"campus","values":[13.191,13.556,2.587,9.773,13.313,10.383,13.828]}},{"type":"Feature","geometry":{"type":"Polygon","coordinates":[[[11.982051601602766,57.687726854640275],[11.982032944198476,57.687951105517435],[11.982451667028329,57.68796109704767],[11.982470321853608,57.68773684608442],[11.982051601602766,57.687726854640275]]]},"properties":{"grid":"campus","values":[12.815,10.827,13.622,10.037,13.153,9.955,13.703]}},{"type":"Feature","geometry":{"type":"Polygon","coordinates":[[[11.982470321853608,57.68773684608442],[11.982451667028329,57.68796109704767],[11.982870390134803,57.687971087193915],[11.982889042381068,57.6877468361446],[11.982470321853608,57.68773684608442]]]},"properties":{"grid":"campus","values":[12.538,10.498,14.312,10.087,11.95,9.892,13.489]}},{"type":"Feature","geometry":{"type":"Polygon","coordinates":[[[11.982889042381068,57.6877468361446],[11.982870390134803,57.687971087193915],[11.98328911351786,57.68798107595618],[11.983307763185103,57.68775682482078],[11.982889042381068,57.6877468361446]]]},"properties":{"grid":"campus","values":[10.467,10.47,8.471,9.776,1.843,9.414,11.362]}},{"type":"Feature","geometry":{"type":"Polygon","coordinates":[[[11.983307763185103,57.68775682482078],[11.98328911351786,57.68798107595618],[11.983707837177462,57.687991063334444],[11.983726484265677,57.68776681211299],[11.983307763185103,57.68775682482078]]]},"properties":{"grid":"campus","values":[10.267,10.498,7.783,9.417,1.17,8.88,11.093]}},{"type":"Feature","geometry":{"type":"Polygon","coordinates":[[[11.983726484265677,57.68776681211299],[11.983707837177462,57.687991063334444],[11.984126561113568,57.68800104932872],[11.984145205622754,57.68777679802123],[11.983726484265677,57.68776681211299]]]},"properties":{"grid":"campus","values":[10.641,10.741,7.773,6.742,5.238,5.154,10.918]}},{"type":"Feature","geometry":{"type":"Polygon","coordinates":[[[11.984145205622754,57.68777679802123],[11.984126561113568,57.68800104932872],[11.984545285326147,57.688011033939],[11.984563927256294,57.687786782545466],[11.984145205622754,57.68777679802123]]]},"properties":{"grid":"campus","values":[10.683,10.76,7.084,6.427,5.785,4.624,10.912]}},{"type":"Feature","geometry":{"type":"Polygon","coordinates":[[[11.984563927256294,57.687786782545466],[11.984545285326147,57.688011033939],[11.984964009815156,57.688021017165276],[11.984982649166259,57.687796765685725],[11.984563927256294,57.687786782545466]]]},"properties":{"grid":"campus","values":[10.832,10.64,1.691,6.862,6.184,4.692,10.996]}},{"type":"Feature","geometry":{"type":"Polygon","coordinates":[[[11.984982649166259,57.687796765685725],[11.984964009815156,57.688021017165276],[11.985382734580558,57.68803099900754],[11.98540137135261,57.68780674744199],[11.984982649166259,57.687796765685725]]]},"properties":{"grid":"campus","values":[11.045,10.872,2.111,7.135,6.882,4.327,11.007]}},{"type":"Feature","geometry":{"type":"Polygon","coordinates":[[[11.98540137135261,57.68780674744199],[11.985382734580558,57.68803099900754],[11.985801459622312,57.68804097946582],[11.985820093815311,57.68781672781428],[11.98540137135261,57.68780674744199]]]},"properties":{"grid":"campus","values":[12.7,12.609,10.5,8.928,12.685,1.075,11.17]}},{"type":"Feature","geometry":{"type":"Polygon","coordinates":[[[11.986238816554325,57.68782670680256],[11.985820093815311,57.68781672781428],[11.985801459622312,57.68804097946582],[11.986220184940388,57.68805095854009],[11.986238816554325,57.68782670680256]]]},"properties":{"grid":"campus","values":[12.829,12.729,11.15,9.094,13.099,0.894,11.18]}},{"type":"Feature","geometry":{"type":"Polygon","coordinates":[[[11.969871370163256,57.687884997477305],[11.969890102634109,57.687660749113725],[11.969471388120594,57.687650716064695],[11.969452653070865,57.68787496434183],[11.969871370163256,57.687884997477305]]]},"properties":{"grid":"campus","values":[12.082,12.268,1.759,6.059,9.043,10.757,6.891]}},{"type":"Feature","geometry":{"type":"Polygon","coordinates":[[[11.969890102634109,57.687660749113725],[11.969871370163256,57.687884997477305],[11.970290087533416,57.68789502922885],[11.970308817425385,57.68767078077883],[11.969890102634109,57.687660749113725]]]},"properties":{"grid":"campus","values":[12.079,12.21,2.101,6.512,10.007,10.842,6.795]}},{"type":"Feature","geometry":{"type":"Polygon","coordinates":[[[11.970308817425385,57.68767078077883],[11.970290087533416,57.68789502922885],[11.970708805181307,57.68790505959643],[11.97072753249439,57.68768081105999],[11.970308817425385,57.68767078077883]]]},"properties":{"grid":"campus","values":[12.034,12.007,3.295,8.072,13.202,11.121,6.473]}},{"type":"Feature","geometry":{"type":"Polygon","coordinates":[[[11.97072753249439,57.68768081105999],[11.970708805181307,57.68790505959643],[11.97112752310689,57.68791508858006],[11.97114624784108,57.68769083995723],[11.97072753249439,57.68768081105999]]]},"properties":{"grid":"campus","values":[12.229,11.917,2.893,9.085,14.195,11.265,8.568]}},{"type":"Feature","geometry":{"type":"Polygon","coordinates":[[[11.97114624784108,57.68769083995723],[11.97112752310689,57.68791508858006],[11.971546241310131,57.68792511617975],[11.971564963465418,57.68770086747052],[11.97114624784108,57.68769083995723]]]},"properties":{"grid":"campus","values":[12.444,11.982,1.107,9.171,12.336,11.199,11.938]}},{"type":"Feature","geometry":{"type":"Polygon","coordinates":[[[11.971564963465418,57.68770086747052],[11.971546241310131,57.68792511617975],[11.971964959790984,57.687935142395496],[11.97198367936737,57.68771089359987],[11.971564963465418,57.68770086747052]]]},"properties":{"grid":"campus","values":[12.589,12.022,2.675,8.472,11.21,11.251,13.857]}},{"type":"Feature","geometry":{"type":"Polygon","coordinates":[[[11.97198367936737,57.68771089359987],[11.971964959790984,57.687935142395496],[11.972383678549418,57.687945167227284],[11.972402395546892,57.68772091834527],[11.97198367936737,57.68771089359987]]]},"properties":{"grid":"campus","values":[12.609,11.987,7.083,7.259,11.254,11.404,13.585]}},{"type":"Feature","geometry":{"type":"Polygon","coordinates":[[[11.972402395546892,57.68772091834527],[11.972383678549418,57.687945167227284],[11.972802397585394,57.68795519067511],[11.97282111200395,57.68773094170674],[11.972402395546892,57.68772091834527]]]},"properties":{"grid":"campus","values":[12.137,11.831,10.047,7.104,11.223,11.619,12.516]}},{"type":"Feature","geometry":{"type":"Polygon","coordinates":[[[11.97282111200395,57.68773094170674],[11.972802397585394,57.68795519067511],[11.97322111689887,57.68796521273897],[11.973239828738503,57.68774096368426],[11.97282111200395,57.68773094170674]]]},"properties":{"grid":"campus","values":[11.417,11.547,10.448,8.014,11.097,11.85,11.389]}},{"type":"Feature","geometry":{"type":"Polygon","coordinates":[[[11.973239828738503,57.68774096368426],[11.97322111689887,57.68796521273897],[11.973639836489811,57.68797523341888],[11.973658545750515,57.68775098427784],[11.973239828738503,57.68774096368426]]]},"properties":{"grid":"campus","values":[11.04,11.479,8.889,8.625,11.208,11.758,8.586]}},{"type":"Feature","geometry":{"type":"Polygon","coordinates":[[[11.973658545750515,57.68775098427784],[11.973639836489811,57.68797523341888],[11.974058556358177,57.68798525271484],[11.97407726303995,57.68776100348745],[11.973658545750515,57.68775098427784]]]},"properties":{"grid":"campus","values":[11.152,11.683,5.917,8.636,11.509,11.378,5.063]}},{"type":"Feature","geometry":{"type":"Polygon","coordinates":[[[11.97407726303995,57.68776100348745],[11.974058556358177,57.68798525271484],[11.974477276503935,57.68799527062682],[11.974495980606767,57.687771021313125],[11.97407726303995,57.68776100348745]]]},"properties":{"grid":"campus","values":[11.035,11.843,4.902,8.738,11.687,10.98,4.65]}},{"type":"Feature","geometry":{"type":"Polygon","coordinates":[[[11.974495980606767,57.687771021313125],[11.974477276503935,57.68799527062682],[11.974895996927039,57.68800528715485],[11.974914698450927,57.68778103775487],[11.974495980606767,57.687771021313125]]]},"properties":{"grid":"campus","values":[10.706,11.906,6.317,8.904,11.694,10.653,7.617]}},{"type":"Feature","geometry":{"type":"Polygon","coordinates":[[[11.974914698450927,57.68778103775487],[11.974895996927039,57.68800528715485],[11.975314717627455,57.688015302298915],[11.975333416572393,57.68779105281262],[11.974914698450927,57.68778103775487]]]},"properties":{"grid":"campus","values":[10.721,12.042,5.736,8.344,11.277,10.496,8.565]}},{"type":"Feature","geometry":{"type":"Polygon","coordinates":[[[11.975333416572393,57.68779105281262],[11.975314717627455,57.688015302298915],[11.975733438605149,57.688025316059],[11.97575213497113,57.687801066486436],[11.975333416572393,57.68779105281262]]]},"properties":{"grid":"campus","values":[11.011,12.179,3.274,7.385,10.656,10.542,6.994]}},{"type":"Feature","geometry":{"type":"Polygon","coordinates":[[[11.97575213497113,57.687801066486436],[11.975733438605149,57.688025316059],[11.976152159860076,57.688035328435106],[11.976170853647096,57.687811078776264],[11.97575213497113,57.687801066486436]]]},"properties":{"grid":"campus","values":[11.111,12.121,1.754,7.84,10.463,10.628,6.725]}},{"type":"Feature","geometry":{"type":"Polygon","coordinates":[[[11.976170853647096,57.687811078776264],[11.976152159860076,57.688035328435106],[11.9765708813922,57.68804533942725],[11.976589572600254,57.68782108968216],[11.976170853647096,57.687811078776264]]]},"properties":{"grid":"campus","values":[11.018,11.921,1.711,9.575,10.809,10.757,7.679]}},{"type":"Feature","geometry":{"type":"Polygon","coordinates":[[[11.976589572600254,57.68782108968216],[11.9765708813922,57.68804533942725],[11.976989603201487,57.68805534903542],[11.977008291830565,57.6878310992041],[11.976589572600254,57.68782108968216]]]},"properties":{"grid":"campus","values":[11.401,11.843,4.313,9.447,10.174,11.033,9.633]}},{"type":"Feature","geometry":{"type":"Polygon","coordinates":[[[11.977008291830565,57.6878310992041],[11.976989603201487,57.68805534903542],[11.977408325287895,57.68806535725962],[11.977427011337994,57.68784110734205],[11.977008291830565,57.6878310992041]]]},"properties":{"grid":"campus","values":[12.174,11.906,8.624,7.434,8.735,11.376,12.081]}},{"type":"Feature","geometry":{"type":"Polygon","coordinates":[[[11.977427011337994,57.68784110734205],[11.977408325287895,57.68806535725962],[11.977827047651386,57.68807536409983],[11.9778457311225,57.68785111409604],[11.977427011337994,57.68784110734205]]]},"properties":{"grid":"campus","values":[12.303,11.706,11.472,5.84,8.188,11.679,13.24]}},{"type":"Feature","geometry":{"type":"Polygon","coordinates":[[[11.9778457311225,57.68785111409604],[11.977827047651386,57.68807536409983],[11.978245770291922,57.68808536955608],[11.978264451184046,57.68786111946606],[11.9778457311225,57.68785111409604]]]},"properties":{"grid":"campus","values":[11.727,11.306,11.709,5.283,8.665,11.801,12.737]}},{"type":"Feature","geometry":{"type":"Polygon","coordinates":[[[11.978264451184046,57.68786111946606],[11.978245770291922,57.68808536955608],[11.978664493209466,57.68809537362832],[11.978683171522592,57.68787112345214],[11.978264451184046,57.68786111946606]]]},"properties":{"grid":"campus","values":[11.844,11.1,11.548,8.269,9.892,11.411,12.098]}},{"type":"Feature","geometry":{"type":"Polygon","coordinates":[[[11.978683171522592,57.68787112345214],[11.978664493209466,57.68809537362832],[11.97908321640398,57.6881053763166],[11.979101892138104,57.6878811260542],[11.978683171522592,57.68787112345214]]]},"properties":{"grid":"campus","values":[12.557,11.214,11.078,13.608,11.335,10.739,11.566]}},{"type":"Feature","geometry":{"type":"Polygon","coordinates":[[[11.979101892138104,57.6878811260542],[11.97908321640398,57.6881053763166],[11.979501939875426,57.68811537762088],[11.979520613030541,57.687891127272344],[11.979101892138104,57.6878811260542]]]},"properties":{"grid":"campus","values":[13.002,11.387,10.594,15.39,12.38,9.579,11.505]}},{"type":"Feature","geometry":{"type":"Polygon","coordinates":[[[11.979520613030541,57.687891127272344],[11.979501939875426,57.68811537762088],[11.979920663623766,57.68812537754117],[11.979939334199868,57.687901127106464],[11.979520613030541,57.687891127272344]]]},"properties":{"grid":"campus","values":[13.032,11.57,10.266,13.09,12.619,8.67,11.998]}},{"type":"Feature","geometry":{"type":"Polygon","coordinates":[[[11.979939334199868,57.687901127106464],[11.979920663623766,57.68812537754117],[11.980339387648959,57.68813537607747],[11.980358055646043,57.68791112555663],[11.979939334199868,57.687901127106464]]]},"properties":{"grid":"campus","values":[13.568,11.692,10.143,13.546,13.338,8.056,12.075]}},{"type":"Feature","geometry":{"type":"Polygon","coordinates":[[[11.980358055646043,57.68791112555663],[11.980339387648959,57.68813537607747],[11.980758111950971,57.68814537322979],[11.980776777369028,57.6879211226228],[11.980358055646043,57.68791112555663]]]},"properties":{"grid":"campus","values":[14.442,11.692,10.247,16.641,14.309,7.895,11.625]}},{"type":"Feature","geometry":{"type":"Polygon","coordinates":[[[11.980776777369028,57.6879211226228],[11.980758111950971,57.68814537322979],[11.98117683652976,57.688155368998125],[11.981195499368788,57.687931118304995],[11.980776777369028,57.6879211226228]]]},"properties":{"grid":"campus","values":[14.725,12.337,8.927,17.371,14.774,8.583,13.329]}},{"type":"Feature","geometry":{"type":"Polygon","coordinates":[[[11.981195499368788,57.687931118304995],[11.98117683652976,57.688155368998125],[11.981595561385292,57.688165363382424],[11.981614221645284,57.6879411126032],[11.981195499368788,57.687931118304995]]]},"properties":{"grid":"campus","values":[14.311,13.374,6.892,15.47,14.645,9.562,16.645]}},{"type":"Feature","geometry":{"type":"Polygon","coordinates":[[[11.981614221645284,57.6879411126032],[11.981595561385292,57.688165363382424],[11.982014286517527,57.688175356382764],[11.982032944198476,57.687951105517435],[11.981614221645284,57.6879411126032]]]},"properties":{"grid":"campus","values":[13.796,13.416,8.047,12.977,14.212,10.177,17.383]}},{"type":"Feature","geometry":{"type":"Polygon","coordinates":[[[11.982032944198476,57.687951105517435],[11.982014286517527,57.688175356382764],[11.982433011926426,57.6881853479991],[11.982451667028329,57.68796109704767],[11.982032944198476,57.687951105517435]]]},"properties":{"grid":"campus","values":[13.406,12.499,11.922,10.84,13.673,10.203,15.351]}},{"type":"Feature","geometry":{"type":"Polygon","coordinates":[[[11.982451667028329,57.68796109704767],[11.982433011926426,57.6881853479991],[11.982851737611954,57.68819533823142],[11.982870390134803,57.687971087193915],[11.982451667028329,57.68796109704767]]]},"properties":{"grid":"campus","values":[12.406,11.515,12.663,9.718,9.664,10.231,13.305]}},{"type":"Feature","geometry":{"type":"Polygon","coordinates":[[[11.982870390134803,57.687971087193915],[11.982851737611954,57.68819533823142],[11.983270463574069,57.68820532707974],[11.98328911351786,57.68798107595618],[11.982870390134803,57.687971087193915]]]},"properties":{"grid":"campus","values":[11.164,10.848,9.808,9.88,3.696,10.28,11.86]}},{"type":"Feature","geometry":{"type":"Polygon","coordinates":[[[11.98328911351786,57.68798107595618],[11.983270463574069,57.68820532707974],[11.983689189812736,57.68821531454406],[11.983707837177462,57.687991063334444],[11.98328911351786,57.68798107595618]]]},"properties":{"grid":"campus","values":[10.442,10.493,7.886,9.435,0.759,9.521,10.958]}},{"type":"Feature","geometry":{"type":"Polygon","coordinates":[[[11.983707837177462,57.687991063334444],[11.983689189812736,57.68821531454406],[11.984107916327915,57.68822530062439],[11.984126561113568,57.68800104932872],[11.983707837177462,57.687991063334444]]]},"properties":{"grid":"campus","values":[10.507,10.533,7.666,8.641,1.878,8.361,10.939]}},{"type":"Feature","geometry":{"type":"Polygon","coordinates":[[[11.984126561113568,57.68800104932872],[11.984107916327915,57.68822530062439],[11.984526643119567,57.688235285320694],[11.984545285326147,57.688011033939],[11.984126561113568,57.68800104932872]]]},"properties":{"grid":"campus","values":[11.011,10.588,6.523,8.991,3.491,7.862,10.948]}},{"type":"Feature","geometry":{"type":"Polygon","coordinates":[[[11.984545285326147,57.688011033939],[11.984526643119567,57.688235285320694],[11.98494537018766,57.688245268632976],[11.984964009815156,57.688021017165276],[11.984545285326147,57.688011033939]]]},"properties":{"grid":"campus","values":[11.808,10.638,5.025,10.519,4.967,8.36,10.985]}},{"type":"Feature","geometry":{"type":"Polygon","coordinates":[[[11.984964009815156,57.688021017165276],[11.98494537018766,57.688245268632976],[11.985364097532148,57.688255250561255],[11.985382734580558,57.68803099900754],[11.984964009815156,57.688021017165276]]]},"properties":{"grid":"campus","values":[12.499,11.374,6.446,10.768,7.974,7.649,11.009]}},{"type":"Feature","geometry":{"type":"Polygon","coordinates":[[[11.985382734580558,57.68803099900754],[11.985364097532148,57.688255250561255],[11.985782825152997,57.688265231105525],[11.985801459622312,57.68804097946582],[11.985382734580558,57.68803099900754]]]},"properties":{"grid":"campus","values":[12.821,12.514,10.255,9.566,11.46,6.057,11.009]}},{"type":"Feature","geometry":{"type":"Polygon","coordinates":[[[11.986220184940388,57.68805095854009],[11.985801459622312,57.68804097946582],[11.985782825152997,57.688265231105525],[11.986201553050169,57.688275210265765],[11.986220184940388,57.68805095854009]]]},"properties":{"grid":"campus","values":[12.927,12.847,11.397,9.256,12.476,5.608,11.009]}},{"type":"Feature","geometry":{"type":"Polygon","coordinates":[[[11.969852637414634,57.688109245829004],[11.969871370163256,57.687884997477305],[11.969452653070865,57.68787496434183],[11.969433917743329,57.68809921260708],[11.969852637414634,57.688109245829004]]]},"properties":{"grid":"campus","values":[13.757,12.785,0.286,5.24,13.207,11.163,6.983]}},{"type":"Feature","geometry":{"type":"Polygon","coordinates":[[[11.969871370163256,57.687884997477305],[11.969852637414634,57.688109245829004],[11.970271357363714,57.68811927766697],[11.970290087533416,57.68789502922885],[11.969871370163256,57.687884997477305]]]},"properties":{"grid":"campus","values":[13.66,12.737,0.502,5.461,13.332,11.172,6.954]}},{"type":"Feature","geometry":{"type":"Polygon","coordinates":[[[11.970290087533416,57.68789502922885],[11.970271357363714,57.68811927766697],[11.97069007759053,57.688129308121],[11.970708805181307,57.68790505959643],[11.970290087533416,57.68789502922885]]]},"properties":{"grid":"campus","values":[12.282,12.036,3.636,8.658,15.295,11.31,6.523]}},{"type":"Feature","geometry":{"type":"Polygon","coordinates":[[[11.970708805181307,57.68790505959643],[11.97069007759053,57.688129308121],[11.971108798095049,57.68813933719104],[11.97112752310689,57.68791508858006],[11.970708805181307,57.68790505959643]]]},"properties":{"grid":"campus","values":[12.001,12.019,3.636,9.018,14.989,11.31,6.431]}},{"type":"Feature","geometry":{"type":"Polygon","coordinates":[[[11.97112752310689,57.68791508858006],[11.971108798095049,57.68813933719104],[11.971527518877224,57.688149364877134],[11.971546241310131,57.68792511617975],[11.97112752310689,57.68791508858006]]]},"properties":{"grid":"campus","values":[11.574,12.563,0.364,9.015,11.677,11.279,7.753]}},{"type":"Feature","geometry":{"type":"Polygon","coordinates":[[[11.971546241310131,57.68792511617975],[11.971527518877224,57.688149364877134],[11.971946239937022,57.688159391179255],[11.971964959790984,57.687935142395496],[11.971546241310131,57.68792511617975]]]},"properties":{"grid":"campus","values":[11.624,12.495,1.108,8.785,11.306,11.302,8.395]}},{"type":"Feature","geometry":{"type":"Polygon","coordinates":[[[11.971964959790984,57.687935142395496],[11.971946239937022,57.688159391179255],[11.972364961274405,57.688169416097416],[11.972383678549418,57.687945167227284],[11.971964959790984,57.687935142395496]]]},"properties":{"grid":"campus","values":[12.393,11.501,10.698,6.723,11.29,11.496,12.738]}},{"type":"Feature","geometry":{"type":"Polygon","coordinates":[[[11.972383678549418,57.687945167227284],[11.972364961274405,57.688169416097416],[11.972783682889334,57.6881794396316],[11.972802397585394,57.68795519067511],[11.972383678549418,57.687945167227284]]]},"properties":{"grid":"campus","values":[12.382,11.286,11.745,6.546,11.207,11.654,13.154]}},{"type":"Feature","geometry":{"type":"Polygon","coordinates":[[[11.972802397585394,57.68795519067511],[11.972783682889334,57.6881794396316],[11.97320240478177,57.68818946178183],[11.97322111689887,57.68796521273897],[11.972802397585394,57.68795519067511]]]},"properties":{"grid":"campus","values":[11.126,10.586,11.199,7.145,10.624,12.633,10.321]}},{"type":"Feature","geometry":{"type":"Polygon","coordinates":[[[11.97322111689887,57.68796521273897],[11.97320240478177,57.68818946178183],[11.973621126951677,57.688199482548086],[11.973639836489811,57.68797523341888],[11.97322111689887,57.68796521273897]]]},"properties":{"grid":"campus","values":[10.999,10.629,10.547,7.191,10.652,12.6,9.087]}},{"type":"Feature","geometry":{"type":"Polygon","coordinates":[[[11.973639836489811,57.68797523341888],[11.973621126951677,57.688199482548086],[11.974039849399016,57.68820950193036],[11.974058556358177,57.68798525271484],[11.973639836489811,57.68797523341888]]]},"properties":{"grid":"campus","values":[11.41,11.735,5.499,7.239,11.647,11.357,2.883]}},{"type":"Feature","geometry":{"type":"Polygon","coordinates":[[[11.974058556358177,57.68798525271484],[11.974039849399016,57.68820950193036],[11.97445857212375,57.688219519928666],[11.974477276503935,57.68799527062682],[11.974058556358177,57.68798525271484]]]},"properties":{"grid":"campus","values":[11.302,11.809,5.354,7.305,11.754,11.07,3.005]}},{"type":"Feature","geometry":{"type":"Polygon","coordinates":[[[11.974477276503935,57.68799527062682],[11.97445857212375,57.688219519928666],[11.974877295125838,57.688229536543005],[11.974895996927039,57.68800528715485],[11.974477276503935,57.68799527062682]]]},"properties":{"grid":"campus","values":[10.347,11.302,8.672,7.827,11.575,10.117,11.6]}},{"type":"Feature","geometry":{"type":"Polygon","coordinates":[[[11.974895996927039,57.68800528715485],[11.974877295125838,57.688229536543005],[11.975296018405244,57.68823955177334],[11.975314717627455,57.688015302298915],[11.974895996927039,57.68800528715485]]]},"properties":{"grid":"campus","values":[10.201,11.302,8.216,7.901,11.575,9.997,11.6]}},{"type":"Feature","geometry":{"type":"Polygon","coordinates":[[[11.975314717627455,57.688015302298915],[11.975296018405244,57.68823955177334],[11.975714741961932,57.6882495656197],[11.975733438605149,57.688025316059],[11.975314717627455,57.688015302298915]]]},"properties":{"grid":"campus","values":[10.1,11.698,1.085,7.731,11.428,10.008,3.331]}},{"type":"Feature","geometry":{"type":"Polygon","coordinates":[[[11.975733438605149,57.688025316059],[11.975714741961932,57.6882495656197],[11.976133465795858,57.688259578082096],[11.976152159860076,57.688035328435106],[11.975733438605149,57.688025316059]]]},"properties":{"grid":"campus","values":[10.217,11.748,0.457,7.983,11.453,10.122,2.809]}},{"type":"Feature","geometry":{"type":"Polygon","coordinates":[[[11.976152159860076,57.688035328435106],[11.976133465795858,57.688259578082096],[11.976552189906991,57.688269589160505],[11.9765708813922,57.68804533942725],[11.976152159860076,57.688035328435106]]]},"properties":{"grid":"campus","values":[11.1,11.674,2.656,10.042,11.606,11.003,6.196]}},{"type":"Feature","geometry":{"type":"Polygon","coordinates":[[[11.9765708813922,57.68804533942725],[11.976552189906991,57.688269589160505],[11.976970914295286,57.688279598854926],[11.976989603201487,57.68805534903542],[11.9765708813922,57.68804533942725]]]},"properties":{"grid":"campus","values":[11.372,11.624,3.689,9.832,11.233,11.157,7.441]}},{"type":"Feature","geometry":{"type":"Polygon","coordinates":[[[11.976989603201487,57.68805534903542],[11.976970914295286,57.688279598854926],[11.977389638960712,57.68828960716533],[11.977408325287895,57.68806535725962],[11.976989603201487,57.68805534903542]]]},"properties":{"grid":"campus","values":[12.405,11.23,10.176,6.265,8.136,11.511,12.808]}},{"type":"Feature","geometry":{"type":"Polygon","coordinates":[[[11.977408325287895,57.68806535725962],[11.977389638960712,57.68828960716533],[11.977808363903227,57.68829961409178],[11.977827047651386,57.68807536409983],[11.977408325287895,57.68806535725962]]]},"properties":{"grid":"campus","values":[12.416,11.131,11.011,5.738,7.768,11.551,13.375]}},{"type":"Feature","geometry":{"type":"Polygon","coordinates":[[[11.977827047651386,57.68807536409983],[11.977808363903227,57.68829961409178],[11.978227089122791,57.68830961963422],[11.978245770291922,57.68808536955608],[11.977827047651386,57.68807536409983]]]},"properties":{"grid":"campus","values":[11.522,10.694,11.94,5.313,8.104,11.76,12.48]}},{"type":"Feature","geometry":{"type":"Polygon","coordinates":[[[11.978245770291922,57.68808536955608],[11.978227089122791,57.68830961963422],[11.978645814619371,57.688319623792665],[11.978664493209466,57.68809537362832],[11.978245770291922,57.68808536955608]]]},"properties":{"grid":"campus","values":[11.435,10.737,11.946,6.221,8.374,11.817,12.259]}},{"type":"Feature","geometry":{"type":"Polygon","coordinates":[[[11.978664493209466,57.68809537362832],[11.978645814619371,57.688319623792665],[11.979064540392924,57.68832962656712],[11.97908321640398,57.6881053763166],[11.978664493209466,57.68809537362832]]]},"properties":{"grid":"campus","values":[11.793,11.485,11.153,14.634,10.529,11.937,11.344]}},{"type":"Feature","geometry":{"type":"Polygon","coordinates":[[[11.97908321640398,57.6881053763166],[11.979064540392924,57.68832962656712],[11.979483266443415,57.68833962795758],[11.979501939875426,57.68811537762088],[11.97908321640398,57.6881053763166]]]},"properties":{"grid":"campus","values":[12.002,11.584,10.952,15.614,10.866,12.243,11.464]}},{"type":"Feature","geometry":{"type":"Polygon","coordinates":[[[11.979501939875426,57.68811537762088],[11.979483266443415,57.68833962795758],[11.979901992770806,57.688349627964044],[11.979920663623766,57.68812537754117],[11.979501939875426,57.68811537762088]]]},"properties":{"grid":"campus","values":[13.322,11.683,10.108,15.084,11.633,13.929,13.155]}},{"type":"Feature","geometry":{"type":"Polygon","coordinates":[[[11.979920663623766,57.68812537754117],[11.979901992770806,57.688349627964044],[11.980320719375058,57.6883596265865],[11.980339387648959,57.68813537607747],[11.979920663623766,57.68812537754117]]]},"properties":{"grid":"campus","values":[13.598,11.691,10.01,15.375,11.992,13.537,12.99]}},{"type":"Feature","geometry":{"type":"Polygon","coordinates":[[[11.980339387648959,57.68813537607747],[11.980320719375058,57.6883596265865],[11.980739446256132,57.68836962382495],[11.980758111950971,57.68814537322979],[11.980339387648959,57.68813537607747]]]},"properties":{"grid":"campus","values":[14.554,11.807,10.33,17.776,14.153,8.142,10.7]}},{"type":"Feature","geometry":{"type":"Polygon","coordinates":[[[11.980758111950971,57.68814537322979],[11.980739446256132,57.68836962382495],[11.981158173413991,57.6883796196794],[11.98117683652976,57.688155368998125],[11.980758111950971,57.68814537322979]]]},"properties":{"grid":"campus","values":[14.661,12.015,10.362,18.057,14.53,7.683,11.543]}},{"type":"Feature","geometry":{"type":"Polygon","coordinates":[[[11.98117683652976,57.688155368998125],[11.981158173413991,57.6883796196794],[11.981576900848596,57.688389614149834],[11.981595561385292,57.688165363382424],[11.98117683652976,57.688155368998125]]]},"properties":{"grid":"campus","values":[14.752,13.552,9.31,18.141,15.04,9.645,20.824]}},{"type":"Feature","geometry":{"type":"Polygon","coordinates":[[[11.981595561385292,57.688165363382424],[11.981576900848596,57.688389614149834],[11.981995628559911,57.68839960723626],[11.982014286517527,57.688175356382764],[11.981595561385292,57.688165363382424]]]},"properties":{"grid":"campus","values":[14.646,13.692,9.641,17.275,14.97,9.883,21.287]}},{"type":"Feature","geometry":{"type":"Polygon","coordinates":[[[11.982014286517527,57.688175356382764],[11.981995628559911,57.68839960723626],[11.982414356547897,57.688409598938684],[11.982433011926426,57.6881853479991],[11.982014286517527,57.688175356382764]]]},"properties":{"grid":"campus","values":[13.453,12.929,12.953,10.067,13.61,10.483,14.968]}},{"type":"Feature","geometry":{"type":"Polygon","coordinates":[[[11.982433011926426,57.6881853479991],[11.982414356547897,57.688409598938684],[11.982833084812514,57.68841958925709],[11.982851737611954,57.68819533823142],[11.982433011926426,57.6881853479991]]]},"properties":{"grid":"campus","values":[13.075,12.609,12.779,9.305,12.182,10.559,13.864]}},{"type":"Feature","geometry":{"type":"Polygon","coordinates":[[[11.982851737611954,57.68819533823142],[11.982833084812514,57.68841958925709],[11.983251813353727,57.68842957819148],[11.983270463574069,57.68820532707974],[11.982851737611954,57.68819533823142]]]},"properties":{"grid":"campus","values":[10.907,10.594,8.867,10.071,1.759,10.671,11.378]}},{"type":"Feature","geometry":{"type":"Polygon","coordinates":[[[11.983270463574069,57.68820532707974],[11.983251813353727,57.68842957819148],[11.983670542171497,57.688439565741845],[11.983689189812736,57.68821531454406],[11.983270463574069,57.68820532707974]]]},"properties":{"grid":"campus","values":[10.635,10.341,8.286,10.124,0.517,10.689,11.055]}},{"type":"Feature","geometry":{"type":"Polygon","coordinates":[[[11.983689189812736,57.68821531454406],[11.983670542171497,57.688439565741845],[11.984089271265782,57.68844955190822],[11.984107916327915,57.68822530062439],[11.983689189812736,57.68821531454406]]]},"properties":{"grid":"campus","values":[10.552,10.476,7.686,9.64,0.261,10.387,10.955]}},{"type":"Feature","geometry":{"type":"Polygon","coordinates":[[[11.984107916327915,57.68822530062439],[11.984089271265782,57.68844955190822],[11.984508000636552,57.68845953669055],[11.984526643119567,57.688235285320694],[11.984107916327915,57.68822530062439]]]},"properties":{"grid":"campus","values":[10.834,10.494,7.604,10.158,0.777,10.565,10.967]}},{"type":"Feature","geometry":{"type":"Polygon","coordinates":[[[11.984526643119567,57.688235285320694],[11.984508000636552,57.68845953669055],[11.984926730283762,57.68846952008886],[11.98494537018766,57.688245268632976],[11.984526643119567,57.688235285320694]]]},"properties":{"grid":"campus","values":[13.276,10.648,7.162,14.877,5.166,12.112,11.004]}},{"type":"Feature","geometry":{"type":"Polygon","coordinates":[[[11.98494537018766,57.688245268632976],[11.984926730283762,57.68846952008886],[11.985345460207377,57.68847950210316],[11.985364097532148,57.688255250561255],[11.98494537018766,57.688245268632976]]]},"properties":{"grid":"campus","values":[13.516,10.9,7.675,14.78,6.429,12.0,11.009]}},{"type":"Feature","geometry":{"type":"Polygon","coordinates":[[[11.985364097532148,57.688255250561255],[11.985345460207377,57.68847950210316],[11.985764190407357,57.68848948273341],[11.985782825152997,57.688265231105525],[11.985364097532148,57.688255250561255]]]},"properties":{"grid":"campus","values":[13.068,12.809,12.344,9.225,12.676,9.323,11.009]}},{"type":"Feature","geometry":{"type":"Polygon","coordinates":[[[11.986201553050169,57.688275210265765],[11.985782825152997,57.688265231105525],[11.985764190407357,57.68848948273341],[11.986182920883667,57.688499461979646],[11.986201553050169,57.688275210265765]]]},"properties":{"grid":"campus","values":[13.029,12.942,12.643,8.813,13.109,9.114,11.009]}},{"type":"Feature","geometry":{"type":"Polygon","coordinates":[[[11.969833904388238,57.68833349416881],[11.969852637414634,57.688109245829004],[11.969433917743329,57.68809921260708],[11.96941518213798,57.68832346086046],[11.969833904388238,57.68833349416881]]]},"properties":{"grid":"campus","values":[12.109,12.742,0.586,5.945,7.998,10.641,6.927]}},{"type":"Feature","geometry":{"type":"Polygon","coordinates":[[[11.969852637414634,57.688109245829004],[11.969833904388238,57.68833349416881],[11.970252626916277,57.68834352609322],[11.970271357363714,57.68811927766697],[11.969852637414634,57.688109245829004]]]},"properties":{"grid":"campus","values":[12.107,12.623,1.107,6.416,9.126,10.744,6.862]}},{"type":"Feature","geometry":{"type":"Polygon","coordinates":[[[11.970271357363714,57.68811927766697],[11.970252626916277,57.68834352609322],[11.97067134972206,57.68835355663364],[11.97069007759053,57.688129308121],[11.970271357363714,57.68811927766697]]]},"properties":{"grid":"campus","values":[12.128,12.218,2.893,8.021,13.089,11.104,6.638]}},{"type":"Feature","geometry":{"type":"Polygon","coordinates":[[[11.97069007759053,57.688129308121],[11.97067134972206,57.68835355663364],[11.971090072805545,57.68836358579012],[11.971108798095049,57.68813933719104],[11.97069007759053,57.688129308121]]]},"properties":{"grid":"campus","values":[12.28,12.173,2.893,9.091,14.237,11.265,8.875]}},{"type":"Feature","geometry":{"type":"Polygon","coordinates":[[[11.971108798095049,57.68813933719104],[11.971090072805545,57.68836358579012],[11.971508796166695,57.68837361356261],[11.971527518877224,57.688149364877134],[11.971108798095049,57.68813933719104]]]},"properties":{"grid":"campus","values":[12.635,12.506,1.107,9.207,12.394,11.187,13.032]}},{"type":"Feature","geometry":{"type":"Polygon","coordinates":[[[11.971527518877224,57.688149364877134],[11.971508796166695,57.68837361356261],[11.971927519805476,57.688383639951105],[11.971946239937022,57.688159391179255],[11.971527518877224,57.688149364877134]]]},"properties":{"grid":"campus","values":[12.481,12.506,3.043,8.508,11.261,11.158,14.749]}},{"type":"Feature","geometry":{"type":"Polygon","coordinates":[[[11.971946239937022,57.688159391179255],[11.971927519805476,57.688383639951105],[11.972346243721844,57.68839366495566],[11.972364961274405,57.688169416097416],[11.971946239937022,57.688159391179255]]]},"properties":{"grid":"campus","values":[11.838,12.198,7.906,7.264,11.277,11.176,13.332]}},{"type":"Feature","geometry":{"type":"Polygon","coordinates":[[[11.972364961274405,57.688169416097416],[11.972346243721844,57.68839366495566],[11.972764967915767,57.688403688576216],[11.972783682889334,57.6881794396316],[11.972364961274405,57.688169416097416]]]},"properties":{"grid":"campus","values":[11.144,11.734,10.302,6.726,11.215,11.238,10.573]}},{"type":"Feature","geometry":{"type":"Polygon","coordinates":[[[11.972783682889334,57.6881794396316],[11.972764967915767,57.688403688576216],[11.973183692387202,57.688413710812796],[11.97320240478177,57.68818946178183],[11.972783682889334,57.6881794396316]]]},"properties":{"grid":"campus","values":[10.582,11.317,9.201,7.101,11.124,11.267,7.021]}},{"type":"Feature","geometry":{"type":"Polygon","coordinates":[[[11.97320240478177,57.68818946178183],[11.973183692387202,57.688413710812796],[11.973602417136114,57.68842373166538],[11.973621126951677,57.688199482548086],[11.97320240478177,57.68818946178183]]]},"properties":{"grid":"campus","values":[11.016,11.685,7.543,7.455,11.62,11.255,8.086]}},{"type":"Feature","geometry":{"type":"Polygon","coordinates":[[[11.973621126951677,57.688199482548086],[11.973602417136114,57.68842373166538],[11.974021142162462,57.68843375113399],[11.974039849399016,57.68820950193036],[11.973621126951677,57.688199482548086]]]},"properties":{"grid":"campus","values":[12.382,12.724,6.013,7.677,12.566,11.218,13.98]}},{"type":"Feature","geometry":{"type":"Polygon","coordinates":[[[11.974039849399016,57.68820950193036],[11.974021142162462,57.68843375113399],[11.974439867466213,57.688443769218615],[11.97445857212375,57.688219519928666],[11.974039849399016,57.68820950193036]]]},"properties":{"grid":"campus","values":[13.046,12.833,4.941,7.913,12.624,10.971,18.742]}},{"type":"Feature","geometry":{"type":"Polygon","coordinates":[[[11.97445857212375,57.688219519928666],[11.974439867466213,57.688443769218615],[11.97485859304732,57.68845378591925],[11.974877295125838,57.688229536543005],[11.97445857212375,57.688219519928666]]]},"properties":{"grid":"campus","values":[12.878,11.953,4.662,8.076,11.739,10.692,21.095]}},{"type":"Feature","geometry":{"type":"Polygon","coordinates":[[[11.974877295125838,57.688229536543005],[11.97485859304732,57.68845378591925],[11.975277318905755,57.68846380123588],[11.975296018405244,57.68823955177334],[11.974877295125838,57.688229536543005]]]},"properties":{"grid":"campus","values":[12.719,11.51,3.277,8.196,11.224,10.505,21.095]}},{"type":"Feature","geometry":{"type":"Polygon","coordinates":[[[11.975296018405244,57.68823955177334],[11.975277318905755,57.68846380123588],[11.975696045041474,57.688473815168535],[11.975714741961932,57.6882495656197],[11.975296018405244,57.68823955177334]]]},"properties":{"grid":"campus","values":[12.668,11.619,1.325,8.212,11.213,10.505,18.742]}},{"type":"Feature","geometry":{"type":"Polygon","coordinates":[[[11.975714741961932,57.6882495656197],[11.975696045041474,57.688473815168535],[11.97611477145444,57.688483827717185],[11.976133465795858,57.688259578082096],[11.975714741961932,57.6882495656197]]]},"properties":{"grid":"campus","values":[12.517,11.614,1.021,8.214,10.93,10.722,15.311]}},{"type":"Feature","geometry":{"type":"Polygon","coordinates":[[[11.976133465795858,57.688259578082096],[11.97611477145444,57.688483827717185],[11.976533498144615,57.688493838881854],[11.976552189906991,57.688269589160505],[11.976133465795858,57.688259578082096]]]},"properties":{"grid":"campus","values":[12.258,11.477,2.692,8.101,10.438,11.056,11.894]}},{"type":"Feature","geometry":{"type":"Polygon","coordinates":[[[11.976552189906991,57.688269589160505],[11.976533498144615,57.688493838881854],[11.976952225111964,57.68850384866251],[11.976970914295286,57.688279598854926],[11.976552189906991,57.688269589160505]]]},"properties":{"grid":"campus","values":[12.035,11.201,4.71,8.028,9.973,11.295,10.635]}},{"type":"Feature","geometry":{"type":"Polygon","coordinates":[[[11.976970914295286,57.688279598854926],[11.976952225111964,57.68850384866251],[11.977370952356441,57.68851385705917],[11.977389638960712,57.68828960716533],[11.976970914295286,57.688279598854926]]]},"properties":{"grid":"campus","values":[11.797,10.878,6.148,8.096,9.803,11.317,11.367]}},{"type":"Feature","geometry":{"type":"Polygon","coordinates":[[[11.977389638960712,57.68828960716533],[11.977370952356441,57.68851385705917],[11.977789679878017,57.68852386407183],[11.977808363903227,57.68829961409178],[11.977389638960712,57.68828960716533]]]},"properties":{"grid":"campus","values":[11.851,10.654,8.178,8.563,9.67,11.85,11.889]}},{"type":"Feature","geometry":{"type":"Polygon","coordinates":[[[11.977808363903227,57.68829961409178],[11.977789679878017,57.68852386407183],[11.978208407676652,57.68853386970049],[11.978227089122791,57.68830961963422],[11.977808363903227,57.68829961409178]]]},"properties":{"grid":"campus","values":[12.178,10.627,9.947,9.516,9.755,12.741,11.843]}},{"type":"Feature","geometry":{"type":"Polygon","coordinates":[[[11.978227089122791,57.68830961963422],[11.978208407676652,57.68853386970049],[11.978627135752301,57.688543873945136],[11.978645814619371,57.688319623792665],[11.978227089122791,57.68830961963422]]]},"properties":{"grid":"campus","values":[12.223,10.88,10.384,11.599,10.386,12.955,11.631]}},{"type":"Feature","geometry":{"type":"Polygon","coordinates":[[[11.978645814619371,57.688319623792665],[11.978627135752301,57.688543873945136],[11.979045864104934,57.68855387680578],[11.979064540392924,57.68832962656712],[11.978645814619371,57.688319623792665]]]},"properties":{"grid":"campus","values":[12.009,11.331,9.373,13.915,11.295,12.413,11.395]}},{"type":"Feature","geometry":{"type":"Polygon","coordinates":[[[11.979064540392924,57.68832962656712],[11.979045864104934,57.68855387680578],[11.979464592734507,57.68856387828242],[11.979483266443415,57.68833962795758],[11.979064540392924,57.68832962656712]]]},"properties":{"grid":"campus","values":[12.272,11.629,9.106,15.481,12.015,12.715,11.321]}},{"type":"Feature","geometry":{"type":"Polygon","coordinates":[[[11.979483266443415,57.68833962795758],[11.979464592734507,57.68856387828242],[11.979883321640989,57.688573878375024],[11.979901992770806,57.688349627964044],[11.979483266443415,57.68833962795758]]]},"properties":{"grid":"campus","values":[12.86,11.658,9.733,15.505,12.227,13.662,11.379]}},{"type":"Feature","geometry":{"type":"Polygon","coordinates":[[[11.979901992770806,57.688349627964044],[11.979883321640989,57.688573878375024],[11.980302050824333,57.68858387708363],[11.980320719375058,57.6883596265865],[11.979901992770806,57.688349627964044]]]},"properties":{"grid":"campus","values":[13.437,12.003,10.285,14.723,12.858,11.365,12.817]}},{"type":"Feature","geometry":{"type":"Polygon","coordinates":[[[11.980320719375058,57.6883596265865],[11.980302050824333,57.68858387708363],[11.980720780284509,57.68859387440823],[11.980739446256132,57.68836962382495],[11.980320719375058,57.6883596265865]]]},"properties":{"grid":"campus","values":[13.745,12.574,10.659,13.221,13.604,6.571,15.327]}},{"type":"Feature","geometry":{"type":"Polygon","coordinates":[[[11.980739446256132,57.68836962382495],[11.980720780284509,57.68859387440823],[11.981139510021476,57.6886038703488],[11.981158173413991,57.6883796196794],[11.980739446256132,57.68836962382495]]]},"properties":{"grid":"campus","values":[14.366,12.595,9.255,14.077,13.396,5.092,17.099]}},{"type":"Feature","geometry":{"type":"Polygon","coordinates":[[[11.981158173413991,57.6883796196794],[11.981139510021476,57.6886038703488],[11.981558240035195,57.68861386490534],[11.981576900848596,57.688389614149834],[11.981158173413991,57.6883796196794]]]},"properties":{"grid":"campus","values":[15.097,11.978,6.422,16.96,12.14,7.492,17.341]}},{"type":"Feature","geometry":{"type":"Polygon","coordinates":[[[11.981576900848596,57.688389614149834],[11.981558240035195,57.68861386490534],[11.981976970325627,57.68862385807789],[11.981995628559911,57.68839960723626],[11.981576900848596,57.688389614149834]]]},"properties":{"grid":"campus","values":[14.555,11.405,5.283,16.02,11.519,9.53,16.031]}},{"type":"Feature","geometry":{"type":"Polygon","coordinates":[[[11.981995628559911,57.68839960723626],[11.981976970325627,57.68862385807789],[11.982395700892736,57.688633849866385],[11.982414356547897,57.688409598938684],[11.981995628559911,57.68839960723626]]]},"properties":{"grid":"campus","values":[12.923,10.969,6.0,11.842,11.72,10.588,13.324]}},{"type":"Feature","geometry":{"type":"Polygon","coordinates":[[[11.982414356547897,57.688409598938684],[11.982395700892736,57.688633849866385],[11.982814431736484,57.68864384027087],[11.982833084812514,57.68841958925709],[11.982414356547897,57.688409598938684]]]},"properties":{"grid":"campus","values":[11.728,10.261,6.945,9.51,9.967,11.084,11.81]}},{"type":"Feature","geometry":{"type":"Polygon","coordinates":[[[11.982833084812514,57.68841958925709],[11.982814431736484,57.68864384027087],[11.983233162856832,57.68865382929133],[11.983251813353727,57.68842957819148],[11.982833084812514,57.68841958925709]]]},"properties":{"grid":"campus","values":[11.428,9.59,7.942,9.927,7.276,10.859,12.314]}},{"type":"Feature","geometry":{"type":"Polygon","coordinates":[[[11.983251813353727,57.68842957819148],[11.983233162856832,57.68865382929133],[11.983651894253741,57.68866381692778],[11.983670542171497,57.688439565741845],[11.983251813353727,57.68842957819148]]]},"properties":{"grid":"campus","values":[11.036,9.5,8.289,10.127,3.994,10.729,12.144]}},{"type":"Feature","geometry":{"type":"Polygon","coordinates":[[[11.983670542171497,57.688439565741845],[11.983651894253741,57.68866381692778],[11.984070625927176,57.68867380318019],[11.984089271265782,57.68844955190822],[11.983670542171497,57.688439565741845]]]},"properties":{"grid":"campus","values":[10.76,10.114,8.125,10.038,1.456,10.719,11.472]}},{"type":"Feature","geometry":{"type":"Polygon","coordinates":[[[11.984089271265782,57.68844955190822],[11.984070625927176,57.68867380318019],[11.984489357877095,57.688683788048536],[11.984508000636552,57.68845953669055],[11.984089271265782,57.68844955190822]]]},"properties":{"grid":"campus","values":[11.471,10.522,7.876,11.624,1.569,11.275,11.067]}},{"type":"Feature","geometry":{"type":"Polygon","coordinates":[[[11.984508000636552,57.68845953669055],[11.984489357877095,57.688683788048536],[11.984908090103463,57.68869377153287],[11.984926730283762,57.68846952008886],[11.984508000636552,57.68845953669055]]]},"properties":{"grid":"campus","values":[12.874,10.611,7.638,14.272,4.098,12.181,11.029]}},{"type":"Feature","geometry":{"type":"Polygon","coordinates":[[[11.984926730283762,57.68846952008886],[11.984908090103463,57.68869377153287],[11.985326822606241,57.68870375363317],[11.985345460207377,57.68847950210316],[11.984926730283762,57.68846952008886]]]},"properties":{"grid":"campus","values":[13.188,10.866,8.264,13.559,6.765,11.835,11.009]}},{"type":"Feature","geometry":{"type":"Polygon","coordinates":[[[11.985345460207377,57.68847950210316],[11.985326822606241,57.68870375363317],[11.985745555385392,57.68871373434943],[11.985764190407357,57.68848948273341],[11.985345460207377,57.68847950210316]]]},"properties":{"grid":"campus","values":[12.238,11.122,9.39,9.708,8.383,10.371,11.009]}},{"type":"Feature","geometry":{"type":"Polygon","coordinates":[[[11.986182920883667,57.688499461979646],[11.985764190407357,57.68848948273341],[11.985745555385392,57.68871373434943],[11.986164288440875,57.688723713681654],[11.986182920883667,57.688499461979646]]]},"properties":{"grid":"campus","values":[11.967,11.204,9.731,8.588,8.873,9.944,11.009]}},{"type":"Feature","geometry":{"type":"Polygon","coordinates":[[[11.969815171084061,57.688557742496755],[11.969833904388238,57.68833349416881],[11.96941518213798,57.68832346086046],[11.969396446254812,57.68854770910195],[11.969815171084061,57.688557742496755]]]},"properties":{"grid":"campus","values":[10.74,12.844,0.139,5.938,2.619,10.063,6.983]}},{"type":"Feature","geometry":{"type":"Polygon","coordinates":[[[11.969833904388238,57.68833349416881],[11.969815171084061,57.688557742496755],[11.970233896191097,57.688567774507604],[11.970252626916277,57.68834352609322],[11.969833904388238,57.68833349416881]]]},"properties":{"grid":"campus","values":[10.819,12.793,0.364,6.118,3.364,10.135,6.954]}},{"type":"Feature","geometry":{"type":"Polygon","coordinates":[[[11.970252626916277,57.68834352609322],[11.970233896191097,57.688567774507604],[11.97065262157588,57.68857780513448],[11.97067134972206,57.68835355663364],[11.970252626916277,57.68834352609322]]]},"properties":{"grid":"campus","values":[11.894,12.093,3.432,8.725,13.802,11.179,6.571]}},{"type":"Feature","geometry":{"type":"Polygon","coordinates":[[[11.97067134972206,57.68835355663364],[11.97065262157588,57.68857780513448],[11.971071347238375,57.68858783437735],[11.971090072805545,57.68836358579012],[11.97067134972206,57.68835355663364]]]},"properties":{"grid":"campus","values":[12.255,12.08,3.432,9.069,14.821,11.282,8.083]}},{"type":"Feature","geometry":{"type":"Polygon","coordinates":[[[11.971090072805545,57.68836358579012],[11.971071347238375,57.68858783437735],[11.97149007317854,57.68859786223622],[11.971508796166695,57.68837361356261],[11.971090072805545,57.68836358579012]]]},"properties":{"grid":"campus","values":[13.716,12.57,0.364,9.447,11.594,11.045,20.385]}},{"type":"Feature","geometry":{"type":"Polygon","coordinates":[[[11.971508796166695,57.68837361356261],[11.97149007317854,57.68859786223622],[11.971908799396338,57.68860788871114],[11.971927519805476,57.688383639951105],[11.971508796166695,57.68837361356261]]]},"properties":{"grid":"campus","values":[13.571,12.633,0.902,9.217,11.219,11.005,20.878]}},{"type":"Feature","geometry":{"type":"Polygon","coordinates":[[[11.971927519805476,57.688383639951105],[11.971908799396338,57.68860788871114],[11.972327525891734,57.68861791380205],[11.972346243721844,57.68839366495566],[11.971927519805476,57.688383639951105]]]},"properties":{"grid":"campus","values":[10.891,12.556,8.596,6.836,11.246,10.859,12.453]}},{"type":"Feature","geometry":{"type":"Polygon","coordinates":[[[11.972346243721844,57.68839366495566],[11.972327525891734,57.68861791380205],[11.972746252664685,57.688627937508976],[11.972764967915767,57.688403688576216],[11.972346243721844,57.68839366495566]]]},"properties":{"grid":"campus","values":[10.459,12.462,9.142,6.659,11.284,10.752,10.303]}},{"type":"Feature","geometry":{"type":"Polygon","coordinates":[[[11.972764967915767,57.688403688576216],[11.972746252664685,57.688627937508976],[11.973164979715156,57.68863795983191],[11.973183692387202,57.688413710812796],[11.972764967915767,57.688403688576216]]]},"properties":{"grid":"campus","values":[9.739,11.719,6.303,7.401,11.504,10.124,1.573]}},{"type":"Feature","geometry":{"type":"Polygon","coordinates":[[[11.973183692387202,57.688413710812796],[11.973164979715156,57.68863795983191],[11.973583707043112,57.688647980770845],[11.973602417136114,57.68842373166538],[11.973183692387202,57.688413710812796]]]},"properties":{"grid":"campus","values":[10.134,11.912,5.857,7.584,11.794,10.147,3.408]}},{"type":"Feature","geometry":{"type":"Polygon","coordinates":[[[11.973602417136114,57.68842373166538],[11.973583707043112,57.688647980770845],[11.974002434648508,57.68865800032577],[11.974021142162462,57.68843375113399],[11.973602417136114,57.68842373166538]]]},"properties":{"grid":"campus","values":[14.179,14.106,5.142,8.388,14.337,11.019,26.397]}},{"type":"Feature","geometry":{"type":"Polygon","coordinates":[[[11.974021142162462,57.68843375113399],[11.974002434648508,57.68865800032577],[11.974421162531309,57.68866801849672],[11.974439867466213,57.688443769218615],[11.974021142162462,57.68843375113399]]]},"properties":{"grid":"campus","values":[14.703,14.106,4.595,8.477,14.274,11.132,29.319]}},{"type":"Feature","geometry":{"type":"Polygon","coordinates":[[[11.974439867466213,57.688443769218615],[11.974421162531309,57.68866801849672],[11.974839890691479,57.68867803528365],[11.97485859304732,57.68845378591925],[11.974439867466213,57.688443769218615]]]},"properties":{"grid":"campus","values":[14.876,11.847,1.121,8.569,11.71,11.015,29.783]}},{"type":"Feature","geometry":{"type":"Polygon","coordinates":[[[11.97485859304732,57.68845378591925],[11.974839890691479,57.68867803528365],[11.975258619128978,57.68868805068658],[11.975277318905755,57.68846380123588],[11.97485859304732,57.68845378591925]]]},"properties":{"grid":"campus","values":[14.913,11.564,0.665,8.576,11.381,11.008,29.783]}},{"type":"Feature","geometry":{"type":"Polygon","coordinates":[[[11.975277318905755,57.68846380123588],[11.975258619128978,57.68868805068658],[11.975677347843765,57.68869806470554],[11.975696045041474,57.688473815168535],[11.975277318905755,57.68846380123588]]]},"properties":{"grid":"campus","values":[14.976,11.851,0.0,8.551,10.894,10.994,30.592]}},{"type":"Feature","geometry":{"type":"Polygon","coordinates":[[[11.975696045041474,57.688473815168535],[11.975677347843765,57.68869806470554],[11.976096076835809,57.68870807734046],[11.97611477145444,57.688483827717185],[11.975696045041474,57.688473815168535]]]},"properties":{"grid":"campus","values":[14.77,11.801,0.395,8.315,10.689,11.026,28.893]}},{"type":"Feature","geometry":{"type":"Polygon","coordinates":[[[11.97611477145444,57.688483827717185],[11.976096076835809,57.68870807734046],[11.976514806105067,57.68871808859136],[11.976533498144615,57.688493838881854],[11.97611477145444,57.688483827717185]]]},"properties":{"grid":"campus","values":[12.936,11.246,3.657,6.537,9.126,11.278,14.105]}},{"type":"Feature","geometry":{"type":"Polygon","coordinates":[[[11.976533498144615,57.688493838881854],[11.976514806105067,57.68871808859136],[11.9769335356515,57.68872809845828],[11.976952225111964,57.68850384866251],[11.976533498144615,57.688493838881854]]]},"properties":{"grid":"campus","values":[12.539,11.117,3.976,6.687,9.18,11.286,12.135]}},{"type":"Feature","geometry":{"type":"Polygon","coordinates":[[[11.976952225111964,57.68850384866251],[11.9769335356515,57.68872809845828],[11.977352265475075,57.68873810694116],[11.977370952356441,57.68851385705917],[11.976952225111964,57.68850384866251]]]},"properties":{"grid":"campus","values":[11.165,10.396,3.759,9.641,11.038,11.18,10.642]}},{"type":"Feature","geometry":{"type":"Polygon","coordinates":[[[11.977370952356441,57.68851385705917],[11.977352265475075,57.68873810694116],[11.97777099557575,57.68874811404006],[11.977789679878017,57.68852386407183],[11.977370952356441,57.68851385705917]]]},"properties":{"grid":"campus","values":[11.189,10.347,4.271,10.432,11.299,11.483,10.443]}},{"type":"Feature","geometry":{"type":"Polygon","coordinates":[[[11.977789679878017,57.68852386407183],[11.97777099557575,57.68874811404006],[11.978189725953486,57.688758119754915],[11.978208407676652,57.68853386970049],[11.977789679878017,57.68852386407183]]]},"properties":{"grid":"campus","values":[12.941,10.626,8.962,13.413,11.208,14.056,11.348]}},{"type":"Feature","geometry":{"type":"Polygon","coordinates":[[[11.978208407676652,57.68853386970049],[11.978189725953486,57.688758119754915],[11.97860845660825,57.68876812408577],[11.978627135752301,57.688543873945136],[11.978208407676652,57.68853386970049]]]},"properties":{"grid":"campus","values":[13.051,10.748,9.236,13.89,11.358,14.139,11.42]}},{"type":"Feature","geometry":{"type":"Polygon","coordinates":[[[11.978627135752301,57.688543873945136],[11.97860845660825,57.68876812408577],[11.979027187539995,57.688778127032606],[11.979045864104934,57.68855387680578],[11.978627135752301,57.688543873945136]]]},"properties":{"grid":"campus","values":[12.13,11.488,7.293,14.966,12.695,12.325,11.02]}},{"type":"Feature","geometry":{"type":"Polygon","coordinates":[[[11.979045864104934,57.68855387680578],[11.979027187539995,57.688778127032606],[11.979445918748695,57.6887881285954],[11.979464592734507,57.68856387828242],[11.979045864104934,57.68855387680578]]]},"properties":{"grid":"campus","values":[12.102,11.585,7.311,15.046,12.839,12.231,10.86]}},{"type":"Feature","geometry":{"type":"Polygon","coordinates":[[[11.979464592734507,57.68856387828242],[11.979445918748695,57.6887881285954],[11.979864650234301,57.68879812877419],[11.979883321640989,57.688573878375024],[11.979464592734507,57.68856387828242]]]},"properties":{"grid":"campus","values":[12.822,11.658,9.882,15.561,12.896,13.517,9.709]}},{"type":"Feature","geometry":{"type":"Polygon","coordinates":[[[11.979883321640989,57.688573878375024],[11.979864650234301,57.68879812877419],[11.980283381996781,57.68880812756895],[11.980302050824333,57.68858387708363],[11.979883321640989,57.688573878375024]]]},"properties":{"grid":"campus","values":[12.932,11.871,10.327,14.79,12.962,12.419,10.781]}},{"type":"Feature","geometry":{"type":"Polygon","coordinates":[[[11.980302050824333,57.68858387708363],[11.980283381996781,57.68880812756895],[11.980702114036095,57.688818124979676],[11.980720780284509,57.68859387440823],[11.980302050824333,57.68858387708363]]]},"properties":{"grid":"campus","values":[13.292,13.527,11.145,8.746,13.666,2.235,21.143]}},{"type":"Feature","geometry":{"type":"Polygon","coordinates":[[[11.980720780284509,57.68859387440823],[11.980702114036095,57.688818124979676],[11.981120846352207,57.688828121006374],[11.981139510021476,57.6886038703488],[11.980720780284509,57.68859387440823]]]},"properties":{"grid":"campus","values":[13.588,13.345,10.219,9.028,13.18,1.722,21.482]}},{"type":"Feature","geometry":{"type":"Polygon","coordinates":[[[11.981139510021476,57.6886038703488],[11.981120846352207,57.688828121006374],[11.981539578945075,57.68883811564905],[11.981558240035195,57.68861386490534],[11.981139510021476,57.6886038703488]]]},"properties":{"grid":"campus","values":[15.868,10.255,1.511,17.591,8.715,7.406,15.041]}},{"type":"Feature","geometry":{"type":"Polygon","coordinates":[[[11.981558240035195,57.68861386490534],[11.981539578945075,57.68883811564905],[11.981958311814664,57.688848108907685],[11.981976970325627,57.68862385807789],[11.981558240035195,57.68861386490534]]]},"properties":{"grid":"campus","values":[15.623,9.758,0.474,17.804,8.384,8.483,13.772]}},{"type":"Feature","geometry":{"type":"Polygon","coordinates":[[[11.981976970325627,57.68862385807789],[11.981958311814664,57.688848108907685],[11.982377044960934,57.68885810078229],[11.982395700892736,57.688633849866385],[11.981976970325627,57.68862385807789]]]},"properties":{"grid":"campus","values":[11.249,8.824,0.641,10.175,10.135,11.42,10.113]}},{"type":"Feature","geometry":{"type":"Polygon","coordinates":[[[11.982395700892736,57.688633849866385],[11.982377044960934,57.68885810078229],[11.982795778383847,57.68886809127285],[11.982814431736484,57.68864384027087],[11.982395700892736,57.688633849866385]]]},"properties":{"grid":"campus","values":[10.842,8.672,1.407,9.403,10.356,11.665,10.182]}},{"type":"Feature","geometry":{"type":"Polygon","coordinates":[[[11.982814431736484,57.68864384027087],[11.982795778383847,57.68886809127285],[11.983214512083372,57.68887808037939],[11.983233162856832,57.68865382929133],[11.982814431736484,57.68864384027087]]]},"properties":{"grid":"campus","values":[11.557,8.159,7.635,10.11,9.725,10.835,13.373]}},{"type":"Feature","geometry":{"type":"Polygon","coordinates":[[[11.983233162856832,57.68865382929133],[11.983214512083372,57.68887808037939],[11.98363324605946,57.688888068101875],[11.983651894253741,57.68866381692778],[11.983233162856832,57.68865382929133]]]},"properties":{"grid":"campus","values":[11.562,8.338,8.4,10.188,8.796,10.735,13.568]}},{"type":"Feature","geometry":{"type":"Polygon","coordinates":[[[11.983651894253741,57.68866381692778],[11.98363324605946,57.688888068101875],[11.984051980312078,57.68889805444033],[11.984070625927176,57.68867380318019],[11.983651894253741,57.68866381692778]]]},"properties":{"grid":"campus","values":[10.746,10.117,8.362,10.167,0.929,10.733,11.441]}},{"type":"Feature","geometry":{"type":"Polygon","coordinates":[[[11.984070625927176,57.68867380318019],[11.984051980312078,57.68889805444033],[11.984470714841189,57.688908039394725],[11.984489357877095,57.688683788048536],[11.984070625927176,57.68867380318019]]]},"properties":{"grid":"campus","values":[10.935,10.36,8.28,10.692,0.516,10.92,11.172]}},{"type":"Feature","geometry":{"type":"Polygon","coordinates":[[[11.984489357877095,57.688683788048536],[11.984470714841189,57.688908039394725],[11.984889449646753,57.688918022965076],[11.984908090103463,57.68869377153287],[11.984489357877095,57.688683788048536]]]},"properties":{"grid":"campus","values":[13.365,10.648,7.201,14.905,4.863,12.545,11.062]}},{"type":"Feature","geometry":{"type":"Polygon","coordinates":[[[11.984908090103463,57.68869377153287],[11.984889449646753,57.688918022965076],[11.985308184728732,57.688928005151375],[11.985326822606241,57.68870375363317],[11.984908090103463,57.68869377153287]]]},"properties":{"grid":"campus","values":[13.34,10.576,7.119,14.541,5.379,12.43,11.044]}},{"type":"Feature","geometry":{"type":"Polygon","coordinates":[[[11.985326822606241,57.68870375363317],[11.985308184728732,57.688928005151375],[11.985726920087089,57.688937985953636],[11.985745555385392,57.68871373434943],[11.985326822606241,57.68870375363317]]]},"properties":{"grid":"campus","values":[10.902,9.921,7.762,6.888,6.044,9.287,11.069]}},{"type":"Feature","geometry":{"type":"Polygon","coordinates":[[[11.986164288440875,57.688723713681654],[11.985745555385392,57.68871373434943],[11.985726920087089,57.688937985953636],[11.986145655721787,57.68894796537184],[11.986164288440875,57.688723713681654]]]},"properties":{"grid":"campus","values":[10.724,9.875,7.779,6.326,6.067,9.07,11.073]}},{"type":"Feature","geometry":{"type":"Polygon","coordinates":[[[11.9697964375021,57.68878199081282],[11.969815171084061,57.688557742496755],[11.969396446254812,57.68854770910195],[11.96937771009382,57.68877195733157],[11.9697964375021,57.68878199081282]]]},"properties":{"grid":"campus","values":[12.245,12.799,0.289,7.041,13.676,10.745,6.964]}},{"type":"Feature","geometry":{"type":"Polygon","coordinates":[[[11.969815171084061,57.688557742496755],[11.9697964375021,57.68878199081282],[11.97021516518817,57.6887920229101],[11.970233896191097,57.688567774507604],[11.969815171084061,57.688557742496755]]]},"properties":{"grid":"campus","values":[12.157,12.733,0.536,7.338,13.636,10.831,6.933]}},{"type":"Feature","geometry":{"type":"Polygon","coordinates":[[[11.970233896191097,57.688567774507604],[11.97021516518817,57.6887920229101],[11.970633893151994,57.6888020536234],[11.97065262157588,57.68857780513448],[11.970233896191097,57.688567774507604]]]},"properties":{"grid":"campus","values":[11.819,12.518,1.325,8.342,13.264,11.117,6.834]}},{"type":"Feature","geometry":{"type":"Polygon","coordinates":[[[11.97065262157588,57.68857780513448],[11.970633893151994,57.6888020536234],[11.971052621393532,57.68881208295268],[11.971071347238375,57.68858783437735],[11.97065262157588,57.68857780513448]]]},"properties":{"grid":"campus","values":[11.858,12.231,1.325,9.056,12.803,11.238,9.057]}},{"type":"Feature","geometry":{"type":"Polygon","coordinates":[[[11.971071347238375,57.68858783437735],[11.971052621393532,57.68881208295268],[11.971471349912749,57.68882211089797],[11.97149007317854,57.68859786223622],[11.971071347238375,57.68858783437735]]]},"properties":{"grid":"campus","values":[12.122,11.95,0.536,9.16,11.971,11.124,12.431]}},{"type":"Feature","geometry":{"type":"Polygon","coordinates":[[[11.97149007317854,57.68859786223622],[11.971471349912749,57.68882211089797],[11.971890078709606,57.68883213745926],[11.971908799396338,57.68860788871114],[11.97149007317854,57.68859786223622]]]},"properties":{"grid":"campus","values":[11.644,11.895,1.326,8.633,11.29,10.851,12.157]}},{"type":"Feature","geometry":{"type":"Polygon","coordinates":[[[11.971908799396338,57.68860788871114],[11.971890078709606,57.68883213745926],[11.972308807784064,57.688842162636554],[11.972327525891734,57.68861791380205],[11.971908799396338,57.68860788871114]]]},"properties":{"grid":"campus","values":[10.604,12.055,3.279,7.703,11.086,10.507,8.111]}},{"type":"Feature","geometry":{"type":"Polygon","coordinates":[[[11.972327525891734,57.68861791380205],[11.972308807784064,57.688842162636554],[11.972727537136086,57.688852186429855],[11.972746252664685,57.688627937508976],[11.972327525891734,57.68861791380205]]]},"properties":{"grid":"campus","values":[10.035,12.015,4.083,7.021,11.103,10.345,3.95]}},{"type":"Feature","geometry":{"type":"Polygon","coordinates":[[[11.972746252664685,57.688627937508976],[11.972727537136086,57.688852186429855],[11.97314626676563,57.68886220883914],[11.973164979715156,57.68863795983191],[11.972746252664685,57.688627937508976]]]},"properties":{"grid":"campus","values":[10.254,11.823,3.314,6.834,11.324,10.451,1.597]}},{"type":"Feature","geometry":{"type":"Polygon","coordinates":[[[11.973164979715156,57.68863795983191],[11.97314626676563,57.68886220883914],[11.973564996672666,57.6888722298644],[11.973583707043112,57.688647980770845],[11.973164979715156,57.68863795983191]]]},"properties":{"grid":"campus","values":[11.571,11.818,3.515,7.321,13.032,10.699,5.296]}},{"type":"Feature","geometry":{"type":"Polygon","coordinates":[[[11.973583707043112,57.688647980770845],[11.973564996672666,57.6888722298644],[11.973983726857147,57.68888224950568],[11.974002434648508,57.68865800032577],[11.973583707043112,57.688647980770845]]]},"properties":{"grid":"campus","values":[13.492,11.926,4.811,8.283,15.672,11.016,13.368]}},{"type":"Feature","geometry":{"type":"Polygon","coordinates":[[[11.974002434648508,57.68865800032577],[11.973983726857147,57.68888224950568],[11.97440245731904,57.68889226776295],[11.974421162531309,57.68866801849672],[11.974002434648508,57.68865800032577]]]},"properties":{"grid":"campus","values":[14.611,11.636,4.599,8.865,16.77,11.214,18.426]}},{"type":"Feature","geometry":{"type":"Polygon","coordinates":[[[11.974421162531309,57.68866801849672],[11.97440245731904,57.68889226776295],[11.974821188058309,57.68890228463618],[11.974839890691479,57.68867803528365],[11.974421162531309,57.68866801849672]]]},"properties":{"grid":"campus","values":[14.433,11.024,3.15,8.881,16.068,11.199,18.011]}},{"type":"Feature","geometry":{"type":"Polygon","coordinates":[[[11.974839890691479,57.68867803528365],[11.974821188058309,57.68890228463618],[11.975239919074909,57.688912300125416],[11.975258619128978,57.68868805068658],[11.974839890691479,57.68867803528365]]]},"properties":{"grid":"campus","values":[14.554,11.345,1.623,8.81,14.305,11.151,21.593]}},{"type":"Feature","geometry":{"type":"Polygon","coordinates":[[[11.975258619128978,57.68868805068658],[11.975239919074909,57.688912300125416],[11.975658650368807,57.68892231423063],[11.975677347843765,57.68869806470554],[11.975258619128978,57.68868805068658]]]},"properties":{"grid":"campus","values":[14.929,12.626,0.592,8.668,12.067,11.086,28.247]}},{"type":"Feature","geometry":{"type":"Polygon","coordinates":[[[11.975677347843765,57.68869806470554],[11.975658650368807,57.68892231423063],[11.976077381939964,57.68893232695182],[11.976096076835809,57.68870807734046],[11.975677347843765,57.68869806470554]]]},"properties":{"grid":"campus","values":[14.067,12.842,0.581,8.137,10.509,10.941,24.987]}},{"type":"Feature","geometry":{"type":"Polygon","coordinates":[[[11.976096076835809,57.68870807734046],[11.976077381939964,57.68893232695182],[11.976496113788343,57.68894233828901],[11.976514806105067,57.68871808859136],[11.976096076835809,57.68870807734046]]]},"properties":{"grid":"campus","values":[12.272,11.956,1.436,7.447,10.116,10.741,13.324]}},{"type":"Feature","geometry":{"type":"Polygon","coordinates":[[[11.976514806105067,57.68871808859136],[11.976496113788343,57.68894233828901],[11.976914845913903,57.68895234824217],[11.9769335356515,57.68872809845828],[11.976514806105067,57.68871808859136]]]},"properties":{"grid":"campus","values":[11.127,11.119,1.905,7.931,10.355,10.766,6.717]}},{"type":"Feature","geometry":{"type":"Polygon","coordinates":[[[11.9769335356515,57.68872809845828],[11.976914845913903,57.68895234824217],[11.977333578316609,57.688962356811295],[11.977352265475075,57.68873810694116],[11.9769335356515,57.68872809845828]]]},"properties":{"grid":"campus","values":[11.085,10.596,1.74,9.404,11.143,11.004,7.648]}},{"type":"Feature","geometry":{"type":"Polygon","coordinates":[[[11.977352265475075,57.68873810694116],[11.977333578316609,57.688962356811295],[11.97775231099642,57.68897236399641],[11.97777099557575,57.68874811404006],[11.977352265475075,57.68873810694116]]]},"properties":{"grid":"campus","values":[11.635,10.523,2.493,10.387,11.212,11.589,9.326]}},{"type":"Feature","geometry":{"type":"Polygon","coordinates":[[[11.97777099557575,57.68874811404006],[11.97775231099642,57.68897236399641],[11.9781710439533,57.688982369797486],[11.978189725953486,57.688758119754915],[11.97777099557575,57.68874811404006]]]},"properties":{"grid":"campus","values":[12.626,10.939,3.767,10.314,10.44,12.249,11.396]}},{"type":"Feature","geometry":{"type":"Polygon","coordinates":[[[11.978189725953486,57.688758119754915],[11.9781710439533,57.688982369797486],[11.97858977718721,57.68899237421453],[11.97860845660825,57.68876812408577],[11.978189725953486,57.688758119754915]]]},"properties":{"grid":"campus","values":[12.799,11.221,5.81,10.525,10.443,12.577,11.63]}},{"type":"Feature","geometry":{"type":"Polygon","coordinates":[[[11.97860845660825,57.68876812408577],[11.97858977718721,57.68899237421453],[11.979008510698112,57.68900237724756],[11.979027187539995,57.688778127032606],[11.97860845660825,57.68876812408577]]]},"properties":{"grid":"campus","values":[12.065,11.248,7.986,10.778,11.16,12.458,9.941]}},{"type":"Feature","geometry":{"type":"Polygon","coordinates":[[[11.979027187539995,57.688778127032606],[11.979008510698112,57.68900237724756],[11.97942724448597,57.689012378896535],[11.979445918748695,57.6887881285954],[11.979027187539995,57.688778127032606]]]},"properties":{"grid":"campus","values":[11.801,11.386,9.656,12.209,11.626,12.504,8.735]}},{"type":"Feature","geometry":{"type":"Polygon","coordinates":[[[11.979445918748695,57.6887881285954],[11.97942724448597,57.689012378896535],[11.979845978550744,57.68902237916148],[11.979864650234301,57.68879812877419],[11.979445918748695,57.6887881285954]]]},"properties":{"grid":"campus","values":[12.086,11.56,10.381,14.417,11.666,12.74,8.389]}},{"type":"Feature","geometry":{"type":"Polygon","coordinates":[[[11.979864650234301,57.68879812877419],[11.979845978550744,57.68902237916148],[11.980264712892394,57.689032378042384],[11.980283381996781,57.68880812756895],[11.979864650234301,57.68879812877419]]]},"properties":{"grid":"campus","values":[12.457,11.973,10.81,14.492,11.926,11.087,12.251]}},{"type":"Feature","geometry":{"type":"Polygon","coordinates":[[[11.980283381996781,57.68880812756895],[11.980264712892394,57.689032378042384],[11.980683447510886,57.68904237553925],[11.980702114036095,57.688818124979676],[11.980283381996781,57.68880812756895]]]},"properties":{"grid":"campus","values":[12.774,12.433,10.656,12.722,12.314,8.404,18.902]}},{"type":"Feature","geometry":{"type":"Polygon","coordinates":[[[11.980702114036095,57.688818124979676],[11.980683447510886,57.68904237553925],[11.981102182406179,57.68905237165208],[11.981120846352207,57.688828121006374],[11.980702114036095,57.688818124979676]]]},"properties":{"grid":"campus","values":[13.9,11.881,7.653,13.546,11.3,7.053,21.687]}},{"type":"Feature","geometry":{"type":"Polygon","coordinates":[[[11.981120846352207,57.688828121006374],[11.981102182406179,57.68905237165208],[11.981520917578237,57.68906236638089],[11.981539578945075,57.68883811564905],[11.981120846352207,57.688828121006374]]]},"properties":{"grid":"campus","values":[15.427,10.531,2.94,16.641,9.338,7.584,19.753]}},{"type":"Feature","geometry":{"type":"Polygon","coordinates":[[[11.981539578945075,57.68883811564905],[11.981520917578237,57.68906236638089],[11.98193965302702,57.68907235972563],[11.981958311814664,57.688848108907685],[11.981539578945075,57.68883811564905]]]},"properties":{"grid":"campus","values":[14.79,9.344,0.0,16.077,8.675,9.099,17.076]}},{"type":"Feature","geometry":{"type":"Polygon","coordinates":[[[11.981958311814664,57.688848108907685],[11.98193965302702,57.68907235972563],[11.982358388752491,57.68908235168632],[11.982377044960934,57.68885810078229],[11.981958311814664,57.688848108907685]]]},"properties":{"grid":"campus","values":[12.25,8.823,0.0,11.915,9.611,10.781,14.85]}},{"type":"Feature","geometry":{"type":"Polygon","coordinates":[[[11.982377044960934,57.68885810078229],[11.982358388752491,57.68908235168632],[11.98277712475461,57.68909234226296],[11.982795778383847,57.68886809127285],[11.982377044960934,57.68885810078229]]]},"properties":{"grid":"campus","values":[10.963,8.362,2.326,9.57,10.197,11.523,13.66]}},{"type":"Feature","geometry":{"type":"Polygon","coordinates":[[[11.982795778383847,57.68886809127285],[11.98277712475461,57.68909234226296],[11.983195861033343,57.68910233145557],[11.983214512083372,57.68887808037939],[11.982795778383847,57.68886809127285]]]},"properties":{"grid":"campus","values":[11.422,8.138,6.074,9.951,10.195,11.037,13.787]}},{"type":"Feature","geometry":{"type":"Polygon","coordinates":[[[11.983214512083372,57.68887808037939],[11.983195861033343,57.68910233145557],[11.98361459758865,57.689112319264105],[11.98363324605946,57.688888068101875],[11.983214512083372,57.68887808037939]]]},"properties":{"grid":"campus","values":[11.417,8.33,8.4,10.188,7.371,10.735,13.188]}},{"type":"Feature","geometry":{"type":"Polygon","coordinates":[[[11.98363324605946,57.688888068101875],[11.98361459758865,57.689112319264105],[11.98403333442049,57.68912230568862],[11.984051980312078,57.68889805444033],[11.98363324605946,57.688888068101875]]]},"properties":{"grid":"campus","values":[10.946,8.817,8.4,10.188,2.822,10.735,11.942]}},{"type":"Feature","geometry":{"type":"Polygon","coordinates":[[[11.984051980312078,57.68889805444033],[11.98403333442049,57.68912230568862],[11.984452071528828,57.689132290729034],[11.984470714841189,57.688908039394725],[11.984051980312078,57.68889805444033]]]},"properties":{"grid":"campus","values":[11.157,9.556,7.079,10.314,0.759,11.157,11.224]}},{"type":"Feature","geometry":{"type":"Polygon","coordinates":[[[11.984470714841189,57.688908039394725],[11.984452071528828,57.689132290729034],[11.984870808913627,57.68914227438541],[11.984889449646753,57.688918022965076],[11.984470714841189,57.688908039394725]]]},"properties":{"grid":"campus","values":[11.92,10.259,4.811,10.328,1.878,11.817,11.326]}},{"type":"Feature","geometry":{"type":"Polygon","coordinates":[[[11.984889449646753,57.688918022965076],[11.984870808913627,57.68914227438541],[11.985289546574847,57.689152256657714],[11.985308184728732,57.688928005151375],[11.984889449646753,57.688918022965076]]]},"properties":{"grid":"campus","values":[12.071,10.39,4.562,8.338,3.447,10.113,11.45]}},{"type":"Feature","geometry":{"type":"Polygon","coordinates":[[[11.985308184728732,57.688928005151375],[11.985289546574847,57.689152256657714],[11.985708284512448,57.68916223754598],[11.985726920087089,57.688937985953636],[11.985308184728732,57.688928005151375]]]},"properties":{"grid":"campus","values":[11.58,9.944,6.428,5.002,4.857,6.53,11.571]}},{"type":"Feature","geometry":{"type":"Polygon","coordinates":[[[11.986145655721787,57.68894796537184],[11.985726920087089,57.688937985953636],[11.985708284512448,57.68916223754598],[11.986127022726398,57.68917221705017],[11.986145655721787,57.68894796537184]]]},"properties":{"grid":"campus","values":[11.423,9.813,6.943,3.997,5.246,5.498,11.607]}},{"type":"Feature","geometry":{"type":"Polygon","coordinates":[[[11.969777703642347,57.68900623911699],[11.9697964375021,57.68878199081282],[11.96937771009382,57.68877195733157],[11.969358973655002,57.68899620554926],[11.969777703642347,57.68900623911699]]]},"properties":{"grid":"campus","values":[13.708,12.815,0.226,7.608,23.052,11.24,7.291]}},{"type":"Feature","geometry":{"type":"Polygon","coordinates":[[[11.9697964375021,57.68878199081282],[11.969777703642347,57.68900623911699],[11.970196433907489,57.689016271300716],[11.97021516518817,57.6887920229101],[11.9697964375021,57.68878199081282]]]},"properties":{"grid":"campus","values":[13.566,12.81,0.213,7.686,22.385,11.244,7.274]}},{"type":"Feature","geometry":{"type":"Polygon","coordinates":[[[11.97021516518817,57.6887920229101],[11.970196433907489,57.689016271300716],[11.970615164450392,57.68902630210041],[11.970633893151994,57.6888020536234],[11.97021516518817,57.6887920229101]]]},"properties":{"grid":"campus","values":[11.471,12.588,0.184,8.687,12.689,11.219,6.977]}},{"type":"Feature","geometry":{"type":"Polygon","coordinates":[[[11.970633893151994,57.6888020536234],[11.970615164450392,57.68902630210041],[11.971033895271015,57.68903633151613],[11.971052621393532,57.68881208295268],[11.970633893151994,57.6888020536234]]]},"properties":{"grid":"campus","values":[11.158,12.418,0.184,8.819,11.44,11.2,6.977]}},{"type":"Feature","geometry":{"type":"Polygon","coordinates":[[[11.971052621393532,57.68881208295268],[11.971033895271015,57.68903633151613],[11.971452626369322,57.68904635954781],[11.971471349912749,57.68882211089797],[11.971052621393532,57.68881208295268]]]},"properties":{"grid":"campus","values":[11.061,11.424,0.254,8.908,11.744,11.114,7.763]}},{"type":"Feature","geometry":{"type":"Polygon","coordinates":[[[11.971471349912749,57.68882211089797],[11.971452626369322,57.68904635954781],[11.971871357745272,57.68905638619551],[11.971890078709606,57.68883213745926],[11.971471349912749,57.68882211089797]]]},"properties":{"grid":"campus","values":[10.893,11.33,0.254,8.788,11.661,10.978,7.126]}},{"type":"Feature","geometry":{"type":"Polygon","coordinates":[[[11.971890078709606,57.68883213745926],[11.971871357745272,57.68905638619551],[11.97229008939883,57.68906641145918],[11.972308807784064,57.688842162636554],[11.971890078709606,57.68883213745926]]]},"properties":{"grid":"campus","values":[9.838,11.507,0.734,7.778,11.261,10.057,1.541]}},{"type":"Feature","geometry":{"type":"Polygon","coordinates":[[[11.972308807784064,57.688842162636554],[11.97229008939883,57.68906641145918],[11.972708821329961,57.68907643533884],[11.972727537136086,57.688852186429855],[11.972308807784064,57.688842162636554]]]},"properties":{"grid":"campus","values":[9.88,11.57,0.734,7.509,11.236,10.055,0.904]}},{"type":"Feature","geometry":{"type":"Polygon","coordinates":[[[11.972727537136086,57.688852186429855],[11.972708821329961,57.68907643533884],[11.97312755353862,57.689086457834485],[11.97314626676563,57.68886220883914],[11.972727537136086,57.688852186429855]]]},"properties":{"grid":"campus","values":[10.995,11.099,0.825,6.206,12.038,10.902,0.355]}},{"type":"Feature","geometry":{"type":"Polygon","coordinates":[[[11.97314626676563,57.68886220883914],[11.97312755353862,57.689086457834485],[11.97354628602477,57.689096478946105],[11.973564996672666,57.6888722298644],[11.97314626676563,57.68886220883914]]]},"properties":{"grid":"campus","values":[11.464,10.914,1.372,6.345,12.856,11.038,0.993]}},{"type":"Feature","geometry":{"type":"Polygon","coordinates":[[[11.973564996672666,57.6888722298644],[11.97354628602477,57.689096478946105],[11.973965018788377,57.68910649867371],[11.973983726857147,57.68888224950568],[11.973564996672666,57.6888722298644]]]},"properties":{"grid":"campus","values":[14.194,9.596,5.652,8.688,18.996,11.281,7.515]}},{"type":"Feature","geometry":{"type":"Polygon","coordinates":[[[11.973983726857147,57.68888224950568],[11.973965018788377,57.68910649867371],[11.9743837518294,57.68911651701728],[11.97440245731904,57.68889226776295],[11.973983726857147,57.68888224950568]]]},"properties":{"grid":"campus","values":[14.416,9.412,6.029,8.976,19.755,11.302,8.001]}},{"type":"Feature","geometry":{"type":"Polygon","coordinates":[[[11.97440245731904,57.68889226776295],[11.9743837518294,57.68911651701728],[11.974802485147803,57.68912653397684],[11.974821188058309,57.68890228463618],[11.97440245731904,57.68889226776295]]]},"properties":{"grid":"campus","values":[13.664,9.867,4.118,9.125,19.106,11.298,6.732]}},{"type":"Feature","geometry":{"type":"Polygon","coordinates":[[[11.974821188058309,57.68890228463618],[11.974802485147803,57.68912653397684],[11.975221218743545,57.68913654955236],[11.975239919074909,57.688912300125416],[11.974821188058309,57.68890228463618]]]},"properties":{"grid":"campus","values":[13.708,10.336,3.571,9.073,18.29,11.274,9.016]}},{"type":"Feature","geometry":{"type":"Polygon","coordinates":[[[11.975239919074909,57.688912300125416],[11.975221218743545,57.68913654955236],[11.975639952616591,57.68914656374386],[11.975658650368807,57.68892231423063],[11.975239919074909,57.688912300125416]]]},"properties":{"grid":"campus","values":[14.632,13.895,0.377,8.585,11.538,11.017,28.003]}},{"type":"Feature","geometry":{"type":"Polygon","coordinates":[[[11.975658650368807,57.68892231423063],[11.975639952616591,57.68914656374386],[11.9760586867669,57.68915657655133],[11.976077381939964,57.68893232695182],[11.975658650368807,57.68892231423063]]]},"properties":{"grid":"campus","values":[14.276,14.079,0.0,8.467,10.736,10.896,27.517]}},{"type":"Feature","geometry":{"type":"Polygon","coordinates":[[[11.976077381939964,57.68893232695182],[11.9760586867669,57.68915657655133],[11.976477421194437,57.68916658797477],[11.976496113788343,57.68894233828901],[11.976077381939964,57.68893232695182]]]},"properties":{"grid":"campus","values":[10.353,11.951,0.199,7.785,10.791,10.177,3.539]}},{"type":"Feature","geometry":{"type":"Polygon","coordinates":[[[11.976496113788343,57.68894233828901],[11.976477421194437,57.68916658797477],[11.976896155899162,57.68917659801417],[11.976914845913903,57.68895234824217],[11.976496113788343,57.68894233828901]]]},"properties":{"grid":"campus","values":[9.996,11.538,0.199,7.953,10.892,10.185,1.173]}},{"type":"Feature","geometry":{"type":"Polygon","coordinates":[[[11.976914845913903,57.68895234824217],[11.976896155899162,57.68917659801417],[11.977314890881036,57.689186606669544],[11.977333578316609,57.688962356811295],[11.976914845913903,57.68895234824217]]]},"properties":{"grid":"campus","values":[10.932,10.39,0.161,9.954,11.632,10.957,5.964]}},{"type":"Feature","geometry":{"type":"Polygon","coordinates":[[[11.977333578316609,57.688962356811295],[11.977314890881036,57.689186606669544],[11.977733626140022,57.68919661394088],[11.97775231099642,57.68897236399641],[11.977333578316609,57.688962356811295]]]},"properties":{"grid":"campus","values":[11.26,10.39,0.161,9.839,11.431,11.046,7.221]}},{"type":"Feature","geometry":{"type":"Polygon","coordinates":[[[11.97775231099642,57.68897236399641],[11.977733626140022,57.68919661394088],[11.978152361676084,57.68920661982816],[11.9781710439533,57.688982369797486],[11.97775231099642,57.68897236399641]]]},"properties":{"grid":"campus","values":[12.889,11.424,0.458,7.284,9.157,11.075,12.8]}},{"type":"Feature","geometry":{"type":"Polygon","coordinates":[[[11.9781710439533,57.688982369797486],[11.978152361676084,57.68920661982816],[11.97857109748918,57.68921662433142],[11.97858977718721,57.68899237421453],[11.9781710439533,57.688982369797486]]]},"properties":{"grid":"campus","values":[12.895,11.49,1.504,6.972,9.018,11.206,12.882]}},{"type":"Feature","geometry":{"type":"Polygon","coordinates":[[[11.97858977718721,57.68899237421453],[11.97857109748918,57.68921662433142],[11.978989833579277,57.68922662745062],[11.979008510698112,57.68900237724756],[11.97858977718721,57.68899237421453]]]},"properties":{"grid":"campus","values":[11.501,11.091,10.194,7.353,10.196,12.36,8.165]}},{"type":"Feature","geometry":{"type":"Polygon","coordinates":[[[11.979008510698112,57.68900237724756],[11.978989833579277,57.68922662745062],[11.97940856994633,57.68923662918578],[11.97942724448597,57.689012378896535],[11.979008510698112,57.68900237724756]]]},"properties":{"grid":"campus","values":[11.36,11.088,11.242,8.191,10.36,12.478,7.547]}},{"type":"Feature","geometry":{"type":"Polygon","coordinates":[[[11.97942724448597,57.689012378896535],[11.97940856994633,57.68923662918578],[11.979827306590309,57.68924662953689],[11.979845978550744,57.68902237916148],[11.97942724448597,57.689012378896535]]]},"properties":{"grid":"campus","values":[11.683,11.601,11.436,14.535,10.557,12.317,7.225]}},{"type":"Feature","geometry":{"type":"Polygon","coordinates":[[[11.979845978550744,57.68902237916148],[11.979827306590309,57.68924662953689],[11.980246043511169,57.68925662850396],[11.980264712892394,57.689032378042384],[11.979845978550744,57.68902237916148]]]},"properties":{"grid":"campus","values":[11.817,11.664,11.293,15.307,10.661,12.292,8.683]}},{"type":"Feature","geometry":{"type":"Polygon","coordinates":[[[11.980264712892394,57.689032378042384],[11.980246043511169,57.68925662850396],[11.980664780708876,57.68926662608698],[11.980683447510886,57.68904237553925],[11.980264712892394,57.689032378042384]]]},"properties":{"grid":"campus","values":[12.625,11.755,10.132,14.852,11.711,11.744,21.542]}},{"type":"Feature","geometry":{"type":"Polygon","coordinates":[[[11.980683447510886,57.68904237553925],[11.980664780708876,57.68926662608698],[11.98108351818339,57.689276622285945],[11.981102182406179,57.68905237165208],[11.980683447510886,57.68904237553925]]]},"properties":{"grid":"campus","values":[13.065,11.573,9.085,15.113,11.521,11.363,23.0]}},{"type":"Feature","geometry":{"type":"Polygon","coordinates":[[[11.981102182406179,57.68905237165208],[11.98108351818339,57.689276622285945],[11.981502255934673,57.68928661710085],[11.981520917578237,57.68906236638089],[11.981102182406179,57.68905237165208]]]},"properties":{"grid":"campus","values":[15.885,9.851,1.403,17.776,8.683,8.675,22.549]}},{"type":"Feature","geometry":{"type":"Polygon","coordinates":[[[11.981520917578237,57.68906236638089],[11.981502255934673,57.68928661710085],[11.981920993962689,57.689296610531706],[11.98193965302702,57.68907235972563],[11.981520917578237,57.68906236638089]]]},"properties":{"grid":"campus","values":[15.709,9.56,0.5,17.217,8.57,8.63,22.033]}},{"type":"Feature","geometry":{"type":"Polygon","coordinates":[[[11.98193965302702,57.68907235972563],[11.981920993962689,57.689296610531706],[11.982339732267398,57.68930660257849],[11.982358388752491,57.68908235168632],[11.98193965302702,57.68907235972563]]]},"properties":{"grid":"campus","values":[11.263,8.666,0.0,10.222,9.939,11.455,17.757]}},{"type":"Feature","geometry":{"type":"Polygon","coordinates":[[[11.982358388752491,57.68908235168632],[11.982339732267398,57.68930660257849],[11.982758470848761,57.68931659324122],[11.98277712475461,57.68909234226296],[11.982358388752491,57.68908235168632]]]},"properties":{"grid":"campus","values":[10.824,8.514,0.765,9.45,10.105,11.699,16.933]}},{"type":"Feature","geometry":{"type":"Polygon","coordinates":[[[11.98277712475461,57.68909234226296],[11.982758470848761,57.68931659324122],[11.983177209706742,57.6893265825199],[11.983195861033343,57.68910233145557],[11.98277712475461,57.68909234226296]]]},"properties":{"grid":"campus","values":[11.573,8.071,7.208,10.066,10.196,10.89,14.439]}},{"type":"Feature","geometry":{"type":"Polygon","coordinates":[[[11.983195861033343,57.68910233145557],[11.983177209706742,57.6893265825199],[11.983595948841305,57.68933657041449],[11.98361459758865,57.689112319264105],[11.983195861033343,57.68910233145557]]]},"properties":{"grid":"campus","values":[11.564,8.025,7.974,10.144,9.266,10.791,13.875]}},{"type":"Feature","geometry":{"type":"Polygon","coordinates":[[[11.98361459758865,57.689112319264105],[11.983595948841305,57.68933657041449],[11.984014688252406,57.68934655692503],[11.98403333442049,57.68912230568862],[11.98361459758865,57.689112319264105]]]},"properties":{"grid":"campus","values":[10.8,8.113,8.4,10.188,1.438,10.735,11.544]}},{"type":"Feature","geometry":{"type":"Polygon","coordinates":[[[11.98403333442049,57.68912230568862],[11.984014688252406,57.68934655692503],[11.984433427940012,57.6893565420515],[11.984452071528828,57.689132290729034],[11.98403333442049,57.68912230568862]]]},"properties":{"grid":"campus","values":[10.758,8.356,7.635,9.776,0.509,10.829,11.338]}},{"type":"Feature","geometry":{"type":"Polygon","coordinates":[[[11.984452071528828,57.689132290729034],[11.984433427940012,57.6893565420515],[11.984852167904082,57.68936652579389],[11.984870808913627,57.68914227438541],[11.984452071528828,57.689132290729034]]]},"properties":{"grid":"campus","values":[11.297,10.423,1.11,6.758,0.261,11.714,11.71]}},{"type":"Feature","geometry":{"type":"Polygon","coordinates":[[[11.984870808913627,57.68914227438541],[11.984852167904082,57.68936652579389],[11.98527090814458,57.68937650815222],[11.985289546574847,57.689152256657714],[11.984870808913627,57.68914227438541]]]},"properties":{"grid":"campus","values":[11.416,10.575,1.028,5.83,0.777,10.736,11.806]}},{"type":"Feature","geometry":{"type":"Polygon","coordinates":[[[11.985289546574847,57.689152256657714],[11.98527090814458,57.68937650815222],[11.985689648661465,57.68938648912648],[11.985708284512448,57.68916223754598],[11.985289546574847,57.689152256657714]]]},"properties":{"grid":"campus","values":[11.835,9.758,6.903,1.54,5.15,2.04,12.092]}},{"type":"Feature","geometry":{"type":"Polygon","coordinates":[[[11.986127022726398,57.68917221705017],[11.985708284512448,57.68916223754598],[11.985689648661465,57.68938648912648],[11.986108389454701,57.689396468716666],[11.986127022726398,57.68917221705017]]]},"properties":{"grid":"campus","values":[11.872,9.702,7.33,1.284,5.469,1.438,12.116]}},{"type":"Feature","geometry":{"type":"Polygon","coordinates":[[[11.969758969504795,57.68923048740929],[11.969777703642347,57.68900623911699],[11.969358973655002,57.68899620554926],[11.969340236938343,57.68922045375513],[11.969758969504795,57.68923048740929]]]},"properties":{"grid":"campus","values":[12.702,12.214,1.942,8.735,18.164,11.177,9.496]}},{"type":"Feature","geometry":{"type":"Polygon","coordinates":[[[11.969777703642347,57.68900623911699],[11.969758969504795,57.68923048740929],[11.970177702349048,57.689240519679466],[11.970196433907489,57.689016271300716],[11.969777703642347,57.68900623911699]]]},"properties":{"grid":"campus","values":[12.324,12.107,1.646,8.556,16.633,11.053,9.115]}},{"type":"Feature","geometry":{"type":"Polygon","coordinates":[[[11.970196433907489,57.689016271300716],[11.970177702349048,57.689240519679466],[11.970596435471066,57.68925055056559],[11.970615164450392,57.68902630210041],[11.970196433907489,57.689016271300716]]]},"properties":{"grid":"campus","values":[11.015,11.716,0.6,7.887,11.374,10.605,7.771]}},{"type":"Feature","geometry":{"type":"Polygon","coordinates":[[[11.970615164450392,57.68902630210041],[11.970596435471066,57.68925055056559],[11.971015168870812,57.68926058006772],[11.971033895271015,57.68903633151613],[11.970615164450392,57.68902630210041]]]},"properties":{"grid":"campus","values":[10.848,11.867,0.714,7.716,9.473,10.547,7.0]}},{"type":"Feature","geometry":{"type":"Polygon","coordinates":[[[11.971033895271015,57.68903633151613],[11.971015168870812,57.68926058006772],[11.971433902548247,57.68927060818581],[11.971452626369322,57.68904635954781],[11.971033895271015,57.68903633151613]]]},"properties":{"grid":"campus","values":[11.991,12.59,1.959,8.036,11.915,10.901,7.0]}},{"type":"Feature","geometry":{"type":"Polygon","coordinates":[[[11.971452626369322,57.68904635954781],[11.971433902548247,57.68927060818581],[11.971852636503332,57.689280634919896],[11.971871357745272,57.68905638619551],[11.971452626369322,57.68904635954781]]]},"properties":{"grid":"campus","values":[12.465,12.164,2.745,8.268,13.889,10.958,6.062]}},{"type":"Feature","geometry":{"type":"Polygon","coordinates":[[[11.971871357745272,57.68905638619551],[11.971852636503332,57.689280634919896],[11.97227137073603,57.68929066026995],[11.97229008939883,57.68906641145918],[11.971871357745272,57.68905638619551]]]},"properties":{"grid":"campus","values":[12.216,10.737,2.869,8.4,14.919,10.757,4.681]}},{"type":"Feature","geometry":{"type":"Polygon","coordinates":[[[11.97229008939883,57.68906641145918],[11.97227137073603,57.68929066026995],[11.972690105246302,57.68930068423598],[11.972708821329961,57.68907643533884],[11.97229008939883,57.68906641145918]]]},"properties":{"grid":"campus","values":[12.122,8.732,3.7,7.731,16.5,10.744,3.743]}},{"type":"Feature","geometry":{"type":"Polygon","coordinates":[[[11.972708821329961,57.68907643533884],[11.972690105246302,57.68930068423598],[11.973108840034111,57.68931070681798],[11.97312755353862,57.689086457834485],[11.972708821329961,57.68907643533884]]]},"properties":{"grid":"campus","values":[12.19,6.641,5.023,6.539,18.232,10.924,3.743]}},{"type":"Feature","geometry":{"type":"Polygon","coordinates":[[[11.97312755353862,57.689086457834485],[11.973108840034111,57.68931070681798],[11.97352757509942,57.689320728015936],[11.97354628602477,57.689096478946105],[11.97312755353862,57.689086457834485]]]},"properties":{"grid":"campus","values":[12.682,5.169,6.586,6.316,20.356,11.124,4.681]}},{"type":"Feature","geometry":{"type":"Polygon","coordinates":[[[11.97354628602477,57.689096478946105],[11.97352757509942,57.689320728015936],[11.973946310442189,57.68933074782988],[11.973965018788377,57.68910649867371],[11.97354628602477,57.689096478946105]]]},"properties":{"grid":"campus","values":[13.285,4.77,7.771,7.064,22.001,11.239,6.062]}},{"type":"Feature","geometry":{"type":"Polygon","coordinates":[[[11.973965018788377,57.68910649867371],[11.973946310442189,57.68933074782988],[11.97436504606238,57.689340766259775],[11.9743837518294,57.68911651701728],[11.973965018788377,57.68910649867371]]]},"properties":{"grid":"campus","values":[13.488,6.181,7.363,7.967,21.752,11.31,6.586]}},{"type":"Feature","geometry":{"type":"Polygon","coordinates":[[[11.9743837518294,57.68911651701728],[11.97436504606238,57.689340766259775],[11.974783781959957,57.68935078330564],[11.974802485147803,57.68912653397684],[11.9743837518294,57.68911651701728]]]},"properties":{"grid":"campus","values":[13.152,9.113,5.319,8.678,19.373,11.31,5.925]}},{"type":"Feature","geometry":{"type":"Polygon","coordinates":[[[11.974802485147803,57.68912653397684],[11.974783781959957,57.68935078330564],[11.975202518134877,57.68936079896746],[11.975221218743545,57.68913654955236],[11.974802485147803,57.68912653397684]]]},"properties":{"grid":"campus","values":[12.682,11.056,2.97,8.797,15.987,11.084,8.283]}},{"type":"Feature","geometry":{"type":"Polygon","coordinates":[[[11.975221218743545,57.68913654955236],[11.975202518134877,57.68936079896746],[11.975621254587107,57.689370813245255],[11.975639952616591,57.68914656374386],[11.975221218743545,57.68913654955236]]]},"properties":{"grid":"campus","values":[12.182,11.324,1.138,8.312,12.791,10.699,12.15]}},{"type":"Feature","geometry":{"type":"Polygon","coordinates":[[[11.975639952616591,57.68914656374386],[11.975621254587107,57.689370813245255],[11.976039991316608,57.68938082613901],[11.9760586867669,57.68915657655133],[11.975639952616591,57.68914656374386]]]},"properties":{"grid":"campus","values":[11.451,11.583,0.0,7.802,10.903,10.445,10.625]}},{"type":"Feature","geometry":{"type":"Polygon","coordinates":[[[11.9760586867669,57.68915657655133],[11.976039991316608,57.68938082613901],[11.97645872832334,57.689390837648695],[11.976477421194437,57.68916658797477],[11.9760586867669,57.68915657655133]]]},"properties":{"grid":"campus","values":[10.818,11.693,0.0,7.445,11.128,10.434,4.296]}},{"type":"Feature","geometry":{"type":"Polygon","coordinates":[[[11.976477421194437,57.68916658797477],[11.97645872832334,57.689390837648695],[11.976877465607265,57.68940084777435],[11.976896155899162,57.68917659801417],[11.976477421194437,57.68916658797477]]]},"properties":{"grid":"campus","values":[10.412,11.253,0.0,7.455,11.17,10.407,2.309]}},{"type":"Feature","geometry":{"type":"Polygon","coordinates":[[[11.976896155899162,57.68917659801417],[11.976877465607265,57.68940084777435],[11.977296203168349,57.689410856515956],[11.977314890881036,57.689186606669544],[11.976896155899162,57.68917659801417]]]},"properties":{"grid":"campus","values":[10.479,10.539,0.0,7.763,10.978,10.367,6.113]}},{"type":"Feature","geometry":{"type":"Polygon","coordinates":[[[11.977314890881036,57.689186606669544],[11.977296203168349,57.689410856515956],[11.977714941006548,57.68942086387352],[11.977733626140022,57.68919661394088],[11.977314890881036,57.689186606669544]]]},"properties":{"grid":"campus","values":[10.831,10.289,0.0,7.481,10.464,10.348,9.452]}},{"type":"Feature","geometry":{"type":"Polygon","coordinates":[[[11.977733626140022,57.68919661394088],[11.977714941006548,57.68942086387352],[11.978133679121829,57.68943086984702],[11.978152361676084,57.68920661982816],[11.977733626140022,57.68919661394088]]]},"properties":{"grid":"campus","values":[11.248,10.568,0.0,6.725,9.841,10.318,10.97]}},{"type":"Feature","geometry":{"type":"Polygon","coordinates":[[[11.978152361676084,57.68920661982816],[11.978133679121829,57.68943086984702],[11.978552417514152,57.68944087443648],[11.97857109748918,57.68921662433142],[11.978152361676084,57.68920661982816]]]},"properties":{"grid":"campus","values":[11.607,10.816,3.143,6.427,9.436,10.785,11.589]}},{"type":"Feature","geometry":{"type":"Polygon","coordinates":[[[11.97857109748918,57.68921662433142],[11.978552417514152,57.68944087443648],[11.978971156183476,57.689450877641875],[11.978989833579277,57.68922662745062],[11.97857109748918,57.68921662433142]]]},"properties":{"grid":"campus","values":[11.813,10.942,8.204,6.786,9.408,11.576,11.118]}},{"type":"Feature","geometry":{"type":"Polygon","coordinates":[[[11.978989833579277,57.68922662745062],[11.978971156183476,57.689450877641875],[11.979389895129767,57.68946087946322],[11.97940856994633,57.68923662918578],[11.978989833579277,57.68922662745062]]]},"properties":{"grid":"campus","values":[11.786,11.183,11.393,8.178,9.681,12.057,10.028]}},{"type":"Feature","geometry":{"type":"Polygon","coordinates":[[[11.97940856994633,57.68923662918578],[11.979389895129767,57.68946087946322],[11.979808634352986,57.68947087990049],[11.979827306590309,57.68924662953689],[11.97940856994633,57.68923662918578]]]},"properties":{"grid":"campus","values":[11.587,11.478,11.474,9.914,10.118,12.058,8.846]}},{"type":"Feature","geometry":{"type":"Polygon","coordinates":[[[11.979827306590309,57.68924662953689],[11.979808634352986,57.68947087990049],[11.980227373853095,57.689480878953724],[11.980246043511169,57.68925662850396],[11.979827306590309,57.68924662953689]]]},"properties":{"grid":"campus","values":[11.838,11.56,11.108,11.534,11.373,12.141,12.285]}},{"type":"Feature","geometry":{"type":"Polygon","coordinates":[[[11.980246043511169,57.68925662850396],[11.980227373853095,57.689480878953724],[11.980646113630055,57.689490876622884],[11.980664780708876,57.68926662608698],[11.980246043511169,57.68925662850396]]]},"properties":{"grid":"campus","values":[12.421,11.385,10.448,12.317,13.08,12.296,18.882]}},{"type":"Feature","geometry":{"type":"Polygon","coordinates":[[[11.980664780708876,57.68926662608698],[11.980646113630055,57.689490876622884],[11.98106485368383,57.689500872907956],[11.98108351818339,57.689276622285945],[11.980664780708876,57.68926662608698]]]},"properties":{"grid":"campus","values":[13.049,10.832,8.666,12.7,12.711,11.839,23.0]}},{"type":"Feature","geometry":{"type":"Polygon","coordinates":[[[11.98108351818339,57.689276622285945],[11.98106485368383,57.689500872907956],[11.981483594014374,57.689510867809],[11.981502255934673,57.68928661710085],[11.98108351818339,57.689276622285945]]]},"properties":{"grid":"campus","values":[13.387,10.118,6.638,12.483,10.436,11.04,23.0]}},{"type":"Feature","geometry":{"type":"Polygon","coordinates":[[[11.981502255934673,57.68928661710085],[11.981483594014374,57.689510867809],[11.981902334621662,57.689520861325946],[11.981920993962689,57.689296610531706],[11.981502255934673,57.68928661710085]]]},"properties":{"grid":"campus","values":[12.823,9.51,3.86,11.618,9.124,10.81,22.241]}},{"type":"Feature","geometry":{"type":"Polygon","coordinates":[[[11.981920993962689,57.689296610531706],[11.981902334621662,57.689520861325946],[11.982321075505649,57.689530853458834],[11.982339732267398,57.68930660257849],[11.981920993962689,57.689296610531706]]]},"properties":{"grid":"campus","values":[11.571,9.28,1.408,10.547,9.159,11.227,21.122]}},{"type":"Feature","geometry":{"type":"Polygon","coordinates":[[[11.982339732267398,57.68930660257849],[11.982321075505649,57.689530853458834],[11.982739816666292,57.689540844207656],[11.982758470848761,57.68931659324122],[11.982339732267398,57.68930660257849]]]},"properties":{"grid":"campus","values":[10.868,8.89,1.125,9.746,9.483,11.474,19.102]}},{"type":"Feature","geometry":{"type":"Polygon","coordinates":[[[11.982758470848761,57.68931659324122],[11.982739816666292,57.689540844207656],[11.983158558103561,57.68955083357239],[11.983177209706742,57.6893265825199],[11.982758470848761,57.68931659324122]]]},"properties":{"grid":"campus","values":[11.069,8.501,2.783,9.725,9.946,11.389,17.025]}},{"type":"Feature","geometry":{"type":"Polygon","coordinates":[[[11.983177209706742,57.6893265825199],[11.983158558103561,57.68955083357239],[11.983577299817416,57.68956082155305],[11.983595948841305,57.68933657041449],[11.983177209706742,57.6893265825199]]]},"properties":{"grid":"campus","values":[11.19,8.196,5.109,9.853,8.817,11.162,14.908]}},{"type":"Feature","geometry":{"type":"Polygon","coordinates":[[[11.983595948841305,57.68933657041449],[11.983577299817416,57.68956082155305],[11.983996041807817,57.68957080814964],[11.984014688252406,57.68934655692503],[11.983595948841305,57.68933657041449]]]},"properties":{"grid":"campus","values":[11.206,8.071,7.2,10.065,6.755,10.891,13.519]}},{"type":"Feature","geometry":{"type":"Polygon","coordinates":[[[11.984014688252406,57.68934655692503],[11.983996041807817,57.68957080814964],[11.984414784074726,57.68958079336215],[11.984433427940012,57.6893565420515],[11.984014688252406,57.68934655692503]]]},"properties":{"grid":"campus","values":[11.193,8.737,6.074,9.517,3.928,11.019,12.665]}},{"type":"Feature","geometry":{"type":"Polygon","coordinates":[[[11.984433427940012,57.6893565420515],[11.984414784074726,57.68958079336215],[11.984833526618107,57.68959077719058],[11.984852167904082,57.68936652579389],[11.984433427940012,57.6893565420515]]]},"properties":{"grid":"campus","values":[11.171,9.924,2.326,8.513,1.433,11.476,12.648]}},{"type":"Feature","geometry":{"type":"Polygon","coordinates":[[[11.984852167904082,57.68936652579389],[11.984833526618107,57.68959077719058],[11.98525226943792,57.68960075963492],[11.98527090814458,57.68937650815222],[11.984852167904082,57.68936652579389]]]},"properties":{"grid":"campus","values":[11.421,10.385,2.319,7.77,1.569,10.004,12.532]}},{"type":"Feature","geometry":{"type":"Polygon","coordinates":[[[11.98527090814458,57.68937650815222],[11.98525226943792,57.68960075963492],[11.985671012534128,57.689610740695166],[11.985689648661465,57.68938648912648],[11.98527090814458,57.68937650815222]]]},"properties":{"grid":"campus","values":[11.83,9.942,6.09,7.849,4.098,7.369,12.309]}},{"type":"Feature","geometry":{"type":"Polygon","coordinates":[[[11.986108389454701,57.689396468716666],[11.985689648661465,57.68938648912648],[11.985671012534128,57.689610740695166],[11.986089755906692,57.689620720371344],[11.986108389454701,57.689396468716666]]]},"properties":{"grid":"campus","values":[11.949,9.812,7.188,7.859,4.837,6.578,12.251]}},{"type":"Feature","geometry":{"type":"Polygon","coordinates":[[[11.969740235089441,57.68945473568971],[11.969758969504795,57.68923048740929],[11.969340236938343,57.68922045375513],[11.969321499943849,57.68944470194907],[11.969740235089441,57.68945473568971]]]},"properties":{"grid":"campus","values":[12.405,11.768,3.902,9.561,15.43,11.201,11.547]}},{"type":"Feature","geometry":{"type":"Polygon","coordinates":[[[11.969758969504795,57.68923048740929],[11.969740235089441,57.68945473568971],[11.970158970512845,57.6894647680463],[11.970177702349048,57.689240519679466],[11.969758969504795,57.68923048740929]]]},"properties":{"grid":"campus","values":[12.223,11.689,3.675,9.371,14.822,11.103,11.282]}},{"type":"Feature","geometry":{"type":"Polygon","coordinates":[[[11.970177702349048,57.689240519679466],[11.970158970512845,57.6894647680463],[11.970577706214016,57.689474799018875],[11.970596435471066,57.68925055056559],[11.970177702349048,57.689240519679466]]]},"properties":{"grid":"campus","values":[9.621,10.714,0.383,6.823,6.238,9.816,7.492]}},{"type":"Feature","geometry":{"type":"Polygon","coordinates":[[[11.970596435471066,57.68925055056559],[11.970577706214016,57.689474799018875],[11.970996442192922,57.68948482860741],[11.971015168870812,57.68926058006772],[11.970596435471066,57.68925055056559]]]},"properties":{"grid":"campus","values":[9.808,10.97,0.456,6.59,6.197,9.796,7.0]}},{"type":"Feature","geometry":{"type":"Polygon","coordinates":[[[11.971015168870812,57.68926058006772],[11.970996442192922,57.68948482860741],[11.97141517844952,57.68949485681191],[11.971433902548247,57.68927060818581],[11.971015168870812,57.68926058006772]]]},"properties":{"grid":"campus","values":[13.636,13.982,4.274,7.602,13.863,10.966,7.0]}},{"type":"Feature","geometry":{"type":"Polygon","coordinates":[[[11.971433902548247,57.68927060818581],[11.97141517844952,57.68949485681191],[11.97183391498378,57.68950488363239],[11.971852636503332,57.689280634919896],[11.971433902548247,57.68927060818581]]]},"properties":{"grid":"campus","values":[14.097,13.799,4.775,7.863,15.2,11.13,7.0]}},{"type":"Feature","geometry":{"type":"Polygon","coordinates":[[[11.971852636503332,57.689280634919896],[11.97183391498378,57.68950488363239],[11.972252651795655,57.68951490906882],[11.97227137073603,57.68929066026995],[11.971852636503332,57.689280634919896]]]},"properties":{"grid":"campus","values":[14.015,8.698,5.471,8.742,19.139,11.141,6.678]}},{"type":"Feature","geometry":{"type":"Polygon","coordinates":[[[11.97227137073603,57.68929066026995],[11.972252651795655,57.68951490906882],[11.97267138888511,57.689524933121234],[11.972690105246302,57.68930068423598],[11.97227137073603,57.68929066026995]]]},"properties":{"grid":"campus","values":[13.915,7.36,6.001,8.567,20.17,11.135,6.678]}},{"type":"Feature","geometry":{"type":"Polygon","coordinates":[[[11.972690105246302,57.68930068423598],[11.97267138888511,57.689524933121234],[11.97309012625211,57.68953495578958],[11.973108840034111,57.68931070681798],[11.972690105246302,57.68930068423598]]]},"properties":{"grid":"campus","values":[13.265,1.303,9.833,5.712,24.735,11.075,6.678]}},{"type":"Feature","geometry":{"type":"Polygon","coordinates":[[[11.973108840034111,57.68931070681798],[11.97309012625211,57.68953495578958],[11.97350886389661,57.68954497707388],[11.97352757509942,57.689320728015936],[11.973108840034111,57.68931070681798]]]},"properties":{"grid":"campus","values":[13.139,0.538,10.318,5.44,25.323,11.075,6.678]}},{"type":"Feature","geometry":{"type":"Polygon","coordinates":[[[11.97352757509942,57.689320728015936],[11.97350886389661,57.68954497707388],[11.97392760181858,57.68955499697417],[11.973946310442189,57.68933074782988],[11.97352757509942,57.689320728015936]]]},"properties":{"grid":"campus","values":[13.062,0.445,10.594,5.946,25.706,11.285,7.0]}},{"type":"Feature","geometry":{"type":"Polygon","coordinates":[[[11.973946310442189,57.68933074782988],[11.97392760181858,57.68955499697417],[11.974346340017977,57.68956501549038],[11.97436504606238,57.689340766259775],[11.973946310442189,57.68933074782988]]]},"properties":{"grid":"campus","values":[12.983,1.518,9.98,6.252,24.836,11.31,6.879]}},{"type":"Feature","geometry":{"type":"Polygon","coordinates":[[[11.97436504606238,57.689340766259775],[11.974346340017977,57.68956501549038],[11.974765078494766,57.68957503262254],[11.974783781959957,57.68935078330564],[11.97436504606238,57.689340766259775]]]},"properties":{"grid":"campus","values":[12.596,10.765,4.705,8.741,17.474,11.31,5.768]}},{"type":"Feature","geometry":{"type":"Polygon","coordinates":[[[11.974783781959957,57.68935078330564],[11.974765078494766,57.68957503262254],[11.975183817248903,57.689585048370674],[11.975202518134877,57.68936079896746],[11.974783781959957,57.68935078330564]]]},"properties":{"grid":"campus","values":[12.255,11.565,3.719,8.865,16.08,11.188,5.13]}},{"type":"Feature","geometry":{"type":"Polygon","coordinates":[[[11.975202518134877,57.68936079896746],[11.975183817248903,57.689585048370674],[11.975602556280357,57.68959506273475],[11.975621254587107,57.689370813245255],[11.975202518134877,57.68936079896746]]]},"properties":{"grid":"campus","values":[9.782,9.473,0.371,7.731,11.383,10.144,2.271]}},{"type":"Feature","geometry":{"type":"Polygon","coordinates":[[[11.975621254587107,57.689370813245255],[11.975602556280357,57.68959506273475],[11.976021295589085,57.68960507571477],[11.976039991316608,57.68938082613901],[11.975621254587107,57.689370813245255]]]},"properties":{"grid":"campus","values":[9.65,9.465,0.0,7.517,10.93,10.096,1.754]}},{"type":"Feature","geometry":{"type":"Polygon","coordinates":[[[11.976039991316608,57.68938082613901],[11.976021295589085,57.68960507571477],[11.976440035175052,57.689615087310735],[11.97645872832334,57.689390837648695],[11.976039991316608,57.68938082613901]]]},"properties":{"grid":"campus","values":[10.697,11.371,0.0,6.817,11.457,10.689,0.31]}},{"type":"Feature","geometry":{"type":"Polygon","coordinates":[[[11.97645872832334,57.689390837648695],[11.976440035175052,57.689615087310735],[11.976858775038218,57.689625097522644],[11.976877465607265,57.68940084777435],[11.97645872832334,57.689390837648695]]]},"properties":{"grid":"campus","values":[10.773,11.478,0.0,6.667,11.388,10.664,1.261]}},{"type":"Feature","geometry":{"type":"Polygon","coordinates":[[[11.976877465607265,57.68940084777435],[11.976858775038218,57.689625097522644],[11.977277515178546,57.689635106350494],[11.977296203168349,57.689410856515956],[11.976877465607265,57.68940084777435]]]},"properties":{"grid":"campus","values":[10.168,10.102,0.271,6.157,10.291,9.875,9.292]}},{"type":"Feature","geometry":{"type":"Polygon","coordinates":[[[11.977296203168349,57.689410856515956],[11.977277515178546,57.689635106350494],[11.977696255595998,57.68964511379428],[11.977714941006548,57.68942086387352],[11.977296203168349,57.689410856515956]]]},"properties":{"grid":"campus","values":[10.084,9.942,0.271,6.084,10.152,9.779,10.244]}},{"type":"Feature","geometry":{"type":"Polygon","coordinates":[[[11.977714941006548,57.68942086387352],[11.977696255595998,57.68964511379428],[11.978114996290536,57.68965511985398],[11.978133679121829,57.68943086984702],[11.977714941006548,57.68942086387352]]]},"properties":{"grid":"campus","values":[10.23,10.025,0.0,6.134,10.081,9.857,10.579]}},{"type":"Feature","geometry":{"type":"Polygon","coordinates":[[[11.978133679121829,57.68943086984702],[11.978114996290536,57.68965511985398],[11.97853373726212,57.68966512452964],[11.978552417514152,57.68944087443648],[11.978133679121829,57.68943086984702]]]},"properties":{"grid":"campus","values":[10.453,10.121,1.023,6.237,9.953,10.031,10.897]}},{"type":"Feature","geometry":{"type":"Polygon","coordinates":[[[11.978552417514152,57.68944087443648],[11.97853373726212,57.68966512452964],[11.978952478510715,57.68967512782124],[11.978971156183476,57.689450877641875],[11.978552417514152,57.68944087443648]]]},"properties":{"grid":"campus","values":[12.217,10.939,9.646,6.897,8.87,11.487,13.35]}},{"type":"Feature","geometry":{"type":"Polygon","coordinates":[[[11.978971156183476,57.689450877641875],[11.978952478510715,57.68967512782124],[11.97937122003628,57.68968512972877],[11.979389895129767,57.68946087946322],[11.978971156183476,57.689450877641875]]]},"properties":{"grid":"campus","values":[12.332,11.095,10.698,7.0,8.89,11.683,13.235]}},{"type":"Feature","geometry":{"type":"Polygon","coordinates":[[[11.979389895129767,57.68946087946322],[11.97937122003628,57.68968512972877],[11.979789961838778,57.689695130252204],[11.979808634352986,57.68947087990049],[11.979389895129767,57.68946087946322]]]},"properties":{"grid":"campus","values":[11.457,11.499,10.924,7.404,10.021,11.894,9.73]}},{"type":"Feature","geometry":{"type":"Polygon","coordinates":[[[11.979808634352986,57.68947087990049],[11.979789961838778,57.689695130252204],[11.980208703918173,57.689705129391584],[11.980227373853095,57.689480878953724],[11.979808634352986,57.68947087990049]]]},"properties":{"grid":"campus","values":[11.492,11.493,10.826,7.714,10.724,11.971,10.556]}},{"type":"Feature","geometry":{"type":"Polygon","coordinates":[[[11.980227373853095,57.689480878953724],[11.980208703918173,57.689705129391584],[11.980627446274424,57.689715127146876],[11.980646113630055,57.689490876622884],[11.980227373853095,57.689480878953724]]]},"properties":{"grid":"campus","values":[12.715,10.967,10.249,10.518,15.263,12.377,21.254]}},{"type":"Feature","geometry":{"type":"Polygon","coordinates":[[[11.980646113630055,57.689490876622884],[11.980627446274424,57.689715127146876],[11.981046188907493,57.689725123518116],[11.98106485368383,57.689500872907956],[11.980646113630055,57.689490876622884]]]},"properties":{"grid":"campus","values":[12.703,10.785,10.095,10.518,15.206,12.443,22.513]}},{"type":"Feature","geometry":{"type":"Polygon","coordinates":[[[11.98106485368383,57.689500872907956],[11.981046188907493,57.689725123518116],[11.981464931817346,57.68973511850525],[11.981483594014374,57.689510867809],[11.98106485368383,57.689500872907956]]]},"properties":{"grid":"campus","values":[11.579,9.782,9.531,8.003,10.224,12.343,22.228]}},{"type":"Feature","geometry":{"type":"Polygon","coordinates":[[[11.981483594014374,57.689510867809],[11.981464931817346,57.68973511850525],[11.981883675003939,57.68974511210831],[11.981902334621662,57.689520861325946],[11.981483594014374,57.689510867809]]]},"properties":{"grid":"campus","values":[11.384,9.667,8.607,7.975,9.494,12.238,22.228]}},{"type":"Feature","geometry":{"type":"Polygon","coordinates":[[[11.981902334621662,57.689520861325946],[11.981883675003939,57.68974511210831],[11.982302418467238,57.689755104327304],[11.982321075505649,57.689530853458834],[11.981902334621662,57.689520861325946]]]},"properties":{"grid":"campus","values":[10.761,9.566,0.898,9.777,8.554,11.441,22.469]}},{"type":"Feature","geometry":{"type":"Polygon","coordinates":[[[11.982321075505649,57.689530853458834],[11.982302418467238,57.689755104327304],[11.982721162207204,57.68976509516221],[11.982739816666292,57.689540844207656],[11.982321075505649,57.689530853458834]]]},"properties":{"grid":"campus","values":[10.724,9.46,0.0,9.989,8.604,11.369,21.952]}},{"type":"Feature","geometry":{"type":"Polygon","coordinates":[[[11.982739816666292,57.689540844207656],[11.982721162207204,57.68976509516221],[11.983139906223798,57.689775084613025],[11.983158558103561,57.68955083357239],[11.982739816666292,57.689540844207656]]]},"properties":{"grid":"campus","values":[10.787,8.583,0.386,9.442,10.043,11.727,17.252]}},{"type":"Feature","geometry":{"type":"Polygon","coordinates":[[[11.983158558103561,57.68955083357239],[11.983139906223798,57.689775084613025],[11.983558650516985,57.68978507267975],[11.983577299817416,57.68956082155305],[11.983158558103561,57.68955083357239]]]},"properties":{"grid":"campus","values":[10.873,8.431,1.152,9.45,10.195,11.675,16.431]}},{"type":"Feature","geometry":{"type":"Polygon","coordinates":[[[11.983577299817416,57.68956082155305],[11.983558650516985,57.68978507267975],[11.98397739508672,57.68979505936238],[11.983996041807817,57.68957080814964],[11.983577299817416,57.68956082155305]]]},"properties":{"grid":"campus","values":[11.475,8.046,7.635,10.11,9.591,10.833,14.019]}},{"type":"Feature","geometry":{"type":"Polygon","coordinates":[[[11.983996041807817,57.68957080814964],[11.98397739508672,57.68979505936238],[11.984396139932972,57.689805044660936],[11.984414784074726,57.68958079336215],[11.983996041807817,57.68957080814964]]]},"properties":{"grid":"campus","values":[11.507,8.242,7.635,10.146,8.659,10.827,13.668]}},{"type":"Feature","geometry":{"type":"Polygon","coordinates":[[[11.984414784074726,57.68958079336215],[11.984396139932972,57.689805044660936],[11.984814885055702,57.68981502857537],[11.984833526618107,57.68959077719058],[11.984414784074726,57.68958079336215]]]},"properties":{"grid":"campus","values":[11.156,10.414,1.29,9.59,0.914,11.662,13.309]}},{"type":"Feature","geometry":{"type":"Polygon","coordinates":[[[11.984833526618107,57.68959077719058],[11.984814885055702,57.68981502857537],[11.985233630454868,57.689825011105725],[11.98525226943792,57.68960075963492],[11.984833526618107,57.68959077719058]]]},"properties":{"grid":"campus","values":[11.203,10.566,1.363,9.987,0.516,11.641,13.145]}},{"type":"Feature","geometry":{"type":"Polygon","coordinates":[[[11.98525226943792,57.68960075963492],[11.985233630454868,57.689825011105725],[11.985652376130435,57.68983499225199],[11.985671012534128,57.689610740695166],[11.98525226943792,57.68960075963492]]]},"properties":{"grid":"campus","values":[12.032,9.807,8.284,12.987,5.15,10.192,12.289]}},{"type":"Feature","geometry":{"type":"Polygon","coordinates":[[[11.986089755906692,57.689620720371344],[11.985671012534128,57.689610740695166],[11.985652376130435,57.68983499225199],[11.986071122082365,57.68984497201416],[11.986089755906692,57.689620720371344]]]},"properties":{"grid":"campus","values":[12.089,9.755,8.796,13.189,5.469,10.095,12.216]}},{"type":"Feature","geometry":{"type":"Polygon","coordinates":[[[11.969721500396277,57.68967898395827],[11.969740235089441,57.68945473568971],[11.969321499943849,57.68944470194907],[11.969302762671502,57.68966895013118],[11.969721500396277,57.68967898395827]]]},"properties":{"grid":"campus","values":[12.879,10.925,4.047,6.966,14.077,10.736,8.186]}},{"type":"Feature","geometry":{"type":"Polygon","coordinates":[[[11.969740235089441,57.68945473568971],[11.969721500396277,57.68967898395827],[11.970140238398866,57.68968901640128],[11.970158970512845,57.6894647680463],[11.969740235089441,57.68945473568971]]]},"properties":{"grid":"campus","values":[12.297,10.949,3.429,6.945,12.69,10.64,8.005]}},{"type":"Feature","geometry":{"type":"Polygon","coordinates":[[[11.970158970512845,57.6894647680463],[11.970140238398866,57.68968901640128],[11.97055897667923,57.68969904746028],[11.970577706214016,57.689474799018875],[11.970158970512845,57.6894647680463]]]},"properties":{"grid":"campus","values":[10.286,11.061,1.306,6.928,7.939,10.335,7.437]}},{"type":"Feature","geometry":{"type":"Polygon","coordinates":[[[11.970577706214016,57.689474799018875],[11.97055897667923,57.68969904746028],[11.970977715237336,57.68970907713525],[11.970996442192922,57.68948482860741],[11.970577706214016,57.689474799018875]]]},"properties":{"grid":"campus","values":[10.282,11.695,1.27,7.257,7.983,10.43,7.0]}},{"type":"Feature","geometry":{"type":"Polygon","coordinates":[[[11.970996442192922,57.68948482860741],[11.970977715237336,57.68970907713525],[11.971396454073139,57.68971910542616],[11.97141517844952,57.68949485681191],[11.970996442192922,57.68948482860741]]]},"properties":{"grid":"campus","values":[12.213,12.585,3.302,7.937,12.825,10.906,7.0]}},{"type":"Feature","geometry":{"type":"Polygon","coordinates":[[[11.97141517844952,57.68949485681191],[11.971396454073139,57.68971910542616],[11.971815193186606,57.68972913233303],[11.97183391498378,57.68950488363239],[11.97141517844952,57.68949485681191]]]},"properties":{"grid":"campus","values":[13.415,10.646,5.584,8.014,17.808,11.012,7.0]}},{"type":"Feature","geometry":{"type":"Polygon","coordinates":[[[11.97183391498378,57.68950488363239],[11.971815193186606,57.68972913233303],[11.972233932577698,57.68973915785585],[11.972252651795655,57.68951490906882],[11.97183391498378,57.68950488363239]]]},"properties":{"grid":"campus","values":[13.395,6.448,7.33,7.364,21.117,10.656,7.0]}},{"type":"Feature","geometry":{"type":"Polygon","coordinates":[[[11.972252651795655,57.68951490906882],[11.972233932577698,57.68973915785585],[11.972652672246374,57.68974918199462],[11.97267138888511,57.689524933121234],[11.972252651795655,57.68951490906882]]]},"properties":{"grid":"campus","values":[13.348,2.783,9.054,5.818,23.653,10.647,7.0]}},{"type":"Feature","geometry":{"type":"Polygon","coordinates":[[[11.97267138888511,57.689524933121234],[11.972652672246374,57.68974918199462],[11.9730714121926,57.68975920474933],[11.97309012625211,57.68953495578958],[11.97267138888511,57.689524933121234]]]},"properties":{"grid":"campus","values":[13.326,1.125,10.103,3.843,24.355,10.99,7.0]}},{"type":"Feature","geometry":{"type":"Polygon","coordinates":[[[11.97309012625211,57.68953495578958],[11.9730714121926,57.68975920474933],[11.973490152416334,57.68976922612],[11.97350886389661,57.68954497707388],[11.97309012625211,57.68953495578958]]]},"properties":{"grid":"campus","values":[13.247,0.0,10.815,2.704,24.891,11.219,7.0]}},{"type":"Feature","geometry":{"type":"Polygon","coordinates":[[[11.97350886389661,57.68954497707388],[11.973490152416334,57.68976922612],[11.97390889291754,57.68977924610658],[11.97392760181858,57.68955499697417],[11.97350886389661,57.68954497707388]]]},"properties":{"grid":"campus","values":[13.182,0.0,10.815,2.803,24.891,11.273,7.0]}},{"type":"Feature","geometry":{"type":"Polygon","coordinates":[[[11.97392760181858,57.68955499697417],[11.97390889291754,57.68977924610658],[11.974327633696184,57.689789264709134],[11.974346340017977,57.68956501549038],[11.97392760181858,57.68955499697417]]]},"properties":{"grid":"campus","values":[13.189,3.702,8.98,4.458,22.286,11.31,6.617]}},{"type":"Feature","geometry":{"type":"Polygon","coordinates":[[[11.974346340017977,57.68956501549038],[11.974327633696184,57.689789264709134],[11.974746374752216,57.68979928192763],[11.974765078494766,57.68957503262254],[11.974346340017977,57.68956501549038]]]},"properties":{"grid":"campus","values":[13.297,9.727,6.024,7.123,18.091,11.31,5.998]}},{"type":"Feature","geometry":{"type":"Polygon","coordinates":[[[11.974765078494766,57.68957503262254],[11.974746374752216,57.68979928192763],[11.975165116085611,57.68980929776206],[11.975183817248903,57.689585048370674],[11.974765078494766,57.68957503262254]]]},"properties":{"grid":"campus","values":[12.266,12.573,3.03,8.43,14.296,10.94,4.846]}},{"type":"Feature","geometry":{"type":"Polygon","coordinates":[[[11.975183817248903,57.689585048370674],[11.975165116085611,57.68980929776206],[11.975583857696328,57.689819312212414],[11.975602556280357,57.68959506273475],[11.975183817248903,57.689585048370674]]]},"properties":{"grid":"campus","values":[10.497,11.19,1.159,7.992,12.43,10.343,3.71]}},{"type":"Feature","geometry":{"type":"Polygon","coordinates":[[[11.975602556280357,57.68959506273475],[11.975583857696328,57.689819312212414],[11.976002599584321,57.68982932527871],[11.976021295589085,57.68960507571477],[11.975602556280357,57.68959506273475]]]},"properties":{"grid":"campus","values":[9.736,10.57,0.0,7.47,11.233,10.248,3.026]}},{"type":"Feature","geometry":{"type":"Polygon","coordinates":[[[11.976021295589085,57.68960507571477],[11.976002599584321,57.68982932527871],[11.976421341749562,57.68983933696094],[11.976440035175052,57.689615087310735],[11.976021295589085,57.68960507571477]]]},"properties":{"grid":"campus","values":[10.232,10.877,0.0,7.084,11.193,10.697,3.176]}},{"type":"Feature","geometry":{"type":"Polygon","coordinates":[[[11.976440035175052,57.689615087310735],[11.976421341749562,57.68983933696094],[11.976840084192006,57.68984934725909],[11.976858775038218,57.689625097522644],[11.976440035175052,57.689615087310735]]]},"properties":{"grid":"campus","values":[10.397,10.735,0.762,6.578,10.874,10.649,5.281]}},{"type":"Feature","geometry":{"type":"Polygon","coordinates":[[[11.976858775038218,57.689625097522644],[11.976840084192006,57.68984934725909],[11.97725882691162,57.68985935617317],[11.977277515178546,57.689635106350494],[11.976858775038218,57.689625097522644]]]},"properties":{"grid":"campus","values":[10.157,10.139,2.09,6.142,10.384,10.127,8.424]}},{"type":"Feature","geometry":{"type":"Polygon","coordinates":[[[11.977277515178546,57.689635106350494],[11.97725882691162,57.68985935617317],[11.977677569908359,57.689869363703195],[11.977696255595998,57.68964511379428],[11.977277515178546,57.689635106350494]]]},"properties":{"grid":"campus","values":[10.13,9.809,2.09,6.511,10.28,9.987,10.391]}},{"type":"Feature","geometry":{"type":"Polygon","coordinates":[[[11.977696255595998,57.68964511379428],[11.977677569908359,57.689869363703195],[11.978096313182192,57.68987936984912],[11.978114996290536,57.68965511985398],[11.977696255595998,57.68964511379428]]]},"properties":{"grid":"campus","values":[10.355,9.895,0.762,7.619,10.643,10.302,10.301]}},{"type":"Feature","geometry":{"type":"Polygon","coordinates":[[[11.978114996290536,57.68965511985398],[11.978096313182192,57.68987936984912],[11.978515056733078,57.68988937461099],[11.97853373726212,57.68966512452964],[11.978114996290536,57.68965511985398]]]},"properties":{"grid":"campus","values":[11.091,10.336,1.504,7.93,10.254,10.81,11.417]}},{"type":"Feature","geometry":{"type":"Polygon","coordinates":[[[11.97853373726212,57.68966512452964],[11.978515056733078,57.68988937461099],[11.978933800560979,57.689899377988766],[11.978952478510715,57.68967512782124],[11.97853373726212,57.68966512452964]]]},"properties":{"grid":"campus","values":[12.059,10.979,3.72,7.324,9.264,11.311,13.327]}},{"type":"Feature","geometry":{"type":"Polygon","coordinates":[[[11.978952478510715,57.68967512782124],[11.978933800560979,57.689899377988766],[11.979352544665856,57.68990937998248],[11.97937122003628,57.68968512972877],[11.978952478510715,57.68967512782124]]]},"properties":{"grid":"campus","values":[12.368,11.169,5.266,7.0,8.735,11.749,13.632]}},{"type":"Feature","geometry":{"type":"Polygon","coordinates":[[[11.97937122003628,57.68968512972877],[11.979352544665856,57.68990937998248],[11.979771289047672,57.6899193805921],[11.979789961838778,57.689695130252204],[11.97937122003628,57.68968512972877]]]},"properties":{"grid":"campus","values":[11.893,10.795,5.328,7.0,8.796,11.934,12.301]}},{"type":"Feature","geometry":{"type":"Polygon","coordinates":[[[11.979789961838778,57.689695130252204],[11.979771289047672,57.6899193805921],[11.980190033706391,57.68992937981761],[11.980208703918173,57.689705129391584],[11.979789961838778,57.689695130252204]]]},"properties":{"grid":"campus","values":[11.959,10.497,6.593,8.49,9.99,12.11,13.289]}},{"type":"Feature","geometry":{"type":"Polygon","coordinates":[[[11.980208703918173,57.689705129391584],[11.980190033706391,57.68992937981761],[11.980608778641972,57.68993937765907],[11.980627446274424,57.689715127146876],[11.980208703918173,57.689705129391584]]]},"properties":{"grid":"campus","values":[12.537,10.352,8.772,10.964,11.733,12.203,16.016]}},{"type":"Feature","geometry":{"type":"Polygon","coordinates":[[[11.980627446274424,57.689715127146876],[11.980608778641972,57.68993937765907],[11.981027523854376,57.68994937411644],[11.981046188907493,57.689725123518116],[11.980627446274424,57.689715127146876]]]},"properties":{"grid":"campus","values":[12.445,10.085,10.248,11.406,11.934,12.23,17.065]}},{"type":"Feature","geometry":{"type":"Polygon","coordinates":[[[11.981046188907493,57.689725123518116],[11.981027523854376,57.68994937411644],[11.981446269343568,57.689959369189694],[11.981464931817346,57.68973511850525],[11.981046188907493,57.689725123518116]]]},"properties":{"grid":"campus","values":[11.713,9.836,10.701,9.702,10.563,12.157,15.669]}},{"type":"Feature","geometry":{"type":"Polygon","coordinates":[[[11.981464931817346,57.68973511850525],[11.981446269343568,57.689959369189694],[11.98186501510951,57.68996936287888],[11.981883675003939,57.68974511210831],[11.981464931817346,57.68973511850525]]]},"properties":{"grid":"campus","values":[11.098,9.536,7.932,9.069,9.245,11.878,16.279]}},{"type":"Feature","geometry":{"type":"Polygon","coordinates":[[[11.981883675003939,57.68974511210831],[11.98186501510951,57.68996936287888],[11.982283761152159,57.68997935518396],[11.982302418467238,57.689755104327304],[11.981883675003939,57.68974511210831]]]},"properties":{"grid":"campus","values":[10.836,9.308,3.022,9.679,8.607,11.506,18.737]}},{"type":"Feature","geometry":{"type":"Polygon","coordinates":[[[11.982302418467238,57.689755104327304],[11.982283761152159,57.68997935518396],[11.982702507471483,57.68998934610494],[11.982721162207204,57.68976509516221],[11.982302418467238,57.689755104327304]]]},"properties":{"grid":"campus","values":[10.655,8.985,0.0,9.883,8.734,11.42,18.096]}},{"type":"Feature","geometry":{"type":"Polygon","coordinates":[[[11.982721162207204,57.68976509516221],[11.982702507471483,57.68998934610494],[11.983121254067441,57.68999933564183],[11.983139906223798,57.689775084613025],[11.982721162207204,57.68976509516221]]]},"properties":{"grid":"campus","values":[10.615,8.692,0.0,9.544,9.572,11.67,14.724]}},{"type":"Feature","geometry":{"type":"Polygon","coordinates":[[[11.983139906223798,57.689775084613025],[11.983121254067441,57.68999933564183],[11.983540000939996,57.69000932379463],[11.983558650516985,57.68978507267975],[11.983139906223798,57.689775084613025]]]},"properties":{"grid":"campus","values":[10.72,8.362,2.326,9.57,10.092,11.519,12.588]}},{"type":"Feature","geometry":{"type":"Polygon","coordinates":[[[11.983558650516985,57.68978507267975],[11.983540000939996,57.69000932379463],[11.983958748089107,57.6900193105633],[11.98397739508672,57.68979505936238],[11.983558650516985,57.68978507267975]]]},"properties":{"grid":"campus","values":[10.908,8.138,6.074,9.951,10.1,11.026,12.563]}},{"type":"Feature","geometry":{"type":"Polygon","coordinates":[[[11.98397739508672,57.68979505936238],[11.983958748089107,57.6900193105633],[11.98437749551474,57.69002929594789],[11.984396139932972,57.689805044660936],[11.98397739508672,57.68979505936238]]]},"properties":{"grid":"campus","values":[11.019,8.735,7.551,10.062,7.305,10.997,12.373]}},{"type":"Feature","geometry":{"type":"Polygon","coordinates":[[[11.984396139932972,57.689805044660936],[11.98437749551474,57.69002929594789],[11.984796243216856,57.690039279948365],[11.984814885055702,57.68981502857537],[11.984396139932972,57.689805044660936]]]},"properties":{"grid":"campus","values":[11.01,9.92,6.374,9.861,2.796,11.441,12.206]}},{"type":"Feature","geometry":{"type":"Polygon","coordinates":[[[11.984814885055702,57.68981502857537],[11.984796243216856,57.690039279948365],[11.985214991195415,57.69004926256473],[11.985233630454868,57.689825011105725],[11.984814885055702,57.68981502857537]]]},"properties":{"grid":"campus","values":[11.2,10.524,6.596,9.799,1.569,11.548,12.06]}},{"type":"Feature","geometry":{"type":"Polygon","coordinates":[[[11.985233630454868,57.689825011105725],[11.985214991195415,57.69004926256473],[11.98563373945038,57.69005924379699],[11.985652376130435,57.68983499225199],[11.985233630454868,57.689825011105725]]]},"properties":{"grid":"campus","values":[11.519,10.332,8.129,9.735,4.098,11.299,12.038]}},{"type":"Feature","geometry":{"type":"Polygon","coordinates":[[[11.986071122082365,57.68984497201416],[11.985652376130435,57.68983499225199],[11.98563373945038,57.69005924379699],[11.986052487981713,57.69006922364513],[11.986071122082365,57.68984497201416]]]},"properties":{"grid":"campus","values":[11.614,10.274,8.62,9.735,4.837,11.224,12.022]}},{"type":"Feature","geometry":{"type":"Polygon","coordinates":[[[11.9697027654253,57.6899032322149],[11.969721500396277,57.68967898395827],[11.969302762671502,57.68966895013118],[11.969284025121306,57.68989319830137],[11.9697027654253,57.6899032322149]]]},"properties":{"grid":"campus","values":[13.97,10.316,4.851,4.803,14.909,10.505,5.431]}},{"type":"Feature","geometry":{"type":"Polygon","coordinates":[[[11.969721500396277,57.68967898395827],[11.9697027654253,57.6899032322149],[11.970121506007114,57.6899132647444],[11.970140238398866,57.68968901640128],[11.969721500396277,57.68967898395827]]]},"properties":{"grid":"campus","values":[13.674,10.397,4.569,4.949,14.331,10.514,5.522]}},{"type":"Feature","geometry":{"type":"Polygon","coordinates":[[[11.970140238398866,57.68968901640128],[11.970121506007114,57.6899132647444],[11.970540246866708,57.68992329588983],[11.97055897667923,57.68969904746028],[11.970140238398866,57.68968901640128]]]},"properties":{"grid":"campus","values":[9.667,11.487,0.766,6.992,6.497,10.545,6.818]}},{"type":"Feature","geometry":{"type":"Polygon","coordinates":[[[11.97055897667923,57.68969904746028],[11.970540246866708,57.68992329588983],[11.970958988004048,57.6899333256512],[11.970977715237336,57.68970907713525],[11.97055897667923,57.68969904746028]]]},"properties":{"grid":"campus","values":[9.489,11.65,0.675,7.419,6.563,10.623,7.0]}},{"type":"Feature","geometry":{"type":"Polygon","coordinates":[[[11.970977715237336,57.68970907713525],[11.970958988004048,57.6899333256512],[11.971377729419096,57.68994335402852],[11.971396454073139,57.68971910542616],[11.970977715237336,57.68970907713525]]]},"properties":{"grid":"campus","values":[12.507,11.775,3.641,8.598,16.006,11.241,7.0]}},{"type":"Feature","geometry":{"type":"Polygon","coordinates":[[[11.971396454073139,57.68971910542616],[11.971377729419096,57.68994335402852],[11.97179647111181,57.689953381021795],[11.971815193186606,57.68972913233303],[11.971396454073139,57.68971910542616]]]},"properties":{"grid":"campus","values":[12.842,10.71,4.626,8.403,17.93,11.155,7.0]}},{"type":"Feature","geometry":{"type":"Polygon","coordinates":[[[11.971815193186606,57.68972913233303],[11.97179647111181,57.689953381021795],[11.972215213082153,57.68996340663098],[11.972233932577698,57.68973915785585],[11.971815193186606,57.68972913233303]]]},"properties":{"grid":"campus","values":[12.664,1.469,9.968,5.753,24.963,9.998,7.0]}},{"type":"Feature","geometry":{"type":"Polygon","coordinates":[[[11.972233932577698,57.68973915785585],[11.972215213082153,57.68996340663098],[11.97263395533009,57.689973430856114],[11.972652672246374,57.68974918199462],[11.972233932577698,57.68973915785585]]]},"properties":{"grid":"campus","values":[12.728,0.386,10.571,4.93,25.614,9.998,7.0]}},{"type":"Feature","geometry":{"type":"Polygon","coordinates":[[[11.972652672246374,57.68974918199462],[11.97263395533009,57.689973430856114],[11.973052697855579,57.6899834536972],[11.9730714121926,57.68975920474933],[11.972652672246374,57.68974918199462]]]},"properties":{"grid":"campus","values":[13.243,0.0,10.815,0.731,24.14,11.152,7.0]}},{"type":"Feature","geometry":{"type":"Polygon","coordinates":[[[11.9730714121926,57.68975920474933],[11.973052697855579,57.6899834536972],[11.973471440658587,57.689993475154196],[11.973490152416334,57.68976922612],[11.9730714121926,57.68975920474933]]]},"properties":{"grid":"campus","values":[13.312,0.0,10.815,0.261,23.931,11.298,7.0]}},{"type":"Feature","geometry":{"type":"Polygon","coordinates":[[[11.973490152416334,57.68976922612],[11.973471440658587,57.689993475154196],[11.973890183739067,57.69000349522716],[11.97390889291754,57.68977924610658],[11.973490152416334,57.68976922612]]]},"properties":{"grid":"campus","values":[13.278,0.0,10.815,0.571,23.924,11.31,6.929]}},{"type":"Feature","geometry":{"type":"Polygon","coordinates":[[[11.97390889291754,57.68977924610658],[11.973890183739067,57.69000349522716],[11.974308927096992,57.69001351391601],[11.974327633696184,57.689789264709134],[11.97390889291754,57.68977924610658]]]},"properties":{"grid":"campus","values":[13.355,1.354,10.22,1.34,23.079,11.31,6.799]}},{"type":"Feature","geometry":{"type":"Polygon","coordinates":[[[11.974327633696184,57.689789264709134],[11.974308927096992,57.69001351391601],[11.974727670732316,57.690023531220824],[11.974746374752216,57.68979928192763],[11.974327633696184,57.689789264709134]]]},"properties":{"grid":"campus","values":[13.923,13.212,4.857,7.727,15.588,11.31,5.702]}},{"type":"Feature","geometry":{"type":"Polygon","coordinates":[[[11.974746374752216,57.68979928192763],[11.974727670732316,57.690023531220824],[11.975146414645005,57.69003354714154],[11.975165116085611,57.68980929776206],[11.974746374752216,57.68979928192763]]]},"properties":{"grid":"campus","values":[13.585,14.277,3.871,8.444,14.474,11.188,5.566]}},{"type":"Feature","geometry":{"type":"Polygon","coordinates":[[[11.975165116085611,57.68980929776206],[11.975146414645005,57.69003354714154],[11.975565158835018,57.69004356167819],[11.975583857696328,57.689819312212414],[11.975165116085611,57.68980929776206]]]},"properties":{"grid":"campus","values":[10.035,11.847,0.89,7.859,11.833,10.139,5.579]}},{"type":"Feature","geometry":{"type":"Polygon","coordinates":[[[11.975583857696328,57.689819312212414],[11.975565158835018,57.69004356167819],[11.975983903302316,57.69005357483076],[11.976002599584321,57.68982932527871],[11.975583857696328,57.689819312212414]]]},"properties":{"grid":"campus","values":[9.674,11.459,0.499,7.728,11.494,10.123,5.628]}},{"type":"Feature","geometry":{"type":"Polygon","coordinates":[[[11.976002599584321,57.68982932527871],[11.975983903302316,57.69005357483076],[11.976402648046866,57.69006358659925],[11.976421341749562,57.68983933696094],[11.976002599584321,57.68982932527871]]]},"properties":{"grid":"campus","values":[10.168,10.757,0.501,7.064,10.971,10.95,5.684]}},{"type":"Feature","geometry":{"type":"Polygon","coordinates":[[[11.976421341749562,57.68983933696094],[11.976402648046866,57.69006358659925],[11.976821393068628,57.69007359698367],[11.976840084192006,57.68984934725909],[11.976421341749562,57.68983933696094]]]},"properties":{"grid":"campus","values":[10.202,10.567,0.987,6.882,10.832,10.943,6.134]}},{"type":"Feature","geometry":{"type":"Polygon","coordinates":[[[11.976840084192006,57.68984934725909],[11.976821393068628,57.69007359698367],[11.977240138367561,57.69008360598399],[11.97725882691162,57.68985935617317],[11.976840084192006,57.68984934725909]]]},"properties":{"grid":"campus","values":[10.129,9.935,4.826,6.018,10.303,9.997,9.84]}},{"type":"Feature","geometry":{"type":"Polygon","coordinates":[[[11.97725882691162,57.68985935617317],[11.977240138367561,57.69008360598399],[11.97765888394363,57.690093613600226],[11.977677569908359,57.689869363703195],[11.97725882691162,57.68985935617317]]]},"properties":{"grid":"campus","values":[10.189,9.874,4.826,6.321,10.368,9.997,10.203]}},{"type":"Feature","geometry":{"type":"Polygon","coordinates":[[[11.977677569908359,57.689869363703195],[11.97765888394363,57.690093613600226],[11.978077629796797,57.6901036198324],[11.978096313182192,57.68987936984912],[11.977677569908359,57.689869363703195]]]},"properties":{"grid":"campus","values":[10.892,10.114,0.992,9.546,11.496,10.984,10.375]}},{"type":"Feature","geometry":{"type":"Polygon","coordinates":[[[11.978096313182192,57.68987936984912],[11.978077629796797,57.6901036198324],[11.97849637592702,57.69011362468047],[11.978515056733078,57.68988937461099],[11.978096313182192,57.68987936984912]]]},"properties":{"grid":"campus","values":[11.152,10.304,0.506,9.649,11.368,11.145,10.789]}},{"type":"Feature","geometry":{"type":"Polygon","coordinates":[[[11.978515056733078,57.68988937461099],[11.97849637592702,57.69011362468047],[11.978915122334266,57.69012362814444],[11.978933800560979,57.689899377988766],[11.978515056733078,57.68988937461099]]]},"properties":{"grid":"campus","values":[12.56,11.501,1.134,7.303,8.885,11.608,14.206]}},{"type":"Feature","geometry":{"type":"Polygon","coordinates":[[[11.978933800560979,57.689899377988766],[11.978915122334266,57.69012362814444],[11.979333869018495,57.69013363022432],[11.979352544665856,57.68990937998248],[11.978933800560979,57.689899377988766]]]},"properties":{"grid":"campus","values":[12.65,11.476,1.134,7.0,8.529,11.703,14.509]}},{"type":"Feature","geometry":{"type":"Polygon","coordinates":[[[11.979352544665856,57.68990937998248],[11.979333869018495,57.69013363022432],[11.979752615979667,57.6901436309201],[11.979771289047672,57.6899193805921],[11.979352544665856,57.68990937998248]]]},"properties":{"grid":"campus","values":[11.939,10.007,0.531,7.339,7.85,12.11,13.182]}},{"type":"Feature","geometry":{"type":"Polygon","coordinates":[[[11.979771289047672,57.6899193805921],[11.979752615979667,57.6901436309201],[11.980171363217746,57.690153630231805],[11.980190033706391,57.68992937981761],[11.979771289047672,57.6899193805921]]]},"properties":{"grid":"campus","values":[11.948,9.822,1.429,7.999,7.952,12.151,13.038]}},{"type":"Feature","geometry":{"type":"Polygon","coordinates":[[[11.980190033706391,57.68992937981761],[11.980171363217746,57.690153630231805],[11.980590110732694,57.690163628159404],[11.980608778641972,57.68993937765907],[11.980190033706391,57.68992937981761]]]},"properties":{"grid":"campus","values":[12.745,9.789,8.991,13.211,9.824,12.148,13.713]}},{"type":"Feature","geometry":{"type":"Polygon","coordinates":[[[11.980608778641972,57.68993937765907],[11.980590110732694,57.690163628159404],[11.981008858524474,57.69017362470291],[11.981027523854376,57.68994937411644],[11.980608778641972,57.68993937765907]]]},"properties":{"grid":"campus","values":[12.698,9.789,10.077,13.493,10.005,12.103,13.202]}},{"type":"Feature","geometry":{"type":"Polygon","coordinates":[[[11.981027523854376,57.68994937411644],[11.981008858524474,57.69017362470291],[11.981427606593044,57.69018361986227],[11.981446269343568,57.689959369189694],[11.981027523854376,57.68994937411644]]]},"properties":{"grid":"campus","values":[11.437,9.667,11.53,10.345,9.634,11.773,9.285]}},{"type":"Feature","geometry":{"type":"Polygon","coordinates":[[[11.981446269343568,57.689959369189694],[11.981427606593044,57.69018361986227],[11.98184635493837,57.690193613637554],[11.98186501510951,57.68996936287888],[11.981446269343568,57.689959369189694]]]},"properties":{"grid":"campus","values":[11.227,9.583,10.631,9.967,9.478,11.694,9.674]}},{"type":"Feature","geometry":{"type":"Polygon","coordinates":[[[11.98186501510951,57.68996936287888],[11.98184635493837,57.690193613637554],[11.982265103560412,57.69020360602874],[11.982283761152159,57.68997935518396],[11.98186501510951,57.68996936287888]]]},"properties":{"grid":"campus","values":[10.694,8.922,1.085,10.094,8.219,11.282,16.556]}},{"type":"Feature","geometry":{"type":"Polygon","coordinates":[[[11.982283761152159,57.68997935518396],[11.982265103560412,57.69020360602874],[11.98268385245913,57.69021359703583],[11.982702507471483,57.68998934610494],[11.982283761152159,57.68997935518396]]]},"properties":{"grid":"campus","values":[10.613,8.816,0.0,10.024,8.253,11.295,16.632]}},{"type":"Feature","geometry":{"type":"Polygon","coordinates":[[[11.982702507471483,57.68998934610494],[11.98268385245913,57.69021359703583],[11.98310260163449,57.69022358665878],[11.983121254067441,57.68999933564183],[11.982702507471483,57.68998934610494]]]},"properties":{"grid":"campus","values":[10.47,8.432,0.397,9.437,9.819,11.712,9.942]}},{"type":"Feature","geometry":{"type":"Polygon","coordinates":[[[11.983121254067441,57.68999933564183],[11.98310260163449,57.69022358665878],[11.98352135108645,57.69023357489763],[11.983540000939996,57.69000932379463],[11.983121254067441,57.68999933564183]]]},"properties":{"grid":"campus","values":[10.457,8.364,1.162,9.446,10.009,11.665,9.35]}},{"type":"Feature","geometry":{"type":"Polygon","coordinates":[[[11.983540000939996,57.69000932379463],[11.98352135108645,57.69023357489763],[11.983940100814976,57.690243561752375],[11.983958748089107,57.6900193105633],[11.983540000939996,57.69000932379463]]]},"properties":{"grid":"campus","values":[10.605,8.13,7.589,10.173,9.913,10.268,11.114]}},{"type":"Feature","geometry":{"type":"Polygon","coordinates":[[[11.983958748089107,57.6900193105633],[11.983940100814976,57.690243561752375],[11.984358850820028,57.69025354722299],[11.98437749551474,57.69002929594789],[11.983958748089107,57.6900193105633]]]},"properties":{"grid":"campus","values":[10.646,8.327,8.53,10.21,9.004,10.254,11.323]}},{"type":"Feature","geometry":{"type":"Polygon","coordinates":[[[11.98437749551474,57.69002929594789],[11.984358850820028,57.69025354722299],[11.984777601101568,57.69026353130948],[11.984796243216856,57.690039279948365],[11.98437749551474,57.69002929594789]]]},"properties":{"grid":"campus","values":[10.908,10.363,9.624,9.95,1.214,11.52,11.091]}},{"type":"Feature","geometry":{"type":"Polygon","coordinates":[[[11.984796243216856,57.690039279948365],[11.984777601101568,57.69026353130948],[11.985196351659557,57.690273514011885],[11.985214991195415,57.69004926256473],[11.984796243216856,57.690039279948365]]]},"properties":{"grid":"campus","values":[10.984,10.606,9.697,9.538,0.804,11.609,11.152]}},{"type":"Feature","geometry":{"type":"Polygon","coordinates":[[[11.985214991195415,57.69004926256473],[11.985196351659557,57.690273514011885],[11.985615102493957,57.69028349533014],[11.98563373945038,57.69005924379699],[11.985214991195415,57.69004926256473]]]},"properties":{"grid":"campus","values":[11.279,10.51,9.264,6.463,5.295,11.505,11.763]}},{"type":"Feature","geometry":{"type":"Polygon","coordinates":[[[11.986052487981713,57.69006922364513],[11.98563373945038,57.69005924379699],[11.985615102493957,57.69028349533014],[11.98603385360473,57.69029347526428],[11.986052487981713,57.69006922364513]]]},"properties":{"grid":"campus","values":[11.303,10.501,9.198,6.26,5.623,11.494,11.816]}},{"type":"Feature","geometry":{"type":"Polygon","coordinates":[[[11.969684030176502,57.69012748045966],[11.9697027654253,57.6899032322149],[11.969284025121306,57.68989319830137],[11.969265287293252,57.690117446459666],[11.969684030176502,57.69012748045966]]]},"properties":{"grid":"campus","values":[11.599,11.064,3.848,5.474,9.705,10.439,5.293]}},{"type":"Feature","geometry":{"type":"Polygon","coordinates":[[[11.9697027654253,57.6899032322149],[11.969684030176502,57.69012748045966],[11.970102773337578,57.6901375130756],[11.970121506007114,57.6899132647444],[11.9697027654253,57.6899032322149]]]},"properties":{"grid":"campus","values":[11.564,11.16,3.72,5.755,9.773,10.409,5.554]}},{"type":"Feature","geometry":{"type":"Polygon","coordinates":[[[11.970121506007114,57.6899132647444],[11.970102773337578,57.6901375130756],[11.970521516776444,57.690147544307464],[11.970540246866708,57.68992329588983],[11.970121506007114,57.6899132647444]]]},"properties":{"grid":"campus","values":[11.55,11.477,3.378,6.704,10.226,10.294,6.446]}},{"type":"Feature","geometry":{"type":"Polygon","coordinates":[[[11.970540246866708,57.68992329588983],[11.970521516776444,57.690147544307464],[11.970940260493059,57.69015757415526],[11.970958988004048,57.6899333256512],[11.970540246866708,57.68992329588983]]]},"properties":{"grid":"campus","values":[12.204,11.133,2.815,7.21,13.436,10.527,7.0]}},{"type":"Feature","geometry":{"type":"Polygon","coordinates":[[[11.970958988004048,57.6899333256512],[11.970940260493059,57.69015757415526],[11.971359004487386,57.69016760261898],[11.971377729419096,57.68994335402852],[11.970958988004048,57.6899333256512]]]},"properties":{"grid":"campus","values":[13.427,10.152,2.213,6.974,18.549,11.016,7.0]}},{"type":"Feature","geometry":{"type":"Polygon","coordinates":[[[11.971377729419096,57.68994335402852],[11.971359004487386,57.69016760261898],[11.971777748759385,57.690177629698645],[11.97179647111181,57.689953381021795],[11.971377729419096,57.68994335402852]]]},"properties":{"grid":"campus","values":[13.811,6.914,4.386,6.523,22.991,11.057,7.0]}},{"type":"Feature","geometry":{"type":"Polygon","coordinates":[[[11.97179647111181,57.689953381021795],[11.971777748759385,57.690177629698645],[11.97219649330902,57.69018765539423],[11.972215213082153,57.68996340663098],[11.97179647111181,57.689953381021795]]]},"properties":{"grid":"campus","values":[13.125,2.678,8.384,6.052,24.855,10.672,7.0]}},{"type":"Feature","geometry":{"type":"Polygon","coordinates":[[[11.972215213082153,57.68996340663098],[11.97219649330902,57.69018765539423],[11.972615238136253,57.69019767970575],[11.97263395533009,57.689973430856114],[11.972215213082153,57.68996340663098]]]},"properties":{"grid":"campus","values":[12.895,0.0,10.815,4.128,25.494,10.672,7.0]}},{"type":"Feature","geometry":{"type":"Polygon","coordinates":[[[11.97263395533009,57.689973430856114],[11.972615238136253,57.69019767970575],[11.973033983241047,57.69020770263318],[11.973052697855579,57.6899834536972],[11.97263395533009,57.689973430856114]]]},"properties":{"grid":"campus","values":[13.155,0.0,10.815,1.573,24.486,11.057,7.0]}},{"type":"Feature","geometry":{"type":"Polygon","coordinates":[[[11.973052697855579,57.6899834536972],[11.973033983241047,57.69020770263318],[11.97345272862336,57.690217724176534],[11.973471440658587,57.689993475154196],[11.973052697855579,57.6899834536972]]]},"properties":{"grid":"campus","values":[13.267,0.0,10.815,0.81,23.839,11.31,6.8]}},{"type":"Feature","geometry":{"type":"Polygon","coordinates":[[[11.973471440658587,57.689993475154196],[11.97345272862336,57.690217724176534],[11.973871474283158,57.690227744335814],[11.973890183739067,57.69000349522716],[11.973471440658587,57.689993475154196]]]},"properties":{"grid":"campus","values":[13.173,0.0,10.815,2.22,23.804,11.31,6.451]}},{"type":"Feature","geometry":{"type":"Polygon","coordinates":[[[11.973890183739067,57.69000349522716],[11.973871474283158,57.690227744335814],[11.974290220220402,57.690237763111014],[11.974308927096992,57.69001351391601],[11.973890183739067,57.69000349522716]]]},"properties":{"grid":"campus","values":[13.165,3.676,8.967,4.64,21.514,11.31,6.046]}},{"type":"Feature","geometry":{"type":"Polygon","coordinates":[[[11.974308927096992,57.69001351391601],[11.974290220220402,57.690237763111014],[11.97470896643505,57.690247780502126],[11.974727670732316,57.690023531220824],[11.974308927096992,57.69001351391601]]]},"properties":{"grid":"campus","values":[13.214,9.545,5.981,7.142,17.894,11.31,5.739]}},{"type":"Feature","geometry":{"type":"Polygon","coordinates":[[[11.974727670732316,57.690023531220824],[11.97470896643505,57.690247780502126],[11.97512771292707,57.690257796509144],[11.975146414645005,57.69003354714154],[11.974727670732316,57.690023531220824]]]},"properties":{"grid":"campus","values":[12.338,12.782,4.392,8.386,14.521,11.063,6.441]}},{"type":"Feature","geometry":{"type":"Polygon","coordinates":[[[11.975146414645005,57.69003354714154],[11.97512771292707,57.690257796509144],[11.975546459696421,57.69026781113209],[11.975565158835018,57.69004356167819],[11.975146414645005,57.69003354714154]]]},"properties":{"grid":"campus","values":[10.896,12.131,4.998,7.769,12.704,10.68,8.025]}},{"type":"Feature","geometry":{"type":"Polygon","coordinates":[[[11.975565158835018,57.69004356167819],[11.975546459696421,57.69026781113209],[11.975965206743064,57.69027782437093],[11.975983903302316,57.69005357483076],[11.975565158835018,57.69004356167819]]]},"properties":{"grid":"campus","values":[10.001,11.392,5.262,7.287,11.496,10.453,7.953]}},{"type":"Feature","geometry":{"type":"Polygon","coordinates":[[[11.975983903302316,57.69005357483076],[11.975965206743064,57.69027782437093],[11.97638395406696,57.6902878362257],[11.976402648046866,57.69006358659925],[11.975983903302316,57.69005357483076]]]},"properties":{"grid":"campus","values":[10.025,10.909,5.27,7.116,11.344,10.446,6.224]}},{"type":"Feature","geometry":{"type":"Polygon","coordinates":[[[11.976402648046866,57.69006358659925],[11.97638395406696,57.6902878362257],[11.976802701668078,57.69029784669635],[11.976821393068628,57.69007359698367],[11.976402648046866,57.69006358659925]]]},"properties":{"grid":"campus","values":[10.409,10.969,5.972,6.802,11.38,10.292,6.092]}},{"type":"Feature","geometry":{"type":"Polygon","coordinates":[[[11.976821393068628,57.69007359698367],[11.976802701668078,57.69029784669635],[11.977221449546372,57.69030785578292],[11.977240138367561,57.69008360598399],[11.976821393068628,57.69007359698367]]]},"properties":{"grid":"campus","values":[11.04,11.633,6.994,6.497,11.651,10.033,7.411]}},{"type":"Feature","geometry":{"type":"Polygon","coordinates":[[[11.977240138367561,57.69008360598399],[11.977221449546372,57.69030785578292],[11.977640197701806,57.690317863485426],[11.97765888394363,57.690093613600226],[11.977240138367561,57.69008360598399]]]},"properties":{"grid":"campus","values":[11.662,12.014,7.008,6.942,12.199,10.284,9.434]}},{"type":"Feature","geometry":{"type":"Polygon","coordinates":[[[11.97765888394363,57.690093613600226],[11.977640197701806,57.690317863485426],[11.978058946134343,57.69032786980379],[11.978077629796797,57.6901036198324],[11.97765888394363,57.690093613600226]]]},"properties":{"grid":"campus","values":[12.091,12.036,6.011,7.904,12.859,10.978,11.495]}},{"type":"Feature","geometry":{"type":"Polygon","coordinates":[[[11.978077629796797,57.6901036198324],[11.978058946134343,57.69032786980379],[11.978477694843944,57.69033787473805],[11.97849637592702,57.69011362468047],[11.978077629796797,57.6901036198324]]]},"properties":{"grid":"campus","values":[12.297,11.976,5.642,8.102,11.891,11.471,12.54]}},{"type":"Feature","geometry":{"type":"Polygon","coordinates":[[[11.97849637592702,57.69011362468047],[11.978477694843944,57.69033787473805],[11.978896443830573,57.690347878288236],[11.978915122334266,57.69012362814444],[11.97849637592702,57.69011362468047]]]},"properties":{"grid":"campus","values":[12.124,11.773,6.187,7.446,9.597,11.572,12.137]}},{"type":"Feature","geometry":{"type":"Polygon","coordinates":[[[11.978915122334266,57.69012362814444],[11.978896443830573,57.690347878288236],[11.97931519309419,57.6903578804543],[11.979333869018495,57.69013363022432],[11.978915122334266,57.69012362814444]]]},"properties":{"grid":"campus","values":[12.071,11.312,4.763,7.955,8.091,11.761,11.891]}},{"type":"Feature","geometry":{"type":"Polygon","coordinates":[[[11.979333869018495,57.69013363022432],[11.97931519309419,57.6903578804543],[11.979733942634756,57.69036788123626],[11.979752615979667,57.6901436309201],[11.979333869018495,57.69013363022432]]]},"properties":{"grid":"campus","values":[12.116,10.722,1.737,9.62,7.902,11.952,11.747]}},{"type":"Feature","geometry":{"type":"Polygon","coordinates":[[[11.979752615979667,57.6901436309201],[11.979733942634756,57.69036788123626],[11.980152692452235,57.69037788063412],[11.980171363217746,57.690153630231805],[11.979752615979667,57.6901436309201]]]},"properties":{"grid":"campus","values":[12.106,10.342,2.771,11.076,8.12,12.131,11.743]}},{"type":"Feature","geometry":{"type":"Polygon","coordinates":[[[11.980171363217746,57.690153630231805],[11.980152692452235,57.69037788063412],[11.980571442546589,57.690387878647854],[11.980590110732694,57.690163628159404],[11.980171363217746,57.690153630231805]]]},"properties":{"grid":"campus","values":[12.038,10.342,7.244,11.688,8.648,12.234,11.938]}},{"type":"Feature","geometry":{"type":"Polygon","coordinates":[[[11.980590110732694,57.690163628159404],[11.980571442546589,57.690387878647854],[11.980990192917778,57.69039787527748],[11.981008858524474,57.69017362470291],[11.980590110732694,57.690163628159404]]]},"properties":{"grid":"campus","values":[11.72,10.161,10.257,11.632,9.184,12.139,11.659]}},{"type":"Feature","geometry":{"type":"Polygon","coordinates":[[[11.981008858524474,57.69017362470291],[11.980990192917778,57.69039787527748],[11.981408943565768,57.690407870522996],[11.981427606593044,57.69018361986227],[11.981008858524474,57.69017362470291]]]},"properties":{"grid":"campus","values":[11.253,9.847,10.605,10.813,9.519,11.887,11.18]}},{"type":"Feature","geometry":{"type":"Polygon","coordinates":[[[11.981427606593044,57.69018361986227],[11.981408943565768,57.690407870522996],[11.981827694490514,57.69041786438439],[11.98184635493837,57.690193613637554],[11.981427606593044,57.69018361986227]]]},"properties":{"grid":"campus","values":[10.835,9.544,7.833,10.214,9.213,11.605,11.44]}},{"type":"Feature","geometry":{"type":"Polygon","coordinates":[[[11.98184635493837,57.690193613637554],[11.981827694490514,57.69041786438439],[11.982246445691985,57.69042785686167],[11.982265103560412,57.69020360602874],[11.98184635493837,57.690193613637554]]]},"properties":{"grid":"campus","values":[10.657,9.363,3.013,10.138,8.409,11.398,12.218]}},{"type":"Feature","geometry":{"type":"Polygon","coordinates":[[[11.982265103560412,57.69020360602874],[11.982246445691985,57.69042785686167],[11.982665197170137,57.69043784795483],[11.98268385245913,57.69021359703583],[11.982265103560412,57.69020360602874]]]},"properties":{"grid":"campus","values":[10.495,8.785,1.117,9.981,8.501,11.259,11.929]}},{"type":"Feature","geometry":{"type":"Polygon","coordinates":[[[11.98268385245913,57.69021359703583],[11.982665197170137,57.69043784795483],[11.983083948924936,57.69044783766387],[11.98310260163449,57.69022358665878],[11.98268385245913,57.69021359703583]]]},"properties":{"grid":"campus","values":[10.423,8.001,3.063,9.813,9.453,11.219,10.617]}},{"type":"Feature","geometry":{"type":"Polygon","coordinates":[[[11.98310260163449,57.69022358665878],[11.983083948924936,57.69044783766387],[11.983502700956343,57.69045782598878],[11.98352135108645,57.69023357489763],[11.98310260163449,57.69022358665878]]]},"properties":{"grid":"campus","values":[10.598,7.9,5.26,10.018,9.431,9.534,10.246]}},{"type":"Feature","geometry":{"type":"Polygon","coordinates":[[[11.98352135108645,57.69023357489763],[11.983502700956343,57.69045782598878],[11.98392145326432,57.69046781292956],[11.983940100814976,57.690243561752375],[11.98352135108645,57.69023357489763]]]},"properties":{"grid":"campus","values":[10.979,8.536,6.839,10.541,8.367,6.657,11.145]}},{"type":"Feature","geometry":{"type":"Polygon","coordinates":[[[11.983940100814976,57.690243561752375],[11.98392145326432,57.69046781292956],[11.984340205848829,57.690477798486235],[11.984358850820028,57.69025354722299],[11.983940100814976,57.690243561752375]]]},"properties":{"grid":"campus","values":[11.239,9.247,8.421,11.042,6.398,6.573,11.623]}},{"type":"Feature","geometry":{"type":"Polygon","coordinates":[[[11.984358850820028,57.69025354722299],[11.984340205848829,57.690477798486235],[11.984758958709829,57.69048778265878],[11.984777601101568,57.69026353130948],[11.984358850820028,57.69025354722299]]]},"properties":{"grid":"campus","values":[11.293,9.771,9.225,11.378,4.392,9.308,11.475]}},{"type":"Feature","geometry":{"type":"Polygon","coordinates":[[[11.984777601101568,57.69026353130948],[11.984758958709829,57.69048778265878],[11.985177711847285,57.69049776544718],[11.985196351659557,57.690273514011885],[11.984777601101568,57.69026353130948]]]},"properties":{"grid":"campus","values":[11.202,9.961,9.466,9.995,4.197,10.768,11.508]}},{"type":"Feature","geometry":{"type":"Polygon","coordinates":[[[11.985196351659557,57.690273514011885],[11.985177711847285,57.69049776544718],[11.98559646526116,57.69050774685143],[11.985615102493957,57.69028349533014],[11.985196351659557,57.690273514011885]]]},"properties":{"grid":"campus","values":[10.959,9.673,9.052,7.412,6.026,10.542,11.692]}},{"type":"Feature","geometry":{"type":"Polygon","coordinates":[[[11.98603385360473,57.69029347526428],[11.985615102493957,57.69028349533014],[11.98559646526116,57.69050774685143],[11.986015218951415,57.69051772687157],[11.98603385360473,57.69029347526428]]]},"properties":{"grid":"campus","values":[10.893,9.59,8.928,6.67,6.578,10.475,11.749]}},{"type":"Feature","geometry":{"type":"Polygon","coordinates":[[[11.969665294649877,57.69035172869258],[11.969684030176502,57.69012748045966],[11.969265287293252,57.690117446459666],[11.96924654918733,57.69034169460612],[11.969665294649877,57.69035172869258]]]},"properties":{"grid":"campus","values":[9.745,11.618,3.268,6.053,5.765,10.506,5.097]}},{"type":"Feature","geometry":{"type":"Polygon","coordinates":[[[11.969684030176502,57.69012748045966],[11.969665294649877,57.69035172869258],[11.970084040390255,57.69036176139496],[11.970102773337578,57.6901375130756],[11.969684030176502,57.69012748045966]]]},"properties":{"grid":"campus","values":[9.971,11.622,3.413,6.127,6.293,10.469,5.208]}},{"type":"Feature","geometry":{"type":"Polygon","coordinates":[[[11.970102773337578,57.6901375130756],[11.970084040390255,57.69036176139496],[11.970502786408426,57.69037179271324],[11.970521516776444,57.690147544307464],[11.970102773337578,57.6901375130756]]]},"properties":{"grid":"campus","values":[12.926,11.709,5.191,7.263,13.456,9.999,6.818]}},{"type":"Feature","geometry":{"type":"Polygon","coordinates":[[[11.970521516776444,57.690147544307464],[11.970502786408426,57.69037179271324],[11.970921532704352,57.69038182264747],[11.970940260493059,57.69015757415526],[11.970521516776444,57.690147544307464]]]},"properties":{"grid":"campus","values":[13.51,11.336,4.918,7.185,15.442,10.074,7.0]}},{"type":"Feature","geometry":{"type":"Polygon","coordinates":[[[11.970940260493059,57.69015757415526],[11.970921532704352,57.69038182264747],[11.971340279277998,57.6903918511976],[11.971359004487386,57.69016760261898],[11.970940260493059,57.69015757415526]]]},"properties":{"grid":"campus","values":[15.213,8.546,1.009,5.57,24.071,11.179,7.0]}},{"type":"Feature","geometry":{"type":"Polygon","coordinates":[[[11.971359004487386,57.69016760261898],[11.971340279277998,57.6903918511976],[11.971759026129321,57.690401878363666],[11.971777748759385,57.690177629698645],[11.971359004487386,57.69016760261898]]]},"properties":{"grid":"campus","values":[15.144,7.481,1.471,5.466,25.099,11.285,7.0]}},{"type":"Feature","geometry":{"type":"Polygon","coordinates":[[[11.971777748759385,57.690177629698645],[11.971759026129321,57.690401878363666],[11.972177773258288,57.69041190414564],[11.97219649330902,57.69018765539423],[11.971777748759385,57.690177629698645]]]},"properties":{"grid":"campus","values":[13.334,1.183,9.281,5.955,26.12,11.012,7.0]}},{"type":"Feature","geometry":{"type":"Polygon","coordinates":[[[11.97219649330902,57.69018765539423],[11.972177773258288,57.69041190414564],[11.972596520664855,57.69042192854352],[11.972615238136253,57.69019767970575],[11.97219649330902,57.69018765539423]]]},"properties":{"grid":"campus","values":[13.128,0.491,10.266,5.5,25.917,11.012,7.0]}},{"type":"Feature","geometry":{"type":"Polygon","coordinates":[[[11.972615238136253,57.69019767970575],[11.972596520664855,57.69042192854352],[11.97301526834899,57.690431951557315],[11.973033983241047,57.69020770263318],[11.972615238136253,57.69019767970575]]]},"properties":{"grid":"campus","values":[13.246,0.0,10.815,0.824,24.206,11.204,7.0]}},{"type":"Feature","geometry":{"type":"Polygon","coordinates":[[[11.973033983241047,57.69020770263318],[11.97301526834899,57.690431951557315],[11.973434016310652,57.69044197318703],[11.97345272862336,57.690217724176534],[11.973033983241047,57.69020770263318]]]},"properties":{"grid":"campus","values":[13.253,0.0,10.815,0.779,23.99,11.229,6.872]}},{"type":"Feature","geometry":{"type":"Polygon","coordinates":[[[11.97345272862336,57.690217724176534],[11.973434016310652,57.69044197318703],[11.973852764549799,57.69045199343265],[11.973871474283158,57.690227744335814],[11.97345272862336,57.690217724176534]]]},"properties":{"grid":"campus","values":[12.969,0.49,10.923,5.334,23.77,11.214,5.987]}},{"type":"Feature","geometry":{"type":"Polygon","coordinates":[[[11.973871474283158,57.690227744335814],[11.973852764549799,57.69045199343265],[11.974271513066402,57.69046201229418],[11.974290220220402,57.690237763111014],[11.973871474283158,57.690227744335814]]]},"properties":{"grid":"campus","values":[12.891,1.564,10.302,6.156,23.102,11.214,5.851]}},{"type":"Feature","geometry":{"type":"Polygon","coordinates":[[[11.974290220220402,57.690237763111014],[11.974271513066402,57.69046201229418],[11.974690261860415,57.69047202977159],[11.97470896643505,57.690247780502126],[11.974290220220402,57.690237763111014]]]},"properties":{"grid":"campus","values":[12.821,10.751,4.431,8.488,17.538,11.31,5.589]}},{"type":"Feature","geometry":{"type":"Polygon","coordinates":[[[11.97470896643505,57.690247780502126],[11.974690261860415,57.69047202977159],[11.975109010931803,57.69048204586493],[11.97512771292707,57.690257796509144],[11.97470896643505,57.690247780502126]]]},"properties":{"grid":"campus","values":[12.579,11.816,4.342,8.609,16.431,11.267,6.164]}},{"type":"Feature","geometry":{"type":"Polygon","coordinates":[[[11.97512771292707,57.690257796509144],[11.975109010931803,57.69048204586493],[11.97552776028053,57.69049206057416],[11.975546459696421,57.69026781113209],[11.97512771292707,57.690257796509144]]]},"properties":{"grid":"campus","values":[10.63,11.577,8.654,7.297,12.202,10.861,10.79]}},{"type":"Feature","geometry":{"type":"Polygon","coordinates":[[[11.975546459696421,57.69026781113209],[11.97552776028053,57.69049206057416],[11.975946509906555,57.69050207389928],[11.975965206743064,57.69027782437093],[11.975546459696421,57.69026781113209]]]},"properties":{"grid":"campus","values":[10.398,11.47,9.189,7.113,11.75,10.731,10.699]}},{"type":"Feature","geometry":{"type":"Polygon","coordinates":[[[11.975965206743064,57.69027782437093],[11.975946509906555,57.69050207389928],[11.976365259809837,57.69051208584031],[11.97638395406696,57.6902878362257],[11.975965206743064,57.69027782437093]]]},"properties":{"grid":"campus","values":[10.201,10.883,9.17,7.08,11.69,10.085,6.649]}},{"type":"Feature","geometry":{"type":"Polygon","coordinates":[[[11.97638395406696,57.6902878362257],[11.976365259809837,57.69051208584031],[11.976784009990347,57.69052209639722],[11.976802701668078,57.69029784669635],[11.97638395406696,57.6902878362257]]]},"properties":{"grid":"campus","values":[10.414,11.1,9.161,7.049,11.844,9.994,6.142]}},{"type":"Feature","geometry":{"type":"Polygon","coordinates":[[[11.976802701668078,57.69029784669635],[11.976784009990347,57.69052209639722],[11.977202760448037,57.69053210557004],[11.977221449546372,57.69030785578292],[11.976802701668078,57.69029784669635]]]},"properties":{"grid":"campus","values":[12.289,13.555,9.36,6.84,13.037,9.835,6.579]}},{"type":"Feature","geometry":{"type":"Polygon","coordinates":[[[11.977221449546372,57.69030785578292],[11.977202760448037,57.69053210557004],[11.977621511182875,57.69054211335877],[11.977640197701806,57.690317863485426],[11.977221449546372,57.69030785578292]]]},"properties":{"grid":"campus","values":[12.629,13.854,9.369,6.84,13.326,9.995,7.529]}},{"type":"Feature","geometry":{"type":"Polygon","coordinates":[[[11.977640197701806,57.690317863485426],[11.977621511182875,57.69054211335877],[11.978040262194824,57.69055211976333],[11.978058946134343,57.69032786980379],[11.977640197701806,57.690317863485426]]]},"properties":{"grid":"campus","values":[13.376,13.379,9.669,7.415,14.213,11.425,13.847]}},{"type":"Feature","geometry":{"type":"Polygon","coordinates":[[[11.978058946134343,57.69032786980379],[11.978040262194824,57.69055211976333],[11.978459013483839,57.69056212478383],[11.978477694843944,57.69033787473805],[11.978058946134343,57.69032786980379]]]},"properties":{"grid":"campus","values":[13.263,13.161,9.889,7.446,13.716,11.589,14.126]}},{"type":"Feature","geometry":{"type":"Polygon","coordinates":[[[11.978477694843944,57.69033787473805],[11.978459013483839,57.69056212478383],[11.978877765049887,57.6905721284202],[11.978896443830573,57.690347878288236],[11.978477694843944,57.69033787473805]]]},"properties":{"grid":"campus","values":[11.798,11.79,10.782,7.018,8.547,11.677,10.564]}},{"type":"Feature","geometry":{"type":"Polygon","coordinates":[[[11.978896443830573,57.690347878288236],[11.978877765049887,57.6905721284202],[11.979296516892932,57.69058213067244],[11.97931519309419,57.6903578804543],[11.978896443830573,57.690347878288236]]]},"properties":{"grid":"campus","values":[11.68,11.52,9.874,7.627,7.921,11.709,10.124]}},{"type":"Feature","geometry":{"type":"Polygon","coordinates":[[[11.97931519309419,57.6903578804543],[11.979296516892932,57.69058213067244],[11.97971526901293,57.690592131540576],[11.979733942634756,57.69036788123626],[11.97931519309419,57.6903578804543]]]},"properties":{"grid":"campus","values":[12.196,10.941,1.108,12.603,7.889,11.979,10.049]}},{"type":"Feature","geometry":{"type":"Polygon","coordinates":[[[11.979733942634756,57.69036788123626],[11.97971526901293,57.690592131540576],[11.980134021409848,57.69060213102459],[11.980152692452235,57.69037788063412],[11.979733942634756,57.69036788123626]]]},"properties":{"grid":"campus","values":[12.18,10.871,0.925,12.913,7.931,12.054,10.182]}},{"type":"Feature","geometry":{"type":"Polygon","coordinates":[[[11.980152692452235,57.69037788063412],[11.980134021409848,57.69060213102459],[11.980552774083645,57.69061212912448],[11.980571442546589,57.690387878647854],[11.980152692452235,57.69037788063412]]]},"properties":{"grid":"campus","values":[11.372,10.807,9.198,10.876,8.407,12.366,10.812]}},{"type":"Feature","geometry":{"type":"Polygon","coordinates":[[[11.980571442546589,57.690387878647854],[11.980552774083645,57.69061212912448],[11.980971527034283,57.69062212584025],[11.980990192917778,57.69039787527748],[11.980571442546589,57.690387878647854]]]},"properties":{"grid":"campus","values":[11.213,10.692,10.102,10.577,8.579,12.347,11.113]}},{"type":"Feature","geometry":{"type":"Polygon","coordinates":[[[11.980990192917778,57.69039787527748],[11.980971527034283,57.69062212584025],[11.981390280261726,57.6906321211719],[11.981408943565768,57.690407870522996],[11.980990192917778,57.69039787527748]]]},"properties":{"grid":"campus","values":[10.699,9.782,9.756,10.37,9.595,11.805,12.676]}},{"type":"Feature","geometry":{"type":"Polygon","coordinates":[[[11.981408943565768,57.690407870522996],[11.981390280261726,57.6906321211719],[11.981809033765934,57.690642115119395],[11.981827694490514,57.69041786438439],[11.981408943565768,57.690407870522996]]]},"properties":{"grid":"campus","values":[10.629,9.667,8.832,10.342,9.547,11.7,12.477]}},{"type":"Feature","geometry":{"type":"Polygon","coordinates":[[[11.981827694490514,57.69041786438439],[11.981809033765934,57.690642115119395],[11.982227787546872,57.69065210768276],[11.982246445691985,57.69042785686167],[11.981827694490514,57.69041786438439]]]},"properties":{"grid":"campus","values":[10.456,9.625,1.313,10.122,8.015,11.324,9.537]}},{"type":"Feature","geometry":{"type":"Polygon","coordinates":[[[11.982246445691985,57.69042785686167],[11.982227787546872,57.69065210768276],[11.982646541604497,57.69066209886204],[11.982665197170137,57.69043784795483],[11.982246445691985,57.69042785686167]]]},"properties":{"grid":"campus","values":[10.428,9.355,1.122,10.087,8.042,11.224,9.282]}},{"type":"Feature","geometry":{"type":"Polygon","coordinates":[[[11.982665197170137,57.69043784795483],[11.982646541604497,57.69066209886204],[11.983065295938774,57.690672088657145],[11.983083948924936,57.69044783766387],[11.982665197170137,57.69043784795483]]]},"properties":{"grid":"campus","values":[10.415,7.156,6.759,9.961,9.869,10.827,10.537]}},{"type":"Feature","geometry":{"type":"Polygon","coordinates":[[[11.983083948924936,57.69044783766387],[11.983065295938774,57.690672088657145],[11.983484050549665,57.69068207706813],[11.983502700956343,57.69045782598878],[11.983083948924936,57.69044783766387]]]},"properties":{"grid":"campus","values":[10.539,7.156,7.442,10.084,9.678,9.797,10.855]}},{"type":"Feature","geometry":{"type":"Polygon","coordinates":[[[11.983502700956343,57.69045782598878],[11.983484050549665,57.69068207706813],[11.98390280543713,57.69069206409496],[11.98392145326432,57.69046781292956],[11.983502700956343,57.69045782598878]]]},"properties":{"grid":"campus","values":[11.547,9.186,7.616,11.178,6.44,2.003,11.918]}},{"type":"Feature","geometry":{"type":"Polygon","coordinates":[[[11.98392145326432,57.69046781292956],[11.98390280543713,57.69069206409496],[11.984321560601133,57.69070204973765],[11.984340205848829,57.690477798486235],[11.98392145326432,57.69046781292956]]]},"properties":{"grid":"campus","values":[11.674,9.455,7.742,11.463,6.036,1.961,12.028]}},{"type":"Feature","geometry":{"type":"Polygon","coordinates":[[[11.984340205848829,57.690477798486235],[11.984321560601133,57.69070204973765],[11.984740316041634,57.69071203399623],[11.984758958709829,57.69048778265878],[11.984340205848829,57.690477798486235]]]},"properties":{"grid":"campus","values":[11.758,9.892,9.296,12.738,5.818,9.368,11.788]}},{"type":"Feature","geometry":{"type":"Polygon","coordinates":[[[11.984758958709829,57.69048778265878],[11.984740316041634,57.69071203399623],[11.985159071758597,57.69072201687066],[11.985177711847285,57.69049776544718],[11.984758958709829,57.69048778265878]]]},"properties":{"grid":"campus","values":[11.628,9.786,9.381,12.242,6.078,10.216,11.753]}},{"type":"Feature","geometry":{"type":"Polygon","coordinates":[[[11.985177711847285,57.69049776544718],[11.985159071758597,57.69072201687066],[11.985577827751984,57.690731998360924],[11.98559646526116,57.69050774685143],[11.985177711847285,57.69049776544718]]]},"properties":{"grid":"campus","values":[10.71,8.965,8.691,7.119,8.379,9.771,11.816]}},{"type":"Feature","geometry":{"type":"Polygon","coordinates":[[[11.986015218951415,57.69051772687157],[11.98559646526116,57.69050774685143],[11.985577827751984,57.690731998360924],[11.985996584021755,57.69074197846704],[11.986015218951415,57.69051772687157]]]},"properties":{"grid":"campus","values":[10.647,8.922,8.66,6.746,8.547,9.743,11.817]}},{"type":"Feature","geometry":{"type":"Polygon","coordinates":[[[11.969646558845422,57.69057597691357],[11.969665294649877,57.69035172869258],[11.96924654918733,57.69034169460612],[11.969227810803543,57.69056594274066],[11.969646558845422,57.69057597691357]]]},"properties":{"grid":"campus","values":[10.956,11.75,3.894,8.08,10.182,10.837,5.524]}},{"type":"Feature","geometry":{"type":"Polygon","coordinates":[[[11.969665294649877,57.69035172869258],[11.969646558845422,57.69057597691357],[11.970065307165138,57.69058600970241],[11.970084040390255,57.69036176139496],[11.969665294649877,57.69035172869258]]]},"properties":{"grid":"campus","values":[11.237,11.767,4.108,8.094,10.938,10.754,5.75]}},{"type":"Feature","geometry":{"type":"Polygon","coordinates":[[[11.970084040390255,57.69036176139496],[11.970065307165138,57.69058600970241],[11.970484055762656,57.690596041107135],[11.970502786408426,57.69037179271324],[11.970084040390255,57.69036176139496]]]},"properties":{"grid":"campus","values":[12.158,11.829,4.823,8.138,13.469,10.476,6.518]}},{"type":"Feature","geometry":{"type":"Polygon","coordinates":[[[11.970502786408426,57.69037179271324],[11.970484055762656,57.690596041107135],[11.970902804637932,57.69060607112778],[11.970921532704352,57.69038182264747],[11.970502786408426,57.69037179271324]]]},"properties":{"grid":"campus","values":[13.371,11.745,4.642,7.809,16.532,10.587,7.0]}},{"type":"Feature","geometry":{"type":"Polygon","coordinates":[[[11.970921532704352,57.69038182264747],[11.970902804637932,57.69060607112778],[11.971321553790933,57.69061609976433],[11.971340279277998,57.6903918511976],[11.970921532704352,57.69038182264747]]]},"properties":{"grid":"campus","values":[14.333,11.686,3.722,7.223,18.553,11.028,7.0]}},{"type":"Feature","geometry":{"type":"Polygon","coordinates":[[[11.971340279277998,57.6903918511976],[11.971321553790933,57.69061609976433],[11.971740303221619,57.69062612701679],[11.971759026129321,57.690401878363666],[11.971340279277998,57.6903918511976]]]},"properties":{"grid":"campus","values":[14.987,9.784,3.702,6.504,21.596,11.273,7.0]}},{"type":"Feature","geometry":{"type":"Polygon","coordinates":[[[11.971759026129321,57.690401878363666],[11.971740303221619,57.69062612701679],[11.972159052929952,57.69063615288515],[11.972177773258288,57.69041190414564],[11.971759026129321,57.690401878363666]]]},"properties":{"grid":"campus","values":[15.191,6.951,4.405,5.878,24.47,11.219,7.0]}},{"type":"Feature","geometry":{"type":"Polygon","coordinates":[[[11.972177773258288,57.69041190414564],[11.972159052929952,57.69063615288515],[11.972577802915895,57.6906461773694],[11.972596520664855,57.69042192854352],[11.972177773258288,57.69041190414564]]]},"properties":{"grid":"campus","values":[14.633,3.787,6.578,4.741,25.822,10.99,7.0]}},{"type":"Feature","geometry":{"type":"Polygon","coordinates":[[[11.972596520664855,57.69042192854352],[11.972577802915895,57.6906461773694],[11.972996553179406,57.69065620046958],[11.97301526834899,57.690431951557315],[11.972596520664855,57.69042192854352]]]},"properties":{"grid":"campus","values":[13.537,1.381,9.27,3.565,25.382,10.647,7.0]}},{"type":"Feature","geometry":{"type":"Polygon","coordinates":[[[11.97301526834899,57.690431951557315],[11.972996553179406,57.69065620046958],[11.973415303720452,57.69066622218563],[11.973434016310652,57.69044197318703],[11.97301526834899,57.690431951557315]]]},"properties":{"grid":"campus","values":[12.835,1.379,11.118,4.843,24.736,10.413,7.162]}},{"type":"Feature","geometry":{"type":"Polygon","coordinates":[[[11.973434016310652,57.69044197318703],[11.973415303720452,57.69066622218563],[11.973834054538992,57.69067624251759],[11.973852764549799,57.69045199343265],[11.973434016310652,57.69044197318703]]]},"properties":{"grid":"campus","values":[12.705,3.782,11.645,8.262,24.136,10.339,7.494]}},{"type":"Feature","geometry":{"type":"Polygon","coordinates":[[[11.973852764549799,57.69045199343265],[11.973834054538992,57.69067624251759],[11.974252805634988,57.69068626146544],[11.974271513066402,57.69046201229418],[11.973852764549799,57.69045199343265]]]},"properties":{"grid":"campus","values":[13.222,6.743,9.187,9.448,22.951,10.567,7.293]}},{"type":"Feature","geometry":{"type":"Polygon","coordinates":[[[11.974271513066402,57.69046201229418],[11.974252805634988,57.69068626146544],[11.974671557008406,57.690696279029176],[11.974690261860415,57.69047202977159],[11.974271513066402,57.69046201229418]]]},"properties":{"grid":"campus","values":[14.284,9.074,4.622,7.768,21.752,11.039,6.665]}},{"type":"Feature","geometry":{"type":"Polygon","coordinates":[[[11.974690261860415,57.69047202977159],[11.974671557008406,57.690696279029176],[11.975090308659203,57.69070629520883],[11.975109010931803,57.69048204586493],[11.974690261860415,57.69047202977159]]]},"properties":{"grid":"campus","values":[14.106,10.583,3.5,7.093,18.8,11.246,7.162]}},{"type":"Feature","geometry":{"type":"Polygon","coordinates":[[[11.975109010931803,57.69048204586493],[11.975090308659203,57.69070629520883],[11.97550906058734,57.69071631000435],[11.97552776028053,57.69049206057416],[11.975109010931803,57.69048204586493]]]},"properties":{"grid":"campus","values":[12.831,10.459,6.145,7.549,15.292,11.152,8.429]}},{"type":"Feature","geometry":{"type":"Polygon","coordinates":[[[11.97552776028053,57.69049206057416],[11.97550906058734,57.69071631000435],[11.975927812792783,57.69072632341575],[11.975946509906555,57.69050207389928],[11.97552776028053,57.69049206057416]]]},"properties":{"grid":"campus","values":[12.136,10.928,7.665,7.789,13.109,10.923,11.877]}},{"type":"Feature","geometry":{"type":"Polygon","coordinates":[[[11.975946509906555,57.69050207389928],[11.975927812792783,57.69072632341575],[11.976346565275493,57.69073633544305],[11.976365259809837,57.69051208584031],[11.975946509906555,57.69050207389928]]]},"properties":{"grid":"campus","values":[12.292,11.911,7.459,7.822,12.991,10.67,16.652]}},{"type":"Feature","geometry":{"type":"Polygon","coordinates":[[[11.976365259809837,57.69051208584031],[11.976346565275493,57.69073633544305],[11.976765318035431,57.690746346086215],[11.976784009990347,57.69052209639722],[11.976365259809837,57.69051208584031]]]},"properties":{"grid":"campus","values":[12.525,12.92,7.447,8.028,13.182,10.323,16.386]}},{"type":"Feature","geometry":{"type":"Polygon","coordinates":[[[11.976784009990347,57.69052209639722],[11.976765318035431,57.690746346086215],[11.97718407107256,57.69075635534527],[11.977202760448037,57.69053210557004],[11.976784009990347,57.69052209639722]]]},"properties":{"grid":"campus","values":[12.693,13.61,7.635,8.364,13.571,10.007,11.349]}},{"type":"Feature","geometry":{"type":"Polygon","coordinates":[[[11.977202760448037,57.69053210557004],[11.97718407107256,57.69075635534527],[11.977602824386839,57.69076636322022],[11.977621511182875,57.69054211335877],[11.977202760448037,57.69053210557004]]]},"properties":{"grid":"campus","values":[12.919,13.041,8.85,8.964,13.31,10.266,10.087]}},{"type":"Feature","geometry":{"type":"Polygon","coordinates":[[[11.977621511182875,57.69054211335877],[11.977602824386839,57.69076636322022],[11.978021577978234,57.690776369711024],[11.978040262194824,57.69055211976333],[11.977621511182875,57.69054211335877]]]},"properties":{"grid":"campus","values":[13.012,11.243,10.774,9.67,12.351,10.971,12.551]}},{"type":"Feature","geometry":{"type":"Polygon","coordinates":[[[11.978040262194824,57.69055211976333],[11.978021577978234,57.690776369711024],[11.978440331846704,57.690786374817726],[11.978459013483839,57.69056212478383],[11.978040262194824,57.69055211976333]]]},"properties":{"grid":"campus","values":[12.968,10.294,10.24,9.31,10.816,11.611,13.923]}},{"type":"Feature","geometry":{"type":"Polygon","coordinates":[[[11.978459013483839,57.69056212478383],[11.978440331846704,57.690786374817726],[11.97885908599221,57.690796378540284],[11.978877765049887,57.6905721284202],[11.978459013483839,57.69056212478383]]]},"properties":{"grid":"campus","values":[12.845,10.523,7.3,7.964,9.295,11.956,13.738]}},{"type":"Feature","geometry":{"type":"Polygon","coordinates":[[[11.978877765049887,57.6905721284202],[11.97885908599221,57.690796378540284],[11.979277840414719,57.69080638087872],[11.979296516892932,57.69058213067244],[11.978877765049887,57.6905721284202]]]},"properties":{"grid":"campus","values":[12.488,10.687,4.029,8.522,8.181,12.178,12.235]}},{"type":"Feature","geometry":{"type":"Polygon","coordinates":[[[11.979296516892932,57.69058213067244],[11.979277840414719,57.69080638087872],[11.979696595114188,57.690816381833024],[11.97971526901293,57.690592131540576],[11.979296516892932,57.69058213067244]]]},"properties":{"grid":"campus","values":[12.035,10.851,1.629,10.599,8.007,12.207,9.976]}},{"type":"Feature","geometry":{"type":"Polygon","coordinates":[[[11.97971526901293,57.690592131540576],[11.979696595114188,57.690816381833024],[11.980115350090582,57.690826381403205],[11.980134021409848,57.69060213102459],[11.97971526901293,57.690592131540576]]]},"properties":{"grid":"campus","values":[11.529,10.749,2.777,11.489,8.225,12.218,8.98]}},{"type":"Feature","geometry":{"type":"Polygon","coordinates":[[[11.980134021409848,57.69060213102459],[11.980115350090582,57.690826381403205],[11.98053410534386,57.690836379589236],[11.980552774083645,57.69061212912448],[11.980134021409848,57.69060213102459]]]},"properties":{"grid":"campus","values":[11.106,10.434,7.248,10.84,8.761,12.178,9.452]}},{"type":"Feature","geometry":{"type":"Polygon","coordinates":[[[11.980552774083645,57.69061212912448],[11.98053410534386,57.690836379589236],[11.980952860873987,57.69084637639114],[11.980971527034283,57.69062212584025],[11.980552774083645,57.69061212912448]]]},"properties":{"grid":"campus","values":[10.753,10.085,9.22,10.356,9.127,11.98,10.077]}},{"type":"Feature","geometry":{"type":"Polygon","coordinates":[[[11.980971527034283,57.69062212584025],[11.980952860873987,57.69084637639114],[11.981371616680923,57.690856371808906],[11.981390280261726,57.6906321211719],[11.980971527034283,57.69062212584025]]]},"properties":{"grid":"campus","values":[10.626,9.836,7.826,10.28,9.16,11.681,10.575]}},{"type":"Feature","geometry":{"type":"Polygon","coordinates":[[[11.981390280261726,57.6906321211719],[11.981371616680923,57.690856371808906],[11.98179037276463,57.69086636584254],[11.981809033765934,57.690642115119395],[11.981390280261726,57.6906321211719]]]},"properties":{"grid":"campus","values":[10.446,9.667,6.202,10.195,8.937,11.393,10.283]}},{"type":"Feature","geometry":{"type":"Polygon","coordinates":[[[11.981809033765934,57.690642115119395],[11.98179037276463,57.69086636584254],[11.982209129125069,57.69087635849201],[11.982227787546872,57.69065210768276],[11.981809033765934,57.690642115119395]]]},"properties":{"grid":"campus","values":[10.288,9.667,5.131,10.135,8.534,11.23,9.354]}},{"type":"Feature","geometry":{"type":"Polygon","coordinates":[[[11.982227787546872,57.69065210768276],[11.982209129125069,57.69087635849201],[11.982627885762207,57.690886349757356],[11.982646541604497,57.69066209886204],[11.982227787546872,57.69065210768276]]]},"properties":{"grid":"campus","values":[10.443,9.104,5.358,9.975,8.751,11.124,9.806]}},{"type":"Feature","geometry":{"type":"Polygon","coordinates":[[[11.982646541604497,57.69066209886204],[11.982627885762207,57.690886349757356],[11.983046642676,57.69089633963854],[11.983065295938774,57.690672088657145],[11.982646541604497,57.69066209886204]]]},"properties":{"grid":"campus","values":[10.882,8.231,6.901,9.772,9.521,11.141,11.623]}},{"type":"Feature","geometry":{"type":"Polygon","coordinates":[[[11.983065295938774,57.690672088657145],[11.983046642676,57.69089633963854],[11.983465399866411,57.6909063281356],[11.983484050549665,57.69068207706813],[11.983065295938774,57.690672088657145]]]},"properties":{"grid":"campus","values":[11.121,7.85,7.954,9.928,9.266,9.572,12.357]}},{"type":"Feature","geometry":{"type":"Polygon","coordinates":[[[11.983484050549665,57.69068207706813],[11.983465399866411,57.6909063281356],[11.983884157333403,57.690916315248494],[11.98390280543713,57.69069206409496],[11.983484050549665,57.69068207706813]]]},"properties":{"grid":"campus","values":[11.05,8.06,7.976,10.355,8.127,7.228,11.691]}},{"type":"Feature","geometry":{"type":"Polygon","coordinates":[[[11.98390280543713,57.69069206409496],[11.983884157333403,57.690916315248494],[11.984302915076938,57.69092630097723],[11.984321560601133,57.69070204973765],[11.98390280543713,57.69069206409496]]]},"properties":{"grid":"campus","values":[11.416,9.128,8.883,11.04,8.084,7.018,11.438]}},{"type":"Feature","geometry":{"type":"Polygon","coordinates":[[[11.984321560601133,57.69070204973765],[11.984302915076938,57.69092630097723],[11.98472167309698,57.69093628532183],[11.984740316041634,57.69071203399623],[11.984321560601133,57.69070204973765]]]},"properties":{"grid":"campus","values":[12.077,10.674,10.392,11.695,9.307,9.012,11.62]}},{"type":"Feature","geometry":{"type":"Polygon","coordinates":[[[11.984740316041634,57.69071203399623],[11.98472167309698,57.69093628532183],[11.985140431393488,57.69094626828227],[11.985159071758597,57.69072201687066],[11.984740316041634,57.69071203399623]]]},"properties":{"grid":"campus","values":[12.317,11.462,10.947,11.766,10.34,10.834,11.775]}},{"type":"Feature","geometry":{"type":"Polygon","coordinates":[[[11.985159071758597,57.69072201687066],[11.985140431393488,57.69094626828227],[11.985559189966423,57.69095624985855],[11.985577827751984,57.690731998360924],[11.985159071758597,57.69072201687066]]]},"properties":{"grid":"campus","values":[12.127,11.332,10.37,11.431,10.815,11.679,11.875]}},{"type":"Feature","geometry":{"type":"Polygon","coordinates":[[[11.985996584021755,57.69074197846704],[11.985577827751984,57.690731998360924],[11.985559189966423,57.69095624985855],[11.985977948815751,57.69096623005068],[11.985996584021755,57.69074197846704]]]},"properties":{"grid":"campus","values":[12.071,11.297,10.212,11.305,10.977,11.916,11.903]}},{"type":"Feature","geometry":{"type":"Polygon","coordinates":[[[11.96962782276313,57.69080022512271],[11.969646558845422,57.69057597691357],[11.969227810803543,57.69056594274066],[11.96920907214188,57.69079019086334],[11.96962782276313,57.69080022512271]]]},"properties":{"grid":"campus","values":[11.706,11.729,3.939,9.663,13.066,11.248,5.566]}},{"type":"Feature","geometry":{"type":"Polygon","coordinates":[[[11.969646558845422,57.69057597691357],[11.96962782276313,57.69080022512271],[11.970046573662223,57.69081025799797],[11.970065307165138,57.69058600970241],[11.969646558845422,57.69057597691357]]]},"properties":{"grid":"campus","values":[11.725,11.746,3.994,9.622,13.202,11.216,5.649]}},{"type":"Feature","geometry":{"type":"Polygon","coordinates":[[[11.970065307165138,57.69058600970241],[11.970046573662223,57.69081025799797],[11.970465324839124,57.69082028948914],[11.970484055762656,57.690596041107135],[11.970065307165138,57.69058600970241]]]},"properties":{"grid":"campus","values":[12.199,11.96,4.618,8.934,14.981,10.705,8.136]}},{"type":"Feature","geometry":{"type":"Polygon","coordinates":[[[11.970484055762656,57.690596041107135],[11.970465324839124,57.69082028948914],[11.970884076293789,57.6908303195962],[11.970902804637932,57.69060607112778],[11.970484055762656,57.690596041107135]]]},"properties":{"grid":"campus","values":[12.425,12.256,4.759,8.798,15.073,10.705,8.272]}},{"type":"Feature","geometry":{"type":"Polygon","coordinates":[[[11.970902804637932,57.69060607112778],[11.970884076293789,57.6908303195962],[11.971302828026182,57.69084034831917],[11.971321553790933,57.69061609976433],[11.970902804637932,57.69060607112778]]]},"properties":{"grid":"campus","values":[14.158,14.235,5.407,8.328,15.179,11.254,7.0]}},{"type":"Feature","geometry":{"type":"Polygon","coordinates":[[[11.971321553790933,57.69061609976433],[11.971302828026182,57.69084034831917],[11.97172158003627,57.69085037565802],[11.971740303221619,57.69062612701679],[11.971321553790933,57.69061609976433]]]},"properties":{"grid":"campus","values":[14.639,14.021,4.962,7.967,16.156,11.31,7.0]}},{"type":"Feature","geometry":{"type":"Polygon","coordinates":[[[11.971740303221619,57.69062612701679],[11.97172158003627,57.69085037565802],[11.972140332324006,57.690860401612774],[11.972159052929952,57.69063615288515],[11.971740303221619,57.69062612701679]]]},"properties":{"grid":"campus","values":[16.652,9.924,1.235,5.571,24.589,11.284,7.0]}},{"type":"Feature","geometry":{"type":"Polygon","coordinates":[[[11.972159052929952,57.69063615288515],[11.972140332324006,57.690860401612774],[11.972559084889362,57.6908704261834],[11.972577802915895,57.6906461773694],[11.972159052929952,57.69063615288515]]]},"properties":{"grid":"campus","values":[16.489,8.556,1.696,5.273,25.641,11.138,7.0]}},{"type":"Feature","geometry":{"type":"Polygon","coordinates":[[[11.972577802915895,57.6906461773694],[11.972559084889362,57.6908704261834],[11.97297783773229,57.69088044936993],[11.972996553179406,57.69065620046958],[11.972577802915895,57.6906461773694]]]},"properties":{"grid":"campus","values":[13.051,1.319,9.919,5.282,25.535,10.016,7.164]}},{"type":"Feature","geometry":{"type":"Polygon","coordinates":[[[11.972996553179406,57.69065620046958],[11.97297783773229,57.69088044936993],[11.97339659085276,57.69089047117235],[11.973415303720452,57.69066622218563],[11.972996553179406,57.69065620046958]]]},"properties":{"grid":"campus","values":[12.596,1.318,11.098,6.14,25.326,9.844,7.387]}},{"type":"Feature","geometry":{"type":"Polygon","coordinates":[[[11.973415303720452,57.69066622218563],[11.97339659085276,57.69089047117235],[11.973815344250728,57.69090049159064],[11.973834054538992,57.69067624251759],[11.973415303720452,57.69066622218563]]]},"properties":{"grid":"campus","values":[12.399,8.328,12.648,12.89,23.659,9.616,8.922]}},{"type":"Feature","geometry":{"type":"Polygon","coordinates":[[[11.973834054538992,57.69067624251759],[11.973815344250728,57.69090049159064],[11.97423409792616,57.69091051062483],[11.974252805634988,57.69068626146544],[11.973834054538992,57.69067624251759]]]},"properties":{"grid":"campus","values":[12.802,9.209,11.662,12.875,23.53,9.762,8.922]}},{"type":"Feature","geometry":{"type":"Polygon","coordinates":[[[11.974252805634988,57.69068626146544],[11.97423409792616,57.69091051062483],[11.974652851879016,57.69092052827489],[11.974671557008406,57.690696279029176],[11.974252805634988,57.69068626146544]]]},"properties":{"grid":"campus","values":[16.212,10.027,1.362,6.217,23.729,11.138,7.084]}},{"type":"Feature","geometry":{"type":"Polygon","coordinates":[[[11.974671557008406,57.690696279029176],[11.974652851879016,57.69092052827489],[11.975071606109257,57.69093054454085],[11.975090308659203,57.69070629520883],[11.974671557008406,57.690696279029176]]]},"properties":{"grid":"campus","values":[16.325,9.99,0.731,5.673,22.884,11.31,6.861]}},{"type":"Feature","geometry":{"type":"Polygon","coordinates":[[[11.975090308659203,57.69070629520883],[11.975071606109257,57.69093054454085],[11.975490360616847,57.69094055942265],[11.97550906058734,57.69071631000435],[11.975090308659203,57.69070629520883]]]},"properties":{"grid":"campus","values":[13.763,9.688,5.604,8.022,15.338,11.257,6.871]}},{"type":"Feature","geometry":{"type":"Polygon","coordinates":[[[11.97550906058734,57.69071631000435],[11.975490360616847,57.69094055942265],[11.975909115401748,57.69095057292034],[11.975927812792783,57.69072632341575],[11.97550906058734,57.69071631000435]]]},"properties":{"grid":"campus","values":[13.538,10.088,6.073,8.348,14.369,11.233,9.155]}},{"type":"Feature","geometry":{"type":"Polygon","coordinates":[[[11.975927812792783,57.69072632341575],[11.975909115401748,57.69095057292034],[11.976327870463921,57.690960585033906],[11.976346565275493,57.69073633544305],[11.975927812792783,57.69072632341575]]]},"properties":{"grid":"campus","values":[14.195,13.612,5.841,8.819,14.099,11.032,27.115]}},{"type":"Feature","geometry":{"type":"Polygon","coordinates":[[[11.976346565275493,57.69073633544305],[11.976327870463921,57.690960585033906],[11.976746625803328,57.690970595763325],[11.976765318035431,57.690746346086215],[11.976346565275493,57.69073633544305]]]},"properties":{"grid":"campus","values":[14.144,14.052,5.841,8.978,14.077,10.897,27.421]}},{"type":"Feature","geometry":{"type":"Polygon","coordinates":[[[11.976765318035431,57.690746346086215],[11.976746625803328,57.690970595763325],[11.97716538141993,57.69098060510864],[11.97718407107256,57.69075635534527],[11.976765318035431,57.690746346086215]]]},"properties":{"grid":"campus","values":[13.079,13.851,5.789,9.719,14.125,10.0,11.935]}},{"type":"Feature","geometry":{"type":"Polygon","coordinates":[[[11.97718407107256,57.69075635534527],[11.97716538141993,57.69098060510864],[11.97758413731369,57.69099061306981],[11.977602824386839,57.69076636322022],[11.97718407107256,57.69075635534527]]]},"properties":{"grid":"campus","values":[12.904,13.208,6.556,10.101,13.687,10.016,10.239]}},{"type":"Feature","geometry":{"type":"Polygon","coordinates":[[[11.977602824386839,57.69076636322022],[11.97758413731369,57.69099061306981],[11.97800289348457,57.69100061964684],[11.978021577978234,57.690776369711024],[11.977602824386839,57.69076636322022]]]},"properties":{"grid":"campus","values":[12.543,7.934,12.112,11.872,9.97,11.098,13.052]}},{"type":"Feature","geometry":{"type":"Polygon","coordinates":[[[11.978021577978234,57.690776369711024],[11.97800289348457,57.69100061964684],[11.97842164993253,57.69101062483975],[11.978440331846704,57.690786374817726],[11.978021577978234,57.690776369711024]]]},"properties":{"grid":"campus","values":[12.621,7.532,11.566,11.614,9.457,11.353,13.665]}},{"type":"Feature","geometry":{"type":"Polygon","coordinates":[[[11.978440331846704,57.690786374817726],[11.97842164993253,57.69101062483975],[11.978840406657536,57.6910206286485],[11.97885908599221,57.690796378540284],[11.978440331846704,57.690786374817726]]]},"properties":{"grid":"campus","values":[13.637,9.517,1.794,7.834,8.614,12.434,16.415]}},{"type":"Feature","geometry":{"type":"Polygon","coordinates":[[[11.97885908599221,57.690796378540284],[11.978840406657536,57.6910206286485],[11.979259163659545,57.691030631073126],[11.979277840414719,57.69080638087872],[11.97885908599221,57.690796378540284]]]},"properties":{"grid":"campus","values":[13.519,9.875,0.559,7.618,8.49,12.546,15.869]}},{"type":"Feature","geometry":{"type":"Polygon","coordinates":[[[11.979277840414719,57.69080638087872],[11.979259163659545,57.691030631073126],[11.979677920938524,57.691040632113605],[11.979696595114188,57.690816381833024],[11.979277840414719,57.69080638087872]]]},"properties":{"grid":"campus","values":[11.514,10.703,0.409,10.258,8.029,12.381,8.505]}},{"type":"Feature","geometry":{"type":"Polygon","coordinates":[[[11.979696595114188,57.690816381833024],[11.979677920938524,57.691040632113605],[11.98009667849443,57.69105063176994],[11.980115350090582,57.690826381403205],[11.979696595114188,57.690816381833024]]]},"properties":{"grid":"campus","values":[11.206,10.703,1.313,10.536,8.128,12.318,7.745]}},{"type":"Feature","geometry":{"type":"Polygon","coordinates":[[[11.980115350090582,57.690826381403205],[11.98009667849443,57.69105063176994],[11.980515436327227,57.69106063004214],[11.98053410534386,57.690836379589236],[11.980115350090582,57.690826381403205]]]},"properties":{"grid":"campus","values":[10.579,9.84,9.005,10.387,9.495,11.944,8.709]}},{"type":"Feature","geometry":{"type":"Polygon","coordinates":[[[11.98053410534386,57.690836379589236],[11.980515436327227,57.69106063004214],[11.98093419443688,57.691070626930184],[11.980952860873987,57.69084637639114],[11.98053410534386,57.690836379589236]]]},"properties":{"grid":"campus","values":[10.503,9.725,9.415,10.359,9.567,11.835,8.825]}},{"type":"Feature","geometry":{"type":"Polygon","coordinates":[[[11.980952860873987,57.69084637639114],[11.98093419443688,57.691070626930184],[11.981352952823347,57.691080622434065],[11.981371616680923,57.690856371808906],[11.980952860873987,57.69084637639114]]]},"properties":{"grid":"campus","values":[10.455,9.667,5.424,10.138,8.843,11.324,8.833]}},{"type":"Feature","geometry":{"type":"Polygon","coordinates":[[[11.981371616680923,57.690856371808906],[11.981352952823347,57.691080622434065],[11.98177171148659,57.6910906165538],[11.98179037276463,57.69086636584254],[11.981371616680923,57.690856371808906]]]},"properties":{"grid":"campus","values":[10.406,9.667,5.255,10.11,8.746,11.239,8.833]}},{"type":"Feature","geometry":{"type":"Polygon","coordinates":[[[11.98179037276463,57.69086636584254],[11.98177171148659,57.6910906165538],[11.982190470426573,57.69110060928941],[11.982209129125069,57.69087635849201],[11.98179037276463,57.69086636584254]]]},"properties":{"grid":"campus","values":[10.124,9.62,7.367,10.079,8.706,11.02,9.055]}},{"type":"Feature","geometry":{"type":"Polygon","coordinates":[[[11.982209129125069,57.69087635849201],[11.982190470426573,57.69110060928941],[11.98260922964326,57.69111060064083],[11.982627885762207,57.690886349757356],[11.982209129125069,57.69087635849201]]]},"properties":{"grid":"campus","values":[10.248,9.514,7.692,10.01,8.819,11.047,9.582]}},{"type":"Feature","geometry":{"type":"Polygon","coordinates":[[[11.982627885762207,57.690886349757356],[11.98260922964326,57.69111060064083],[11.983027989136605,57.69112059060809],[11.983046642676,57.69089633963854],[11.982627885762207,57.690886349757356]]]},"properties":{"grid":"campus","values":[11.508,8.537,8.051,9.412,9.826,11.429,13.694]}},{"type":"Feature","geometry":{"type":"Polygon","coordinates":[[[11.983046642676,57.69089633963854],[11.983027989136605,57.69112059060809],[11.983446748906578,57.69113057919121],[11.983465399866411,57.6909063281356],[11.983046642676,57.69089633963854]]]},"properties":{"grid":"campus","values":[11.544,8.294,8.082,9.397,9.843,11.393,13.863]}},{"type":"Feature","geometry":{"type":"Polygon","coordinates":[[[11.983465399866411,57.6909063281356],[11.983446748906578,57.69113057919121],[11.983865508953135,57.69114056639017],[11.983884157333403,57.690916315248494],[11.983465399866411,57.6909063281356]]]},"properties":{"grid":"campus","values":[10.565,7.432,8.328,10.025,8.374,10.154,11.034]}},{"type":"Feature","geometry":{"type":"Polygon","coordinates":[[[11.983884157333403,57.690916315248494],[11.983865508953135,57.69114056639017],[11.984284269276241,57.69115055220496],[11.984302915076938,57.69092630097723],[11.983884157333403,57.690916315248494]]]},"properties":{"grid":"campus","values":[10.68,7.861,8.788,10.194,8.725,10.059,10.77]}},{"type":"Feature","geometry":{"type":"Polygon","coordinates":[[[11.984302915076938,57.69092630097723],[11.984284269276241,57.69115055220496],[11.98470302987586,57.691160536635586],[11.98472167309698,57.69093628532183],[11.984302915076938,57.69092630097723]]]},"properties":{"grid":"campus","values":[12.793,12.468,12.544,11.184,12.97,10.444,11.515]}},{"type":"Feature","geometry":{"type":"Polygon","coordinates":[[[11.98472167309698,57.69093628532183],[11.98470302987586,57.691160536635586],[11.985121790751949,57.69117051968203],[11.985140431393488,57.69094626828227],[11.98472167309698,57.69093628532183]]]},"properties":{"grid":"campus","values":[13.068,13.07,12.818,11.694,13.385,10.811,11.647]}},{"type":"Feature","geometry":{"type":"Polygon","coordinates":[[[11.985140431393488,57.69094626828227],[11.985121790751949,57.69117051968203],[11.985540551904474,57.69118050134433],[11.985559189966423,57.69095624985855],[11.985140431393488,57.69094626828227]]]},"properties":{"grid":"campus","values":[13.18,13.194,11.329,14.619,13.064,13.976,12.0]}},{"type":"Feature","geometry":{"type":"Polygon","coordinates":[[[11.985977948815751,57.69096623005068],[11.985559189966423,57.69095624985855],[11.985540551904474,57.69118050134433],[11.985959313333396,57.691190481622435],[11.985977948815751,57.69096623005068]]]},"properties":{"grid":"campus","values":[13.185,13.193,11.218,14.831,13.019,14.191,12.022]}},{"type":"Feature","geometry":{"type":"Polygon","coordinates":[[[11.969609086402992,57.69102447331997],[11.96962782276313,57.69080022512271],[11.96920907214188,57.69079019086334],[11.96919033320233,57.69101443897414],[11.969609086402992,57.69102447331997]]]},"properties":{"grid":"campus","values":[11.746,11.424,1.995,9.377,12.55,11.217,7.905]}},{"type":"Feature","geometry":{"type":"Polygon","coordinates":[[[11.96962782276313,57.69080022512271],[11.969609086402992,57.69102447331997],[11.9700278398815,57.69103450628169],[11.970046573662223,57.69081025799797],[11.96962782276313,57.69080022512271]]]},"properties":{"grid":"campus","values":[11.953,11.488,2.047,9.251,12.63,11.134,9.771]}},{"type":"Feature","geometry":{"type":"Polygon","coordinates":[[[11.970046573662223,57.69081025799797],[11.9700278398815,57.69103450628169],[11.97044659363782,57.69104453785929],[11.970465324839124,57.69082028948914],[11.970046573662223,57.69081025799797]]]},"properties":{"grid":"campus","values":[12.697,11.71,2.183,8.817,12.856,10.849,16.506]}},{"type":"Feature","geometry":{"type":"Polygon","coordinates":[[[11.970465324839124,57.69082028948914],[11.97044659363782,57.69104453785929],[11.970865347671912,57.691054568052785],[11.970884076293789,57.6908303195962],[11.970465324839124,57.69082028948914]]]},"properties":{"grid":"campus","values":[13.378,12.244,3.212,8.513,13.43,10.849,16.821]}},{"type":"Feature","geometry":{"type":"Polygon","coordinates":[[[11.970884076293789,57.6908303195962],[11.970865347671912,57.691054568052785],[11.971284101983741,57.69106459686216],[11.971302828026182,57.69084034831917],[11.970884076293789,57.6908303195962]]]},"properties":{"grid":"campus","values":[13.733,12.838,4.813,8.473,14.167,11.134,10.582]}},{"type":"Feature","geometry":{"type":"Polygon","coordinates":[[[11.971302828026182,57.69084034831917],[11.971284101983741,57.69106459686216],[11.971702856573264,57.69107462428741],[11.97172158003627,57.69085037565802],[11.971302828026182,57.69084034831917]]]},"properties":{"grid":"campus","values":[14.358,12.837,4.758,8.062,16.42,11.271,7.0]}},{"type":"Feature","geometry":{"type":"Polygon","coordinates":[[[11.97172158003627,57.69085037565802],[11.971702856573264,57.69107462428741],[11.972121611440448,57.69108465032855],[11.972140332324006,57.690860401612774],[11.97172158003627,57.69085037565802]]]},"properties":{"grid":"campus","values":[14.901,12.328,3.237,7.529,19.223,11.202,7.0]}},{"type":"Feature","geometry":{"type":"Polygon","coordinates":[[[11.972140332324006,57.690860401612774],[11.972121611440448,57.69108465032855],[11.972540366585251,57.69109467498557],[11.972559084889362,57.6908704261834],[11.972140332324006,57.690860401612774]]]},"properties":{"grid":"campus","values":[14.559,9.879,4.892,7.66,21.063,11.001,7.461]}},{"type":"Feature","geometry":{"type":"Polygon","coordinates":[[[11.972559084889362,57.6908704261834],[11.972540366585251,57.69109467498557],[11.972959122007635,57.69110469825846],[11.97297783773229,57.69088044936993],[11.972559084889362,57.6908704261834]]]},"properties":{"grid":"campus","values":[13.484,6.663,9.112,8.54,21.048,10.778,8.264]}},{"type":"Feature","geometry":{"type":"Polygon","coordinates":[[[11.97297783773229,57.69088044936993],[11.972959122007635,57.69110469825846],[11.973377877707566,57.691114720147226],[11.97339659085276,57.69089047117235],[11.97297783773229,57.69088044936993]]]},"properties":{"grid":"campus","values":[12.686,6.054,12.106,9.79,20.724,10.538,8.592]}},{"type":"Feature","geometry":{"type":"Polygon","coordinates":[[[11.97339659085276,57.69089047117235],[11.973377877707566,57.691114720147226],[11.973796633685,57.69112474065188],[11.973815344250728,57.69090049159064],[11.97339659085276,57.69089047117235]]]},"properties":{"grid":"campus","values":[12.551,8.209,12.638,10.749,20.256,10.413,8.271]}},{"type":"Feature","geometry":{"type":"Polygon","coordinates":[[[11.973815344250728,57.69090049159064],[11.973796633685,57.69112474065188],[11.974215389939905,57.69113475977237],[11.97423409792616,57.69091051062483],[11.973815344250728,57.69090049159064]]]},"properties":{"grid":"campus","values":[13.323,10.394,9.392,10.157,19.76,10.614,7.614]}},{"type":"Feature","geometry":{"type":"Polygon","coordinates":[[[11.97423409792616,57.69091051062483],[11.974215389939905,57.69113475977237],[11.974634146472237,57.69114477750876],[11.974652851879016,57.69092052827489],[11.97423409792616,57.69091051062483]]]},"properties":{"grid":"campus","values":[14.644,11.697,3.595,8.173,19.413,11.031,6.789]}},{"type":"Feature","geometry":{"type":"Polygon","coordinates":[[[11.974652851879016,57.69092052827489],[11.974634146472237,57.69114477750876],[11.975052903281965,57.691154793860996],[11.975071606109257,57.69093054454085],[11.974652851879016,57.69092052827489]]]},"properties":{"grid":"campus","values":[15.013,12.398,1.59,7.195,17.883,11.223,5.461]}},{"type":"Feature","geometry":{"type":"Polygon","coordinates":[[[11.975071606109257,57.69093054454085],[11.975052903281965,57.691154793860996],[11.975471660369044,57.69116480882912],[11.975490360616847,57.69094055942265],[11.975071606109257,57.69093054454085]]]},"properties":{"grid":"campus","values":[14.29,12.33,4.143,7.691,15.898,11.07,4.061]}},{"type":"Feature","geometry":{"type":"Polygon","coordinates":[[[11.975490360616847,57.69094055942265],[11.975471660369044,57.69116480882912],[11.975890417733439,57.69117482241308],[11.975909115401748,57.69095057292034],[11.975490360616847,57.69094055942265]]]},"properties":{"grid":"campus","values":[13.954,13.229,6.701,9.118,14.684,11.037,7.258]}},{"type":"Feature","geometry":{"type":"Polygon","coordinates":[[[11.975909115401748,57.69095057292034],[11.975890417733439,57.69117482241308],[11.97630917537511,57.69118483461291],[11.976327870463921,57.690960585033906],[11.975909115401748,57.69095057292034]]]},"properties":{"grid":"campus","values":[14.181,14.706,8.418,10.979,14.938,11.142,13.326]}},{"type":"Feature","geometry":{"type":"Polygon","coordinates":[[[11.976327870463921,57.690960585033906],[11.97630917537511,57.69118483461291],[11.976727933294026,57.6911948454286],[11.976746625803328,57.690970595763325],[11.976327870463921,57.690960585033906]]]},"properties":{"grid":"campus","values":[13.789,14.602,7.633,11.113,14.566,11.005,14.648]}},{"type":"Feature","geometry":{"type":"Polygon","coordinates":[[[11.976746625803328,57.690970595763325],[11.976727933294026,57.6911948454286],[11.97714669149014,57.69120485486016],[11.97716538141993,57.69098060510864],[11.976746625803328,57.690970595763325]]]},"properties":{"grid":"campus","values":[12.899,12.77,4.546,9.422,13.672,10.716,10.761]}},{"type":"Feature","geometry":{"type":"Polygon","coordinates":[[[11.97716538141993,57.69098060510864],[11.97714669149014,57.69120485486016],[11.977565449963416,57.691214862907565],[11.97758413731369,57.69099061306981],[11.97716538141993,57.69098060510864]]]},"properties":{"grid":"campus","values":[12.024,10.31,4.089,8.544,12.046,10.684,9.001]}},{"type":"Feature","geometry":{"type":"Polygon","coordinates":[[[11.97758413731369,57.69099061306981],[11.977565449963416,57.691214862907565],[11.97798420871382,57.69122486957083],[11.97800289348457,57.69100061964684],[11.97758413731369,57.69099061306981]]]},"properties":{"grid":"campus","values":[11.46,8.111,6.078,8.554,10.281,10.911,10.493]}},{"type":"Feature","geometry":{"type":"Polygon","coordinates":[[[11.97800289348457,57.69100061964684],[11.97798420871382,57.69122486957083],[11.978402967741312,57.691234874849926],[11.97842164993253,57.69101062483975],[11.97800289348457,57.69100061964684]]]},"properties":{"grid":"campus","values":[11.837,7.521,5.274,8.226,8.829,11.475,12.993]}},{"type":"Feature","geometry":{"type":"Polygon","coordinates":[[[11.97842164993253,57.69101062483975],[11.978402967741312,57.691234874849926],[11.978821727045851,57.69124487874489],[11.978840406657536,57.6910206286485],[11.97842164993253,57.69101062483975]]]},"properties":{"grid":"campus","values":[13.028,8.849,2.101,7.745,8.27,12.129,15.613]}},{"type":"Feature","geometry":{"type":"Polygon","coordinates":[[[11.978840406657536,57.6910206286485],[11.978821727045851,57.69124487874489],[11.979240486627402,57.69125488125571],[11.979259163659545,57.691030631073126],[11.978840406657536,57.6910206286485]]]},"properties":{"grid":"campus","values":[12.858,9.705,1.152,8.156,8.066,12.33,14.594]}},{"type":"Feature","geometry":{"type":"Polygon","coordinates":[[[11.979259163659545,57.691030631073126],[11.979240486627402,57.69125488125571],[11.979659246485927,57.69126488238236],[11.979677920938524,57.691040632113605],[11.979259163659545,57.691030631073126]]]},"properties":{"grid":"campus","values":[11.417,9.726,3.159,9.438,8.319,11.981,10.416]}},{"type":"Feature","geometry":{"type":"Polygon","coordinates":[[[11.979677920938524,57.691040632113605],[11.979659246485927,57.69126488238236],[11.980078006621385,57.691274882124866],[11.98009667849443,57.69105063176994],[11.979677920938524,57.691040632113605]]]},"properties":{"grid":"campus","values":[10.438,9.726,5.848,10.243,8.748,11.681,8.015]}},{"type":"Feature","geometry":{"type":"Polygon","coordinates":[[[11.98009667849443,57.69105063176994],[11.980078006621385,57.691274882124866],[11.980496767033742,57.69128488048321],[11.980515436327227,57.69106063004214],[11.98009667849443,57.69105063176994]]]},"properties":{"grid":"campus","values":[10.294,9.705,8.168,10.254,9.204,11.532,8.31]}},{"type":"Feature","geometry":{"type":"Polygon","coordinates":[[[11.980515436327227,57.69106063004214],[11.980496767033742,57.69128488048321],[11.980915527722958,57.69129487745738],[11.98093419443688,57.691070626930184],[11.980515436327227,57.69106063004214]]]},"properties":{"grid":"campus","values":[10.193,9.667,8.77,10.22,9.269,11.341,8.202]}},{"type":"Feature","geometry":{"type":"Polygon","coordinates":[[[11.98093419443688,57.691070626930184],[11.980915527722958,57.69129487745738],[11.981334288688993,57.6913048730474],[11.981352952823347,57.691080622434065],[11.98093419443688,57.691070626930184]]]},"properties":{"grid":"campus","values":[10.191,9.667,7.339,10.16,8.898,11.2,7.673]}},{"type":"Feature","geometry":{"type":"Polygon","coordinates":[[[11.981352952823347,57.691080622434065],[11.981334288688993,57.6913048730474],[11.981753049931813,57.69131486725326],[11.98177171148659,57.6910906165538],[11.981352952823347,57.691080622434065]]]},"properties":{"grid":"campus","values":[10.379,9.536,6.882,10.072,8.835,11.082,8.603]}},{"type":"Feature","geometry":{"type":"Polygon","coordinates":[[[11.98177171148659,57.6910906165538],[11.981753049931813,57.69131486725326],[11.982171811451376,57.691324860074964],[11.982190470426573,57.69110060928941],[11.98177171148659,57.6910906165538]]]},"properties":{"grid":"campus","values":[10.728,9.308,7.585,9.99,9.135,11.051,10.754]}},{"type":"Feature","geometry":{"type":"Polygon","coordinates":[[[11.982190470426573,57.69110060928941],[11.982171811451376,57.691324860074964],[11.982590573247647,57.69133485151248],[11.98260922964326,57.69111060064083],[11.982190470426573,57.69110060928941]]]},"properties":{"grid":"campus","values":[10.929,9.02,8.062,9.711,9.475,11.104,12.347]}},{"type":"Feature","geometry":{"type":"Polygon","coordinates":[[[11.98260922964326,57.69111060064083],[11.982590573247647,57.69133485151248],[11.983009335320586,57.69134484156582],[11.983027989136605,57.69112059060809],[11.98260922964326,57.69111060064083]]]},"properties":{"grid":"campus","values":[10.881,8.79,8.062,9.334,9.721,11.216,12.763]}},{"type":"Feature","geometry":{"type":"Polygon","coordinates":[[[11.983027989136605,57.69112059060809],[11.983009335320586,57.69134484156582],[11.983428097670155,57.69135483023502],[11.983446748906578,57.69113057919121],[11.983027989136605,57.69112059060809]]]},"properties":{"grid":"campus","values":[10.743,8.668,8.156,9.57,8.339,10.996,12.41]}},{"type":"Feature","geometry":{"type":"Polygon","coordinates":[[[11.983446748906578,57.69113057919121],[11.983428097670155,57.69135483023502],[11.983846860296316,57.691364817520025],[11.983865508953135,57.69114056639017],[11.983446748906578,57.69113057919121]]]},"properties":{"grid":"campus","values":[10.536,8.781,8.307,10.365,5.679,10.513,11.313]}},{"type":"Feature","geometry":{"type":"Polygon","coordinates":[[[11.983865508953135,57.69114056639017],[11.983846860296316,57.691364817520025],[11.984265623199033,57.69137480342086],[11.984284269276241,57.69115055220496],[11.983865508953135,57.69114056639017]]]},"properties":{"grid":"campus","values":[11.167,10.012,9.811,10.979,6.767,10.148,10.779]}},{"type":"Feature","geometry":{"type":"Polygon","coordinates":[[[11.984284269276241,57.69115055220496],[11.984265623199033,57.69137480342086],[11.984684386378264,57.6913847879375],[11.98470302987586,57.691160536635586],[11.984284269276241,57.69115055220496]]]},"properties":{"grid":"campus","values":[12.427,11.871,12.098,11.187,11.184,10.033,11.049]}},{"type":"Feature","geometry":{"type":"Polygon","coordinates":[[[11.98470302987586,57.691160536635586],[11.984684386378264,57.6913847879375],[11.985103149833973,57.69139477107],[11.985121790751949,57.69117051968203],[11.98470302987586,57.691160536635586]]]},"properties":{"grid":"campus","values":[13.154,12.809,12.66,12.296,13.225,11.199,11.453]}},{"type":"Feature","geometry":{"type":"Polygon","coordinates":[[[11.985121790751949,57.69117051968203],[11.985103149833973,57.69139477107],[11.985521913566126,57.69140475281829],[11.985540551904474,57.69118050134433],[11.985121790751949,57.69117051968203]]]},"properties":{"grid":"campus","values":[13.053,12.345,11.244,13.818,12.199,13.2,11.836]}},{"type":"Feature","geometry":{"type":"Polygon","coordinates":[[[11.985959313333396,57.691190481622435],[11.985540551904474,57.69118050134433],[11.985521913566126,57.69140475281829],[11.985940677574677,57.69141473318241],[11.985959313333396,57.691190481622435]]]},"properties":{"grid":"campus","values":[13.025,12.215,10.837,14.267,11.907,13.781,11.945]}},{"type":"Feature","geometry":{"type":"Polygon","coordinates":[[[11.969590349765008,57.69124872150533],[11.969609086402992,57.69102447331997],[11.96919033320233,57.69101443897414],[11.9691715939849,57.691238687073046],[11.969590349765008,57.69124872150533]]]},"properties":{"grid":"campus","values":[11.561,11.062,0.205,9.132,11.522,11.268,8.403]}},{"type":"Feature","geometry":{"type":"Polygon","coordinates":[[[11.969609086402992,57.69102447331997],[11.969590349765008,57.69124872150533],[11.97000910582297,57.69125875455351],[11.9700278398815,57.69103450628169],[11.969609086402992,57.69102447331997]]]},"properties":{"grid":"campus","values":[11.707,11.098,0.193,9.077,11.489,11.233,9.782]}},{"type":"Feature","geometry":{"type":"Polygon","coordinates":[[[11.9700278398815,57.69103450628169],[11.97000910582297,57.69125875455351],[11.970427862158749,57.691268786217556],[11.97044659363782,57.69104453785929],[11.9700278398815,57.69103450628169]]]},"properties":{"grid":"campus","values":[13.772,11.644,0.225,8.333,11.172,10.735,28.557]}},{"type":"Feature","geometry":{"type":"Polygon","coordinates":[[[11.97044659363782,57.69104453785929],[11.970427862158749,57.691268786217556],[11.970846618772306,57.69127881649746],[11.970865347671912,57.691054568052785],[11.97044659363782,57.69104453785929]]]},"properties":{"grid":"campus","values":[13.995,11.707,0.749,8.268,11.452,10.735,28.63]}},{"type":"Feature","geometry":{"type":"Polygon","coordinates":[[[11.970865347671912,57.691054568052785],[11.970846618772306,57.69127881649746],[11.971265375663604,57.69128884539326],[11.971284101983741,57.69106459686216],[11.970865347671912,57.691054568052785]]]},"properties":{"grid":"campus","values":[13.534,11.845,5.226,8.368,14.077,11.213,8.929]}},{"type":"Feature","geometry":{"type":"Polygon","coordinates":[[[11.971284101983741,57.69106459686216],[11.971265375663604,57.69128884539326],[11.971684132832603,57.691298872904916],[11.971702856573264,57.69107462428741],[11.971284101983741,57.69106459686216]]]},"properties":{"grid":"campus","values":[13.481,12.046,5.609,8.445,14.598,11.247,6.645]}},{"type":"Feature","geometry":{"type":"Polygon","coordinates":[[[11.971702856573264,57.69107462428741],[11.971684132832603,57.691298872904916],[11.972102890279269,57.69130889903245],[11.972121611440448,57.69108465032855],[11.971702856573264,57.69107462428741]]]},"properties":{"grid":"campus","values":[13.726,13.555,3.935,8.757,16.812,11.024,7.0]}},{"type":"Feature","geometry":{"type":"Polygon","coordinates":[[[11.972121611440448,57.69108465032855],[11.972102890279269,57.69130889903245],[11.972521648003559,57.691318923775846],[11.972540366585251,57.69109467498557],[11.972121611440448,57.69108465032855]]]},"properties":{"grid":"campus","values":[13.661,13.276,4.557,9.12,16.999,11.032,7.294]}},{"type":"Feature","geometry":{"type":"Polygon","coordinates":[[[11.972540366585251,57.69109467498557],[11.972521648003559,57.691318923775846],[11.972940406005439,57.691328947135084],[11.972959122007635,57.69110469825846],[11.972540366585251,57.69109467498557]]]},"properties":{"grid":"campus","values":[12.952,8.78,11.75,11.585,17.151,11.288,9.493]}},{"type":"Feature","geometry":{"type":"Polygon","coordinates":[[[11.972959122007635,57.69110469825846],[11.972940406005439,57.691328947135084],[11.973359164284865,57.69133896911023],[11.973377877707566,57.691114720147226],[11.972959122007635,57.69110469825846]]]},"properties":{"grid":"campus","values":[12.869,8.393,12.555,11.578,17.141,11.297,9.493]}},{"type":"Feature","geometry":{"type":"Polygon","coordinates":[[[11.973377877707566,57.691114720147226],[11.973359164284865,57.69133896911023],[11.973777922841807,57.691348989701204],[11.973796633685,57.69112474065188],[11.973377877707566,57.691114720147226]]]},"properties":{"grid":"campus","values":[12.675,9.627,12.326,9.487,17.109,11.082,7.337]}},{"type":"Feature","geometry":{"type":"Polygon","coordinates":[[[11.973796633685,57.69112474065188],[11.973777922841807,57.691348989701204],[11.974196681676219,57.69135900890805],[11.974215389939905,57.69113475977237],[11.973796633685,57.69112474065188]]]},"properties":{"grid":"campus","values":[12.789,10.195,11.18,9.124,16.913,11.073,6.917]}},{"type":"Feature","geometry":{"type":"Polygon","coordinates":[[[11.974215389939905,57.69113475977237],[11.974196681676219,57.69135900890805],[11.97461544078807,57.69136902673075],[11.974634146472237,57.69114477750876],[11.974215389939905,57.69113475977237]]]},"properties":{"grid":"campus","values":[14.163,13.394,1.416,8.337,15.397,11.286,5.756]}},{"type":"Feature","geometry":{"type":"Polygon","coordinates":[[[11.974634146472237,57.69114477750876],[11.97461544078807,57.69136902673075],[11.975034200177317,57.691379043169285],[11.975052903281965,57.691154793860996],[11.974634146472237,57.69114477750876]]]},"properties":{"grid":"campus","values":[14.292,13.875,0.73,8.224,15.213,11.246,5.119]}},{"type":"Feature","geometry":{"type":"Polygon","coordinates":[[[11.975052903281965,57.691154793860996],[11.975034200177317,57.691379043169285],[11.975452959843926,57.691389058223685],[11.975471660369044,57.69116480882912],[11.975052903281965,57.691154793860996]]]},"properties":{"grid":"campus","values":[13.891,14.402,5.411,7.831,14.772,10.785,1.063]}},{"type":"Feature","geometry":{"type":"Polygon","coordinates":[[[11.975471660369044,57.69116480882912],[11.975452959843926,57.691389058223685],[11.975871719787852,57.69139907189394],[11.975890417733439,57.69117482241308],[11.975471660369044,57.69116480882912]]]},"properties":{"grid":"campus","values":[13.888,14.6,6.603,8.435,14.907,10.787,0.96]}},{"type":"Feature","geometry":{"type":"Polygon","coordinates":[[[11.975890417733439,57.69117482241308],[11.975871719787852,57.69139907189394],[11.976290480009064,57.69140908418006],[11.97630917537511,57.69118483461291],[11.975890417733439,57.69117482241308]]]},"properties":{"grid":"campus","values":[14.156,16.668,11.584,13.659,15.617,11.239,5.358]}},{"type":"Feature","geometry":{"type":"Polygon","coordinates":[[[11.97630917537511,57.69118483461291],[11.976290480009064,57.69140908418006],[11.976709240507523,57.691419095082004],[11.976727933294026,57.6911948454286],[11.97630917537511,57.69118483461291]]]},"properties":{"grid":"campus","values":[13.953,16.19,11.082,13.595,15.401,11.279,5.914]}},{"type":"Feature","geometry":{"type":"Polygon","coordinates":[[[11.976727933294026,57.6911948454286],[11.976709240507523,57.691419095082004],[11.977128001283187,57.691429104599806],[11.97714669149014,57.69120485486016],[11.976727933294026,57.6911948454286]]]},"properties":{"grid":"campus","values":[11.964,10.406,1.468,7.832,12.467,11.093,6.37]}},{"type":"Feature","geometry":{"type":"Polygon","coordinates":[[[11.97714669149014,57.69120485486016],[11.977128001283187,57.691429104599806],[11.977546762336022,57.691439112733455],[11.977565449963416,57.691214862907565],[11.97714669149014,57.69120485486016]]]},"properties":{"grid":"campus","values":[11.57,9.441,0.458,6.914,11.841,11.058,6.838]}},{"type":"Feature","geometry":{"type":"Polygon","coordinates":[[[11.977565449963416,57.691214862907565],[11.977546762336022,57.691439112733455],[11.977965523665986,57.69144911948293],[11.97798420871382,57.69122486957083],[11.977565449963416,57.691214862907565]]]},"properties":{"grid":"campus","values":[10.262,7.338,2.657,5.641,9.312,10.974,9.392]}},{"type":"Feature","geometry":{"type":"Polygon","coordinates":[[[11.97798420871382,57.69122486957083],[11.977965523665986,57.69144911948293],[11.978384285273043,57.691459124848265],[11.978402967741312,57.691234874849926],[11.97798420871382,57.69122486957083]]]},"properties":{"grid":"campus","values":[10.429,7.338,2.657,5.674,8.868,11.095,10.41]}},{"type":"Feature","geometry":{"type":"Polygon","coordinates":[[[11.978402967741312,57.691234874849926],[11.978384285273043,57.691459124848265],[11.978803047157157,57.69146912882942],[11.978821727045851,57.69124487874489],[11.978402967741312,57.691234874849926]]]},"properties":{"grid":"campus","values":[13.306,9.784,0.592,7.142,7.563,12.26,16.576]}},{"type":"Feature","geometry":{"type":"Polygon","coordinates":[[[11.978821727045851,57.69124487874489],[11.978803047157157,57.69146912882942],[11.979221809318288,57.69147913142642],[11.979240486627402,57.69125488125571],[11.978821727045851,57.69124487874489]]]},"properties":{"grid":"campus","values":[13.308,9.994,1.144,7.606,7.549,12.283,16.438]}},{"type":"Feature","geometry":{"type":"Polygon","coordinates":[[[11.979240486627402,57.69125488125571],[11.979221809318288,57.69147913142642],[11.979640571756397,57.691489132639255],[11.979659246485927,57.69126488238236],[11.979240486627402,57.69125488125571]]]},"properties":{"grid":"campus","values":[10.348,9.044,6.548,9.82,8.673,11.429,8.913]}},{"type":"Feature","geometry":{"type":"Polygon","coordinates":[[[11.979659246485927,57.69126488238236],[11.979640571756397,57.691489132639255],[11.980059334471447,57.69149913246791],[11.980078006621385,57.691274882124866],[11.979659246485927,57.69126488238236]]]},"properties":{"grid":"campus","values":[10.012,9.044,7.415,10.073,8.854,11.297,8.094]}},{"type":"Feature","geometry":{"type":"Polygon","coordinates":[[[11.980078006621385,57.691274882124866],[11.980059334471447,57.69149913246791],[11.980478097463399,57.69150913091241],[11.980496767033742,57.69128488048321],[11.980078006621385,57.691274882124866]]]},"properties":{"grid":"campus","values":[10.059,9.583,9.506,10.085,9.261,11.107,8.788]}},{"type":"Feature","geometry":{"type":"Polygon","coordinates":[[[11.980496767033742,57.69128488048321],[11.980478097463399,57.69150913091241],[11.980896860732216,57.69151912797273],[11.980915527722958,57.69129487745738],[11.980496767033742,57.69128488048321]]]},"properties":{"grid":"campus","values":[10.066,9.667,9.506,10.089,9.235,11.087,8.611]}},{"type":"Feature","geometry":{"type":"Polygon","coordinates":[[[11.980915527722958,57.69129487745738],[11.980896860732216,57.69151912797273],[11.981315624277858,57.69152912364888],[11.981334288688993,57.6913048730474],[11.980915527722958,57.69129487745738]]]},"properties":{"grid":"campus","values":[10.06,9.607,8.031,10.097,8.76,11.021,6.902]}},{"type":"Feature","geometry":{"type":"Polygon","coordinates":[[[11.981334288688993,57.6913048730474],[11.981315624277858,57.69152912364888],[11.981734388100291,57.69153911794085],[11.981753049931813,57.69131486725326],[11.981334288688993,57.6913048730474]]]},"properties":{"grid":"campus","values":[10.226,9.524,7.899,10.067,8.811,11.026,7.496]}},{"type":"Feature","geometry":{"type":"Polygon","coordinates":[[[11.981753049931813,57.69131486725326],[11.981734388100291,57.69153911794085],[11.982153152199473,57.691549110848634],[11.982171811451376,57.691324860074964],[11.981753049931813,57.69131486725326]]]},"properties":{"grid":"campus","values":[11.494,8.922,8.063,9.816,9.681,11.057,13.741]}},{"type":"Feature","geometry":{"type":"Polygon","coordinates":[[[11.982171811451376,57.691324860074964],[11.982153152199473,57.691549110848634],[11.982571916575369,57.69155910237227],[11.982590573247647,57.69133485151248],[11.982171811451376,57.691324860074964]]]},"properties":{"grid":"campus","values":[11.505,8.839,8.063,9.703,9.792,11.065,14.263]}},{"type":"Feature","geometry":{"type":"Polygon","coordinates":[[[11.982590573247647,57.69133485151248],[11.982571916575369,57.69155910237227],[11.982990681227935,57.691569092511706],[11.983009335320586,57.69134484156582],[11.982590573247647,57.69133485151248]]]},"properties":{"grid":"campus","values":[10.403,8.634,8.038,9.037,9.853,11.066,12.442]}},{"type":"Feature","geometry":{"type":"Polygon","coordinates":[[[11.983009335320586,57.69134484156582],[11.982990681227935,57.691569092511706],[11.983409446157141,57.691579081266944],[11.983428097670155,57.69135483023502],[11.983009335320586,57.69134484156582]]]},"properties":{"grid":"campus","values":[10.281,8.784,8.068,9.203,8.955,10.958,12.059]}},{"type":"Feature","geometry":{"type":"Polygon","coordinates":[[[11.983428097670155,57.69135483023502],[11.983409446157141,57.691579081266944],[11.983828211362944,57.691589068638024],[11.983846860296316,57.691364817520025],[11.983428097670155,57.69135483023502]]]},"properties":{"grid":"campus","values":[10.529,10.24,8.681,11.189,1.997,10.133,10.952]}},{"type":"Feature","geometry":{"type":"Polygon","coordinates":[[[11.983846860296316,57.691364817520025],[11.983828211362944,57.691589068638024],[11.984246976845307,57.691599054624895],[11.984265623199033,57.69137480342086],[11.983846860296316,57.691364817520025]]]},"properties":{"grid":"campus","values":[10.824,10.622,9.208,11.421,2.362,9.989,10.859]}},{"type":"Feature","geometry":{"type":"Polygon","coordinates":[[[11.984265623199033,57.69137480342086],[11.984246976845307,57.691599054624895],[11.984665742604193,57.6916090392276],[11.984684386378264,57.6913847879375],[11.984265623199033,57.69137480342086]]]},"properties":{"grid":"campus","values":[13.024,12.577,13.144,11.591,12.483,9.755,11.045]}},{"type":"Feature","geometry":{"type":"Polygon","coordinates":[[[11.984684386378264,57.6913847879375],[11.984665742604193,57.6916090392276],[11.985084508639561,57.691619022446105],[11.985103149833973,57.69139477107],[11.984684386378264,57.6913847879375]]]},"properties":{"grid":"campus","values":[13.23,12.611,13.245,11.819,13.396,10.155,11.179]}},{"type":"Feature","geometry":{"type":"Polygon","coordinates":[[[11.985103149833973,57.69139477107],[11.985084508639561,57.691619022446105],[11.985503274951377,57.691629004280394],[11.985521913566126,57.69140475281829],[11.985103149833973,57.69139477107]]]},"properties":{"grid":"campus","values":[12.798,10.843,10.042,13.967,10.612,13.797,12.076]}},{"type":"Feature","geometry":{"type":"Polygon","coordinates":[[[11.985940677574677,57.69141473318241],[11.985521913566126,57.69140475281829],[11.985503274951377,57.691629004280394],[11.985922041539599,57.69163898473052],[11.985940677574677,57.69141473318241]]]},"properties":{"grid":"campus","values":[12.767,10.713,9.806,14.123,10.412,14.063,12.152]}},{"type":"Feature","geometry":{"type":"Polygon","coordinates":[[[11.969571612849167,57.69147296967884],[11.969590349765008,57.69124872150533],[11.9691715939849,57.691238687073046],[11.969152854489574,57.691462935160075],[11.969571612849167,57.69147296967884]]]},"properties":{"grid":"campus","values":[13.475,11.101,0.0,8.793,10.82,11.07,21.442]}},{"type":"Feature","geometry":{"type":"Polygon","coordinates":[[[11.969590349765008,57.69124872150533],[11.969571612849167,57.69147296967884],[11.96999037148662,57.69148300281344],[11.97000910582297,57.69125875455351],[11.969590349765008,57.69124872150533]]]},"properties":{"grid":"campus","values":[13.647,11.192,0.0,8.735,10.781,11.031,23.065]}},{"type":"Feature","geometry":{"type":"Polygon","coordinates":[[[11.97000910582297,57.69125875455351],[11.96999037148662,57.69148300281344],[11.9704091304019,57.691493034563926],[11.970427862158749,57.691268786217556],[11.97000910582297,57.69125875455351]]]},"properties":{"grid":"campus","values":[14.222,11.501,0.0,8.548,10.643,10.905,28.444]}},{"type":"Feature","geometry":{"type":"Polygon","coordinates":[[[11.970427862158749,57.691268786217556],[11.9704091304019,57.691493034563926],[11.970827889594958,57.691503064930274],[11.970846618772306,57.69127881649746],[11.970427862158749,57.691268786217556]]]},"properties":{"grid":"campus","values":[13.784,11.692,1.592,8.294,11.192,10.849,24.127]}},{"type":"Feature","geometry":{"type":"Polygon","coordinates":[[[11.970846618772306,57.69127881649746],[11.970827889594958,57.691503064930274],[11.971246649065765,57.691513093912484],[11.971265375663604,57.69128884539326],[11.970846618772306,57.69127881649746]]]},"properties":{"grid":"campus","values":[12.355,11.692,4.158,8.064,12.176,10.876,11.197]}},{"type":"Feature","geometry":{"type":"Polygon","coordinates":[[[11.971265375663604,57.69128884539326],[11.971246649065765,57.691513093912484],[11.971665408814278,57.691523121510535],[11.971684132832603,57.691298872904916],[11.971265375663604,57.69128884539326]]]},"properties":{"grid":"campus","values":[12.166,12.466,4.721,8.15,13.567,10.803,4.257]}},{"type":"Feature","geometry":{"type":"Polygon","coordinates":[[[11.971684132832603,57.691298872904916],[11.971665408814278,57.691523121510535],[11.972084168840462,57.691533147724456],[11.972102890279269,57.69130889903245],[11.971684132832603,57.691298872904916]]]},"properties":{"grid":"campus","values":[13.285,13.733,2.984,8.499,14.8,10.635,6.0]}},{"type":"Feature","geometry":{"type":"Polygon","coordinates":[[[11.972102890279269,57.69130889903245],[11.972084168840462,57.691533147724456],[11.972502929144278,57.69154317255423],[11.972521648003559,57.691318923775846],[11.972102890279269,57.69130889903245]]]},"properties":{"grid":"campus","values":[13.578,13.063,4.921,9.183,16.089,10.755,7.075]}},{"type":"Feature","geometry":{"type":"Polygon","coordinates":[[[11.972521648003559,57.691318923775846],[11.972502929144278,57.69154317255423],[11.972921689725688,57.69155319599986],[11.972940406005439,57.691328947135084],[11.972521648003559,57.691318923775846]]]},"properties":{"grid":"campus","values":[12.995,10.738,9.788,9.88,17.027,11.129,7.09]}},{"type":"Feature","geometry":{"type":"Polygon","coordinates":[[[11.972940406005439,57.691328947135084],[11.972921689725688,57.69155319599986],[11.973340450584654,57.69156321806133],[11.973359164284865,57.69133896911023],[11.972940406005439,57.691328947135084]]]},"properties":{"grid":"campus","values":[12.827,9.618,10.972,9.859,17.879,11.291,6.893]}},{"type":"Feature","geometry":{"type":"Polygon","coordinates":[[[11.973359164284865,57.69133896911023],[11.973340450584654,57.69156321806133],[11.973759211721136,57.691573238738656],[11.973777922841807,57.691348989701204],[11.973359164284865,57.69133896911023]]]},"properties":{"grid":"campus","values":[13.148,10.145,7.848,9.126,18.428,11.196,6.536]}},{"type":"Feature","geometry":{"type":"Polygon","coordinates":[[[11.973777922841807,57.691348989701204],[11.973759211721136,57.691573238738656],[11.974177973135099,57.691583258031834],[11.974196681676219,57.69135900890805],[11.973777922841807,57.691348989701204]]]},"properties":{"grid":"campus","values":[13.516,9.57,4.962,8.605,18.323,11.16,5.92]}},{"type":"Feature","geometry":{"type":"Polygon","coordinates":[[[11.974196681676219,57.69135900890805],[11.974177973135099,57.691583258031834],[11.974596734826502,57.69159327594085],[11.97461544078807,57.69136902673075],[11.974196681676219,57.69135900890805]]]},"properties":{"grid":"campus","values":[13.791,7.816,3.509,8.573,17.668,11.194,5.368]}},{"type":"Feature","geometry":{"type":"Polygon","coordinates":[[[11.97461544078807,57.69136902673075],[11.974596734826502,57.69159327594085],[11.97501549679531,57.69160329246571],[11.975034200177317,57.691379043169285],[11.97461544078807,57.69136902673075]]]},"properties":{"grid":"campus","values":[13.686,8.344,4.38,8.382,17.179,11.085,4.27]}},{"type":"Feature","geometry":{"type":"Polygon","coordinates":[[[11.975034200177317,57.691379043169285],[11.97501549679531,57.69160329246571],[11.975434259041483,57.69161330760641],[11.975452959843926,57.691389058223685],[11.975034200177317,57.691379043169285]]]},"properties":{"grid":"campus","values":[13.177,10.829,7.622,8.125,17.055,10.877,3.16]}},{"type":"Feature","geometry":{"type":"Polygon","coordinates":[[[11.975452959843926,57.691389058223685],[11.975434259041483,57.69161330760641],[11.975853021564983,57.69162332136295],[11.975871719787852,57.69139907189394],[11.975452959843926,57.691389058223685]]]},"properties":{"grid":"campus","values":[13.171,13.434,9.36,8.678,16.403,10.86,3.009]}},{"type":"Feature","geometry":{"type":"Polygon","coordinates":[[[11.975871719787852,57.69139907189394],[11.975853021564983,57.69162332136295],[11.976271784365771,57.69163333373534],[11.976290480009064,57.69140908418006],[11.975871719787852,57.69139907189394]]]},"properties":{"grid":"campus","values":[13.67,15.41,8.675,9.66,15.34,11.037,3.897]}},{"type":"Feature","geometry":{"type":"Polygon","coordinates":[[[11.976290480009064,57.69140908418006],[11.976271784365771,57.69163333373534],[11.976690547443813,57.69164334472355],[11.976709240507523,57.691419095082004],[11.976290480009064,57.69140908418006]]]},"properties":{"grid":"campus","values":[13.103,14.287,6.058,9.253,13.612,11.146,5.562]}},{"type":"Feature","geometry":{"type":"Polygon","coordinates":[[[11.976709240507523,57.691419095082004],[11.976690547443813,57.69164334472355],[11.977109310799065,57.69165335432759],[11.977128001283187,57.691429104599806],[11.976709240507523,57.691419095082004]]]},"properties":{"grid":"campus","values":[11.696,10.543,2.381,7.588,11.753,11.142,7.355]}},{"type":"Feature","geometry":{"type":"Polygon","coordinates":[[[11.977128001283187,57.691429104599806],[11.977109310799065,57.69165335432759],[11.977528074431493,57.691663362547466],[11.977546762336022,57.691439112733455],[11.977128001283187,57.691429104599806]]]},"properties":{"grid":"campus","values":[10.867,9.347,1.42,6.34,10.023,11.093,8.511]}},{"type":"Feature","geometry":{"type":"Polygon","coordinates":[[[11.977546762336022,57.691439112733455],[11.977528074431493,57.691663362547466],[11.977946838341058,57.691673369383196],[11.977965523665986,57.69144911948293],[11.977546762336022,57.691439112733455]]]},"properties":{"grid":"campus","values":[10.986,11.391,3.822,6.194,9.116,11.024,8.547]}},{"type":"Feature","geometry":{"type":"Polygon","coordinates":[[[11.977965523665986,57.69144911948293],[11.977946838341058,57.691673369383196],[11.978365602527722,57.6916833748347],[11.978384285273043,57.691459124848265],[11.977965523665986,57.69144911948293]]]},"properties":{"grid":"campus","values":[11.81,12.929,4.974,6.436,8.293,11.193,11.025]}},{"type":"Feature","geometry":{"type":"Polygon","coordinates":[[[11.978384285273043,57.691459124848265],[11.978365602527722,57.6916833748347],[11.978784366991446,57.69169337890207],[11.978803047157157,57.69146912882942],[11.978384285273043,57.691459124848265]]]},"properties":{"grid":"campus","values":[13.062,13.565,4.579,6.99,7.944,11.507,14.904]}},{"type":"Feature","geometry":{"type":"Polygon","coordinates":[[[11.978803047157157,57.69146912882942],[11.978784366991446,57.69169337890207],[11.979203131732193,57.69170338158527],[11.979221809318288,57.69147913142642],[11.978803047157157,57.69146912882942]]]},"properties":{"grid":"campus","values":[12.959,12.897,4.239,8.006,7.902,11.746,14.721]}},{"type":"Feature","geometry":{"type":"Polygon","coordinates":[[[11.979221809318288,57.69147913142642],[11.979203131732193,57.69170338158527],[11.979621896749924,57.69171338288429],[11.979640571756397,57.691489132639255],[11.979221809318288,57.69147913142642]]]},"properties":{"grid":"campus","values":[11.527,11.015,3.824,9.038,8.184,11.839,10.577]}},{"type":"Feature","geometry":{"type":"Polygon","coordinates":[[[11.979640571756397,57.691489132639255],[11.979621896749924,57.69171338288429],[11.980040662044603,57.69172338279911],[11.980059334471447,57.69149913246791],[11.979640571756397,57.691489132639255]]]},"properties":{"grid":"campus","values":[10.749,9.858,5.597,9.632,8.589,11.729,9.464]}},{"type":"Feature","geometry":{"type":"Polygon","coordinates":[[[11.980059334471447,57.69149913246791],[11.980040662044603,57.69172338279911],[11.98045942761619,57.69173338132976],[11.980478097463399,57.69150913091241],[11.980059334471447,57.69149913246791]]]},"properties":{"grid":"campus","values":[10.956,9.724,8.758,9.534,8.941,11.498,11.994]}},{"type":"Feature","geometry":{"type":"Polygon","coordinates":[[[11.980478097463399,57.69150913091241],[11.98045942761619,57.69173338132976],[11.980878193464646,57.69174337847623],[11.980896860732216,57.69151912797273],[11.980478097463399,57.69150913091241]]]},"properties":{"grid":"campus","values":[11.043,9.5,9.91,9.54,9.192,11.34,12.673]}},{"type":"Feature","geometry":{"type":"Polygon","coordinates":[[[11.980896860732216,57.69151912797273],[11.980878193464646,57.69174337847623],[11.981296959589935,57.6917533742385],[11.981315624277858,57.69152912364888],[11.980896860732216,57.69151912797273]]]},"properties":{"grid":"campus","values":[10.983,9.21,8.755,9.647,9.288,11.302,11.397]}},{"type":"Feature","geometry":{"type":"Polygon","coordinates":[[[11.981315624277858,57.69152912364888],[11.981296959589935,57.6917533742385],[11.981715725992018,57.69176336861658],[11.981734388100291,57.69153911794085],[11.981315624277858,57.69152912364888]]]},"properties":{"grid":"campus","values":[11.159,9.087,8.062,9.623,9.477,11.217,11.821]}},{"type":"Feature","geometry":{"type":"Polygon","coordinates":[[[11.981734388100291,57.69153911794085],[11.981715725992018,57.69176336861658],[11.982134492670857,57.691773361610494],[11.982153152199473,57.691549110848634],[11.981734388100291,57.69153911794085]]]},"properties":{"grid":"campus","values":[11.458,9.196,8.062,9.485,9.69,11.106,13.603]}},{"type":"Feature","geometry":{"type":"Polygon","coordinates":[[[11.982153152199473,57.691549110848634],[11.982134492670857,57.691773361610494],[11.982553259626414,57.6917833532202],[11.982571916575369,57.69155910237227],[11.982153152199473,57.691549110848634]]]},"properties":{"grid":"campus","values":[11.506,8.814,7.992,9.353,9.847,10.97,14.464]}},{"type":"Feature","geometry":{"type":"Polygon","coordinates":[[[11.982571916575369,57.69155910237227],[11.982553259626414,57.6917833532202],[11.98297202685865,57.691793343445724],[11.982990681227935,57.691569092511706],[11.982571916575369,57.69155910237227]]]},"properties":{"grid":"campus","values":[11.286,8.073,7.87,9.306,9.863,10.843,13.976]}},{"type":"Feature","geometry":{"type":"Polygon","coordinates":[[[11.982990681227935,57.691569092511706],[11.98297202685865,57.691793343445724],[11.983390794367532,57.691803332287044],[11.983409446157141,57.691579081266944],[11.982990681227935,57.691569092511706]]]},"properties":{"grid":"campus","values":[11.368,8.821,8.84,9.603,9.087,10.809,13.468]}},{"type":"Feature","geometry":{"type":"Polygon","coordinates":[[[11.983409446157141,57.691579081266944],[11.983390794367532,57.691803332287044],[11.983809562153011,57.691813319744185],[11.983828211362944,57.691589068638024],[11.983409446157141,57.691579081266944]]]},"properties":{"grid":"campus","values":[11.779,10.807,10.639,10.102,8.074,10.919,13.221]}},{"type":"Feature","geometry":{"type":"Polygon","coordinates":[[[11.983828211362944,57.691589068638024],[11.983809562153011,57.691813319744185],[11.984228330215059,57.691823305817096],[11.984246976845307,57.691599054624895],[11.983828211362944,57.691589068638024]]]},"properties":{"grid":"campus","values":[12.373,11.852,11.816,11.095,8.889,11.052,12.949]}},{"type":"Feature","geometry":{"type":"Polygon","coordinates":[[[11.984246976845307,57.691599054624895],[11.984228330215059,57.691823305817096],[11.984647098553637,57.69183329050582],[11.984665742604193,57.6916090392276],[11.984246976845307,57.691599054624895]]]},"properties":{"grid":"campus","values":[12.879,11.536,11.858,12.236,11.179,11.23,12.759]}},{"type":"Feature","geometry":{"type":"Polygon","coordinates":[[[11.984665742604193,57.6916090392276],[11.984647098553637,57.69183329050582],[11.985065867168702,57.69184327381035],[11.985084508639561,57.691619022446105],[11.984665742604193,57.6916090392276]]]},"properties":{"grid":"campus","values":[13.179,10.513,11.412,13.276,12.265,11.986,12.819]}},{"type":"Feature","geometry":{"type":"Polygon","coordinates":[[[11.985084508639561,57.691619022446105],[11.985065867168702,57.69184327381035],[11.98548463606022,57.69185325573068],[11.985503274951377,57.691629004280394],[11.985084508639561,57.691619022446105]]]},"properties":{"grid":"campus","values":[13.114,9.034,10.554,13.856,11.508,12.966,13.059]}},{"type":"Feature","geometry":{"type":"Polygon","coordinates":[[[11.985922041539599,57.69163898473052],[11.985503274951377,57.691629004280394],[11.98548463606022,57.69185325573068],[11.98590340522815,57.69186323626678],[11.985922041539599,57.69163898473052]]]},"properties":{"grid":"campus","values":[13.093,8.6,10.287,14.037,11.274,13.27,13.139]}},{"type":"Feature","geometry":{"type":"Polygon","coordinates":[[[11.969552875655468,57.69169721784043],[11.969571612849167,57.69147296967884],[11.969152854489574,57.691462935160075],[11.96913411471635,57.69168718323522],[11.969552875655468,57.69169721784043]]]},"properties":{"grid":"campus","values":[14.571,11.024,0.535,8.504,10.374,10.88,28.788]}},{"type":"Feature","geometry":{"type":"Polygon","coordinates":[[[11.969571612849167,57.69147296967884],[11.969552875655468,57.69169721784043],[11.969971636872451,57.6917072510615],[11.96999037148662,57.69148300281344],[11.969571612849167,57.69147296967884]]]},"properties":{"grid":"campus","values":[14.601,11.063,0.504,8.511,10.364,10.884,28.979]}},{"type":"Feature","geometry":{"type":"Polygon","coordinates":[[[11.96999037148662,57.69148300281344],[11.969971636872451,57.6917072510615],[11.970390398367263,57.69171728289842],[11.9704091304019,57.691493034563926],[11.96999037148662,57.69148300281344]]]},"properties":{"grid":"campus","values":[14.967,11.797,0.596,8.479,10.567,10.951,30.562]}},{"type":"Feature","geometry":{"type":"Polygon","coordinates":[[[11.9704091304019,57.691493034563926],[11.970390398367263,57.69171728289842],[11.970809160139863,57.69172731335121],[11.970827889594958,57.691503064930274],[11.9704091304019,57.691493034563926]]]},"properties":{"grid":"campus","values":[14.478,11.86,1.12,8.378,10.655,10.915,27.74]}},{"type":"Feature","geometry":{"type":"Polygon","coordinates":[[[11.970827889594958,57.691503064930274],[11.970809160139863,57.69172731335121],[11.971227922190215,57.69173734241983],[11.971246649065765,57.691513093912484],[11.970827889594958,57.691503064930274]]]},"properties":{"grid":"campus","values":[10.577,11.568,5.234,7.94,12.04,10.654,3.764]}},{"type":"Feature","geometry":{"type":"Polygon","coordinates":[[[11.971246649065765,57.691513093912484],[11.971227922190215,57.69173734241983],[11.971646684518282,57.69174737010429],[11.971665408814278,57.691523121510535],[11.971246649065765,57.691513093912484]]]},"properties":{"grid":"campus","values":[10.506,11.874,5.234,7.923,12.438,10.576,1.48]}},{"type":"Feature","geometry":{"type":"Polygon","coordinates":[[[11.971665408814278,57.691523121510535],[11.971646684518282,57.69174737010429],[11.972065447124026,57.69175739640462],[11.972084168840462,57.691533147724456],[11.971665408814278,57.691523121510535]]]},"properties":{"grid":"campus","values":[13.732,14.39,1.206,8.65,14.565,10.224,6.516]}},{"type":"Feature","geometry":{"type":"Polygon","coordinates":[[[11.972084168840462,57.691533147724456],[11.972065447124026,57.69175739640462],[11.972484210007405,57.691767421320755],[11.972502929144278,57.69154317255423],[11.972084168840462,57.691533147724456]]]},"properties":{"grid":"campus","values":[13.981,14.224,1.859,8.745,15.212,10.292,6.926]}},{"type":"Feature","geometry":{"type":"Polygon","coordinates":[[[11.972502929144278,57.69154317255423],[11.972484210007405,57.691767421320755],[11.972902973168384,57.69177744485274],[11.972921689725688,57.69155319599986],[11.972502929144278,57.69154317255423]]]},"properties":{"grid":"campus","values":[12.734,10.352,11.062,8.706,18.024,11.191,6.391]}},{"type":"Feature","geometry":{"type":"Polygon","coordinates":[[[11.972921689725688,57.69155319599986],[11.972902973168384,57.69177744485274],[11.973321736606923,57.691787467000594],[11.973340450584654,57.69156321806133],[11.972921689725688,57.69155319599986]]]},"properties":{"grid":"campus","values":[12.705,10.001,11.062,8.699,18.576,11.286,6.265]}},{"type":"Feature","geometry":{"type":"Polygon","coordinates":[[[11.973340450584654,57.69156321806133],[11.973321736606923,57.691787467000594],[11.973740500322988,57.69179748776425],[11.973759211721136,57.691573238738656],[11.973340450584654,57.69156321806133]]]},"properties":{"grid":"campus","values":[14.008,10.845,1.776,8.489,20.419,11.152,6.928]}},{"type":"Feature","geometry":{"type":"Polygon","coordinates":[[[11.973759211721136,57.691573238738656],[11.973740500322988,57.69179748776425],[11.974159264316537,57.691807507143764],[11.974177973135099,57.691583258031834],[11.973759211721136,57.691573238738656]]]},"properties":{"grid":"campus","values":[14.135,9.946,1.01,8.497,20.535,11.136,6.928]}},{"type":"Feature","geometry":{"type":"Polygon","coordinates":[[[11.974177973135099,57.691583258031834],[11.974159264316537,57.691807507143764],[11.974578028587533,57.691817525139086],[11.974596734826502,57.69159327594085],[11.974177973135099,57.691583258031834]]]},"properties":{"grid":"campus","values":[13.853,2.272,3.655,8.602,19.556,11.144,4.426]}},{"type":"Feature","geometry":{"type":"Polygon","coordinates":[[[11.974596734826502,57.69159327594085],[11.974578028587533,57.691817525139086],[11.97499679313594,57.691827541750264],[11.97501549679531,57.69160329246571],[11.974596734826502,57.69159327594085]]]},"properties":{"grid":"campus","values":[13.665,2.158,4.854,8.586,19.417,11.113,4.323]}},{"type":"Feature","geometry":{"type":"Polygon","coordinates":[[[11.97501549679531,57.69160329246571],[11.97499679313594,57.691827541750264],[11.975415557961716,57.69183755697727],[11.975434259041483,57.69161330760641],[11.97501549679531,57.69160329246571]]]},"properties":{"grid":"campus","values":[12.236,8.757,11.351,8.227,18.67,10.832,4.065]}},{"type":"Feature","geometry":{"type":"Polygon","coordinates":[[[11.975434259041483,57.69161330760641],[11.975415557961716,57.69183755697727],[11.975834323064825,57.69184757082008],[11.975853021564983,57.69162332136295],[11.975434259041483,57.69161330760641]]]},"properties":{"grid":"campus","values":[12.234,10.232,11.342,8.013,18.129,10.82,4.065]}},{"type":"Feature","geometry":{"type":"Polygon","coordinates":[[[11.975853021564983,57.69162332136295],[11.975834323064825,57.69184757082008],[11.97625308844523,57.69185758327875],[11.976271784365771,57.69163333373534],[11.975853021564983,57.69162332136295]]]},"properties":{"grid":"campus","values":[13.552,15.221,6.026,7.257,14.336,11.002,4.756]}},{"type":"Feature","geometry":{"type":"Polygon","coordinates":[[[11.976271784365771,57.69163333373534],[11.97625308844523,57.69185758327875],[11.97667185410289,57.69186759435323],[11.976690547443813,57.69164334472355],[11.976271784365771,57.69163333373534]]]},"properties":{"grid":"campus","values":[13.38,14.954,4.827,7.058,13.437,11.033,5.297]}},{"type":"Feature","geometry":{"type":"Polygon","coordinates":[[[11.976690547443813,57.69164334472355],[11.97667185410289,57.69186759435323],[11.97709062003777,57.69187760404352],[11.977109310799065,57.69165335432759],[11.976690547443813,57.69164334472355]]]},"properties":{"grid":"campus","values":[10.63,8.357,0.401,6.295,9.706,11.177,9.748]}},{"type":"Feature","geometry":{"type":"Polygon","coordinates":[[[11.977109310799065,57.69165335432759],[11.97709062003777,57.69187760404352],[11.977509386249828,57.69188761234964],[11.977528074431493,57.691663362547466],[11.977109310799065,57.69165335432759]]]},"properties":{"grid":"campus","values":[10.471,8.501,0.735,6.36,9.19,11.179,10.047]}},{"type":"Feature","geometry":{"type":"Polygon","coordinates":[[[11.977528074431493,57.691663362547466],[11.977509386249828,57.69188761234964],[11.977928152739032,57.691897619271586],[11.977946838341058,57.691673369383196],[11.977528074431493,57.691663362547466]]]},"properties":{"grid":"campus","values":[11.75,16.243,6.64,6.853,8.155,10.999,8.225]}},{"type":"Feature","geometry":{"type":"Polygon","coordinates":[[[11.977946838341058,57.691673369383196],[11.977928152739032,57.691897619271586],[11.978346919505338,57.69190762480934],[11.978365602527722,57.6916833748347],[11.977946838341058,57.691673369383196]]]},"properties":{"grid":"campus","values":[12.119,17.224,7.374,6.977,8.047,10.993,8.85]}},{"type":"Feature","geometry":{"type":"Polygon","coordinates":[[[11.978365602527722,57.6916833748347],[11.978346919505338,57.69190762480934],[11.978765686548712,57.691917628962905],[11.978784366991446,57.69169337890207],[11.978365602527722,57.6916833748347]]]},"properties":{"grid":"campus","values":[13.843,17.393,7.692,7.325,8.017,11.178,16.428]}},{"type":"Feature","geometry":{"type":"Polygon","coordinates":[[[11.978784366991446,57.69169337890207],[11.978765686548712,57.691917628962905],[11.979184453869115,57.69192763173228],[11.979203131732193,57.69170338158527],[11.978784366991446,57.69169337890207]]]},"properties":{"grid":"campus","values":[13.775,16.77,6.957,7.537,8.003,11.309,16.44]}},{"type":"Feature","geometry":{"type":"Polygon","coordinates":[[[11.979203131732193,57.69170338158527],[11.979184453869115,57.69192763173228],[11.979603221466508,57.69193763311746],[11.979621896749924,57.69171338288429],[11.979203131732193,57.69170338158527]]]},"properties":{"grid":"campus","values":[11.614,11.452,1.996,9.174,8.332,12.238,9.254]}},{"type":"Feature","geometry":{"type":"Polygon","coordinates":[[[11.979621896749924,57.69171338288429],[11.979603221466508,57.69193763311746],[11.980021989340852,57.691947633118446],[11.980040662044603,57.69172338279911],[11.979621896749924,57.69171338288429]]]},"properties":{"grid":"campus","values":[11.432,10.714,2.314,9.315,8.421,12.292,9.312]}},{"type":"Feature","geometry":{"type":"Polygon","coordinates":[[[11.980040662044603,57.69172338279911],[11.980021989340852,57.691947633118446],[11.98044075749211,57.69195763173526],[11.98045942761619,57.69173338132976],[11.980040662044603,57.69172338279911]]]},"properties":{"grid":"campus","values":[11.791,9.722,10.226,9.059,8.913,11.67,16.081]}},{"type":"Feature","geometry":{"type":"Polygon","coordinates":[[[11.98045942761619,57.69173338132976],[11.98044075749211,57.69195763173526],[11.980859525920247,57.69196762896786],[11.980878193464646,57.69174337847623],[11.98045942761619,57.69173338132976]]]},"properties":{"grid":"campus","values":[11.84,9.501,10.96,9.059,9.098,11.587,16.681]}},{"type":"Feature","geometry":{"type":"Polygon","coordinates":[[[11.980878193464646,57.69174337847623],[11.980859525920247,57.69196762896786],[11.981278294625216,57.69197762481627],[11.981296959589935,57.6917533742385],[11.980878193464646,57.69174337847623]]]},"properties":{"grid":"campus","values":[11.826,8.584,8.697,9.354,9.769,11.517,14.601]}},{"type":"Feature","geometry":{"type":"Polygon","coordinates":[[[11.981296959589935,57.6917533742385],[11.981278294625216,57.69197762481627],[11.981697063606989,57.691987619280475],[11.981715725992018,57.69176336861658],[11.981296959589935,57.6917533742385]]]},"properties":{"grid":"campus","values":[11.783,8.584,8.379,9.366,9.841,11.458,14.316]}},{"type":"Feature","geometry":{"type":"Polygon","coordinates":[[[11.981715725992018,57.69176336861658],[11.981697063606989,57.691987619280475],[11.982115832865523,57.691997612360495],[11.982134492670857,57.691773361610494],[11.981715725992018,57.69176336861658]]]},"properties":{"grid":"campus","values":[11.705,9.364,8.62,9.062,9.86,11.131,14.763]}},{"type":"Feature","geometry":{"type":"Polygon","coordinates":[[[11.982134492670857,57.691773361610494],[11.982115832865523,57.691997612360495],[11.98253460240078,57.69200760405631],[11.982553259626414,57.6917833532202],[11.982134492670857,57.691773361610494]]]},"properties":{"grid":"campus","values":[11.724,9.199,8.575,9.084,9.857,11.036,14.823]}},{"type":"Feature","geometry":{"type":"Polygon","coordinates":[[[11.982553259626414,57.6917833532202],[11.98253460240078,57.69200760405631],[11.982953372212723,57.6920175943679],[11.98297202685865,57.691793343445724],[11.982553259626414,57.6917833532202]]]},"properties":{"grid":"campus","values":[12.007,7.068,8.22,9.792,9.656,10.645,14.975]}},{"type":"Feature","geometry":{"type":"Polygon","coordinates":[[[11.98297202685865,57.691793343445724],[11.982953372212723,57.6920175943679],[11.983372142301315,57.69202758329529],[11.983390794367532,57.691803332287044],[11.98297202685865,57.691793343445724]]]},"properties":{"grid":"campus","values":[12.174,7.404,8.81,9.826,10.002,10.724,15.01]}},{"type":"Feature","geometry":{"type":"Polygon","coordinates":[[[11.983390794367532,57.691803332287044],[11.983372142301315,57.69202758329529],[11.983790912666516,57.69203757083847],[11.983809562153011,57.691813319744185],[11.983390794367532,57.691803332287044]]]},"properties":{"grid":"campus","values":[13.167,12.619,13.494,9.531,12.665,11.718,15.018]}},{"type":"Feature","geometry":{"type":"Polygon","coordinates":[[[11.983809562153011,57.691813319744185],[11.983790912666516,57.69203757083847],[11.984209683308285,57.69204755699745],[11.984228330215059,57.691823305817096],[11.983809562153011,57.691813319744185]]]},"properties":{"grid":"campus","values":[13.269,12.927,13.75,9.947,12.843,11.937,14.932]}},{"type":"Feature","geometry":{"type":"Polygon","coordinates":[[[11.984228330215059,57.691823305817096],[11.984209683308285,57.69204755699745],[11.98462845422659,57.692057541772215],[11.984647098553637,57.69183329050582],[11.984228330215059,57.691823305817096]]]},"properties":{"grid":"campus","values":[13.231,10.679,11.165,13.405,12.233,12.622,14.172]}},{"type":"Feature","geometry":{"type":"Polygon","coordinates":[[[11.984647098553637,57.69183329050582],[11.98462845422659,57.692057541772215],[11.98504722542139,57.69206752516276],[11.985065867168702,57.69184327381035],[11.984647098553637,57.69183329050582]]]},"properties":{"grid":"campus","values":[13.23,9.996,10.786,13.854,12.07,12.729,14.084]}},{"type":"Feature","geometry":{"type":"Polygon","coordinates":[[[11.985065867168702,57.69184327381035],[11.98504722542139,57.69206752516276],[11.985465996892648,57.69207750716912],[11.98548463606022,57.69185325573068],[11.985065867168702,57.69184327381035]]]},"properties":{"grid":"campus","values":[13.365,6.676,10.518,14.264,11.898,13.047,14.136]}},{"type":"Feature","geometry":{"type":"Polygon","coordinates":[[[11.98590340522815,57.69186323626678],[11.98548463606022,57.69185325573068],[11.985465996892648,57.69207750716912],[11.985884768640325,57.692087487791206],[11.98590340522815,57.69186323626678]]]},"properties":{"grid":"campus","values":[13.378,6.465,10.527,14.272,11.902,13.055,14.131]}},{"type":"Feature","geometry":{"type":"Polygon","coordinates":[[[11.969534138183901,57.69192146599018],[11.969552875655468,57.69169721784043],[11.96913411471635,57.69168718323522],[11.969115374665222,57.69191143129849],[11.969534138183901,57.69192146599018]]]},"properties":{"grid":"campus","values":[12.618,11.347,5.461,7.315,10.772,10.218,20.418]}},{"type":"Feature","geometry":{"type":"Polygon","coordinates":[[[11.969552875655468,57.69169721784043],[11.969534138183901,57.69192146599018],[11.969952901980452,57.69193149929769],[11.969971636872451,57.6917072510615],[11.969552875655468,57.69169721784043]]]},"properties":{"grid":"campus","values":[12.898,11.664,5.565,7.319,11.19,10.342,19.986]}},{"type":"Feature","geometry":{"type":"Polygon","coordinates":[[[11.969971636872451,57.6917072510615],[11.969952901980452,57.69193149929769],[11.970371666054836,57.691941531221055],[11.970390398367263,57.69171728289842],[11.969971636872451,57.6917072510615]]]},"properties":{"grid":"campus","values":[13.872,12.796,6.016,7.319,12.711,10.782,18.248]}},{"type":"Feature","geometry":{"type":"Polygon","coordinates":[[[11.970390398367263,57.69171728289842],[11.970371666054836,57.691941531221055],[11.970790430407016,57.69195156176025],[11.970809160139863,57.69172731335121],[11.970390398367263,57.69171728289842]]]},"properties":{"grid":"campus","values":[13.772,12.638,6.212,8.184,14.953,10.985,13.814]}},{"type":"Feature","geometry":{"type":"Polygon","coordinates":[[[11.970809160139863,57.69172731335121],[11.970790430407016,57.69195156176025],[11.971209195036954,57.691961590915284],[11.971227922190215,57.69173734241983],[11.970809160139863,57.69172731335121]]]},"properties":{"grid":"campus","values":[12.816,11.208,5.897,9.732,17.303,10.914,8.941]}},{"type":"Feature","geometry":{"type":"Polygon","coordinates":[[[11.971227922190215,57.69173734241983],[11.971209195036954,57.691961590915284],[11.97162795994461,57.691971618686175],[11.971646684518282,57.69174737010429],[11.971227922190215,57.69173734241983]]]},"properties":{"grid":"campus","values":[12.475,10.835,5.597,10.788,18.158,10.772,6.389]}},{"type":"Feature","geometry":{"type":"Polygon","coordinates":[[[11.971646684518282,57.69174737010429],[11.97162795994461,57.691971618686175],[11.97204672512995,57.69198164507287],[11.972065447124026,57.69175739640462],[11.971646684518282,57.69174737010429]]]},"properties":{"grid":"campus","values":[12.864,11.497,5.391,11.086,17.14,10.628,7.717]}},{"type":"Feature","geometry":{"type":"Polygon","coordinates":[[[11.972065447124026,57.69175739640462],[11.97204672512995,57.69198164507287],[11.972465490592931,57.6919916700754],[11.972484210007405,57.691767421320755],[11.972065447124026,57.69175739640462]]]},"properties":{"grid":"campus","values":[13.361,11.535,5.505,10.525,17.314,10.729,11.437]}},{"type":"Feature","geometry":{"type":"Polygon","coordinates":[[[11.972484210007405,57.691767421320755],[11.972465490592931,57.6919916700754],[11.972884256333518,57.69200169369377],[11.972902973168384,57.69177744485274],[11.972484210007405,57.691767421320755]]]},"properties":{"grid":"campus","values":[13.741,11.007,5.655,9.213,18.381,11.022,16.427]}},{"type":"Feature","geometry":{"type":"Polygon","coordinates":[[[11.972902973168384,57.69177744485274],[11.972884256333518,57.69200169369377],[11.973303022351672,57.69201171592796],[11.973321736606923,57.691787467000594],[11.972902973168384,57.69177744485274]]]},"properties":{"grid":"campus","values":[14.635,10.337,4.278,8.675,19.997,11.192,19.39]}},{"type":"Feature","geometry":{"type":"Polygon","coordinates":[[[11.973321736606923,57.691787467000594],[11.973303022351672,57.69201171592796],[11.973721788647355,57.69202173677799],[11.973740500322988,57.69179748776425],[11.973321736606923,57.691787467000594]]]},"properties":{"grid":"campus","values":[15.823,9.835,1.729,9.052,21.529,11.159,19.612]}},{"type":"Feature","geometry":{"type":"Polygon","coordinates":[[[11.973740500322988,57.69179748776425],[11.973721788647355,57.69202173677799],[11.97414055522053,57.69203175624381],[11.974159264316537,57.691807507143764],[11.973740500322988,57.69179748776425]]]},"properties":{"grid":"campus","values":[15.882,8.508,0.603,9.1,21.813,11.136,15.03]}},{"type":"Feature","geometry":{"type":"Polygon","coordinates":[[[11.974159264316537,57.691807507143764],[11.97414055522053,57.69203175624381],[11.974559322071155,57.69204177432547],[11.974578028587533,57.691817525139086],[11.974159264316537,57.691807507143764]]]},"properties":{"grid":"campus","values":[14.746,7.054,1.491,8.802,20.729,11.136,6.826]}},{"type":"Feature","geometry":{"type":"Polygon","coordinates":[[[11.974578028587533,57.691817525139086],[11.974559322071155,57.69204177432547],[11.974978089199197,57.69205179102295],[11.97499679313594,57.691827541750264],[11.974578028587533,57.691817525139086]]]},"properties":{"grid":"campus","values":[13.655,5.719,3.254,8.576,19.038,11.09,2.094]}},{"type":"Feature","geometry":{"type":"Polygon","coordinates":[[[11.97499679313594,57.691827541750264],[11.974978089199197,57.69205179102295],[11.975396856604615,57.692061806336255],[11.975415557961716,57.69183755697727],[11.97499679313594,57.691827541750264]]]},"properties":{"grid":"campus","values":[12.964,4.893,4.964,8.487,17.232,11.021,2.094]}},{"type":"Feature","geometry":{"type":"Polygon","coordinates":[[[11.975415557961716,57.69183755697727],[11.975396856604615,57.692061806336255],[11.975815624287371,57.69207182026536],[11.975834323064825,57.69184757082008],[11.975415557961716,57.69183755697727]]]},"properties":{"grid":"campus","values":[12.685,6.534,6.785,8.945,15.525,11.0,3.458]}},{"type":"Feature","geometry":{"type":"Polygon","coordinates":[[[11.975834323064825,57.69184757082008],[11.975815624287371,57.69207182026536],[11.976234392247427,57.69208183281029],[11.97625308844523,57.69185758327875],[11.975834323064825,57.69184757082008]]]},"properties":{"grid":"campus","values":[12.892,9.636,8.251,9.918,14.571,11.037,5.834]}},{"type":"Feature","geometry":{"type":"Polygon","coordinates":[[[11.97625308844523,57.69185758327875],[11.976234392247427,57.69208183281029],[11.976653160484748,57.69209184397105],[11.97667185410289,57.69186759435323],[11.97625308844523,57.69185758327875]]]},"properties":{"grid":"campus","values":[12.727,11.36,6.488,9.877,12.394,11.233,8.272]}},{"type":"Feature","geometry":{"type":"Polygon","coordinates":[[[11.97667185410289,57.69186759435323],[11.976653160484748,57.69209184397105],[11.977071928999292,57.69210185374758],[11.97709062003777,57.69187760404352],[11.97667185410289,57.69186759435323]]]},"properties":{"grid":"campus","values":[12.299,11.367,2.424,8.912,9.909,11.525,9.93]}},{"type":"Feature","geometry":{"type":"Polygon","coordinates":[[[11.97709062003777,57.69187760404352],[11.977071928999292,57.69210185374758],[11.977490697791024,57.69211186213993],[11.977509386249828,57.69188761234964],[11.97709062003777,57.69187760404352]]]},"properties":{"grid":"campus","values":[12.024,12.986,1.08,8.103,8.124,11.44,10.454]}},{"type":"Feature","geometry":{"type":"Polygon","coordinates":[[[11.977509386249828,57.69188761234964],[11.977490697791024,57.69211186213993],[11.977909466859902,57.6921218691481],[11.977928152739032,57.691897619271586],[11.977509386249828,57.69188761234964]]]},"properties":{"grid":"campus","values":[12.033,15.742,2.672,7.632,7.704,11.0,9.591]}},{"type":"Feature","geometry":{"type":"Polygon","coordinates":[[[11.977928152739032,57.691897619271586],[11.977909466859902,57.6921218691481],[11.978328236205892,57.69213187477208],[11.978346919505338,57.69190762480934],[11.977928152739032,57.691897619271586]]]},"properties":{"grid":"campus","values":[12.573,17.605,4.904,7.379,7.582,10.965,11.336]}},{"type":"Feature","geometry":{"type":"Polygon","coordinates":[[[11.978346919505338,57.69190762480934],[11.978328236205892,57.69213187477208],[11.978747005828952,57.692141879011835],[11.978765686548712,57.691917628962905],[11.978346919505338,57.69190762480934]]]},"properties":{"grid":"campus","values":[13.359,17.707,6.911,7.36,7.833,11.346,14.993]}},{"type":"Feature","geometry":{"type":"Polygon","coordinates":[[[11.978765686548712,57.691917628962905],[11.978747005828952,57.692141879011835],[11.979165775729047,57.69215188186742],[11.979184453869115,57.69192763173228],[11.978765686548712,57.691917628962905]]]},"properties":{"grid":"campus","values":[13.523,15.873,8.337,7.864,8.978,11.731,16.033]}},{"type":"Feature","geometry":{"type":"Polygon","coordinates":[[[11.979184453869115,57.69192763173228],[11.979165775729047,57.69215188186742],[11.979584545906137,57.69216188333877],[11.979603221466508,57.69193763311746],[11.979184453869115,57.69192763173228]]]},"properties":{"grid":"campus","values":[13.051,12.822,9.106,8.676,10.727,11.97,14.184]}},{"type":"Feature","geometry":{"type":"Polygon","coordinates":[[[11.979603221466508,57.69193763311746],[11.979584545906137,57.69216188333877],[11.980003316360186,57.69217188342594],[11.980021989340852,57.691947633118446],[11.979603221466508,57.69193763311746]]]},"properties":{"grid":"campus","values":[12.238,10.413,9.573,9.274,10.937,11.902,12.96]}},{"type":"Feature","geometry":{"type":"Polygon","coordinates":[[[11.980021989340852,57.691947633118446],[11.980003316360186,57.69217188342594],[11.980422087091155,57.692181882128885],[11.98044075749211,57.69195763173526],[11.980021989340852,57.691947633118446]]]},"properties":{"grid":"campus","values":[11.367,9.559,9.492,9.448,9.517,11.524,12.655]}},{"type":"Feature","geometry":{"type":"Polygon","coordinates":[[[11.98044075749211,57.69195763173526],[11.980422087091155,57.692181882128885],[11.980840858099006,57.692191879447655],[11.980859525920247,57.69196762896786],[11.98044075749211,57.69195763173526]]]},"properties":{"grid":"campus","values":[11.311,8.672,10.109,9.553,8.985,11.322,13.629]}},{"type":"Feature","geometry":{"type":"Polygon","coordinates":[[[11.980859525920247,57.69196762896786],[11.980840858099006,57.692191879447655],[11.981259629383699,57.692201875382196],[11.981278294625216,57.69197762481627],[11.980859525920247,57.69196762896786]]]},"properties":{"grid":"campus","values":[12.065,8.069,10.974,9.56,9.404,11.382,15.396]}},{"type":"Feature","geometry":{"type":"Polygon","coordinates":[[[11.981278294625216,57.69197762481627],[11.981259629383699,57.692201875382196],[11.981678400945198,57.69221186993251],[11.981697063606989,57.691987619280475],[11.981278294625216,57.69197762481627]]]},"properties":{"grid":"campus","values":[12.479,7.801,12.075,9.319,9.764,11.479,15.897]}},{"type":"Feature","geometry":{"type":"Polygon","coordinates":[[[11.981697063606989,57.691987619280475],[11.981678400945198,57.69221186993251],[11.982097172783465,57.69222186309863],[11.982115832865523,57.691997612360495],[11.981697063606989,57.691987619280475]]]},"properties":{"grid":"campus","values":[12.462,7.938,13.253,8.887,9.942,11.609,15.115]}},{"type":"Feature","geometry":{"type":"Polygon","coordinates":[[[11.982115832865523,57.691997612360495],[11.982097172783465,57.69222186309863],[11.98251594489846,57.692231854880546],[11.98253460240078,57.69200760405631],[11.982115832865523,57.691997612360495]]]},"properties":{"grid":"campus","values":[12.609,7.689,13.862,9.729,9.352,11.542,14.809]}},{"type":"Feature","geometry":{"type":"Polygon","coordinates":[[[11.98253460240078,57.69200760405631],[11.98251594489846,57.692231854880546],[11.98293471729015,57.692241845278225],[11.982953372212723,57.6920175943679],[11.98253460240078,57.69200760405631]]]},"properties":{"grid":"campus","values":[12.873,7.185,13.762,11.62,8.147,11.331,15.035]}},{"type":"Feature","geometry":{"type":"Polygon","coordinates":[[[11.982953372212723,57.6920175943679],[11.98293471729015,57.692241845278225],[11.98335348995849,57.69225183429169],[11.983372142301315,57.69202758329529],[11.982953372212723,57.6920175943679]]]},"properties":{"grid":"campus","values":[13.168,8.65,13.64,11.832,9.145,11.537,15.306]}},{"type":"Feature","geometry":{"type":"Polygon","coordinates":[[[11.983372142301315,57.69202758329529],[11.98335348995849,57.69225183429169],[11.983772262903447,57.692261821920944],[11.983790912666516,57.69203757083847],[11.983372142301315,57.69202758329529]]]},"properties":{"grid":"campus","values":[13.353,11.574,13.295,10.298,11.953,12.075,15.539]}},{"type":"Feature","geometry":{"type":"Polygon","coordinates":[[[11.983790912666516,57.69203757083847],[11.983772262903447,57.692261821920944],[11.984191036124978,57.69227180816596],[11.984209683308285,57.69204755699745],[11.983790912666516,57.69203757083847]]]},"properties":{"grid":"campus","values":[13.503,12.967,13.133,10.218,13.513,12.445,15.337]}},{"type":"Feature","geometry":{"type":"Polygon","coordinates":[[[11.984209683308285,57.69204755699745],[11.984191036124978,57.69227180816596],[11.98460980962305,57.692281793026766],[11.98462845422659,57.692057541772215],[11.984209683308285,57.69204755699745]]]},"properties":{"grid":"campus","values":[13.542,12.348,13.095,11.449,13.354,12.462,14.786]}},{"type":"Feature","geometry":{"type":"Polygon","coordinates":[[[11.98462845422659,57.692057541772215],[11.98460980962305,57.692281793026766],[11.985028583397623,57.69229177650333],[11.98504722542139,57.69206752516276],[11.98462845422659,57.692057541772215]]]},"properties":{"grid":"campus","values":[13.564,10.851,12.818,12.68,13.239,12.486,14.439]}},{"type":"Feature","geometry":{"type":"Polygon","coordinates":[[[11.98504722542139,57.69206752516276],[11.985028583397623,57.69229177650333],[11.985447357448658,57.69230175859569],[11.985465996892648,57.69207750716912],[11.98504722542139,57.69206752516276]]]},"properties":{"grid":"campus","values":[13.565,9.131,12.524,13.419,13.262,12.467,14.422]}},{"type":"Feature","geometry":{"type":"Polygon","coordinates":[[[11.985884768640325,57.692087487791206],[11.985465996892648,57.69207750716912],[11.985447357448658,57.69230175859569],[11.985866131776119,57.692311739303804],[11.985884768640325,57.692087487791206]]]},"properties":{"grid":"campus","values":[13.568,8.634,12.451,13.622,13.274,12.461,14.418]}},{"type":"Feature","geometry":{"type":"Polygon","coordinates":[[[11.969515400434464,57.69214571412802],[11.969534138183901,57.69192146599018],[11.969115374665222,57.69191143129849],[11.969096634336186,57.69213567934986],[11.969515400434464,57.69214571412802]]]},"properties":{"grid":"campus","values":[10.592,11.307,9.581,6.354,10.833,9.587,12.752]}},{"type":"Feature","geometry":{"type":"Polygon","coordinates":[[[11.969534138183901,57.69192146599018],[11.969515400434464,57.69214571412802],[11.96993416681062,57.69215574752199],[11.969952901980452,57.69193149929769],[11.969534138183901,57.69192146599018]]]},"properties":{"grid":"campus","values":[10.783,11.522,9.707,6.344,11.165,9.675,12.265]}},{"type":"Feature","geometry":{"type":"Polygon","coordinates":[[[11.969952901980452,57.69193149929769],[11.96993416681062,57.69215574752199],[11.970352933464616,57.6921657795318],[11.970371666054836,57.691941531221055],[11.969952901980452,57.69193149929769]]]},"properties":{"grid":"campus","values":[13.57,14.481,11.126,6.291,15.514,10.944,6.495]}},{"type":"Feature","geometry":{"type":"Polygon","coordinates":[[[11.970371666054836,57.691941531221055],[11.970352933464616,57.6921657795318],[11.970771700396414,57.69217581015743],[11.970790430407016,57.69195156176025],[11.970371666054836,57.691941531221055]]]},"properties":{"grid":"campus","values":[13.965,14.322,10.76,6.937,16.861,11.107,6.312]}},{"type":"Feature","geometry":{"type":"Polygon","coordinates":[[[11.970790430407016,57.69195156176025],[11.970771700396414,57.69217581015743],[11.971190467605973,57.69218583939889],[11.971209195036954,57.691961590915284],[11.970790430407016,57.69195156176025]]]},"properties":{"grid":"campus","values":[13.99,9.921,6.718,12.121,23.195,11.065,8.727]}},{"type":"Feature","geometry":{"type":"Polygon","coordinates":[[[11.971209195036954,57.691961590915284],[11.971190467605973,57.69218583939889],[11.97160923509326,57.692195867256174],[11.97162795994461,57.691971618686175],[11.971209195036954,57.691961590915284]]]},"properties":{"grid":"campus","values":[13.839,9.397,6.527,12.81,23.367,11.049,9.24]}},{"type":"Feature","geometry":{"type":"Polygon","coordinates":[[[11.97162795994461,57.691971618686175],[11.97160923509326,57.692195867256174],[11.97202800285823,57.69220589372925],[11.97204672512995,57.69198164507287],[11.97162795994461,57.691971618686175]]]},"properties":{"grid":"campus","values":[12.504,9.461,8.365,13.201,18.581,10.91,9.642]}},{"type":"Feature","geometry":{"type":"Polygon","coordinates":[[[11.97204672512995,57.69198164507287],[11.97202800285823,57.69220589372925],[11.972446770900854,57.692215918818185],[11.972465490592931,57.6919916700754],[11.97204672512995,57.69198164507287]]]},"properties":{"grid":"campus","values":[12.588,9.642,7.827,12.754,18.086,10.91,11.629]}},{"type":"Feature","geometry":{"type":"Polygon","coordinates":[[[11.972465490592931,57.6919916700754],[11.972446770900854,57.692215918818185],[11.972865539221086,57.69222594252291],[11.972884256333518,57.69200169369377],[11.972465490592931,57.6919916700754]]]},"properties":{"grid":"campus","values":[14.823,10.419,1.751,8.897,19.286,11.124,27.164]}},{"type":"Feature","geometry":{"type":"Polygon","coordinates":[[[11.972884256333518,57.69200169369377],[11.972865539221086,57.69222594252291],[11.97328430781889,57.692235964843455],[11.973303022351672,57.69201171592796],[11.972884256333518,57.69200169369377]]]},"properties":{"grid":"campus","values":[15.421,10.32,0.873,8.56,19.799,11.144,29.171]}},{"type":"Feature","geometry":{"type":"Polygon","coordinates":[[[11.973303022351672,57.69201171592796],[11.97328430781889,57.692235964843455],[11.97370307669423,57.69224598577983],[11.973721788647355,57.69202173677799],[11.973303022351672,57.69201171592796]]]},"properties":{"grid":"campus","values":[17.9,8.171,0.234,9.567,23.481,11.087,29.481]}},{"type":"Feature","geometry":{"type":"Polygon","coordinates":[[[11.973721788647355,57.69202173677799],[11.97370307669423,57.69224598577983],[11.974121845847067,57.692256005332],[11.97414055522053,57.69203175624381],[11.973721788647355,57.69202173677799]]]},"properties":{"grid":"campus","values":[17.819,8.168,0.234,9.59,23.553,11.087,26.559]}},{"type":"Feature","geometry":{"type":"Polygon","coordinates":[[[11.97414055522053,57.69203175624381],[11.974121845847067,57.692256005332],[11.97454061527736,57.69226602349999],[11.974559322071155,57.69204177432547],[11.97414055522053,57.69203175624381]]]},"properties":{"grid":"campus","values":[14.545,10.043,0.207,8.815,20.383,11.059,3.362]}},{"type":"Feature","geometry":{"type":"Polygon","coordinates":[[[11.974559322071155,57.69204177432547],[11.97454061527736,57.69226602349999],[11.974959384985077,57.69227604028379],[11.974978089199197,57.69205179102295],[11.974559322071155,57.69204177432547]]]},"properties":{"grid":"campus","values":[14.026,9.299,0.207,8.686,19.436,11.059,0.441]}},{"type":"Feature","geometry":{"type":"Polygon","coordinates":[[[11.974978089199197,57.69205179102295],[11.974959384985077,57.69227604028379],[11.975378154970176,57.692286055683375],[11.975396856604615,57.692061806336255],[11.974978089199197,57.69205179102295]]]},"properties":{"grid":"campus","values":[13.047,2.043,0.605,8.616,14.503,11.036,0.207]}},{"type":"Feature","geometry":{"type":"Polygon","coordinates":[[[11.975396856604615,57.692061806336255],[11.975378154970176,57.692286055683375],[11.975796925232617,57.6922960696988],[11.975815624287371,57.69207182026536],[11.975396856604615,57.692061806336255]]]},"properties":{"grid":"campus","values":[12.871,1.706,1.775,9.109,13.922,11.034,1.077]}},{"type":"Feature","geometry":{"type":"Polygon","coordinates":[[[11.975815624287371,57.69207182026536],[11.975796925232617,57.6922960696988],[11.976215695772366,57.69230608232998],[11.976234392247427,57.69208183281029],[11.975815624287371,57.69207182026536]]]},"properties":{"grid":"campus","values":[12.566,7.327,11.496,13.197,13.966,11.066,8.446]}},{"type":"Feature","geometry":{"type":"Polygon","coordinates":[[[11.976234392247427,57.69208183281029],[11.976215695772366,57.69230608232998],[11.976634466589383,57.69231609357698],[11.976653160484748,57.69209184397105],[11.976234392247427,57.69208183281029]]]},"properties":{"grid":"campus","values":[12.621,8.677,11.496,13.358,13.42,11.161,9.494]}},{"type":"Feature","geometry":{"type":"Polygon","coordinates":[[[11.976653160484748,57.69209184397105],[11.976634466589383,57.69231609357698],[11.977053237683629,57.692326103439775],[11.977071928999292,57.69210185374758],[11.976653160484748,57.69209184397105]]]},"properties":{"grid":"campus","values":[13.459,13.892,2.006,10.788,8.602,11.95,11.011]}},{"type":"Feature","geometry":{"type":"Polygon","coordinates":[[[11.977071928999292,57.69210185374758],[11.977053237683629,57.692326103439775],[11.977472009055068,57.69233611191839],[11.977490697791024,57.69211186213993],[11.977071928999292,57.69210185374758]]]},"properties":{"grid":"campus","values":[13.432,14.79,0.837,10.211,7.948,11.895,11.065]}},{"type":"Feature","geometry":{"type":"Polygon","coordinates":[[[11.977490697791024,57.69211186213993],[11.977472009055068,57.69233611191839],[11.977890780703662,57.692346119012754],[11.977909466859902,57.6921218691481],[11.977490697791024,57.69211186213993]]]},"properties":{"grid":"campus","values":[12.249,16.619,1.237,7.856,7.068,10.683,10.162]}},{"type":"Feature","geometry":{"type":"Polygon","coordinates":[[[11.977909466859902,57.6921218691481],[11.977890780703662,57.692346119012754],[11.978309552629371,57.69235612472295],[11.978328236205892,57.69213187477208],[11.977909466859902,57.6921218691481]]]},"properties":{"grid":"campus","values":[12.248,16.887,1.972,7.579,7.091,10.666,10.689]}},{"type":"Feature","geometry":{"type":"Polygon","coordinates":[[[11.978328236205892,57.69213187477208],[11.978309552629371,57.69235612472295],[11.978728324832156,57.692366129048935],[11.978747005828952,57.692141879011835],[11.978328236205892,57.69213187477208]]]},"properties":{"grid":"campus","values":[13.503,17.317,7.61,7.476,7.897,11.795,16.632]}},{"type":"Feature","geometry":{"type":"Polygon","coordinates":[[[11.978747005828952,57.692141879011835],[11.978728324832156,57.692366129048935],[11.979147097311982,57.6923761319907],[11.979165775729047,57.69215188186742],[11.978747005828952,57.692141879011835]]]},"properties":{"grid":"campus","values":[13.671,16.732,9.209,7.598,8.64,11.918,17.284]}},{"type":"Feature","geometry":{"type":"Polygon","coordinates":[[[11.979165775729047,57.69215188186742],[11.979147097311982,57.6923761319907],[11.979565870068809,57.69238613354824],[11.979584545906137,57.69216188333877],[11.979165775729047,57.69215188186742]]]},"properties":{"grid":"campus","values":[13.758,11.365,15.599,8.89,13.803,11.903,16.72]}},{"type":"Feature","geometry":{"type":"Polygon","coordinates":[[[11.979584545906137,57.69216188333877],[11.979565870068809,57.69238613354824],[11.979984643102599,57.69239613372158],[11.980003316360186,57.69217188342594],[11.979584545906137,57.69216188333877]]]},"properties":{"grid":"campus","values":[13.41,10.521,15.599,9.139,13.853,11.809,15.885]}},{"type":"Feature","geometry":{"type":"Polygon","coordinates":[[[11.980003316360186,57.69217188342594],[11.979984643102599,57.69239613372158],[11.980403416413319,57.69240613251068],[11.980422087091155,57.692181882128885],[11.980003316360186,57.69217188342594]]]},"properties":{"grid":"campus","values":[10.45,8.834,9.335,9.927,9.1,11.064,9.909]}},{"type":"Feature","geometry":{"type":"Polygon","coordinates":[[[11.980422087091155,57.692181882128885],[11.980403416413319,57.69240613251068],[11.980822190000922,57.69241612991558],[11.980840858099006,57.692191879447655],[11.980422087091155,57.692181882128885]]]},"properties":{"grid":"campus","values":[10.368,8.476,9.04,9.993,8.587,11.013,9.968]}},{"type":"Feature","geometry":{"type":"Polygon","coordinates":[[[11.980840858099006,57.692191879447655],[11.980822190000922,57.69241612991558],[11.981240963865375,57.692426125936265],[11.981259629383699,57.692201875382196],[11.980840858099006,57.692191879447655]]]},"properties":{"grid":"campus","values":[12.657,7.341,13.419,9.802,9.36,11.322,16.384]}},{"type":"Feature","geometry":{"type":"Polygon","coordinates":[[[11.981259629383699,57.692201875382196],[11.981240963865375,57.692426125936265],[11.98165973800664,57.692436120572715],[11.981678400945198,57.69221186993251],[11.981259629383699,57.692201875382196]]]},"properties":{"grid":"campus","values":[12.962,7.17,14.419,9.637,9.522,11.439,16.971]}},{"type":"Feature","geometry":{"type":"Polygon","coordinates":[[[11.981678400945198,57.69221186993251],[11.98165973800664,57.692436120572715],[11.982078512424676,57.69244611382494],[11.982097172783465,57.69222186309863],[11.981678400945198,57.69221186993251]]]},"properties":{"grid":"campus","values":[13.015,6.953,17.134,8.532,10.208,12.103,14.551]}},{"type":"Feature","geometry":{"type":"Polygon","coordinates":[[[11.982097172783465,57.69222186309863],[11.982078512424676,57.69244611382494],[11.98249728711945,57.69245610569294],[11.98251594489846,57.692231854880546],[11.982097172783465,57.69222186309863]]]},"properties":{"grid":"campus","values":[13.09,6.95,17.564,9.048,9.835,12.149,14.299]}},{"type":"Feature","geometry":{"type":"Polygon","coordinates":[[[11.98251594489846,57.692231854880546],[11.98249728711945,57.69245610569294],[11.98291606209092,57.69246609617671],[11.98293471729015,57.692241845278225],[11.98251594489846,57.692231854880546]]]},"properties":{"grid":"campus","values":[13.711,6.924,18.465,14.201,6.238,11.805,15.095]}},{"type":"Feature","geometry":{"type":"Polygon","coordinates":[[[11.98293471729015,57.692241845278225],[11.98291606209092,57.69246609617671],[11.98333483733905,57.69247608527625],[11.98335348995849,57.69225183429169],[11.98293471729015,57.692241845278225]]]},"properties":{"grid":"campus","values":[13.743,7.542,17.834,14.305,6.549,11.862,15.235]}},{"type":"Feature","geometry":{"type":"Polygon","coordinates":[[[11.98335348995849,57.69225183429169],[11.98333483733905,57.69247608527625],[11.983753612863799,57.692486072991564],[11.983772262903447,57.692261821920944],[11.98335348995849,57.69225183429169]]]},"properties":{"grid":"campus","values":[13.555,12.497,13.251,9.888,12.452,12.656,15.897]}},{"type":"Feature","geometry":{"type":"Polygon","coordinates":[[[11.983772262903447,57.692261821920944],[11.983753612863799,57.692486072991564],[11.984172388665131,57.692496059322636],[11.984191036124978,57.69227180816596],[11.983772262903447,57.692261821920944]]]},"properties":{"grid":"campus","values":[13.555,13.096,12.908,9.447,13.281,12.685,15.849]}},{"type":"Feature","geometry":{"type":"Polygon","coordinates":[[[11.984191036124978,57.69227180816596],[11.984172388665131,57.692496059322636],[11.984591164743009,57.692506044269464],[11.98460980962305,57.692281793026766],[11.984191036124978,57.69227180816596]]]},"properties":{"grid":"campus","values":[13.75,13.218,14.259,10.777,14.17,12.236,14.434]}},{"type":"Feature","geometry":{"type":"Polygon","coordinates":[[[11.98460980962305,57.692281793026766],[11.984591164743009,57.692506044269464],[11.985009941097392,57.69251602783208],[11.985028583397623,57.69229177650333],[11.98460980962305,57.692281793026766]]]},"properties":{"grid":"campus","values":[13.766,12.904,14.439,11.141,14.249,12.151,14.296]}},{"type":"Feature","geometry":{"type":"Polygon","coordinates":[[[11.985028583397623,57.69229177650333],[11.985009941097392,57.69251602783208],[11.985428717728245,57.692526010010425],[11.985447357448658,57.69230175859569],[11.985028583397623,57.69229177650333]]]},"properties":{"grid":"campus","values":[13.697,10.355,13.92,13.208,14.284,11.72,14.436]}},{"type":"Feature","geometry":{"type":"Polygon","coordinates":[[[11.985866131776119,57.692311739303804],[11.985447357448658,57.69230175859569],[11.985428717728245,57.692526010010425],[11.985847494635527,57.69253599080456],[11.985866131776119,57.692311739303804]]]},"properties":{"grid":"campus","values":[13.684,10.158,13.837,13.368,14.276,11.695,14.422]}},{"type":"Feature","geometry":{"type":"Polygon","coordinates":[[[11.969496662407149,57.69236996225397],[11.969515400434464,57.69214571412802],[11.969096634336186,57.69213567934986],[11.969077893729231,57.692359927389354],[11.969496662407149,57.69236996225397]]]},"properties":{"grid":"campus","values":[12.4,13.023,11.0,6.509,13.552,10.512,10.064]}},{"type":"Feature","geometry":{"type":"Polygon","coordinates":[[[11.969515400434464,57.69214571412802],[11.969496662407149,57.69236996225397],[11.96991543136295,57.69237999573441],[11.96993416681062,57.69215574752199],[11.969515400434464,57.69214571412802]]]},"properties":{"grid":"campus","values":[12.622,13.324,11.262,6.451,13.763,10.619,9.366]}},{"type":"Feature","geometry":{"type":"Polygon","coordinates":[[[11.96993416681062,57.69215574752199],[11.96991543136295,57.69237999573441],[11.970334200596595,57.69239002783066],[11.970352933464616,57.6921657795318],[11.96993416681062,57.69215574752199]]]},"properties":{"grid":"campus","values":[13.353,14.334,12.176,6.247,14.404,10.977,7.028]}},{"type":"Feature","geometry":{"type":"Polygon","coordinates":[[[11.970352933464616,57.6921657795318],[11.970334200596595,57.69239002783066],[11.970752970108046,57.692400058542724],[11.970771700396414,57.69217581015743],[11.970352933464616,57.6921657795318]]]},"properties":{"grid":"campus","values":[13.76,13.504,11.66,7.384,16.321,11.082,5.378]}},{"type":"Feature","geometry":{"type":"Polygon","coordinates":[[[11.970771700396414,57.69217581015743],[11.970752970108046,57.692400058542724],[11.971171739897267,57.692410087870606],[11.971190467605973,57.69218583939889],[11.970771700396414,57.69217581015743]]]},"properties":{"grid":"campus","values":[13.583,11.11,9.992,9.315,18.489,10.843,4.915]}},{"type":"Feature","geometry":{"type":"Polygon","coordinates":[[[11.971190467605973,57.69218583939889],[11.971171739897267,57.692410087870606],[11.971590509964221,57.69242011581428],[11.97160923509326,57.692195867256174],[11.971190467605973,57.69218583939889]]]},"properties":{"grid":"campus","values":[13.137,9.365,7.766,10.693,18.711,10.792,5.399]}},{"type":"Feature","geometry":{"type":"Polygon","coordinates":[[[11.97160923509326,57.692195867256174],[11.971590509964221,57.69242011581428],[11.972009280308864,57.692430142373766],[11.97202800285823,57.69220589372925],[11.97160923509326,57.692195867256174]]]},"properties":{"grid":"campus","values":[12.596,8.924,5.633,10.891,16.862,10.949,6.502]}},{"type":"Feature","geometry":{"type":"Polygon","coordinates":[[[11.97202800285823,57.69220589372925],[11.972009280308864,57.692430142373766],[11.972428050931162,57.69244016754908],[11.972446770900854,57.692215918818185],[11.97202800285823,57.69220589372925]]]},"properties":{"grid":"campus","values":[13.019,7.77,3.979,10.296,16.162,11.064,9.424]}},{"type":"Feature","geometry":{"type":"Polygon","coordinates":[[[11.972446770900854,57.692215918818185],[11.972428050931162,57.69244016754908],[11.97284682183108,57.69245019134018],[11.972865539221086,57.69222594252291],[11.972446770900854,57.692215918818185]]]},"properties":{"grid":"campus","values":[14.263,6.128,3.446,9.239,16.986,11.107,12.628]}},{"type":"Feature","geometry":{"type":"Polygon","coordinates":[[[11.972865539221086,57.69222594252291],[11.97284682183108,57.69245019134018],[11.973265593008573,57.69246021374708],[11.97328430781889,57.692235964843455],[11.972865539221086,57.69222594252291]]]},"properties":{"grid":"campus","values":[15.143,4.816,2.812,8.225,19.278,10.997,15.648]}},{"type":"Feature","geometry":{"type":"Polygon","coordinates":[[[11.97328430781889,57.692235964843455],[11.973265593008573,57.69246021374708],[11.973684364463608,57.692470234769814],[11.97370307669423,57.69224598577983],[11.97328430781889,57.692235964843455]]]},"properties":{"grid":"campus","values":[15.198,4.211,2.588,7.648,22.243,10.755,16.913]}},{"type":"Feature","geometry":{"type":"Polygon","coordinates":[[[11.97370307669423,57.69224598577983],[11.973684364463608,57.692470234769814],[11.974103136196147,57.692480254408316],[11.974121845847067,57.692256005332],[11.97370307669423,57.69224598577983]]]},"properties":{"grid":"campus","values":[14.487,4.778,1.802,7.821,22.031,10.537,13.274]}},{"type":"Feature","geometry":{"type":"Polygon","coordinates":[[[11.974121845847067,57.692256005332],[11.974103136196147,57.692480254408316],[11.974521908206146,57.692490272662624],[11.97454061527736,57.69226602349999],[11.974121845847067,57.692256005332]]]},"properties":{"grid":"campus","values":[13.225,6.372,0.657,8.691,18.668,10.398,6.825]}},{"type":"Feature","geometry":{"type":"Polygon","coordinates":[[[11.97454061527736,57.69226602349999],[11.974521908206146,57.692490272662624],[11.974940680493575,57.69250028953274],[11.974959384985077,57.69227604028379],[11.97454061527736,57.69226602349999]]]},"properties":{"grid":"campus","values":[12.338,6.869,0.0,9.021,15.765,10.299,1.802]}},{"type":"Feature","geometry":{"type":"Polygon","coordinates":[[[11.974959384985077,57.69227604028379],[11.974940680493575,57.69250028953274],[11.97535945305839,57.692510305018644],[11.975378154970176,57.692286055683375],[11.974959384985077,57.69227604028379]]]},"properties":{"grid":"campus","values":[12.26,6.435,0.0,8.777,14.446,10.265,0.657]}},{"type":"Feature","geometry":{"type":"Polygon","coordinates":[[[11.975378154970176,57.692286055683375],[11.97535945305839,57.692510305018644],[11.975778225900557,57.69252031912032],[11.975796925232617,57.6922960696988],[11.975378154970176,57.692286055683375]]]},"properties":{"grid":"campus","values":[12.311,6.749,4.159,10.129,13.544,10.341,2.647]}},{"type":"Feature","geometry":{"type":"Polygon","coordinates":[[[11.975796925232617,57.6922960696988],[11.975778225900557,57.69252031912032],[11.976196999020036,57.69253033183778],[11.976215695772366,57.69230608232998],[11.975796925232617,57.6922960696988]]]},"properties":{"grid":"campus","values":[12.547,7.864,10.941,12.534,13.523,10.509,6.915]}},{"type":"Feature","geometry":{"type":"Polygon","coordinates":[[[11.976215695772366,57.69230608232998],[11.976196999020036,57.69253033183778],[11.976615772416785,57.69254034317107],[11.976634466589383,57.69231609357698],[11.976215695772366,57.69230608232998]]]},"properties":{"grid":"campus","values":[13.13,10.651,13.296,13.747,12.72,10.793,9.36]}},{"type":"Feature","geometry":{"type":"Polygon","coordinates":[[[11.976634466589383,57.69231609357698],[11.976615772416785,57.69254034317107],[11.977034546090772,57.69255035312011],[11.977053237683629,57.692326103439775],[11.976634466589383,57.69231609357698]]]},"properties":{"grid":"campus","values":[13.889,13.858,10.616,13.393,11.559,11.081,8.939]}},{"type":"Feature","geometry":{"type":"Polygon","coordinates":[[[11.977053237683629,57.692326103439775],[11.977034546090772,57.69255035312011],[11.97745332004196,57.69256036168496],[11.977472009055068,57.69233611191839],[11.977053237683629,57.692326103439775]]]},"properties":{"grid":"campus","values":[13.705,14.797,8.896,11.448,9.858,11.046,9.12]}},{"type":"Feature","geometry":{"type":"Polygon","coordinates":[[[11.977472009055068,57.69233611191839],[11.97745332004196,57.69256036168496],[11.977872094270305,57.692570368865574],[11.977890780703662,57.692346119012754],[11.977472009055068,57.69233611191839]]]},"properties":{"grid":"campus","values":[12.636,12.872,9.042,8.642,8.317,10.718,9.836]}},{"type":"Feature","geometry":{"type":"Polygon","coordinates":[[[11.977890780703662,57.692346119012754],[11.977872094270305,57.692570368865574],[11.97829086877577,57.69258037466197],[11.978309552629371,57.69235612472295],[11.977890780703662,57.692346119012754]]]},"properties":{"grid":"campus","values":[12.347,12.255,9.715,7.316,7.771,10.849,12.178]}},{"type":"Feature","geometry":{"type":"Polygon","coordinates":[[[11.978309552629371,57.69235612472295],[11.97829086877577,57.69258037466197],[11.97870964355832,57.69259037907417],[11.978728324832156,57.692366129048935],[11.978309552629371,57.69235612472295]]]},"properties":{"grid":"campus","values":[12.914,13.0,10.45,7.922,8.353,11.412,15.333]}},{"type":"Feature","geometry":{"type":"Polygon","coordinates":[[[11.978728324832156,57.692366129048935],[11.97870964355832,57.69259037907417],[11.979128418617915,57.692600382102135],[11.979147097311982,57.6923761319907],[11.978728324832156,57.692366129048935]]]},"properties":{"grid":"campus","values":[13.292,12.174,12.093,8.434,9.715,11.799,16.897]}},{"type":"Feature","geometry":{"type":"Polygon","coordinates":[[[11.979147097311982,57.6923761319907],[11.979128418617915,57.692600382102135],[11.979547193954518,57.692610383745844],[11.979565870068809,57.69238613354824],[11.979147097311982,57.6923761319907]]]},"properties":{"grid":"campus","values":[13.317,10.223,13.588,8.67,11.211,11.86,16.208]}},{"type":"Feature","geometry":{"type":"Polygon","coordinates":[[[11.979565870068809,57.69238613354824],[11.979547193954518,57.692610383745844],[11.97996596956809,57.69262038400534],[11.979984643102599,57.69239613372158],[11.979565870068809,57.69238613354824]]]},"properties":{"grid":"campus","values":[12.72,8.982,13.491,9.138,11.189,11.59,15.086]}},{"type":"Feature","geometry":{"type":"Polygon","coordinates":[[[11.979984643102599,57.69239613372158],[11.97996596956809,57.69262038400534],[11.980384745458593,57.69263038288064],[11.980403416413319,57.69240613251068],[11.979984643102599,57.69239613372158]]]},"properties":{"grid":"campus","values":[11.793,9.104,11.829,9.617,9.635,11.095,14.15]}},{"type":"Feature","geometry":{"type":"Polygon","coordinates":[[[11.980403416413319,57.69240613251068],[11.980384745458593,57.69263038288064],[11.98080352162599,57.692640380371664],[11.980822190000922,57.69241612991558],[11.980403416413319,57.69240613251068]]]},"properties":{"grid":"campus","values":[11.535,8.923,11.63,9.909,8.835,11.045,13.301]}},{"type":"Feature","geometry":{"type":"Polygon","coordinates":[[[11.980822190000922,57.69241612991558],[11.98080352162599,57.692640380371664],[11.981222298070241,57.692650376478475],[11.981240963865375,57.692426125936265],[11.980822190000922,57.69241612991558]]]},"properties":{"grid":"campus","values":[12.043,8.627,13.061,9.913,9.197,11.474,12.735]}},{"type":"Feature","geometry":{"type":"Polygon","coordinates":[[[11.981240963865375,57.692426125936265],[11.981222298070241,57.692650376478475],[11.981641074791309,57.69266037120104],[11.98165973800664,57.692436120572715],[11.981240963865375,57.692426125936265]]]},"properties":{"grid":"campus","values":[12.357,8.376,12.68,9.684,9.849,11.878,12.179]}},{"type":"Feature","geometry":{"type":"Polygon","coordinates":[[[11.98165973800664,57.692436120572715],[11.981641074791309,57.69266037120104],[11.982059851789156,57.69267036453939],[11.982078512424676,57.69244611382494],[11.98165973800664,57.692436120572715]]]},"properties":{"grid":"campus","values":[12.276,8.302,10.19,9.347,10.558,12.108,11.545]}},{"type":"Feature","geometry":{"type":"Polygon","coordinates":[[[11.982078512424676,57.69244611382494],[11.982059851789156,57.69267036453939],[11.982478629063744,57.692680356493476],[11.98249728711945,57.69245610569294],[11.982078512424676,57.69244611382494]]]},"properties":{"grid":"campus","values":[12.585,7.925,11.48,9.966,10.125,12.196,12.117]}},{"type":"Feature","geometry":{"type":"Polygon","coordinates":[[[11.98249728711945,57.69245610569294],[11.982478629063744,57.692680356493476],[11.982897406615034,57.69269034706335],[11.98291606209092,57.69246609617671],[11.98249728711945,57.69245610569294]]]},"properties":{"grid":"campus","values":[13.175,7.344,16.047,11.175,8.808,12.102,13.846]}},{"type":"Feature","geometry":{"type":"Polygon","coordinates":[[[11.98291606209092,57.69246609617671],[11.982897406615034,57.69269034706335],[11.98331618444299,57.692700336248954],[11.98333483733905,57.69247608527625],[11.98291606209092,57.69246609617671]]]},"properties":{"grid":"campus","values":[13.493,7.867,17.965,11.049,8.318,12.063,14.981]}},{"type":"Feature","geometry":{"type":"Polygon","coordinates":[[[11.98333483733905,57.69247608527625],[11.98331618444299,57.692700336248954],[11.983734962547569,57.69271032405032],[11.983753612863799,57.692486072991564],[11.98333483733905,57.69247608527625]]]},"properties":{"grid":"campus","values":[13.445,9.113,16.987,9.58,8.658,12.067,15.171]}},{"type":"Feature","geometry":{"type":"Polygon","coordinates":[[[11.983753612863799,57.692486072991564],[11.983734962547569,57.69271032405032],[11.984153740928738,57.69272031046747],[11.984172388665131,57.692496059322636],[11.983753612863799,57.692486072991564]]]},"properties":{"grid":"campus","values":[13.304,10.498,14.668,9.472,10.291,12.106,14.183]}},{"type":"Feature","geometry":{"type":"Polygon","coordinates":[[[11.984172388665131,57.692496059322636],[11.984153740928738,57.69272031046747],[11.984572519586461,57.69273029550034],[11.984591164743009,57.692506044269464],[11.984172388665131,57.692496059322636]]]},"properties":{"grid":"campus","values":[13.108,11.427,11.743,10.928,12.468,12.157,12.289]}},{"type":"Feature","geometry":{"type":"Polygon","coordinates":[[[11.984591164743009,57.692506044269464],[11.984572519586461,57.69273029550034],[11.984991298520693,57.69274027914896],[11.985009941097392,57.69251602783208],[11.984591164743009,57.692506044269464]]]},"properties":{"grid":"campus","values":[13.135,12.093,10.891,12.258,13.654,11.306,11.7]}},{"type":"Feature","geometry":{"type":"Polygon","coordinates":[[[11.985009941097392,57.69251602783208],[11.984991298520693,57.69274027914896],[11.9854100777314,57.692750261413345],[11.985428717728245,57.692526010010425],[11.985009941097392,57.69251602783208]]]},"properties":{"grid":"campus","values":[13.372,12.449,12.26,12.975,13.513,9.805,12.622]}},{"type":"Feature","geometry":{"type":"Polygon","coordinates":[[[11.985847494635527,57.69253599080456],[11.985428717728245,57.692526010010425],[11.9854100777314,57.692750261413345],[11.985828857218543,57.69276024229346],[11.985847494635527,57.69253599080456]]]},"properties":{"grid":"campus","values":[13.435,12.531,12.625,13.194,13.47,9.379,12.87]}},{"type":"Feature","geometry":{"type":"Polygon","coordinates":[[[11.969477924101952,57.69259421036806],[11.969496662407149,57.69236996225397],[11.969077893729231,57.692359927389354],[11.969059152844357,57.69258417541698],[11.969477924101952,57.69259421036806]]]},"properties":{"grid":"campus","values":[13.752,14.032,11.462,6.456,15.382,11.184,9.598]}},{"type":"Feature","geometry":{"type":"Polygon","coordinates":[[[11.969496662407149,57.69236996225397],[11.969477924101952,57.69259421036806],[11.969896695637432,57.692604243934944],[11.96991543136295,57.69237999573441],[11.969496662407149,57.69236996225397]]]},"properties":{"grid":"campus","values":[13.757,14.088,11.587,6.434,15.271,11.192,9.418]}},{"type":"Feature","geometry":{"type":"Polygon","coordinates":[[[11.96991543136295,57.69237999573441],[11.969896695637432,57.692604243934944],[11.970315467450767,57.69261427611763],[11.970334200596595,57.69239002783066],[11.96991543136295,57.69237999573441]]]},"properties":{"grid":"campus","values":[13.734,14.658,13.212,6.271,13.998,11.267,6.362]}},{"type":"Feature","geometry":{"type":"Polygon","coordinates":[[[11.970334200596595,57.69239002783066],[11.970315467450767,57.69261427611763],[11.97073423954191,57.692624306916144],[11.970752970108046,57.692400058542724],[11.970334200596595,57.69239002783066]]]},"properties":{"grid":"campus","values":[13.624,14.278,13.226,6.39,13.957,11.18,5.481]}},{"type":"Feature","geometry":{"type":"Polygon","coordinates":[[[11.970752970108046,57.692400058542724],[11.97073423954191,57.692624306916144],[11.97115301191083,57.692634336330435],[11.971171739897267,57.692410087870606],[11.970752970108046,57.692400058542724]]]},"properties":{"grid":"campus","values":[12.893,9.862,11.154,8.369,15.714,10.47,1.064]}},{"type":"Feature","geometry":{"type":"Polygon","coordinates":[[[11.971171739897267,57.692410087870606],[11.97115301191083,57.692634336330435],[11.971571784557488,57.69264436436054],[11.971590509964221,57.69242011581428],[11.971171739897267,57.692410087870606]]]},"properties":{"grid":"campus","values":[12.75,9.24,9.914,8.601,15.695,10.453,0.891]}},{"type":"Feature","geometry":{"type":"Polygon","coordinates":[[[11.971590509964221,57.69242011581428],[11.971571784557488,57.69264436436054],[11.971990557481842,57.69265439100642],[11.972009280308864,57.692430142373766],[11.971590509964221,57.69242011581428]]]},"properties":{"grid":"campus","values":[12.256,7.963,1.494,8.393,13.917,11.006,4.553]}},{"type":"Feature","geometry":{"type":"Polygon","coordinates":[[[11.972009280308864,57.692430142373766],[11.971990557481842,57.69265439100642],[11.972409330683858,57.69266441626811],[11.972428050931162,57.69244016754908],[11.972009280308864,57.692430142373766]]]},"properties":{"grid":"campus","values":[12.447,7.058,0.944,8.433,13.935,11.08,4.553]}},{"type":"Feature","geometry":{"type":"Polygon","coordinates":[[[11.972428050931162,57.69244016754908],[11.972409330683858,57.69266441626811],[11.972828104163495,57.6926744401456],[11.97284682183108,57.69245019134018],[11.972428050931162,57.69244016754908]]]},"properties":{"grid":"campus","values":[14.46,1.261,4.712,8.708,15.451,11.063,1.894]}},{"type":"Feature","geometry":{"type":"Polygon","coordinates":[[[11.97284682183108,57.69245019134018],[11.972828104163495,57.6926744401456],[11.973246877920717,57.692684462638866],[11.973265593008573,57.69246021374708],[11.97284682183108,57.69245019134018]]]},"properties":{"grid":"campus","values":[14.461,0.517,5.131,8.377,16.432,10.975,1.938]}},{"type":"Feature","geometry":{"type":"Polygon","coordinates":[[[11.973265593008573,57.69246021374708],[11.973246877920717,57.692684462638866],[11.973665651955484,57.69269448374793],[11.973684364463608,57.692470234769814],[11.973265593008573,57.69246021374708]]]},"properties":{"grid":"campus","values":[12.839,0.376,4.491,5.31,23.217,10.273,5.603]}},{"type":"Feature","geometry":{"type":"Polygon","coordinates":[[[11.973684364463608,57.692470234769814],[11.973665651955484,57.69269448374793],[11.97408442626776,57.692704503472775],[11.974103136196147,57.692480254408316],[11.973684364463608,57.692470234769814]]]},"properties":{"grid":"campus","values":[12.462,0.74,3.99,5.399,23.015,10.133,6.022]}},{"type":"Feature","geometry":{"type":"Polygon","coordinates":[[[11.974103136196147,57.692480254408316],[11.97408442626776,57.692704503472775],[11.974503200857509,57.6927145218134],[11.974521908206146,57.692490272662624],[11.974103136196147,57.692480254408316]]]},"properties":{"grid":"campus","values":[11.062,4.33,0.673,8.969,14.664,9.722,4.475]}},{"type":"Feature","geometry":{"type":"Polygon","coordinates":[[[11.974521908206146,57.692490272662624],[11.974503200857509,57.6927145218134],[11.974921975724685,57.69272453876981],[11.974940680493575,57.69250028953274],[11.974521908206146,57.692490272662624]]]},"properties":{"grid":"campus","values":[10.984,5.344,0.254,9.3,13.701,9.658,4.011]}},{"type":"Feature","geometry":{"type":"Polygon","coordinates":[[[11.974940680493575,57.69250028953274],[11.974921975724685,57.69272453876981],[11.975340750869256,57.69273455434201],[11.97535945305839,57.692510305018644],[11.974940680493575,57.69250028953274]]]},"properties":{"grid":"campus","values":[11.569,9.699,0.254,8.699,13.641,9.62,0.781]}},{"type":"Feature","geometry":{"type":"Polygon","coordinates":[[[11.97535945305839,57.692510305018644],[11.975340750869256,57.69273455434201],[11.975759526291185,57.69274456852999],[11.975778225900557,57.69252031912032],[11.97535945305839,57.692510305018644]]]},"properties":{"grid":"campus","values":[11.767,10.215,1.809,9.099,13.611,9.671,1.234]}},{"type":"Feature","geometry":{"type":"Polygon","coordinates":[[[11.975778225900557,57.69252031912032],[11.975759526291185,57.69274456852999],[11.976178301990428,57.692754581333766],[11.976196999020036,57.69253033183778],[11.975778225900557,57.69252031912032]]]},"properties":{"grid":"campus","values":[12.759,9.701,15.318,13.52,13.202,10.178,8.727]}},{"type":"Feature","geometry":{"type":"Polygon","coordinates":[[[11.976196999020036,57.69253033183778],[11.976178301990428,57.692754581333766],[11.976597077966954,57.692764592753285],[11.976615772416785,57.69254034317107],[11.976196999020036,57.69253033183778]]]},"properties":{"grid":"campus","values":[13.079,10.212,16.82,14.143,13.202,10.27,9.304]}},{"type":"Feature","geometry":{"type":"Polygon","coordinates":[[[11.976615772416785,57.69254034317107],[11.976597077966954,57.692764592753285],[11.97701585422072,57.692774602788596],[11.977034546090772,57.69255035312011],[11.976615772416785,57.69254034317107]]]},"properties":{"grid":"campus","values":[14.6,15.984,15.436,15.048,13.366,10.556,7.087]}},{"type":"Feature","geometry":{"type":"Polygon","coordinates":[[[11.977034546090772,57.69255035312011],[11.97701585422072,57.692774602788596],[11.977434630751691,57.69278461143969],[11.97745332004196,57.69256036168496],[11.977034546090772,57.69255035312011]]]},"properties":{"grid":"campus","values":[14.508,15.741,15.436,14.349,12.895,10.586,7.152]}},{"type":"Feature","geometry":{"type":"Polygon","coordinates":[[[11.97745332004196,57.69256036168496],[11.977434630751691,57.69278461143969],[11.977853407559826,57.69279461870652],[11.977872094270305,57.692570368865574],[11.97745332004196,57.69256036168496]]]},"properties":{"grid":"campus","values":[12.22,8.326,16.2,7.681,8.346,10.474,9.924]}},{"type":"Feature","geometry":{"type":"Polygon","coordinates":[[[11.977872094270305,57.692570368865574],[11.977853407559826,57.69279461870652],[11.978272184645087,57.69280462458915],[11.97829086877577,57.69258037466197],[11.977872094270305,57.692570368865574]]]},"properties":{"grid":"campus","values":[12.037,7.681,15.94,7.096,7.976,10.573,10.924]}},{"type":"Feature","geometry":{"type":"Polygon","coordinates":[[[11.97829086877577,57.69258037466197],[11.978272184645087,57.69280462458915],[11.97869096200744,57.69281462908754],[11.97870964355832,57.69259037907417],[11.97829086877577,57.69258037466197]]]},"properties":{"grid":"campus","values":[12.902,9.796,14.067,8.714,9.089,11.438,16.131]}},{"type":"Feature","geometry":{"type":"Polygon","coordinates":[[[11.97870964355832,57.69259037907417],[11.97869096200744,57.69281462908754],[11.979109739646843,57.692824632201685],[11.979128418617915,57.692600382102135],[11.97870964355832,57.69259037907417]]]},"properties":{"grid":"campus","values":[12.986,9.819,13.616,8.925,9.26,11.569,16.517]}},{"type":"Feature","geometry":{"type":"Polygon","coordinates":[[[11.979128418617915,57.692600382102135],[11.979109739646843,57.692824632201685],[11.979528517563258,57.69283463393159],[11.979547193954518,57.692610383745844],[11.979128418617915,57.692600382102135]]]},"properties":{"grid":"campus","values":[12.763,7.813,12.04,8.644,9.908,11.892,14.576]}},{"type":"Feature","geometry":{"type":"Polygon","coordinates":[[[11.979547193954518,57.692610383745844],[11.979528517563258,57.69283463393159],[11.979947295756649,57.69284463427728],[11.97996596956809,57.69262038400534],[11.979547193954518,57.692610383745844]]]},"properties":{"grid":"campus","values":[12.708,7.813,11.978,8.708,9.847,11.808,14.643]}},{"type":"Feature","geometry":{"type":"Polygon","coordinates":[[[11.97996596956809,57.69262038400534],[11.979947295756649,57.69284463427728],[11.980366074226975,57.69285463323872],[11.980384745458593,57.69263038288064],[11.97996596956809,57.69262038400534]]]},"properties":{"grid":"campus","values":[12.205,9.442,12.149,9.589,8.774,10.859,16.762]}},{"type":"Feature","geometry":{"type":"Polygon","coordinates":[[[11.980384745458593,57.69263038288064],[11.980366074226975,57.69285463323872],[11.980784852974203,57.6928646308159],[11.98080352162599,57.692640380371664],[11.980384745458593,57.69263038288064]]]},"properties":{"grid":"campus","values":[12.116,9.662,12.299,9.712,8.745,10.875,16.165]}},{"type":"Feature","geometry":{"type":"Polygon","coordinates":[[[11.98080352162599,57.692640380371664],[11.980784852974203,57.6928646308159],[11.981203631998289,57.69287462700883],[11.981222298070241,57.692650376478475],[11.98080352162599,57.692640380371664]]]},"properties":{"grid":"campus","values":[12.026,9.409,14.085,9.987,9.29,11.943,9.746]}},{"type":"Feature","geometry":{"type":"Polygon","coordinates":[[[11.981222298070241,57.692650376478475],[11.981203631998289,57.69287462700883],[11.981622411299199,57.69288462181754],[11.981641074791309,57.69266037120104],[11.981222298070241,57.692650376478475]]]},"properties":{"grid":"campus","values":[11.941,9.409,12.904,9.996,9.554,12.092,8.841]}},{"type":"Feature","geometry":{"type":"Polygon","coordinates":[[[11.981641074791309,57.69266037120104],[11.981622411299199,57.69288462181754],[11.982041190876894,57.69289461524198],[11.982059851789156,57.69267036453939],[11.981641074791309,57.69266037120104]]]},"properties":{"grid":"campus","values":[11.498,9.527,2.418,9.782,11.372,12.211,8.447]}},{"type":"Feature","geometry":{"type":"Polygon","coordinates":[[[11.982059851789156,57.69267036453939],[11.982041190876894,57.69289461524198],[11.982459970731334,57.692904607282195],[11.982478629063744,57.692680356493476],[11.982059851789156,57.69267036453939]]]},"properties":{"grid":"campus","values":[11.625,9.29,2.837,9.692,11.446,12.224,9.048]}},{"type":"Feature","geometry":{"type":"Polygon","coordinates":[[[11.982478629063744,57.692680356493476],[11.982459970731334,57.692904607282195],[11.982878750862483,57.69291459793813],[11.982897406615034,57.69269034706335],[11.982478629063744,57.692680356493476]]]},"properties":{"grid":"campus","values":[12.982,7.745,16.117,9.309,10.132,12.168,13.761]}},{"type":"Feature","geometry":{"type":"Polygon","coordinates":[[[11.982897406615034,57.69269034706335],[11.982878750862483,57.69291459793813],[11.983297531270301,57.692924587209816],[11.98331618444299,57.692700336248954],[11.982897406615034,57.69269034706335]]]},"properties":{"grid":"campus","values":[13.155,7.498,17.931,9.132,9.527,12.09,14.353]}},{"type":"Feature","geometry":{"type":"Polygon","coordinates":[[[11.98331618444299,57.692700336248954],[11.983297531270301,57.692924587209816],[11.983716311954753,57.69293457509725],[11.983734962547569,57.69271032405032],[11.98331618444299,57.692700336248954]]]},"properties":{"grid":"campus","values":[13.286,7.291,18.722,8.588,6.296,11.519,14.395]}},{"type":"Feature","geometry":{"type":"Polygon","coordinates":[[[11.983734962547569,57.69271032405032],[11.983716311954753,57.69293457509725],[11.984135092915798,57.692944561600434],[11.984153740928738,57.69272031046747],[11.983734962547569,57.69271032405032]]]},"properties":{"grid":"campus","values":[13.196,7.612,17.565,8.933,6.561,11.515,13.81]}},{"type":"Feature","geometry":{"type":"Polygon","coordinates":[[[11.984153740928738,57.69272031046747],[11.984135092915798,57.692944561600434],[11.9845538741534,57.69295454671936],[11.984572519586461,57.69273029550034],[11.984153740928738,57.69272031046747]]]},"properties":{"grid":"campus","values":[12.46,10.606,7.475,12.384,12.4,11.802,9.176]}},{"type":"Feature","geometry":{"type":"Polygon","coordinates":[[[11.984572519586461,57.69273029550034],[11.9845538741534,57.69295454671936],[11.984972655667518,57.69296453045402],[11.984991298520693,57.69274027914896],[11.984572519586461,57.69273029550034]]]},"properties":{"grid":"campus","values":[12.462,11.325,6.763,12.89,13.082,11.339,8.93]}},{"type":"Feature","geometry":{"type":"Polygon","coordinates":[[[11.984991298520693,57.69274027914896],[11.984972655667518,57.69296453045402],[11.98539143745812,57.69297451280441],[11.9854100777314,57.692750261413345],[11.984991298520693,57.69274027914896]]]},"properties":{"grid":"campus","values":[13.239,14.24,11.345,13.5,12.633,7.38,11.639]}},{"type":"Feature","geometry":{"type":"Polygon","coordinates":[[[11.985828857218543,57.69276024229346],[11.9854100777314,57.692750261413345],[11.98539143745812,57.69297451280441],[11.98581021952516,57.692984493770524],[11.985828857218543,57.69276024229346]]]},"properties":{"grid":"campus","values":[13.302,14.466,11.696,13.543,12.602,7.081,11.855]}},{"type":"Feature","geometry":{"type":"Polygon","coordinates":[[[11.969459185518865,57.69281845847028],[11.969477924101952,57.69259421036806],[11.969059152844357,57.69258417541698],[11.969040411681556,57.69280842343271],[11.969459185518865,57.69281845847028]]]},"properties":{"grid":"campus","values":[13.588,14.24,12.228,3.745,14.876,11.221,7.967]}},{"type":"Feature","geometry":{"type":"Polygon","coordinates":[[[11.969477924101952,57.69259421036806],[11.969459185518865,57.69281845847028],[11.969877959634065,57.69282849212361],[11.969896695637432,57.692604243934944],[11.969477924101952,57.69259421036806]]]},"properties":{"grid":"campus","values":[13.44,13.951,12.269,4.275,14.914,11.172,7.223]}},{"type":"Feature","geometry":{"type":"Polygon","coordinates":[[[11.969896695637432,57.692604243934944],[11.969877959634065,57.69282849212361],[11.970296734027123,57.69283852439274],[11.970315467450767,57.69261427611763],[11.969896695637432,57.692604243934944]]]},"properties":{"grid":"campus","values":[12.904,12.885,12.37,6.167,15.1,10.994,4.597]}},{"type":"Feature","geometry":{"type":"Polygon","coordinates":[[[11.970315467450767,57.69261427611763],[11.970296734027123,57.69283852439274],[11.970715508698001,57.69284855527768],[11.97073423954191,57.692624306916144],[11.970315467450767,57.69261427611763]]]},"properties":{"grid":"campus","values":[12.514,10.194,11.34,7.872,15.382,10.761,2.154]}},{"type":"Feature","geometry":{"type":"Polygon","coordinates":[[[11.97073423954191,57.692624306916144],[11.970715508698001,57.69284855527768],[11.971134283646657,57.69285858477839],[11.97115301191083,57.692634336330435],[11.97073423954191,57.692624306916144]]]},"properties":{"grid":"campus","values":[12.415,6.722,9.439,8.903,15.704,10.566,0.871]}},{"type":"Feature","geometry":{"type":"Polygon","coordinates":[[[11.97115301191083,57.692634336330435],[11.971134283646657,57.69285858477839],[11.971553058873058,57.69286861289489],[11.971571784557488,57.69264436436054],[11.97115301191083,57.692634336330435]]]},"properties":{"grid":"campus","values":[12.159,4.387,5.975,8.068,15.803,10.497,1.616]}},{"type":"Feature","geometry":{"type":"Polygon","coordinates":[[[11.971571784557488,57.69264436436054],[11.971553058873058,57.69286861289489],[11.971971834377161,57.69287863962718],[11.971990557481842,57.69265439100642],[11.971571784557488,57.69264436436054]]]},"properties":{"grid":"campus","values":[11.869,4.037,2.33,5.49,15.663,10.58,4.267]}},{"type":"Feature","geometry":{"type":"Polygon","coordinates":[[[11.971990557481842,57.69265439100642],[11.971971834377161,57.69287863962718],[11.972390610158929,57.692888664975264],[11.972409330683858,57.69266441626811],[11.971990557481842,57.69265439100642]]]},"properties":{"grid":"campus","values":[12.063,2.706,1.427,5.486,15.256,10.57,4.267]}},{"type":"Feature","geometry":{"type":"Polygon","coordinates":[[[11.972409330683858,57.69266441626811],[11.972390610158929,57.692888664975264],[11.972809386218326,57.69289868893912],[11.972828104163495,57.6926744401456],[11.972409330683858,57.69266441626811]]]},"properties":{"grid":"campus","values":[12.617,1.094,3.716,8.043,14.682,10.441,1.616]}},{"type":"Feature","geometry":{"type":"Polygon","coordinates":[[[11.972828104163495,57.6926744401456],[11.972809386218326,57.69289868893912],[11.973228162555314,57.692908711518754],[11.973246877920717,57.692684462638866],[11.972828104163495,57.6926744401456]]]},"properties":{"grid":"campus","values":[12.841,0.0,5.047,7.556,16.918,10.237,0.681]}},{"type":"Feature","geometry":{"type":"Polygon","coordinates":[[[11.973246877920717,57.692684462638866],[11.973228162555314,57.692908711518754],[11.973646939169852,57.69291873271416],[11.973665651955484,57.69269448374793],[11.973246877920717,57.692684462638866]]]},"properties":{"grid":"campus","values":[12.675,0.0,4.911,4.282,21.001,10.045,1.684]}},{"type":"Feature","geometry":{"type":"Polygon","coordinates":[[[11.973665651955484,57.69269448374793],[11.973646939169852,57.69291873271416],[11.974065716061906,57.69292875252535],[11.97408442626776,57.692704503472775],[11.973665651955484,57.69269448374793]]]},"properties":{"grid":"campus","values":[12.128,2.129,4.198,3.803,20.702,9.807,3.076]}},{"type":"Feature","geometry":{"type":"Polygon","coordinates":[[[11.97408442626776,57.692704503472775],[11.974065716061906,57.69292875252535],[11.974484493231435,57.69293877095231],[11.974503200857509,57.6927145218134],[11.97408442626776,57.692704503472775]]]},"properties":{"grid":"campus","values":[11.489,5.694,3.29,6.208,16.178,9.641,4.332]}},{"type":"Feature","geometry":{"type":"Polygon","coordinates":[[[11.974503200857509,57.6927145218134],[11.974484493231435,57.69293877095231],[11.974903270678402,57.69294878799504],[11.974921975724685,57.69272453876981],[11.974503200857509,57.6927145218134]]]},"properties":{"grid":"campus","values":[11.561,8.004,2.673,7.854,13.883,9.69,4.668]}},{"type":"Feature","geometry":{"type":"Polygon","coordinates":[[[11.974921975724685,57.69272453876981],[11.974903270678402,57.69294878799504],[11.975322048402768,57.69295880365354],[11.975340750869256,57.69273455434201],[11.974921975724685,57.69272453876981]]]},"properties":{"grid":"campus","values":[12.357,8.063,2.673,8.185,14.789,9.967,4.181]}},{"type":"Feature","geometry":{"type":"Polygon","coordinates":[[[11.975340750869256,57.69273455434201],[11.975322048402768,57.69295880365354],[11.975740826404495,57.692968817927806],[11.975759526291185,57.69274456852999],[11.975340750869256,57.69273455434201]]]},"properties":{"grid":"campus","values":[12.938,8.61,6.684,9.922,14.919,10.246,5.513]}},{"type":"Feature","geometry":{"type":"Polygon","coordinates":[[[11.975759526291185,57.69274456852999],[11.975740826404495,57.692968817927806],[11.976159604683545,57.69297883081786],[11.976178301990428,57.692754581333766],[11.975759526291185,57.69274456852999]]]},"properties":{"grid":"campus","values":[13.078,9.301,13.057,12.457,14.251,10.436,8.139]}},{"type":"Feature","geometry":{"type":"Polygon","coordinates":[[[11.976178301990428,57.692754581333766],[11.976159604683545,57.69297883081786],[11.97657838323988,57.69298884232366],[11.976597077966954,57.692764592753285],[11.976178301990428,57.692754581333766]]]},"properties":{"grid":"campus","values":[13.417,11.547,15.947,14.257,14.335,10.628,9.496]}},{"type":"Feature","geometry":{"type":"Polygon","coordinates":[[[11.976597077966954,57.692764592753285],[11.97657838323988,57.69298884232366],[11.976997162073465,57.692998852445214],[11.97701585422072,57.692774602788596],[11.976597077966954,57.692764592753285]]]},"properties":{"grid":"campus","values":[13.742,14.567,14.015,14.612,15.151,10.738,9.006]}},{"type":"Feature","geometry":{"type":"Polygon","coordinates":[[[11.97701585422072,57.692774602788596],[11.976997162073465,57.692998852445214],[11.977415941184256,57.69300886118254],[11.977434630751691,57.69278461143969],[11.97701585422072,57.692774602788596]]]},"properties":{"grid":"campus","values":[13.542,13.721,13.931,13.753,13.536,10.694,9.141]}},{"type":"Feature","geometry":{"type":"Polygon","coordinates":[[[11.977434630751691,57.69278461143969],[11.977415941184256,57.69300886118254],[11.97783472057222,57.69301886853563],[11.977853407559826,57.69279461870652],[11.977434630751691,57.69278461143969]]]},"properties":{"grid":"campus","values":[12.906,9.324,15.717,12.179,10.091,10.496,9.842]}},{"type":"Feature","geometry":{"type":"Polygon","coordinates":[[[11.977853407559826,57.69279461870652],[11.97783472057222,57.69301886853563],[11.978253500237315,57.69302887450446],[11.978272184645087,57.69280462458915],[11.977853407559826,57.69279461870652]]]},"properties":{"grid":"campus","values":[12.703,7.444,16.957,10.534,8.083,10.567,10.765]}},{"type":"Feature","geometry":{"type":"Polygon","coordinates":[[[11.978272184645087,57.69280462458915],[11.978253500237315,57.69302887450446],[11.978672280179508,57.69303887908906],[11.97869096200744,57.69281462908754],[11.978272184645087,57.69280462458915]]]},"properties":{"grid":"campus","values":[13.059,8.821,17.435,9.476,8.177,10.85,11.278]}},{"type":"Feature","geometry":{"type":"Polygon","coordinates":[[[11.97869096200744,57.69281462908754],[11.978672280179508,57.69303887908906],[11.979091060398755,57.693048882289396],[11.979109739646843,57.692824632201685],[11.97869096200744,57.69281462908754]]]},"properties":{"grid":"campus","values":[12.891,9.487,14.845,8.659,8.509,11.295,11.512]}},{"type":"Feature","geometry":{"type":"Polygon","coordinates":[[[11.979109739646843,57.692824632201685],[11.979091060398755,57.693048882289396],[11.979509840895021,57.693058884105504],[11.979528517563258,57.69283463393159],[11.979109739646843,57.692824632201685]]]},"properties":{"grid":"campus","values":[12.208,9.262,10.034,8.21,8.925,11.738,11.256]}},{"type":"Feature","geometry":{"type":"Polygon","coordinates":[[[11.979528517563258,57.69283463393159],[11.979509840895021,57.693058884105504],[11.979928621668268,57.69306888453734],[11.979947295756649,57.69284463427728],[11.979528517563258,57.69283463393159]]]},"properties":{"grid":"campus","values":[11.788,9.4,7.354,8.203,8.927,11.868,11.54]}},{"type":"Feature","geometry":{"type":"Polygon","coordinates":[[[11.979947295756649,57.69284463427728],[11.979928621668268,57.69306888453734],[11.98034740271846,57.69307888358493],[11.980366074226975,57.69285463323872],[11.979947295756649,57.69284463427728]]]},"properties":{"grid":"campus","values":[11.762,9.867,7.52,8.613,8.538,11.685,12.265]}},{"type":"Feature","geometry":{"type":"Polygon","coordinates":[[[11.980366074226975,57.69285463323872],[11.98034740271846,57.69307888358493],[11.980766184045555,57.69308888124828],[11.980784852974203,57.6928646308159],[11.980366074226975,57.69285463323872]]]},"properties":{"grid":"campus","values":[12.045,9.666,10.33,9.191,8.399,11.754,12.496]}},{"type":"Feature","geometry":{"type":"Polygon","coordinates":[[[11.980784852974203,57.6928646308159],[11.980766184045555,57.69308888124828],[11.981184965649515,57.69309887752735],[11.981203631998289,57.69287462700883],[11.980784852974203,57.6928646308159]]]},"properties":{"grid":"campus","values":[12.598,8.76,15.001,9.739,8.558,12.05,12.408]}},{"type":"Feature","geometry":{"type":"Polygon","coordinates":[[[11.981203631998289,57.69287462700883],[11.981184965649515,57.69309887752735],[11.981603747530304,57.69310887242218],[11.981622411299199,57.69288462181754],[11.981203631998289,57.69287462700883]]]},"properties":{"grid":"campus","values":[12.44,8.622,13.65,9.954,9.48,12.134,11.218]}},{"type":"Feature","geometry":{"type":"Polygon","coordinates":[[[11.981622411299199,57.69288462181754],[11.981603747530304,57.69310887242218],[11.982022529687884,57.69311886593274],[11.982041190876894,57.69289461524198],[11.981622411299199,57.69288462181754]]]},"properties":{"grid":"campus","values":[11.645,9.286,7.092,9.779,10.823,11.926,9.59]}},{"type":"Feature","geometry":{"type":"Polygon","coordinates":[[[11.982041190876894,57.69289461524198],[11.982022529687884,57.69311886593274],[11.982441312122214,57.693128858059026],[11.982459970731334,57.692904607282195],[11.982041190876894,57.69289461524198]]]},"properties":{"grid":"campus","values":[11.475,10.202,5.623,9.239,11.249,11.761,9.617]}},{"type":"Feature","geometry":{"type":"Polygon","coordinates":[[[11.982459970731334,57.692904607282195],[11.982441312122214,57.693128858059026],[11.98286009483326,57.69313884880107],[11.982878750862483,57.69291459793813],[11.982459970731334,57.692904607282195]]]},"properties":{"grid":"campus","values":[11.926,11.227,9.457,8.508,10.621,11.677,11.053]}},{"type":"Feature","geometry":{"type":"Polygon","coordinates":[[[11.982878750862483,57.69291459793813],[11.98286009483326,57.69313884880107],[11.983278877820982,57.69314883815884],[11.983297531270301,57.692924587209816],[11.982878750862483,57.69291459793813]]]},"properties":{"grid":"campus","values":[12.472,10.555,12.218,9.438,9.97,11.458,11.933]}},{"type":"Feature","geometry":{"type":"Polygon","coordinates":[[[11.983297531270301,57.692924587209816],[11.983278877820982,57.69314883815884],[11.98369766108534,57.69315882613234],[11.983716311954753,57.69293457509725],[11.983297531270301,57.692924587209816]]]},"properties":{"grid":"campus","values":[12.903,8.455,12.478,11.859,9.704,11.192,11.794]}},{"type":"Feature","geometry":{"type":"Polygon","coordinates":[[[11.983716311954753,57.69293457509725],[11.98369766108534,57.69315882613234],[11.984116444626299,57.693168812721574],[11.984135092915798,57.692944561600434],[11.983716311954753,57.69293457509725]]]},"properties":{"grid":"campus","values":[13.073,8.767,10.849,13.494,10.363,10.419,11.106]}},{"type":"Feature","geometry":{"type":"Polygon","coordinates":[[[11.984135092915798,57.692944561600434],[11.984116444626299,57.693168812721574],[11.984535228443821,57.69317879792652],[11.9845538741534,57.69295454671936],[11.984135092915798,57.692944561600434]]]},"properties":{"grid":"campus","values":[12.972,11.285,8.207,13.787,11.673,9.339,10.277]}},{"type":"Feature","geometry":{"type":"Polygon","coordinates":[[[11.9845538741534,57.69295454671936],[11.984535228443821,57.69317879792652],[11.984954012537866,57.693188781747224],[11.984972655667518,57.69296453045402],[11.9845538741534,57.69295454671936]]]},"properties":{"grid":"campus","values":[13.017,13.399,7.257,14.173,12.537,8.752,10.174]}},{"type":"Feature","geometry":{"type":"Polygon","coordinates":[[[11.984972655667518,57.69296453045402],[11.984954012537866,57.693188781747224],[11.985372796908397,57.69319876418363],[11.98539143745812,57.69297451280441],[11.984972655667518,57.69296453045402]]]},"properties":{"grid":"campus","values":[13.196,14.282,8.526,14.352,12.463,8.992,10.921]}},{"type":"Feature","geometry":{"type":"Polygon","coordinates":[[[11.98581021952516,57.692984493770524],[11.98539143745812,57.69297451280441],[11.985372796908397,57.69319876418363],[11.985791581555373,57.693208745235765],[11.98581021952516,57.692984493770524]]]},"properties":{"grid":"campus","values":[13.254,14.557,8.913,14.411,12.438,9.024,11.153]}},{"type":"Feature","geometry":{"type":"Polygon","coordinates":[[[11.969440446657881,57.69304270656058],[11.969459185518865,57.69281845847028],[11.969040411681556,57.69280842343271],[11.969021670240824,57.69303267143657],[11.969440446657881,57.69304270656058]]]},"properties":{"grid":"campus","values":[13.465,14.775,12.625,1.205,14.144,11.272,8.642]}},{"type":"Feature","geometry":{"type":"Polygon","coordinates":[[[11.969459185518865,57.69281845847028],[11.969440446657881,57.69304270656058],[11.969859223352842,57.693052740300395],[11.969877959634065,57.69282849212361],[11.969459185518865,57.69281845847028]]]},"properties":{"grid":"campus","values":[13.351,14.493,12.559,1.615,14.288,11.228,8.138]}},{"type":"Feature","geometry":{"type":"Polygon","coordinates":[[[11.969877959634065,57.69282849212361],[11.969859223352842,57.693052740300395],[11.970278000325663,57.69306277265597],[11.970296734027123,57.69283852439274],[11.969877959634065,57.69282849212361]]]},"properties":{"grid":"campus","values":[11.792,10.6,11.712,7.506,16.278,10.671,1.408]}},{"type":"Feature","geometry":{"type":"Polygon","coordinates":[[[11.970296734027123,57.69283852439274],[11.970278000325663,57.69306277265597],[11.97069677757631,57.693072803627324],[11.970715508698001,57.69284855527768],[11.970296734027123,57.69283852439274]]]},"properties":{"grid":"campus","values":[11.647,9.24,11.042,8.481,16.496,10.603,0.676]}},{"type":"Feature","geometry":{"type":"Polygon","coordinates":[[[11.970715508698001,57.69284855527768],[11.97069677757631,57.693072803627324],[11.971115555104742,57.693082833214476],[11.971134283646657,57.69285858477839],[11.970715508698001,57.69284855527768]]]},"properties":{"grid":"campus","values":[11.963,1.363,6.323,10.355,16.427,10.573,0.584]}},{"type":"Feature","geometry":{"type":"Polygon","coordinates":[[[11.971134283646657,57.69285858477839],[11.971115555104742,57.693082833214476],[11.971534332910922,57.6930928614174],[11.971553058873058,57.69286861289489],[11.971134283646657,57.69285858477839]]]},"properties":{"grid":"campus","values":[11.934,0.457,5.276,9.604,16.508,10.546,1.222]}},{"type":"Feature","geometry":{"type":"Polygon","coordinates":[[[11.971553058873058,57.69286861289489],[11.971534332910922,57.6930928614174],[11.971953110994813,57.69310288823609],[11.971971834377161,57.69287863962718],[11.971553058873058,57.69286861289489]]]},"properties":{"grid":"campus","values":[11.295,0.376,0.74,1.372,17.094,10.276,6.209]}},{"type":"Feature","geometry":{"type":"Polygon","coordinates":[[[11.971971834377161,57.69287863962718],[11.971953110994813,57.69310288823609],[11.972371889356372,57.693112913670554],[11.972390610158929,57.692888664975264],[11.971971834377161,57.69287863962718]]]},"properties":{"grid":"campus","values":[11.24,0.376,0.68,1.333,16.818,10.201,6.209]}},{"type":"Feature","geometry":{"type":"Polygon","coordinates":[[[11.972390610158929,57.692888664975264],[11.972371889356372,57.693112913670554],[11.972790667995568,57.69312293772078],[11.972809386218326,57.69289868893912],[11.972390610158929,57.692888664975264]]]},"properties":{"grid":"campus","values":[11.491,0.0,4.432,8.74,13.768,9.794,0.999]}},{"type":"Feature","geometry":{"type":"Polygon","coordinates":[[[11.972809386218326,57.69289868893912],[11.972790667995568,57.69312293772078],[11.97320944691236,57.69313296038677],[11.973228162555314,57.692908711518754],[11.972809386218326,57.69289868893912]]]},"properties":{"grid":"campus","values":[11.632,0.0,4.888,8.74,14.275,9.747,0.361]}},{"type":"Feature","geometry":{"type":"Polygon","coordinates":[[[11.973228162555314,57.692908711518754],[11.97320944691236,57.69313296038677],[11.973628226106708,57.69314298166853],[11.973646939169852,57.69291873271416],[11.973228162555314,57.692908711518754]]]},"properties":{"grid":"campus","values":[12.41,0.449,4.966,1.166,21.338,9.727,0.518]}},{"type":"Feature","geometry":{"type":"Polygon","coordinates":[[[11.973646939169852,57.69291873271416],[11.973628226106708,57.69314298166853],[11.974047005578576,57.69315300156605],[11.974065716061906,57.69292875252535],[11.973646939169852,57.69291873271416]]]},"properties":{"grid":"campus","values":[12.414,1.465,4.982,0.777,21.336,9.706,1.013]}},{"type":"Feature","geometry":{"type":"Polygon","coordinates":[[[11.974065716061906,57.69292875252535],[11.974047005578576,57.69315300156605],[11.974465785327926,57.69316302007934],[11.974484493231435,57.69293877095231],[11.974065716061906,57.69292875252535]]]},"properties":{"grid":"campus","values":[11.468,9.547,4.77,5.611,14.246,9.548,4.898]}},{"type":"Feature","geometry":{"type":"Polygon","coordinates":[[[11.974484493231435,57.69293877095231],[11.974465785327926,57.69316302007934],[11.974884565354719,57.693173037208396],[11.974903270678402,57.69294878799504],[11.974484493231435,57.69293877095231]]]},"properties":{"grid":"campus","values":[11.587,10.069,4.77,6.35,13.685,9.639,5.547]}},{"type":"Feature","geometry":{"type":"Polygon","coordinates":[[[11.974903270678402,57.69294878799504],[11.974884565354719,57.693173037208396],[11.975303345658915,57.693183052953195],[11.975322048402768,57.69295880365354],[11.974903270678402,57.69294878799504]]]},"properties":{"grid":"campus","values":[13.555,6.556,4.516,8.059,16.42,10.564,6.277]}},{"type":"Feature","geometry":{"type":"Polygon","coordinates":[[[11.975322048402768,57.69295880365354],[11.975303345658915,57.693183052953195],[11.975722126240482,57.69319306731376],[11.975740826404495,57.692968817927806],[11.975322048402768,57.69295880365354]]]},"properties":{"grid":"campus","values":[13.74,6.421,5.616,8.791,16.531,10.695,6.701]}},{"type":"Feature","geometry":{"type":"Polygon","coordinates":[[[11.975740826404495,57.692968817927806],[11.975722126240482,57.69319306731376],[11.976140907099376,57.69320308029008],[11.976159604683545,57.69297883081786],[11.975740826404495,57.692968817927806]]]},"properties":{"grid":"campus","values":[13.412,9.127,15.102,13.223,14.865,10.882,9.631]}},{"type":"Feature","geometry":{"type":"Polygon","coordinates":[[[11.976159604683545,57.69297883081786],[11.976140907099376,57.69320308029008],[11.976559688235561,57.69321309188215],[11.97657838323988,57.69298884232366],[11.976159604683545,57.69297883081786]]]},"properties":{"grid":"campus","values":[13.328,10.08,15.537,13.787,14.919,10.919,9.955]}},{"type":"Feature","geometry":{"type":"Polygon","coordinates":[[[11.97657838323988,57.69298884232366],[11.976559688235561,57.69321309188215],[11.976978469648998,57.69322310208996],[11.976997162073465,57.692998852445214],[11.97657838323988,57.69298884232366]]]},"properties":{"grid":"campus","values":[13.134,15.164,10.746,14.048,16.985,11.058,10.377]}},{"type":"Feature","geometry":{"type":"Polygon","coordinates":[[[11.976997162073465,57.692998852445214],[11.976978469648998,57.69322310208996],[11.977397251339653,57.69323311091353],[11.977415941184256,57.69300886118254],[11.976997162073465,57.692998852445214]]]},"properties":{"grid":"campus","values":[13.093,14.853,10.692,14.156,16.396,11.002,10.402]}},{"type":"Feature","geometry":{"type":"Polygon","coordinates":[[[11.977415941184256,57.69300886118254],[11.977397251339653,57.69323311091353],[11.977816033307482,57.693243118352854],[11.97783472057222,57.69301886853563],[11.977415941184256,57.69300886118254]]]},"properties":{"grid":"campus","values":[12.9,7.215,15.751,14.36,9.26,10.416,10.384]}},{"type":"Feature","geometry":{"type":"Polygon","coordinates":[[[11.97783472057222,57.69301886853563],[11.977816033307482,57.693243118352854],[11.978234815552451,57.6932531244079],[11.978253500237315,57.69302887450446],[11.97783472057222,57.69301886853563]]]},"properties":{"grid":"campus","values":[12.943,6.621,16.786,13.861,8.327,10.367,10.036]}},{"type":"Feature","geometry":{"type":"Polygon","coordinates":[[[11.978253500237315,57.69302887450446],[11.978234815552451,57.6932531244079],[11.978653598074517,57.693263129078716],[11.978672280179508,57.69303887908906],[11.978253500237315,57.69302887450446]]]},"properties":{"grid":"campus","values":[13.315,9.215,19.509,9.333,7.543,10.618,7.717]}},{"type":"Feature","geometry":{"type":"Polygon","coordinates":[[[11.978672280179508,57.69303887908906],[11.978653598074517,57.693263129078716],[11.97907238087365,57.69327313236526],[11.979091060398755,57.693048882289396],[11.978672280179508,57.69303887908906]]]},"properties":{"grid":"campus","values":[13.129,9.619,18.281,8.613,7.594,10.779,7.505]}},{"type":"Feature","geometry":{"type":"Polygon","coordinates":[[[11.979091060398755,57.693048882289396],[11.97907238087365,57.69327313236526],[11.979491163949806,57.69328313426754],[11.979509840895021,57.693058884105504],[11.979091060398755,57.693048882289396]]]},"properties":{"grid":"campus","values":[11.314,10.376,4.919,7.684,8.8,11.876,8.3]}},{"type":"Feature","geometry":{"type":"Polygon","coordinates":[[[11.979509840895021,57.693058884105504],[11.979491163949806,57.69328313426754],[11.979909947302948,57.69329313478555],[11.979928621668268,57.69306888453734],[11.979509840895021,57.693058884105504]]]},"properties":{"grid":"campus","values":[11.097,10.464,3.267,7.619,8.859,12.039,8.418]}},{"type":"Feature","geometry":{"type":"Polygon","coordinates":[[[11.979928621668268,57.69306888453734],[11.979909947302948,57.69329313478555],[11.980328730933039,57.69330313391931],[11.98034740271846,57.69307888358493],[11.979928621668268,57.69306888453734]]]},"properties":{"grid":"campus","values":[11.228,10.585,3.585,8.066,8.055,12.245,8.644]}},{"type":"Feature","geometry":{"type":"Polygon","coordinates":[[[11.98034740271846,57.69307888358493],[11.980328730933039,57.69330313391931],[11.98074751484004,57.69331313166879],[11.980766184045555,57.69308888124828],[11.98034740271846,57.69307888358493]]]},"properties":{"grid":"campus","values":[11.491,10.25,5.236,8.318,7.994,12.273,9.351]}},{"type":"Feature","geometry":{"type":"Polygon","coordinates":[[[11.980766184045555,57.69308888124828],[11.98074751484004,57.69331313166879],[11.981166299023911,57.693323128034024],[11.981184965649515,57.69309887752735],[11.980766184045555,57.69308888124828]]]},"properties":{"grid":"campus","values":[13.514,7.885,18.385,10.237,8.306,12.318,14.37]}},{"type":"Feature","geometry":{"type":"Polygon","coordinates":[[[11.981184965649515,57.69309887752735],[11.981166299023911,57.693323128034024],[11.98158508348462,57.69333312301497],[11.981603747530304,57.69310887242218],[11.981184965649515,57.69309887752735]]]},"properties":{"grid":"campus","values":[13.493,7.797,18.631,10.366,8.646,12.232,14.46]}},{"type":"Feature","geometry":{"type":"Polygon","coordinates":[[[11.981603747530304,57.69310887242218],[11.98158508348462,57.69333312301497],[11.982003868222122,57.69334311661163],[11.982022529687884,57.69311886593274],[11.981603747530304,57.69310887242218]]]},"properties":{"grid":"campus","values":[11.302,9.706,6.922,9.472,11.229,11.529,9.504]}},{"type":"Feature","geometry":{"type":"Polygon","coordinates":[[[11.982022529687884,57.69311886593274],[11.982003868222122,57.69334311661163],[11.982422653236382,57.69335310882404],[11.982441312122214,57.693128858059026],[11.982022529687884,57.69311886593274]]]},"properties":{"grid":"campus","values":[11.075,10.512,5.593,9.212,11.432,11.412,8.958]}},{"type":"Feature","geometry":{"type":"Polygon","coordinates":[[[11.982441312122214,57.693128858059026],[11.982422653236382,57.69335310882404],[11.982841438527362,57.69336309965216],[11.98286009483326,57.69313884880107],[11.982441312122214,57.693128858059026]]]},"properties":{"grid":"campus","values":[11.44,14.493,7.053,8.236,10.167,11.148,9.985]}},{"type":"Feature","geometry":{"type":"Polygon","coordinates":[[[11.98286009483326,57.69313884880107],[11.982841438527362,57.69336309965216],[11.983260224095025,57.69337308909601],[11.983278877820982,57.69314883815884],[11.98286009483326,57.69313884880107]]]},"properties":{"grid":"campus","values":[11.625,14.296,7.113,8.995,10.319,11.082,9.992]}},{"type":"Feature","geometry":{"type":"Polygon","coordinates":[[[11.983278877820982,57.69314883815884],[11.983260224095025,57.69337308909601],[11.98367900993933,57.693383077155595],[11.98369766108534,57.69315882613234],[11.983278877820982,57.69314883815884]]]},"properties":{"grid":"campus","values":[12.725,8.384,7.146,15.978,12.326,10.74,9.575]}},{"type":"Feature","geometry":{"type":"Polygon","coordinates":[[[11.98369766108534,57.69315882613234],[11.98367900993933,57.693383077155595],[11.98409779606024,57.69339306383086],[11.984116444626299,57.693168812721574],[11.98369766108534,57.69315882613234]]]},"properties":{"grid":"campus","values":[12.917,8.282,7.191,16.698,12.499,10.25,9.684]}},{"type":"Feature","geometry":{"type":"Polygon","coordinates":[[[11.984116444626299,57.693168812721574],[11.98409779606024,57.69339306383086],[11.98451658245772,57.69340304912187],[11.984535228443821,57.69317879792652],[11.984116444626299,57.693168812721574]]]},"properties":{"grid":"campus","values":[13.285,13.805,6.95,14.805,11.988,6.736,10.729]}},{"type":"Feature","geometry":{"type":"Polygon","coordinates":[[[11.984535228443821,57.69317879792652],[11.98451658245772,57.69340304912187],[11.984935369131728,57.693413033028584],[11.984954012537866,57.693188781747224],[11.984535228443821,57.69317879792652]]]},"properties":{"grid":"campus","values":[13.311,14.479,7.012,14.576,11.899,6.796,10.894]}},{"type":"Feature","geometry":{"type":"Polygon","coordinates":[[[11.984954012537866,57.693188781747224],[11.984935369131728,57.693413033028584],[11.985354156082225,57.693423015551026],[11.985372796908397,57.69319876418363],[11.984954012537866,57.693188781747224]]]},"properties":{"grid":"campus","values":[13.176,14.537,7.378,14.935,12.054,10.537,11.075]}},{"type":"Feature","geometry":{"type":"Polygon","coordinates":[[[11.985791581555373,57.693208745235765],[11.985372796908397,57.69319876418363],[11.985354156082225,57.693423015551026],[11.985772943309179,57.693432996689154],[11.985791581555373,57.693208745235765]]]},"properties":{"grid":"campus","values":[13.157,14.525,7.4,14.922,12.049,10.835,11.08]}},{"type":"Feature","geometry":{"type":"Polygon","coordinates":[[[11.969421707519,57.69326695463902],[11.969440446657881,57.69304270656058],[11.969021670240824,57.69303267143657],[11.969002928522151,57.693256919428535],[11.969421707519,57.69326695463902]]]},"properties":{"grid":"campus","values":[12.887,14.708,11.729,6.365,14.088,11.475,14.33]}},{"type":"Feature","geometry":{"type":"Polygon","coordinates":[[[11.969440446657881,57.69304270656058],[11.969421707519,57.69326695463902],[11.969840486793757,57.69327698846529],[11.969859223352842,57.693052740300395],[11.969440446657881,57.69304270656058]]]},"properties":{"grid":"campus","values":[12.661,13.941,11.699,6.834,14.545,11.402,12.734]}},{"type":"Feature","geometry":{"type":"Polygon","coordinates":[[[11.969859223352842,57.693052740300395],[11.969840486793757,57.69327698846529],[11.97025926634638,57.693287020907334],[11.970278000325663,57.69306277265597],[11.969859223352842,57.693052740300395]]]},"properties":{"grid":"campus","values":[11.886,11.298,11.611,8.395,16.13,11.162,7.269]}},{"type":"Feature","geometry":{"type":"Polygon","coordinates":[[[11.970278000325663,57.69306277265597],[11.97025926634638,57.693287020907334],[11.970678046176833,57.69329705196513],[11.97069677757631,57.693072803627324],[11.970278000325663,57.69306277265597]]]},"properties":{"grid":"campus","values":[11.568,6.997,9.863,9.792,17.064,11.052,4.55]}},{"type":"Feature","geometry":{"type":"Polygon","coordinates":[[[11.97069677757631,57.693072803627324],[11.970678046176833,57.69329705196513],[11.971096826285077,57.69330708163869],[11.971115555104742,57.693082833214476],[11.97069677757631,57.693072803627324]]]},"properties":{"grid":"campus","values":[11.844,2.682,7.17,10.278,17.021,11.128,5.566]}},{"type":"Feature","geometry":{"type":"Polygon","coordinates":[[[11.971115555104742,57.693082833214476],[11.971096826285077,57.69330708163869],[11.971515606671078,57.693317109927996],[11.971534332910922,57.6930928614174],[11.971115555104742,57.693082833214476]]]},"properties":{"grid":"campus","values":[11.743,0.0,4.651,7.67,16.806,10.887,6.325]}},{"type":"Feature","geometry":{"type":"Polygon","coordinates":[[[11.971534332910922,57.6930928614174],[11.971515606671078,57.693317109927996],[11.971934387334791,57.6933271368331],[11.971953110994813,57.69310288823609],[11.971534332910922,57.6930928614174]]]},"properties":{"grid":"campus","values":[11.301,0.0,3.37,2.938,16.442,10.401,6.379]}},{"type":"Feature","geometry":{"type":"Polygon","coordinates":[[[11.971953110994813,57.69310288823609],[11.971934387334791,57.6933271368331],[11.972353168276182,57.69333716235395],[11.972371889356372,57.693112913670554],[11.971953110994813,57.69310288823609]]]},"properties":{"grid":"campus","values":[11.068,0.0,3.209,1.376,15.225,9.951,5.753]}},{"type":"Feature","geometry":{"type":"Polygon","coordinates":[[[11.972371889356372,57.693112913670554],[11.972353168276182,57.69333716235395],[11.972771949495215,57.693347186490556],[11.972790667995568,57.69312293772078],[11.972371889356372,57.693112913670554]]]},"properties":{"grid":"campus","values":[11.124,0.0,4.234,3.404,13.577,9.684,4.608]}},{"type":"Feature","geometry":{"type":"Polygon","coordinates":[[[11.972790667995568,57.69312293772078],[11.972771949495215,57.693347186490556],[11.973190730991847,57.693357209242905],[11.97320944691236,57.69313296038677],[11.972790667995568,57.69312293772078]]]},"properties":{"grid":"campus","values":[11.081,1.263,4.945,3.404,12.941,9.588,3.59]}},{"type":"Feature","geometry":{"type":"Polygon","coordinates":[[[11.97320944691236,57.69313296038677],[11.973190730991847,57.693357209242905],[11.973609512766043,57.69336723061103],[11.973628226106708,57.69314298166853],[11.97320944691236,57.69313296038677]]]},"properties":{"grid":"campus","values":[10.894,3.463,4.978,1.376,13.28,9.707,3.211]}},{"type":"Feature","geometry":{"type":"Polygon","coordinates":[[[11.973628226106708,57.69314298166853],[11.973609512766043,57.69336723061103],[11.974028294817764,57.69337725059491],[11.974047005578576,57.69315300156605],[11.973628226106708,57.69314298166853]]]},"properties":{"grid":"campus","values":[10.861,5.826,5.0,1.637,13.512,9.837,3.702]}},{"type":"Feature","geometry":{"type":"Polygon","coordinates":[[[11.974047005578576,57.69315300156605],[11.974028294817764,57.69337725059491],[11.974447077146973,57.69338726919451],[11.974465785327926,57.69316302007934],[11.974047005578576,57.69315300156605]]]},"properties":{"grid":"campus","values":[10.989,7.341,5.0,4.274,13.578,9.954,4.741]}},{"type":"Feature","geometry":{"type":"Polygon","coordinates":[[[11.974465785327926,57.69316302007934],[11.974447077146973,57.69338726919451],[11.97486585975363,57.693397286409876],[11.974884565354719,57.693173037208396],[11.974465785327926,57.69316302007934]]]},"properties":{"grid":"campus","values":[11.492,7.906,4.286,6.845,14.351,10.318,4.894]}},{"type":"Feature","geometry":{"type":"Polygon","coordinates":[[[11.974884565354719,57.693173037208396],[11.97486585975363,57.693397286409876],[11.975284642637698,57.693407302240985],[11.975303345658915,57.693183052953195],[11.974884565354719,57.693173037208396]]]},"properties":{"grid":"campus","values":[12.191,7.171,3.041,8.397,15.855,10.8,3.868]}},{"type":"Feature","geometry":{"type":"Polygon","coordinates":[[[11.975303345658915,57.693183052953195],[11.975284642637698,57.693407302240985],[11.975703425799137,57.69341731668786],[11.975722126240482,57.69319306731376],[11.975303345658915,57.693183052953195]]]},"properties":{"grid":"campus","values":[12.664,6.975,3.943,9.878,16.596,11.137,4.71]}},{"type":"Feature","geometry":{"type":"Polygon","coordinates":[[[11.975722126240482,57.69319306731376],[11.975703425799137,57.69341731668786],[11.976122209237914,57.69342732975044],[11.976140907099376,57.69320308029008],[11.975722126240482,57.69319306731376]]]},"properties":{"grid":"campus","values":[12.714,7.422,6.325,10.616,16.339,11.189,7.036]}},{"type":"Feature","geometry":{"type":"Polygon","coordinates":[[[11.976140907099376,57.69320308029008],[11.976122209237914,57.69342732975044],[11.976540992953987,57.69343734142879],[11.976559688235561,57.69321309188215],[11.976140907099376,57.69320308029008]]]},"properties":{"grid":"campus","values":[12.528,8.797,8.364,11.212,16.337,11.209,8.902]}},{"type":"Feature","geometry":{"type":"Polygon","coordinates":[[[11.976559688235561,57.69321309188215],[11.976540992953987,57.69343734142879],[11.976959776947318,57.69344735172287],[11.976978469648998,57.69322310208996],[11.976559688235561,57.69321309188215]]]},"properties":{"grid":"campus","values":[12.186,10.37,9.361,11.29,16.57,11.177,9.697]}},{"type":"Feature","geometry":{"type":"Polygon","coordinates":[[[11.976978469648998,57.69322310208996],[11.976959776947318,57.69344735172287],[11.97737856121787,57.69345736063268],[11.977397251339653,57.69323311091353],[11.976978469648998,57.69322310208996]]]},"properties":{"grid":"campus","values":[12.077,10.006,11.227,11.349,15.216,11.033,10.215]}},{"type":"Feature","geometry":{"type":"Polygon","coordinates":[[[11.977397251339653,57.69323311091353],[11.97737856121787,57.69345736063268],[11.977797345765605,57.69346736815822],[11.977816033307482,57.693243118352854],[11.977397251339653,57.69323311091353]]]},"properties":{"grid":"campus","values":[12.245,7.92,13.502,11.33,12.858,10.834,10.312]}},{"type":"Feature","geometry":{"type":"Polygon","coordinates":[[[11.977816033307482,57.693243118352854],[11.977797345765605,57.69346736815822],[11.978216130590482,57.6934773742995],[11.978234815552451,57.6932531244079],[11.977816033307482,57.693243118352854]]]},"properties":{"grid":"campus","values":[12.132,6.998,14.253,10.389,10.506,10.748,9.562]}},{"type":"Feature","geometry":{"type":"Polygon","coordinates":[[[11.978234815552451,57.6932531244079],[11.978216130590482,57.6934773742995],[11.978634915692467,57.69348737905653],[11.978653598074517,57.693263129078716],[11.978234815552451,57.6932531244079]]]},"properties":{"grid":"campus","values":[11.749,7.712,12.877,8.966,9.136,10.815,8.295]}},{"type":"Feature","geometry":{"type":"Polygon","coordinates":[[[11.978653598074517,57.693263129078716],[11.978634915692467,57.69348737905653],[11.979053701071521,57.69349738242924],[11.97907238087365,57.69327313236526],[11.978653598074517,57.693263129078716]]]},"properties":{"grid":"campus","values":[11.437,8.722,9.126,8.278,9.029,11.06,7.873]}},{"type":"Feature","geometry":{"type":"Polygon","coordinates":[[[11.97907238087365,57.69327313236526],[11.979053701071521,57.69349738242924],[11.979472486727603,57.693507384417714],[11.979491163949806,57.69328313426754],[11.97907238087365,57.69327313236526]]]},"properties":{"grid":"campus","values":[11.35,9.607,4.453,8.786,10.193,11.354,8.49]}},{"type":"Feature","geometry":{"type":"Polygon","coordinates":[[[11.979491163949806,57.69328313426754],[11.979472486727603,57.693507384417714],[11.979891272660678,57.69351738502192],[11.979909947302948,57.69329313478555],[11.979491163949806,57.69328313426754]]]},"properties":{"grid":"campus","values":[11.188,10.239,2.182,8.69,10.195,11.769,8.811]}},{"type":"Feature","geometry":{"type":"Polygon","coordinates":[[[11.979909947302948,57.69329313478555],[11.979891272660678,57.69351738502192],[11.980310058870709,57.69352738424183],[11.980328730933039,57.69330313391931],[11.979909947302948,57.69329313478555]]]},"properties":{"grid":"campus","values":[11.079,10.42,3.551,8.041,9.01,12.134,8.707]}},{"type":"Feature","geometry":{"type":"Polygon","coordinates":[[[11.980328730933039,57.69330313391931],[11.980310058870709,57.69352738424183],[11.980728845357653,57.69353738207748],[11.98074751484004,57.69331313166879],[11.980328730933039,57.69330313391931]]]},"properties":{"grid":"campus","values":[11.792,10.76,6.884,9.273,8.93,12.224,9.618]}},{"type":"Feature","geometry":{"type":"Polygon","coordinates":[[[11.98074751484004,57.69331313166879],[11.980728845357653,57.69353738207748],[11.981147632121475,57.693547378528834],[11.981166299023911,57.693323128034024],[11.98074751484004,57.69331313166879]]]},"properties":{"grid":"campus","values":[13.038,11.306,10.67,11.969,10.0,12.004,11.03]}},{"type":"Feature","geometry":{"type":"Polygon","coordinates":[[[11.981166299023911,57.693323128034024],[11.981147632121475,57.693547378528834],[11.981566419162137,57.693557373595894],[11.98158508348462,57.69333312301497],[11.981166299023911,57.693323128034024]]]},"properties":{"grid":"campus","values":[13.12,11.863,11.298,12.156,10.703,11.724,10.636]}},{"type":"Feature","geometry":{"type":"Polygon","coordinates":[[[11.98158508348462,57.69333312301497],[11.981566419162137,57.693557373595894],[11.981985206479601,57.693567367278696],[11.982003868222122,57.69334311661163],[11.98158508348462,57.69333312301497]]]},"properties":{"grid":"campus","values":[12.027,12.321,8.511,9.736,10.722,11.489,8.501]}},{"type":"Feature","geometry":{"type":"Polygon","coordinates":[[[11.982003868222122,57.69334311661163],[11.981985206479601,57.693567367278696],[11.98240399407383,57.6935773595772],[11.982422653236382,57.69335310882404],[11.982003868222122,57.69334311661163]]]},"properties":{"grid":"campus","values":[11.424,12.463,6.733,10.009,10.093,11.195,7.951]}},{"type":"Feature","geometry":{"type":"Polygon","coordinates":[[[11.982422653236382,57.69335310882404],[11.98240399407383,57.6935773595772],[11.982822781944783,57.69358735049141],[11.982841438527362,57.69336309965216],[11.982422653236382,57.69335310882404]]]},"properties":{"grid":"campus","values":[11.555,11.935,6.948,13.006,8.899,10.965,9.344]}},{"type":"Feature","geometry":{"type":"Polygon","coordinates":[[[11.982841438527362,57.69336309965216],[11.982822781944783,57.69358735049141],[11.983241570092423,57.69359734002134],[11.983260224095025,57.69337308909601],[11.982841438527362,57.69336309965216]]]},"properties":{"grid":"campus","values":[11.563,10.957,7.327,14.372,8.678,10.745,10.094]}},{"type":"Feature","geometry":{"type":"Polygon","coordinates":[[[11.983260224095025,57.69337308909601],[11.983241570092423,57.69359734002134],[11.983660358516712,57.693607328166976],[11.98367900993933,57.693383077155595],[11.983260224095025,57.69337308909601]]]},"properties":{"grid":"campus","values":[11.374,9.861,7.749,13.456,9.427,10.618,10.005]}},{"type":"Feature","geometry":{"type":"Polygon","coordinates":[[[11.98367900993933,57.693383077155595],[11.983660358516712,57.693607328166976],[11.984079147217614,57.69361731492831],[11.98409779606024,57.69339306383086],[11.98367900993933,57.693383077155595]]]},"properties":{"grid":"campus","values":[11.627,10.428,7.863,12.325,9.681,9.962,10.324]}},{"type":"Feature","geometry":{"type":"Polygon","coordinates":[[[11.98409779606024,57.69339306383086],[11.984079147217614,57.69361731492831],[11.984497936195089,57.693627300305366],[11.98451658245772,57.69340304912187],[11.98409779606024,57.69339306383086]]]},"properties":{"grid":"campus","values":[12.183,12.553,7.62,10.987,9.304,9.14,10.924]}},{"type":"Feature","geometry":{"type":"Polygon","coordinates":[[[11.98451658245772,57.69340304912187],[11.984497936195089,57.693627300305366],[11.984916725449096,57.693637284298106],[11.984935369131728,57.693413033028584],[11.98451658245772,57.69340304912187]]]},"properties":{"grid":"campus","values":[12.275,13.214,7.694,10.699,9.178,9.201,11.294]}},{"type":"Feature","geometry":{"type":"Polygon","coordinates":[[[11.984935369131728,57.693413033028584],[11.984916725449096,57.693637284298106],[11.985335514979603,57.69364726690656],[11.985354156082225,57.693423015551026],[11.984935369131728,57.693413033028584]]]},"properties":{"grid":"campus","values":[11.869,11.975,8.04,11.625,9.369,10.106,11.273]}},{"type":"Feature","geometry":{"type":"Polygon","coordinates":[[[11.985772943309179,57.693432996689154],[11.985354156082225,57.693423015551026],[11.985335514979603,57.69364726690656],[11.985754304786568,57.69365724813071],[11.985772943309179,57.693432996689154]]]},"properties":{"grid":"campus","values":[11.749,11.621,8.14,11.87,9.413,10.395,11.268]}},{"type":"Feature","geometry":{"type":"Polygon","coordinates":[[[11.969402968102212,57.693491202705594],[11.969421707519,57.69326695463902],[11.969002928522151,57.693256919428535],[11.968984186525534,57.693481167408635],[11.969402968102212,57.693491202705594]]]},"properties":{"grid":"campus","values":[12.816,15.838,10.987,10.002,13.417,11.734,21.726]}},{"type":"Feature","geometry":{"type":"Polygon","coordinates":[[[11.969421707519,57.69326695463902],[11.969402968102212,57.693491202705594],[11.9698217499568,57.69350123661832],[11.969840486793757,57.69327698846529],[11.969421707519,57.69326695463902]]]},"properties":{"grid":"campus","values":[12.728,15.466,11.021,10.033,13.655,11.716,20.892]}},{"type":"Feature","geometry":{"type":"Polygon","coordinates":[[[11.969840486793757,57.69327698846529],[11.9698217499568,57.69350123661832],[11.970240532089266,57.693511269146796],[11.97025926634638,57.693287020907334],[11.969840486793757,57.69327698846529]]]},"properties":{"grid":"campus","values":[11.487,10.094,11.563,10.184,16.99,11.461,8.559]}},{"type":"Feature","geometry":{"type":"Polygon","coordinates":[[[11.97025926634638,57.693287020907334],[11.970240532089266,57.693511269146796],[11.970659314499564,57.69352130029103],[11.970678046176833,57.69329705196513],[11.97025926634638,57.693287020907334]]]},"properties":{"grid":"campus","values":[11.42,8.626,11.076,10.16,17.382,11.456,7.511]}},{"type":"Feature","geometry":{"type":"Polygon","coordinates":[[[11.970678046176833,57.69329705196513],[11.970659314499564,57.69352130029103],[11.971078097187661,57.69353133005101],[11.971096826285077,57.69330708163869],[11.970678046176833,57.69329705196513]]]},"properties":{"grid":"campus","values":[11.969,1.351,6.422,10.542,17.381,11.655,10.454]}},{"type":"Feature","geometry":{"type":"Polygon","coordinates":[[[11.971096826285077,57.69330708163869],[11.971078097187661,57.69353133005101],[11.971496880153516,57.69354135842675],[11.971515606671078,57.693317109927996],[11.971096826285077,57.69330708163869]]]},"properties":{"grid":"campus","values":[11.931,0.489,5.797,9.583,17.167,11.527,10.34]}},{"type":"Feature","geometry":{"type":"Polygon","coordinates":[[[11.971515606671078,57.693317109927996],[11.971496880153516,57.69354135842675],[11.971915663397093,57.69355138541825],[11.971934387334791,57.6933271368331],[11.971515606671078,57.693317109927996]]]},"properties":{"grid":"campus","values":[11.159,0.0,4.609,1.221,15.607,10.3,6.691]}},{"type":"Feature","geometry":{"type":"Polygon","coordinates":[[[11.971934387334791,57.6933271368331],[11.971915663397093,57.69355138541825],[11.972334446918353,57.69356141102549],[11.972353168276182,57.69333716235395],[11.971934387334791,57.6933271368331]]]},"properties":{"grid":"campus","values":[11.061,0.0,4.563,0.262,15.089,10.084,6.292]}},{"type":"Feature","geometry":{"type":"Polygon","coordinates":[[[11.972353168276182,57.69333716235395],[11.972334446918353,57.69356141102549],[11.97275323071726,57.69357143524846],[11.972771949495215,57.693347186490556],[11.972353168276182,57.69333716235395]]]},"properties":{"grid":"campus","values":[10.997,0.0,4.966,0.473,12.278,9.447,6.657]}},{"type":"Feature","geometry":{"type":"Polygon","coordinates":[[[11.972771949495215,57.693347186490556],[11.97275323071726,57.69357143524846],[11.973172014793771,57.693581458087195],[11.973190730991847,57.693357209242905],[11.972771949495215,57.693347186490556]]]},"properties":{"grid":"campus","values":[10.837,0.805,4.992,0.473,11.397,9.43,6.606]}},{"type":"Feature","geometry":{"type":"Polygon","coordinates":[[[11.973190730991847,57.693357209242905],[11.973172014793771,57.693581458087195],[11.973590799147853,57.69359147954166],[11.973609512766043,57.69336723061103],[11.973190730991847,57.693357209242905]]]},"properties":{"grid":"campus","values":[9.55,7.179,5.235,0.262,7.284,9.834,5.508]}},{"type":"Feature","geometry":{"type":"Polygon","coordinates":[[[11.973609512766043,57.69336723061103],[11.973590799147853,57.69359147954166],[11.974009583779464,57.69360149961187],[11.974028294817764,57.69337725059491],[11.973609512766043,57.69336723061103]]]},"properties":{"grid":"campus","values":[9.525,7.733,5.235,0.794,7.433,9.936,5.357]}},{"type":"Feature","geometry":{"type":"Polygon","coordinates":[[[11.974028294817764,57.69337725059491],[11.974009583779464,57.69360149961187],[11.974428368688569,57.693611518297814],[11.974447077146973,57.69338726919451],[11.974028294817764,57.69337725059491]]]},"properties":{"grid":"campus","values":[10.631,6.568,4.746,5.013,12.833,10.394,5.584]}},{"type":"Feature","geometry":{"type":"Polygon","coordinates":[[[11.974447077146973,57.69338726919451],[11.974428368688569,57.693611518297814],[11.97484715387513,57.6936215355995],[11.97486585975363,57.693397286409876],[11.974447077146973,57.69338726919451]]]},"properties":{"grid":"campus","values":[10.839,6.44,4.291,5.96,13.852,10.541,5.074]}},{"type":"Feature","geometry":{"type":"Polygon","coordinates":[[[11.97486585975363,57.693397286409876],[11.97484715387513,57.6936215355995],[11.975265939339106,57.693631551516916],[11.975284642637698,57.693407302240985],[11.97486585975363,57.693397286409876]]]},"properties":{"grid":"campus","values":[11.563,7.178,0.965,9.345,16.444,11.37,1.181]}},{"type":"Feature","geometry":{"type":"Polygon","coordinates":[[[11.975284642637698,57.693407302240985],[11.975265939339106,57.693631551516916],[11.97568472508046,57.693641566050076],[11.975703425799137,57.69341731668786],[11.975284642637698,57.693407302240985]]]},"properties":{"grid":"campus","values":[11.69,7.179,0.509,9.603,16.812,11.462,1.321]}},{"type":"Feature","geometry":{"type":"Polygon","coordinates":[[[11.975703425799137,57.69341731668786],[11.97568472508046,57.693641566050076],[11.976103511099156,57.69365157919894],[11.976122209237914,57.69342732975044],[11.975703425799137,57.69341731668786]]]},"properties":{"grid":"campus","values":[12.065,6.463,1.267,9.059,17.166,11.501,6.455]}},{"type":"Feature","geometry":{"type":"Polygon","coordinates":[[[11.976122209237914,57.69342732975044],[11.976103511099156,57.69365157919894],[11.976522297395155,57.69366159096356],[11.976540992953987,57.69343734142879],[11.976122209237914,57.69342732975044]]]},"properties":{"grid":"campus","values":[12.025,6.447,2.159,8.911,17.115,11.48,7.34]}},{"type":"Feature","geometry":{"type":"Polygon","coordinates":[[[11.976540992953987,57.69343734142879],[11.976522297395155,57.69366159096356],[11.976941083968418,57.693671601343894],[11.976959776947318,57.69344735172287],[11.976540992953987,57.69343734142879]]]},"properties":{"grid":"campus","values":[11.271,7.556,8.63,9.254,16.308,11.262,9.526]}},{"type":"Feature","geometry":{"type":"Polygon","coordinates":[[[11.976959776947318,57.69344735172287],[11.976941083968418,57.693671601343894],[11.977359870818905,57.693681610339944],[11.97737856121787,57.69345736063268],[11.976959776947318,57.69344735172287]]]},"properties":{"grid":"campus","values":[11.24,7.615,9.87,9.19,15.997,11.222,9.832]}},{"type":"Feature","geometry":{"type":"Polygon","coordinates":[[[11.97737856121787,57.69345736063268],[11.977359870818905,57.693681610339944],[11.977778657946583,57.693691617951735],[11.977797345765605,57.69346736815822],[11.97737856121787,57.69345736063268]]]},"properties":{"grid":"campus","values":[11.79,6.806,13.453,8.412,13.928,11.031,10.113]}},{"type":"Feature","geometry":{"type":"Polygon","coordinates":[[[11.977797345765605,57.69346736815822],[11.977778657946583,57.693691617951735],[11.97819744535141,57.69370162417924],[11.978216130590482,57.6934773742995],[11.977797345765605,57.69346736815822]]]},"properties":{"grid":"campus","values":[11.678,6.774,12.962,8.281,13.304,11.022,9.961]}},{"type":"Feature","geometry":{"type":"Polygon","coordinates":[[[11.978216130590482,57.6934773742995],[11.97819744535141,57.69370162417924],[11.978616233033348,57.69371162902247],[11.978634915692467,57.69348737905653],[11.978216130590482,57.6934773742995]]]},"properties":{"grid":"campus","values":[10.168,7.211,5.938,7.441,9.54,11.135,8.288]}},{"type":"Feature","geometry":{"type":"Polygon","coordinates":[[[11.978634915692467,57.69348737905653],[11.978616233033348,57.69371162902247],[11.979035020992361,57.69372163248139],[11.979053701071521,57.69349738242924],[11.978634915692467,57.69348737905653]]]},"properties":{"grid":"campus","values":[10.143,7.477,4.697,7.676,9.424,11.139,8.218]}},{"type":"Feature","geometry":{"type":"Polygon","coordinates":[[[11.979053701071521,57.69349738242924],[11.979035020992361,57.69372163248139],[11.979453809228408,57.693731634556045],[11.979472486727603,57.693507384417714],[11.979053701071521,57.69349738242924]]]},"properties":{"grid":"campus","values":[11.266,9.512,0.823,9.984,12.098,11.2,9.408]}},{"type":"Feature","geometry":{"type":"Polygon","coordinates":[[[11.979472486727603,57.693507384417714],[11.979453809228408,57.693731634556045],[11.979872597741455,57.693741635246404],[11.979891272660678,57.69351738502192],[11.979472486727603,57.693507384417714]]]},"properties":{"grid":"campus","values":[11.366,9.832,0.923,9.984,12.044,11.313,9.502]}},{"type":"Feature","geometry":{"type":"Polygon","coordinates":[[[11.979891272660678,57.69351738502192],[11.979872597741455,57.693741635246404],[11.98029138653146,57.69375163455251],[11.980310058870709,57.69352738424183],[11.979891272660678,57.69351738502192]]]},"properties":{"grid":"campus","values":[10.925,10.241,5.071,7.563,9.201,12.184,9.136]}},{"type":"Feature","geometry":{"type":"Polygon","coordinates":[[[11.980310058870709,57.69352738424183],[11.98029138653146,57.69375163455251],[11.98071017559839,57.693761632474285],[11.980728845357653,57.69353738207748],[11.980310058870709,57.69352738424183]]]},"properties":{"grid":"campus","values":[11.132,10.772,5.648,8.112,9.207,12.215,9.055]}},{"type":"Feature","geometry":{"type":"Polygon","coordinates":[[[11.980728845357653,57.69353738207748],[11.98071017559839,57.693761632474285],[11.9811289649422,57.693771629011785],[11.981147632121475,57.693547378528834],[11.980728845357653,57.69353738207748]]]},"properties":{"grid":"campus","values":[13.437,14.68,7.089,15.465,12.007,11.543,9.092]}},{"type":"Feature","geometry":{"type":"Polygon","coordinates":[[[11.981147632121475,57.693547378528834],[11.9811289649422,57.693771629011785],[11.981547754562856,57.69378162416499],[11.981566419162137,57.693557373595894],[11.981147632121475,57.693547378528834]]]},"properties":{"grid":"campus","values":[13.509,15.118,7.26,15.463,12.136,11.445,8.756]}},{"type":"Feature","geometry":{"type":"Polygon","coordinates":[[[11.981566419162137,57.693557373595894],[11.981547754562856,57.69378162416499],[11.98196654446032,57.69379161793389],[11.981985206479601,57.693567367278696],[11.981566419162137,57.693557373595894]]]},"properties":{"grid":"campus","values":[11.786,14.628,7.234,8.867,10.388,11.235,6.113]}},{"type":"Feature","geometry":{"type":"Polygon","coordinates":[[[11.981985206479601,57.693567367278696],[11.98196654446032,57.69379161793389],[11.98238533463455,57.6938016103185],[11.98240399407383,57.6935773595772],[11.981985206479601,57.693567367278696]]]},"properties":{"grid":"campus","values":[11.614,13.963,7.347,9.285,9.797,11.158,6.274]}},{"type":"Feature","geometry":{"type":"Polygon","coordinates":[[[11.98240399407383,57.6935773595772],[11.98238533463455,57.6938016103185],[11.982804125085515,57.6938116013188],[11.982822781944783,57.69358735049141],[11.98240399407383,57.6935773595772]]]},"properties":{"grid":"campus","values":[11.803,9.207,7.604,19.066,6.955,10.661,9.973]}},{"type":"Feature","geometry":{"type":"Polygon","coordinates":[[[11.982822781944783,57.69358735049141],[11.982804125085515,57.6938116013188],[11.983222915813172,57.69382159093482],[11.983241570092423,57.69359734002134],[11.982822781944783,57.69358735049141]]]},"properties":{"grid":"campus","values":[11.634,8.769,7.789,19.226,6.672,10.583,10.446]}},{"type":"Feature","geometry":{"type":"Polygon","coordinates":[[[11.983241570092423,57.69359734002134],[11.983222915813172,57.69382159093482],[11.983641706817483,57.693831579166535],[11.983660358516712,57.693607328166976],[11.983241570092423,57.69359734002134]]]},"properties":{"grid":"campus","values":[10.208,9.983,9.109,10.995,7.225,10.428,10.5]}},{"type":"Feature","geometry":{"type":"Polygon","coordinates":[[[11.983660358516712,57.693607328166976],[11.983641706817483,57.693831579166535],[11.984060498098414,57.69384156601391],[11.984079147217614,57.69361731492831],[11.983660358516712,57.693607328166976]]]},"properties":{"grid":"campus","values":[10.19,10.44,9.139,9.599,7.225,10.469,10.6]}},{"type":"Feature","geometry":{"type":"Polygon","coordinates":[[[11.984079147217614,57.69361731492831],[11.984060498098414,57.69384156601391],[11.984479289655921,57.69385155147701],[11.984497936195089,57.693627300305366],[11.984079147217614,57.69361731492831]]]},"properties":{"grid":"campus","values":[11.634,12.894,8.027,7.389,6.39,10.689,11.284]}},{"type":"Feature","geometry":{"type":"Polygon","coordinates":[[[11.984497936195089,57.693627300305366],[11.984479289655921,57.69385155147701],[11.98489808148997,57.69386153555579],[11.984916725449096,57.693637284298106],[11.984497936195089,57.693627300305366]]]},"properties":{"grid":"campus","values":[11.667,12.684,8.016,7.42,6.393,10.672,11.366]}},{"type":"Feature","geometry":{"type":"Polygon","coordinates":[[[11.984916725449096,57.693637284298106],[11.98489808148997,57.69386153555579],[11.98531687360052,57.69387151825027],[11.985335514979603,57.69364726690656],[11.984916725449096,57.693637284298106]]]},"properties":{"grid":"campus","values":[10.523,8.858,9.064,9.755,7.208,10.379,11.456]}},{"type":"Feature","geometry":{"type":"Polygon","coordinates":[[[11.985754304786568,57.69365724813071],[11.985335514979603,57.69364726690656],[11.98531687360052,57.69387151825027],[11.985735665987535,57.69388149956041],[11.985754304786568,57.69365724813071]]]},"properties":{"grid":"campus","values":[10.452,8.588,9.136,9.998,7.258,10.337,11.448]}},{"type":"Feature","geometry":{"type":"Polygon","coordinates":[[[11.969384228407511,57.69371545076028],[11.969402968102212,57.693491202705594],[11.968984186525534,57.693481167408635],[11.968965444250967,57.69370541537685],[11.969384228407511,57.69371545076028]]]},"properties":{"grid":"campus","values":[12.972,15.281,11.221,8.231,13.85,11.53,20.809]}},{"type":"Feature","geometry":{"type":"Polygon","coordinates":[[[11.969402968102212,57.693491202705594],[11.969384228407511,57.69371545076028],[11.969803012841973,57.693725484759455],[11.9698217499568,57.69350123661832],[11.969402968102212,57.693491202705594]]]},"properties":{"grid":"campus","values":[12.776,14.409,11.369,8.172,14.273,11.572,18.861]}},{"type":"Feature","geometry":{"type":"Polygon","coordinates":[[[11.9698217499568,57.69350123661832],[11.969803012841973,57.693725484759455],[11.970221797554315,57.6937355173744],[11.970240532089266,57.693511269146796],[11.9698217499568,57.69350123661832]]]},"properties":{"grid":"campus","values":[12.109,11.427,11.892,7.929,15.694,11.729,12.212]}},{"type":"Feature","geometry":{"type":"Polygon","coordinates":[[[11.970240532089266,57.693511269146796],[11.970221797554315,57.6937355173744],[11.970640582544497,57.69374554860507],[11.970659314499564,57.69352130029103],[11.970240532089266,57.693511269146796]]]},"properties":{"grid":"campus","values":[11.758,8.304,11.393,8.542,16.624,11.795,8.62]}},{"type":"Feature","geometry":{"type":"Polygon","coordinates":[[[11.970659314499564,57.69352130029103],[11.970640582544497,57.69374554860507],[11.971059367812483,57.69375557845149],[11.971078097187661,57.69353133005101],[11.970659314499564,57.69352130029103]]]},"properties":{"grid":"campus","values":[11.842,6.428,10.193,9.861,16.668,11.755,9.426]}},{"type":"Feature","geometry":{"type":"Polygon","coordinates":[[[11.971078097187661,57.69353133005101],[11.971059367812483,57.69375557845149],[11.971478153358234,57.69376560691362],[11.971496880153516,57.69354135842675],[11.971078097187661,57.69353133005101]]]},"properties":{"grid":"campus","values":[12.032,3.777,8.237,8.418,16.598,11.567,8.904]}},{"type":"Feature","geometry":{"type":"Polygon","coordinates":[[[11.971496880153516,57.69354135842675],[11.971478153358234,57.69376560691362],[11.971896939181711,57.69377563399153],[11.971915663397093,57.69355138541825],[11.971496880153516,57.69354135842675]]]},"properties":{"grid":"campus","values":[12.294,1.378,6.276,4.963,16.515,11.329,7.235]}},{"type":"Feature","geometry":{"type":"Polygon","coordinates":[[[11.971915663397093,57.69355138541825],[11.971896939181711,57.69377563399153],[11.97231572528288,57.69378565968516],[11.972334446918353,57.69356141102549],[11.971915663397093,57.69355138541825]]]},"properties":{"grid":"campus","values":[12.057,0.0,5.101,2.024,15.366,10.692,6.294]}},{"type":"Feature","geometry":{"type":"Polygon","coordinates":[[[11.972334446918353,57.69356141102549],[11.97231572528288,57.69378565968516],[11.972734511661695,57.69379568399451],[11.97275323071726,57.69357143524846],[11.972334446918353,57.69356141102549]]]},"properties":{"grid":"campus","values":[11.418,0.0,5.033,0.738,13.651,9.905,6.483]}},{"type":"Feature","geometry":{"type":"Polygon","coordinates":[[[11.97275323071726,57.69357143524846],[11.972734511661695,57.69379568399451],[11.973153298318124,57.693805706919605],[11.973172014793771,57.693581458087195],[11.97275323071726,57.69357143524846]]]},"properties":{"grid":"campus","values":[10.737,1.184,5.66,0.738,11.763,9.669,6.401]}},{"type":"Feature","geometry":{"type":"Polygon","coordinates":[[[11.973172014793771,57.693581458087195],[11.973153298318124,57.693805706919605],[11.97357208525213,57.69381572846042],[11.973590799147853,57.69359147954166],[11.973172014793771,57.693581458087195]]]},"properties":{"grid":"campus","values":[10.252,2.929,6.81,2.024,10.535,10.051,6.09]}},{"type":"Feature","geometry":{"type":"Polygon","coordinates":[[[11.973590799147853,57.69359147954166],[11.97357208525213,57.69381572846042],[11.973990872463672,57.69382574861699],[11.974009583779464,57.69360149961187],[11.973590799147853,57.69359147954166]]]},"properties":{"grid":"campus","values":[10.257,4.616,6.096,2.806,11.058,10.365,6.07]}},{"type":"Feature","geometry":{"type":"Polygon","coordinates":[[[11.974009583779464,57.69360149961187],[11.973990872463672,57.69382574861699],[11.97440965995271,57.69383576738926],[11.974428368688569,57.693611518297814],[11.974009583779464,57.69360149961187]]]},"properties":{"grid":"campus","values":[10.76,5.59,3.701,2.671,13.137,10.489,6.403]}},{"type":"Feature","geometry":{"type":"Polygon","coordinates":[[[11.974428368688569,57.693611518297814],[11.97440965995271,57.69383576738926],[11.974828447719213,57.69384578477725],[11.97484715387513,57.6936215355995],[11.974428368688569,57.693611518297814]]]},"properties":{"grid":"campus","values":[11.408,6.322,2.443,3.325,15.229,10.917,5.778]}},{"type":"Feature","geometry":{"type":"Polygon","coordinates":[[[11.97484715387513,57.6936215355995],[11.974828447719213,57.69384578477725],[11.975247235763135,57.69385580078099],[11.975265939339106,57.693631551516916],[11.97484715387513,57.6936215355995]]]},"properties":{"grid":"campus","values":[11.95,6.673,2.825,4.225,16.392,11.48,4.557]}},{"type":"Feature","geometry":{"type":"Polygon","coordinates":[[[11.975265939339106,57.693631551516916],[11.975247235763135,57.69385580078099],[11.975666024084443,57.69386581540042],[11.97568472508046,57.693641566050076],[11.975265939339106,57.693631551516916]]]},"properties":{"grid":"campus","values":[12.13,6.895,3.512,5.825,16.862,11.828,4.542]}},{"type":"Feature","geometry":{"type":"Polygon","coordinates":[[[11.97568472508046,57.693641566050076],[11.975666024084443,57.69386581540042],[11.976084812683096,57.69387582863559],[11.976103511099156,57.69365157919894],[11.97568472508046,57.693641566050076]]]},"properties":{"grid":"campus","values":[11.85,6.931,4.507,7.609,16.373,11.836,5.682]}},{"type":"Feature","geometry":{"type":"Polygon","coordinates":[[[11.976103511099156,57.69365157919894],[11.976084812683096,57.69387582863559],[11.976503601559056,57.69388584048648],[11.976522297395155,57.69366159096356],[11.976103511099156,57.69365157919894]]]},"properties":{"grid":"campus","values":[11.743,7.022,5.675,9.327,16.101,11.736,7.402]}},{"type":"Feature","geometry":{"type":"Polygon","coordinates":[[[11.976522297395155,57.69366159096356],[11.976503601559056,57.69388584048648],[11.97692239071229,57.693895850953076],[11.976941083968418,57.693671601343894],[11.976522297395155,57.69366159096356]]]},"properties":{"grid":"campus","values":[11.854,7.152,6.364,10.595,16.137,11.561,8.908]}},{"type":"Feature","geometry":{"type":"Polygon","coordinates":[[[11.976941083968418,57.693671601343894],[11.97692239071229,57.693895850953076],[11.977341180142753,57.69390586003538],[11.977359870818905,57.693681610339944],[11.976941083968418,57.693671601343894]]]},"properties":{"grid":"campus","values":[11.987,7.204,8.943,10.548,15.357,11.327,9.436]}},{"type":"Feature","geometry":{"type":"Polygon","coordinates":[[[11.977359870818905,57.693681610339944],[11.977341180142753,57.69390586003538],[11.97775996985041,57.693915867733374],[11.977778657946583,57.693691617951735],[11.977359870818905,57.693681610339944]]]},"properties":{"grid":"campus","values":[12.122,7.143,12.255,9.222,14.086,11.109,8.729]}},{"type":"Feature","geometry":{"type":"Polygon","coordinates":[[[11.977778657946583,57.693691617951735],[11.97775996985041,57.693915867733374],[11.978178759835224,57.693925874047125],[11.97819744535141,57.69370162417924],[11.977778657946583,57.693691617951735]]]},"properties":{"grid":"campus","values":[11.688,7.582,11.319,8.112,11.991,11.164,8.469]}},{"type":"Feature","geometry":{"type":"Polygon","coordinates":[[[11.97819744535141,57.69370162417924],[11.978178759835224,57.693925874047125],[11.978597550097154,57.69393587897654],[11.978616233033348,57.69371162902247],[11.97819744535141,57.69370162417924]]]},"properties":{"grid":"campus","values":[10.842,8.419,6.569,7.557,9.86,11.48,8.782]}},{"type":"Feature","geometry":{"type":"Polygon","coordinates":[[[11.978616233033348,57.69371162902247],[11.978597550097154,57.69393587897654],[11.979016340636164,57.69394588252169],[11.979035020992361,57.69372163248139],[11.978616233033348,57.69371162902247]]]},"properties":{"grid":"campus","values":[10.525,9.273,3.432,7.807,9.123,11.652,9.173]}},{"type":"Feature","geometry":{"type":"Polygon","coordinates":[[[11.979035020992361,57.69372163248139],[11.979016340636164,57.69394588252169],[11.979435131452217,57.69395588468253],[11.979453809228408,57.693731634556045],[11.979035020992361,57.69372163248139]]]},"properties":{"grid":"campus","values":[10.829,9.819,3.208,8.706,10.016,11.632,9.567]}},{"type":"Feature","geometry":{"type":"Polygon","coordinates":[[[11.979453809228408,57.693731634556045],[11.979435131452217,57.69395588468253],[11.97985392254527,57.69396588545907],[11.979872597741455,57.693741635246404],[11.979453809228408,57.693731634556045]]]},"properties":{"grid":"campus","values":[10.979,9.913,4.239,8.479,10.581,11.682,9.761]}},{"type":"Feature","geometry":{"type":"Polygon","coordinates":[[[11.979872597741455,57.693741635246404],[11.97985392254527,57.69396588545907],[11.98027271391529,57.69397588485133],[11.98029138653146,57.69375163455251],[11.979872597741455,57.693741635246404]]]},"properties":{"grid":"campus","values":[10.897,9.404,6.221,7.187,10.694,11.744,9.669]}},{"type":"Feature","geometry":{"type":"Polygon","coordinates":[[[11.98029138653146,57.69375163455251],[11.98027271391529,57.69397588485133],[11.98069150556224,57.693985882859266],[11.98071017559839,57.693761632474285],[11.98029138653146,57.69375163455251]]]},"properties":{"grid":"campus","values":[11.452,10.974,7.602,9.285,10.53,11.63,9.439]}},{"type":"Feature","geometry":{"type":"Polygon","coordinates":[[[11.98071017559839,57.693761632474285],[11.98069150556224,57.693985882859266],[11.981110297486078,57.693995879482905],[11.9811289649422,57.693771629011785],[11.98071017559839,57.693761632474285]]]},"properties":{"grid":"campus","values":[12.419,14.008,7.798,14.017,10.127,11.356,9.162]}},{"type":"Feature","geometry":{"type":"Polygon","coordinates":[[[11.9811289649422,57.693771629011785],[11.981110297486078,57.693995879482905],[11.981529089686765,57.69400587472224],[11.981547754562856,57.69378162416499],[11.9811289649422,57.693771629011785]]]},"properties":{"grid":"campus","values":[12.578,14.651,7.879,15.993,9.916,11.043,8.679]}},{"type":"Feature","geometry":{"type":"Polygon","coordinates":[[[11.981547754562856,57.69378162416499],[11.981529089686765,57.69400587472224],[11.981947882164265,57.69401586857727],[11.98196654446032,57.69379161793389],[11.981547754562856,57.69378162416499]]]},"properties":{"grid":"campus","values":[11.86,12.565,7.758,14.704,9.901,10.813,8.246]}},{"type":"Feature","geometry":{"type":"Polygon","coordinates":[[[11.98196654446032,57.69379161793389],[11.981947882164265,57.69401586857727],[11.982366674918541,57.69402586104798],[11.98238533463455,57.6938016103185],[11.98196654446032,57.69379161793389]]]},"properties":{"grid":"campus","values":[11.449,10.492,7.949,15.357,9.002,10.595,8.636]}},{"type":"Feature","geometry":{"type":"Polygon","coordinates":[[[11.98238533463455,57.6938016103185],[11.982366674918541,57.69402586104798],[11.982785467949554,57.69403585213439],[11.982804125085515,57.6938116013188],[11.98238533463455,57.6938016103185]]]},"properties":{"grid":"campus","values":[11.519,9.23,8.361,17.618,7.686,10.478,9.686]}},{"type":"Feature","geometry":{"type":"Polygon","coordinates":[[[11.982804125085515,57.6938116013188],[11.982785467949554,57.69403585213439],[11.983204261257265,57.69404584183646],[11.983222915813172,57.69382159093482],[11.982804125085515,57.6938116013188]]]},"properties":{"grid":"campus","values":[11.284,8.657,8.848,17.582,6.931,10.367,10.408]}},{"type":"Feature","geometry":{"type":"Polygon","coordinates":[[[11.983222915813172,57.69382159093482],[11.983204261257265,57.69404584183646],[11.983623054841638,57.69405583015424],[11.983641706817483,57.693831579166535],[11.983222915813172,57.69382159093482]]]},"properties":{"grid":"campus","values":[10.87,9.095,9.211,15.195,7.044,10.323,10.43]}},{"type":"Feature","geometry":{"type":"Polygon","coordinates":[[[11.983641706817483,57.693831579166535],[11.983623054841638,57.69405583015424],[11.984041848702633,57.6940658170877],[11.984060498098414,57.69384156601391],[11.983641706817483,57.693831579166535]]]},"properties":{"grid":"campus","values":[11.037,10.056,9.109,13.822,6.008,10.348,10.264]}},{"type":"Feature","geometry":{"type":"Polygon","coordinates":[[[11.984060498098414,57.69384156601391],[11.984041848702633,57.6940658170877],[11.984460642840213,57.69407580263683],[11.984479289655921,57.69385155147701],[11.984060498098414,57.69384156601391]]]},"properties":{"grid":"campus","values":[11.749,11.111,8.556,14.369,4.091,10.422,9.912]}},{"type":"Feature","geometry":{"type":"Polygon","coordinates":[[[11.984479289655921,57.69385155147701],[11.984460642840213,57.69407580263683],[11.984879437254337,57.694085786801644],[11.98489808148997,57.69386153555579],[11.984479289655921,57.69385155147701]]]},"properties":{"grid":"campus","values":[11.858,10.669,8.521,14.415,4.106,10.478,10.168]}},{"type":"Feature","geometry":{"type":"Polygon","coordinates":[[[11.98489808148997,57.69386153555579],[11.984879437254337,57.694085786801644],[11.985298231944974,57.694095769582134],[11.98531687360052,57.69387151825027],[11.98489808148997,57.69386153555579]]]},"properties":{"grid":"campus","values":[11.323,8.927,9.018,13.936,6.05,10.509,10.936]}},{"type":"Feature","geometry":{"type":"Polygon","coordinates":[[[11.985735665987535,57.69388149956041],[11.98531687360052,57.69387151825027],[11.985298231944974,57.694095769582134],[11.985717026912077,57.694105750978295],[11.985735665987535,57.69388149956041]]]},"properties":{"grid":"campus","values":[11.168,8.407,9.165,13.847,6.591,10.512,11.146]}},{"type":"Feature","geometry":{"type":"Polygon","coordinates":[[[11.969365488434896,57.69393969880306],[11.969384228407511,57.69371545076028],[11.968965444250967,57.69370541537685],[11.968946701698448,57.69392966333315],[11.969365488434896,57.69393969880306]]]},"properties":{"grid":"campus","values":[13.426,16.129,11.251,6.443,13.57,11.278,22.5]}},{"type":"Feature","geometry":{"type":"Polygon","coordinates":[[[11.969384228407511,57.69371545076028],[11.969365488434896,57.69393969880306],[11.969784275449268,57.69394973288872],[11.969803012841973,57.693725484759455],[11.969384228407511,57.69371545076028]]]},"properties":{"grid":"campus","values":[13.345,15.754,11.339,6.382,13.7,11.328,21.692]}},{"type":"Feature","geometry":{"type":"Polygon","coordinates":[[[11.969803012841973,57.693725484759455],[11.969784275449268,57.69394973288872],[11.970203062741525,57.6939597655901],[11.970221797554315,57.6937355173744],[11.969803012841973,57.693725484759455]]]},"properties":{"grid":"campus","values":[12.246,10.611,12.223,5.817,15.63,12.006,10.624]}},{"type":"Feature","geometry":{"type":"Polygon","coordinates":[[[11.970221797554315,57.6937355173744],[11.970203062741525,57.6939597655901],[11.97062185031163,57.69396979690719],[11.970640582544497,57.69374554860507],[11.970221797554315,57.6937355173744]]]},"properties":{"grid":"campus","values":[12.085,9.996,12.362,6.23,15.856,12.054,9.315]}},{"type":"Feature","geometry":{"type":"Polygon","coordinates":[[[11.970640582544497,57.69374554860507],[11.97062185031163,57.69396979690719],[11.971040638159542,57.69397982684004],[11.971059367812483,57.69375557845149],[11.970640582544497,57.69374554860507]]]},"properties":{"grid":"campus","values":[11.864,9.535,12.066,10.188,15.923,11.761,8.919]}},{"type":"Feature","geometry":{"type":"Polygon","coordinates":[[[11.971059367812483,57.69375557845149],[11.971040638159542,57.69397982684004],[11.971459426285227,57.693989855388615],[11.971478153358234,57.69376560691362],[11.971059367812483,57.69375557845149]]]},"properties":{"grid":"campus","values":[12.02,8.653,11.405,10.166,16.078,11.761,8.694]}},{"type":"Feature","geometry":{"type":"Polygon","coordinates":[[[11.971478153358234,57.69376560691362],[11.971459426285227,57.693989855388615],[11.971878214688644,57.69399988255291],[11.971896939181711,57.69377563399153],[11.971478153358234,57.69376560691362]]]},"properties":{"grid":"campus","values":[13.411,1.667,6.193,5.696,17.174,11.971,6.663]}},{"type":"Feature","geometry":{"type":"Polygon","coordinates":[[[11.971896939181711,57.69377563399153],[11.971878214688644,57.69399988255291],[11.972297003369755,57.694009908332916],[11.97231572528288,57.69378565968516],[11.971896939181711,57.69377563399153]]]},"properties":{"grid":"campus","values":[13.351,0.788,5.487,4.721,16.926,11.767,6.437]}},{"type":"Feature","geometry":{"type":"Polygon","coordinates":[[[11.97231572528288,57.69378565968516],[11.972297003369755,57.694009908332916],[11.972715792328522,57.694019932728665],[11.972734511661695,57.69379568399451],[11.97231572528288,57.69378565968516]]]},"properties":{"grid":"campus","values":[11.323,0.0,5.033,0.852,13.649,9.771,5.897]}},{"type":"Feature","geometry":{"type":"Polygon","coordinates":[[[11.972734511661695,57.69379568399451],[11.972715792328522,57.694019932728665],[11.973134581564906,57.694029955740135],[11.973153298318124,57.693805706919605],[11.972734511661695,57.69379568399451]]]},"properties":{"grid":"campus","values":[11.038,0.0,5.408,0.852,13.27,9.637,5.894]}},{"type":"Feature","geometry":{"type":"Polygon","coordinates":[[[11.973153298318124,57.693805706919605],[11.973134581564906,57.694029955740135],[11.973553371078873,57.694039977367304],[11.97357208525213,57.69381572846042],[11.973153298318124,57.693805706919605]]]},"properties":{"grid":"campus","values":[10.626,0.407,8.772,4.456,12.981,10.502,6.107]}},{"type":"Feature","geometry":{"type":"Polygon","coordinates":[[[11.97357208525213,57.69381572846042],[11.973553371078873,57.694039977367304],[11.973972160870384,57.69404999761019],[11.973990872463672,57.69382574861699],[11.97357208525213,57.69381572846042]]]},"properties":{"grid":"campus","values":[10.653,0.962,8.317,4.456,13.174,10.606,6.235]}},{"type":"Feature","geometry":{"type":"Polygon","coordinates":[[[11.973990872463672,57.69382574861699],[11.973972160870384,57.69404999761019],[11.974390950939396,57.69406001646881],[11.97440965995271,57.69383576738926],[11.973990872463672,57.69382574861699]]]},"properties":{"grid":"campus","values":[11.342,5.543,1.316,1.167,15.224,10.708,7.343]}},{"type":"Feature","geometry":{"type":"Polygon","coordinates":[[[11.97440965995271,57.69383576738926],[11.974390950939396,57.69406001646881],[11.974809741285876,57.69407003394315],[11.974828447719213,57.69384578477725],[11.97440965995271,57.69383576738926]]]},"properties":{"grid":"campus","values":[11.56,6.131,0.941,0.696,15.603,10.843,7.423]}},{"type":"Feature","geometry":{"type":"Polygon","coordinates":[[[11.974828447719213,57.69384578477725],[11.974809741285876,57.69407003394315],[11.975228531909783,57.694080050033165],[11.975247235763135,57.69385580078099],[11.974828447719213,57.69384578477725]]]},"properties":{"grid":"campus","values":[12.689,6.334,4.961,1.003,17.131,11.945,6.684]}},{"type":"Feature","geometry":{"type":"Polygon","coordinates":[[[11.975247235763135,57.69385580078099],[11.975228531909783,57.694080050033165],[11.97564732281108,57.69409006473891],[11.975666024084443,57.69386581540042],[11.975247235763135,57.69385580078099]]]},"properties":{"grid":"campus","values":[12.684,6.475,5.826,1.782,17.086,12.081,6.544]}},{"type":"Feature","geometry":{"type":"Polygon","coordinates":[[[11.975666024084443,57.69386581540042],[11.97564732281108,57.69409006473891],[11.976066113989729,57.694100078060345],[11.976084812683096,57.69387582863559],[11.975666024084443,57.69386581540042]]]},"properties":{"grid":"campus","values":[11.548,7.547,8.706,7.861,15.259,12.11,6.167]}},{"type":"Feature","geometry":{"type":"Polygon","coordinates":[[[11.976084812683096,57.69387582863559],[11.976066113989729,57.694100078060345],[11.976484905445693,57.6941100899975],[11.976503601559056,57.69388584048648],[11.976084812683096,57.69387582863559]]]},"properties":{"grid":"campus","values":[11.518,7.621,8.615,9.096,15.134,12.066,6.433]}},{"type":"Feature","geometry":{"type":"Polygon","coordinates":[[[11.976503601559056,57.69388584048648],[11.976484905445693,57.6941100899975],[11.97690369717893,57.694120100550364],[11.97692239071229,57.693895850953076],[11.976503601559056,57.69388584048648]]]},"properties":{"grid":"campus","values":[12.464,7.426,5.295,12.823,16.174,11.644,9.577]}},{"type":"Feature","geometry":{"type":"Polygon","coordinates":[[[11.97692239071229,57.693895850953076],[11.97690369717893,57.694120100550364],[11.977322489189408,57.69413010971891],[11.977341180142753,57.69390586003538],[11.97692239071229,57.693895850953076]]]},"properties":{"grid":"campus","values":[12.578,7.404,5.777,12.853,15.968,11.533,9.626]}},{"type":"Feature","geometry":{"type":"Polygon","coordinates":[[[11.977341180142753,57.69390586003538],[11.977322489189408,57.69413010971891],[11.977741281477083,57.694140117503174],[11.97775996985041,57.693915867733374],[11.977341180142753,57.69390586003538]]]},"properties":{"grid":"campus","values":[12.641,7.845,13.04,9.462,13.082,11.05,7.22]}},{"type":"Feature","geometry":{"type":"Polygon","coordinates":[[[11.97775996985041,57.693915867733374],[11.977741281477083,57.694140117503174],[11.97816007404192,57.69415012390311],[11.978178759835224,57.693925874047125],[11.97775996985041,57.693915867733374]]]},"properties":{"grid":"campus","values":[12.469,8.153,12.903,8.878,12.332,11.094,7.197]}},{"type":"Feature","geometry":{"type":"Polygon","coordinates":[[[11.978178759835224,57.693925874047125],[11.97816007404192,57.69415012390311],[11.97857886688388,57.69416012891878],[11.978597550097154,57.69393587897654],[11.978178759835224,57.693925874047125]]]},"properties":{"grid":"campus","values":[10.874,9.987,4.484,7.367,8.43,11.972,9.341]}},{"type":"Feature","geometry":{"type":"Polygon","coordinates":[[[11.978597550097154,57.69393587897654],[11.97857886688388,57.69416012891878],[11.978997660002928,57.6941701325501],[11.979016340636164,57.69394588252169],[11.978597550097154,57.69393587897654]]]},"properties":{"grid":"campus","values":[10.695,10.283,3.647,7.305,8.069,12.077,9.655]}},{"type":"Feature","geometry":{"type":"Polygon","coordinates":[[[11.979016340636164,57.69394588252169],[11.978997660002928,57.6941701325501],[11.979416453399022,57.694180134797136],[11.979435131452217,57.69395588468253],[11.979016340636164,57.69394588252169]]]},"properties":{"grid":"campus","values":[10.715,10.549,5.297,8.186,9.009,12.013,9.968]}},{"type":"Feature","geometry":{"type":"Polygon","coordinates":[[[11.979435131452217,57.69395588468253],[11.979416453399022,57.694180134797136],[11.979835247072124,57.69419013565986],[11.97985392254527,57.69396588545907],[11.979435131452217,57.69395588468253]]]},"properties":{"grid":"campus","values":[10.717,10.309,5.861,8.041,9.42,11.939,10.004]}},{"type":"Feature","geometry":{"type":"Polygon","coordinates":[[[11.97985392254527,57.69396588545907],[11.979835247072124,57.69419013565986],[11.980254041022198,57.694200135138274],[11.98027271391529,57.69397588485133],[11.97985392254527,57.69396588545907]]]},"properties":{"grid":"campus","values":[10.818,8.693,8.718,5.973,11.723,11.408,10.043]}},{"type":"Feature","geometry":{"type":"Polygon","coordinates":[[[11.98027271391529,57.69397588485133],[11.980254041022198,57.694200135138274],[11.980672835249202,57.69421013323238],[11.98069150556224,57.693985882859266],[11.98027271391529,57.69397588485133]]]},"properties":{"grid":"campus","values":[10.977,9.196,9.058,6.796,11.612,11.306,9.973]}},{"type":"Feature","geometry":{"type":"Polygon","coordinates":[[[11.98069150556224,57.693985882859266],[11.980672835249202,57.69421013323238],[11.981091629753104,57.69422012994215],[11.981110297486078,57.693995879482905],[11.98069150556224,57.693985882859266]]]},"properties":{"grid":"campus","values":[12.153,14.974,9.1,15.73,8.07,10.961,9.336]}},{"type":"Feature","geometry":{"type":"Polygon","coordinates":[[[11.981110297486078,57.693995879482905],[11.981091629753104,57.69422012994215],[11.98151042453386,57.694230125267616],[11.981529089686765,57.69400587472224],[11.981110297486078,57.693995879482905]]]},"properties":{"grid":"campus","values":[12.186,14.974,8.992,16.992,7.815,10.854,9.342]}},{"type":"Feature","geometry":{"type":"Polygon","coordinates":[[[11.981529089686765,57.69400587472224],[11.98151042453386,57.694230125267616],[11.98192921959144,57.69424011920875],[11.981947882164265,57.69401586857727],[11.981529089686765,57.69400587472224]]]},"properties":{"grid":"campus","values":[11.229,9.161,8.118,18.063,9.449,10.247,9.801]}},{"type":"Feature","geometry":{"type":"Polygon","coordinates":[[[11.981947882164265,57.69401586857727],[11.98192921959144,57.69424011920875],[11.982348014925797,57.69425011176557],[11.982366674918541,57.69402586104798],[11.981947882164265,57.69401586857727]]]},"properties":{"grid":"campus","values":[11.129,8.463,8.135,18.087,9.431,10.181,9.899]}},{"type":"Feature","geometry":{"type":"Polygon","coordinates":[[[11.982366674918541,57.69402586104798],[11.982348014925797,57.69425011176557],[11.982766810536898,57.69426010293808],[11.982785467949554,57.69403585213439],[11.982366674918541,57.69402586104798]]]},"properties":{"grid":"campus","values":[11.194,8.403,9.22,17.364,7.312,10.201,10.19]}},{"type":"Feature","geometry":{"type":"Polygon","coordinates":[[[11.982785467949554,57.69403585213439],[11.982766810536898,57.69426010293808],[11.983185606424701,57.694270092726235],[11.983204261257265,57.69404584183646],[11.982785467949554,57.69403585213439]]]},"properties":{"grid":"campus","values":[11.202,8.448,9.356,17.191,7.097,10.204,10.208]}},{"type":"Feature","geometry":{"type":"Polygon","coordinates":[[[11.983204261257265,57.69404584183646],[11.983185606424701,57.694270092726235],[11.983604402589172,57.69428008113009],[11.983623054841638,57.69405583015424],[11.983204261257265,57.69404584183646]]]},"properties":{"grid":"campus","values":[11.178,8.512,9.327,16.712,7.123,10.29,10.284]}},{"type":"Feature","geometry":{"type":"Polygon","coordinates":[[[11.983623054841638,57.69405583015424],[11.983604402589172,57.69428008113009],[11.984023199030272,57.694290068149584],[11.984041848702633,57.6940658170877],[11.983623054841638,57.69405583015424]]]},"properties":{"grid":"campus","values":[11.302,8.696,9.234,17.145,6.462,10.268,10.084]}},{"type":"Feature","geometry":{"type":"Polygon","coordinates":[[[11.984041848702633,57.6940658170877],[11.984023199030272,57.694290068149584],[11.98444199574796,57.69430005378477],[11.984460642840213,57.69407580263683],[11.984041848702633,57.6940658170877]]]},"properties":{"grid":"campus","values":[12.355,10.462,8.411,20.426,1.36,10.138,8.544]}},{"type":"Feature","geometry":{"type":"Polygon","coordinates":[[[11.984460642840213,57.69407580263683],[11.98444199574796,57.69430005378477],[11.984860792742202,57.694310038035624],[11.984879437254337,57.694085786801644],[11.984460642840213,57.69407580263683]]]},"properties":{"grid":"campus","values":[12.393,10.377,8.399,20.426,1.367,10.19,8.632]}},{"type":"Feature","geometry":{"type":"Polygon","coordinates":[[[11.984879437254337,57.694085786801644],[11.984860792742202,57.694310038035624],[11.985279590012956,57.69432002090213],[11.985298231944974,57.694095769582134],[11.984879437254337,57.694085786801644]]]},"properties":{"grid":"campus","values":[11.639,8.012,9.122,17.175,6.682,10.715,10.905]}},{"type":"Feature","geometry":{"type":"Polygon","coordinates":[[[11.985717026912077,57.694105750978295],[11.985298231944974,57.694095769582134],[11.985279590012956,57.69432002090213],[11.985698387560188,57.69433000238432],[11.985717026912077,57.694105750978295]]]},"properties":{"grid":"campus","values":[11.577,7.857,9.162,16.86,7.096,10.761,11.078]}},{"type":"Feature","geometry":{"type":"Polygon","coordinates":[[[11.969346748184355,57.694163946833974],[11.969365488434896,57.69393969880306],[11.968946701698448,57.69392966333315],[11.968927958867964,57.69415391127759],[11.969346748184355,57.694163946833974]]]},"properties":{"grid":"campus","values":[13.289,15.798,10.781,6.881,13.773,11.335,21.964]}},{"type":"Feature","geometry":{"type":"Polygon","coordinates":[[[11.969365488434896,57.69393969880306],[11.969346748184355,57.694163946833974],[11.969765537778676,57.69417398100609],[11.969784275449268,57.69394973288872],[11.969365488434896,57.69393969880306]]]},"properties":{"grid":"campus","values":[13.267,15.378,10.543,6.83,14.012,11.431,21.077]}},{"type":"Feature","geometry":{"type":"Polygon","coordinates":[[[11.969784275449268,57.69394973288872],[11.969765537778676,57.69417398100609],[11.970184327650887,57.694184013793915],[11.970203062741525,57.6939597655901],[11.969784275449268,57.69394973288872]]]},"properties":{"grid":"campus","values":[13.223,14.03,9.635,6.679,14.819,11.755,18.243]}},{"type":"Feature","geometry":{"type":"Polygon","coordinates":[[[11.970203062741525,57.6939597655901],[11.970184327650887,57.694184013793915],[11.970603117800952,57.69419404519747],[11.97062185031163,57.69396979690719],[11.970203062741525,57.6939597655901]]]},"properties":{"grid":"campus","values":[12.942,13.126,9.109,7.671,15.183,11.856,14.676]}},{"type":"Feature","geometry":{"type":"Polygon","coordinates":[[[11.97062185031163,57.69396979690719],[11.970603117800952,57.69419404519747],[11.971021908228828,57.69420407521674],[11.971040638159542,57.69397982684004],[11.97062185031163,57.69396979690719]]]},"properties":{"grid":"campus","values":[12.56,13.143,9.046,9.386,14.921,11.688,11.814]}},{"type":"Feature","geometry":{"type":"Polygon","coordinates":[[[11.971040638159542,57.69397982684004],[11.971021908228828,57.69420407521674],[11.971440698934485,57.69421410385172],[11.971459426285227,57.693989855388615],[11.971040638159542,57.69397982684004]]]},"properties":{"grid":"campus","values":[12.653,11.762,8.194,9.748,15.271,11.638,9.839]}},{"type":"Feature","geometry":{"type":"Polygon","coordinates":[[[11.971459426285227,57.693989855388615],[11.971440698934485,57.69421410385172],[11.971859489917879,57.69422413110242],[11.971878214688644,57.69399988255291],[11.971459426285227,57.693989855388615]]]},"properties":{"grid":"campus","values":[13.136,9.69,7.035,8.669,16.079,11.717,9.35]}},{"type":"Feature","geometry":{"type":"Polygon","coordinates":[[[11.971878214688644,57.69399988255291],[11.971859489917879,57.69422413110242],[11.972278281178971,57.69423415696883],[11.972297003369755,57.694009908332916],[11.971878214688644,57.69399988255291]]]},"properties":{"grid":"campus","values":[12.725,6.082,5.853,6.838,15.824,11.232,7.375]}},{"type":"Feature","geometry":{"type":"Polygon","coordinates":[[[11.972297003369755,57.694009908332916],[11.972278281178971,57.69423415696883],[11.972697072717729,57.69424418145095],[11.972715792328522,57.694019932728665],[11.972297003369755,57.694009908332916]]]},"properties":{"grid":"campus","values":[11.55,2.218,5.233,5.112,14.67,10.389,4.513]}},{"type":"Feature","geometry":{"type":"Polygon","coordinates":[[[11.972715792328522,57.694019932728665],[11.972697072717729,57.69424418145095],[11.973115864534106,57.69425420454879],[11.973134581564906,57.694029955740135],[11.972715792328522,57.694019932728665]]]},"properties":{"grid":"campus","values":[10.83,0.0,5.578,4.365,13.756,10.034,3.745]}},{"type":"Feature","geometry":{"type":"Polygon","coordinates":[[[11.973134581564906,57.694029955740135],[11.973115864534106,57.69425420454879],[11.973534656628074,57.69426422626232],[11.973553371078873,57.694039977367304],[11.973134581564906,57.694029955740135]]]},"properties":{"grid":"campus","values":[10.866,0.0,6.652,4.79,13.47,10.312,5.272]}},{"type":"Feature","geometry":{"type":"Polygon","coordinates":[[[11.973553371078873,57.694039977367304],[11.973534656628074,57.69426422626232],[11.97395344899959,57.69427424659155],[11.973972160870384,57.69404999761019],[11.973553371078873,57.694039977367304]]]},"properties":{"grid":"campus","values":[11.129,1.689,5.893,4.921,14.186,10.725,6.542]}},{"type":"Feature","geometry":{"type":"Polygon","coordinates":[[[11.973972160870384,57.69404999761019],[11.97395344899959,57.69427424659155],[11.974372241648613,57.6942842655365],[11.974390950939396,57.69406001646881],[11.973972160870384,57.69404999761019]]]},"properties":{"grid":"campus","values":[11.541,4.411,3.676,4.724,15.644,11.127,7.177]}},{"type":"Feature","geometry":{"type":"Polygon","coordinates":[[[11.974390950939396,57.69406001646881],[11.974372241648613,57.6942842655365],[11.974791034575109,57.69429428309716],[11.974809741285876,57.69407003394315],[11.974390950939396,57.69406001646881]]]},"properties":{"grid":"campus","values":[11.834,5.846,3.745,4.779,16.393,11.503,7.285]}},{"type":"Feature","geometry":{"type":"Polygon","coordinates":[[[11.974809741285876,57.69407003394315],[11.974791034575109,57.69429428309716],[11.975209827779038,57.69430429927348],[11.975228531909783,57.694080050033165],[11.974809741285876,57.69407003394315]]]},"properties":{"grid":"campus","values":[11.844,5.391,6.228,5.259,16.089,11.703,6.806]}},{"type":"Feature","geometry":{"type":"Polygon","coordinates":[[[11.975228531909783,57.694080050033165],[11.975209827779038,57.69430429927348],[11.975628621260364,57.69431431406551],[11.97564732281108,57.69409006473891],[11.975228531909783,57.694080050033165]]]},"properties":{"grid":"campus","values":[11.746,6.063,8.296,6.68,15.669,11.926,6.389]}},{"type":"Feature","geometry":{"type":"Polygon","coordinates":[[[11.97564732281108,57.69409006473891],[11.975628621260364,57.69431431406551],[11.976047415019048,57.69432432747324],[11.976066113989729,57.694100078060345],[11.97564732281108,57.69409006473891]]]},"properties":{"grid":"campus","values":[11.567,7.633,9.074,8.37,15.261,12.062,6.197]}},{"type":"Feature","geometry":{"type":"Polygon","coordinates":[[[11.976066113989729,57.694100078060345],[11.976047415019048,57.69432432747324],[11.97646620905505,57.69433433949668],[11.976484905445693,57.6941100899975],[11.976066113989729,57.694100078060345]]]},"properties":{"grid":"campus","values":[11.715,8.601,8.463,10.495,15.72,11.898,7.186]}},{"type":"Feature","geometry":{"type":"Polygon","coordinates":[[[11.976484905445693,57.6941100899975],[11.97646620905505,57.69433433949668],[11.976885003368336,57.6943443501358],[11.97690369717893,57.694120100550364],[11.976484905445693,57.6941100899975]]]},"properties":{"grid":"campus","values":[12.164,8.687,6.656,12.018,16.976,11.493,8.995]}},{"type":"Feature","geometry":{"type":"Polygon","coordinates":[[[11.97690369717893,57.694120100550364],[11.976885003368336,57.6943443501358],[11.97730379795886,57.694354359390594],[11.977322489189408,57.69413010971891],[11.97690369717893,57.694120100550364]]]},"properties":{"grid":"campus","values":[12.668,9.749,5.979,12.44,16.496,11.329,9.611]}},{"type":"Feature","geometry":{"type":"Polygon","coordinates":[[[11.977322489189408,57.69413010971891],[11.97730379795886,57.694354359390594],[11.977722592826595,57.69436436726108],[11.977741281477083,57.694140117503174],[11.977322489189408,57.69413010971891]]]},"properties":{"grid":"campus","values":[13.053,11.521,6.415,11.64,14.486,11.491,8.855]}},{"type":"Feature","geometry":{"type":"Polygon","coordinates":[[[11.977741281477083,57.694140117503174],[11.977722592826595,57.69436436726108],[11.978141387971494,57.69437437374729],[11.97816007404192,57.69415012390311],[11.977741281477083,57.694140117503174]]]},"properties":{"grid":"campus","values":[12.47,11.545,6.703,10.185,11.865,11.702,8.82]}},{"type":"Feature","geometry":{"type":"Polygon","coordinates":[[[11.97816007404192,57.69415012390311],[11.978141387971494,57.69437437374729],[11.978560183393522,57.69438437884914],[11.97857886688388,57.69416012891878],[11.97816007404192,57.69415012390311]]]},"properties":{"grid":"campus","values":[11.138,9.69,6.823,8.683,9.605,11.889,9.524]}},{"type":"Feature","geometry":{"type":"Polygon","coordinates":[[[11.97857886688388,57.69416012891878],[11.978560183393522,57.69438437884914],[11.978978979092645,57.69439438256668],[11.978997660002928,57.6941701325501],[11.97857886688388,57.69416012891878]]]},"properties":{"grid":"campus","values":[10.463,9.075,6.959,7.848,8.958,11.985,10.001]}},{"type":"Feature","geometry":{"type":"Polygon","coordinates":[[[11.978997660002928,57.6941701325501],[11.978978979092645,57.69439438256668],[11.979397775068817,57.69440438489991],[11.979416453399022,57.694180134797136],[11.978997660002928,57.6941701325501]]]},"properties":{"grid":"campus","values":[10.692,9.74,7.405,7.92,10.235,11.924,10.002]}},{"type":"Feature","geometry":{"type":"Polygon","coordinates":[[[11.979416453399022,57.694180134797136],[11.979397775068817,57.69440438489991],[11.979816571322004,57.69441438584881],[11.979835247072124,57.69419013565986],[11.979416453399022,57.694180134797136]]]},"properties":{"grid":"campus","values":[10.846,10.488,8.221,7.578,10.891,11.623,10.109]}},{"type":"Feature","geometry":{"type":"Polygon","coordinates":[[[11.979835247072124,57.69419013565986],[11.979816571322004,57.69441438584881],[11.980235367852169,57.694424385413384],[11.980254041022198,57.694200135138274],[11.979835247072124,57.69419013565986]]]},"properties":{"grid":"campus","values":[10.887,11.222,8.972,6.967,10.596,11.19,10.281]}},{"type":"Feature","geometry":{"type":"Polygon","coordinates":[[[11.980254041022198,57.694200135138274],[11.980235367852169,57.694424385413384],[11.98065416465927,57.69443438359364],[11.980672835249202,57.69421013323238],[11.980254041022198,57.694200135138274]]]},"properties":{"grid":"campus","values":[10.867,11.723,9.248,8.38,9.406,10.795,10.176]}},{"type":"Feature","geometry":{"type":"Polygon","coordinates":[[[11.980672835249202,57.69421013323238],[11.98065416465927,57.69443438359364],[11.981072961743276,57.694444380389555],[11.981091629753104,57.69422012994215],[11.980672835249202,57.69421013323238]]]},"properties":{"grid":"campus","values":[10.729,11.664,8.842,11.128,7.673,10.582,9.849]}},{"type":"Feature","geometry":{"type":"Polygon","coordinates":[[[11.981091629753104,57.69422012994215],[11.981072961743276,57.694444380389555],[11.981491759104141,57.69445437580115],[11.98151042453386,57.694230125267616],[11.981091629753104,57.69422012994215]]]},"properties":{"grid":"campus","values":[10.542,10.943,8.512,13.049,7.436,10.262,9.696]}},{"type":"Feature","geometry":{"type":"Polygon","coordinates":[[[11.98151042453386,57.694230125267616],[11.981491759104141,57.69445437580115],[11.981910556741832,57.69446436982839],[11.98192921959144,57.69424011920875],[11.98151042453386,57.694230125267616]]]},"properties":{"grid":"campus","values":[10.341,9.747,8.385,13.15,8.856,9.961,9.754]}},{"type":"Feature","geometry":{"type":"Polygon","coordinates":[[[11.98192921959144,57.69424011920875],[11.981910556741832,57.69446436982839],[11.98232935465631,57.69447436247133],[11.982348014925797,57.69425011176557],[11.98192921959144,57.69424011920875]]]},"properties":{"grid":"campus","values":[10.166,8.684,8.477,13.017,8.713,9.8,9.604]}},{"type":"Feature","geometry":{"type":"Polygon","coordinates":[[[11.982348014925797,57.69425011176557],[11.98232935465631,57.69447436247133],[11.982748152847535,57.694484353729926],[11.982766810536898,57.69426010293808],[11.982348014925797,57.69425011176557]]]},"properties":{"grid":"campus","values":[10.102,8.306,8.758,12.675,7.05,9.847,9.246]}},{"type":"Feature","geometry":{"type":"Polygon","coordinates":[[[11.982766810536898,57.69426010293808],[11.982748152847535,57.694484353729926],[11.983166951315468,57.69449434360417],[11.983185606424701,57.694270092726235],[11.982766810536898,57.69426010293808]]]},"properties":{"grid":"campus","values":[10.291,7.992,8.63,12.657,6.047,10.198,9.246]}},{"type":"Feature","geometry":{"type":"Polygon","coordinates":[[[11.983185606424701,57.694270092726235],[11.983166951315468,57.69449434360417],[11.983585750060078,57.69450433209409],[11.983604402589172,57.69428008113009],[11.983185606424701,57.694270092726235]]]},"properties":{"grid":"campus","values":[10.682,7.805,8.074,13.037,6.047,10.761,9.597]}},{"type":"Feature","geometry":{"type":"Polygon","coordinates":[[[11.983604402589172,57.69428008113009],[11.983585750060078,57.69450433209409],[11.984004549081318,57.69451431919966],[11.984023199030272,57.694290068149584],[11.983604402589172,57.69428008113009]]]},"properties":{"grid":"campus","values":[11.025,8.477,7.571,13.891,5.501,11.037,9.504]}},{"type":"Feature","geometry":{"type":"Polygon","coordinates":[[[11.984023199030272,57.694290068149584],[11.984004549081318,57.69451431919966],[11.984423348379154,57.69452430492088],[11.98444199574796,57.69430005378477],[11.984023199030272,57.694290068149584]]]},"properties":{"grid":"campus","values":[11.184,9.76,7.289,14.83,4.81,10.965,9.07]}},{"type":"Feature","geometry":{"type":"Polygon","coordinates":[[[11.98444199574796,57.69430005378477],[11.984423348379154,57.69452430492088],[11.984842147953549,57.694534289257774],[11.984860792742202,57.694310038035624],[11.98444199574796,57.69430005378477]]]},"properties":{"grid":"campus","values":[11.183,10.133,7.264,14.852,5.246,11.034,9.196]}},{"type":"Feature","geometry":{"type":"Polygon","coordinates":[[[11.984860792742202,57.694310038035624],[11.984842147953549,57.694534289257774],[11.985260947804464,57.69454427221031],[11.985279590012956,57.69432002090213],[11.984860792742202,57.694310038035624]]]},"properties":{"grid":"campus","values":[11.008,9.532,7.507,13.951,6.694,11.208,9.816]}},{"type":"Feature","geometry":{"type":"Polygon","coordinates":[[[11.985698387560188,57.69433000238432],[11.985279590012956,57.69432002090213],[11.985260947804464,57.69454427221031],[11.985679747931862,57.69455425377851],[11.985698387560188,57.69433000238432]]]},"properties":{"grid":"campus","values":[10.949,9.351,7.574,13.652,7.148,11.264,10.006]}},{"type":"Feature","geometry":{"type":"Polygon","coordinates":[[[11.969328007655886,57.694388194853026],[11.969346748184355,57.694163946833974],[11.968927958867964,57.69415391127759],[11.968909215759515,57.69437815921015],[11.969328007655886,57.694388194853026]]]},"properties":{"grid":"campus","values":[13.17,16.071,10.738,7.48,13.601,11.274,22.691]}},{"type":"Feature","geometry":{"type":"Polygon","coordinates":[[[11.969346748184355,57.694163946833974],[11.969328007655886,57.694388194853026],[11.969746799830192,57.694398229111584],[11.969765537778676,57.69417398100609],[11.969346748184355,57.694163946833974]]]},"properties":{"grid":"campus","values":[13.214,15.994,10.482,7.462,13.706,11.317,22.535]}},{"type":"Feature","geometry":{"type":"Polygon","coordinates":[[[11.969765537778676,57.69417398100609],[11.969746799830192,57.694398229111584],[11.970165592282397,57.69440826198589],[11.970184327650887,57.694184013793915],[11.969765537778676,57.69417398100609]]]},"properties":{"grid":"campus","values":[13.915,15.818,6.758,7.587,14.785,11.755,21.943]}},{"type":"Feature","geometry":{"type":"Polygon","coordinates":[[[11.970184327650887,57.694184013793915],[11.970165592282397,57.69440826198589],[11.970584385012458,57.69441829347588],[11.970603117800952,57.69419404519747],[11.970184327650887,57.694184013793915]]]},"properties":{"grid":"campus","values":[13.896,15.818,6.456,7.747,14.798,11.768,21.261]}},{"type":"Feature","geometry":{"type":"Polygon","coordinates":[[[11.970603117800952,57.69419404519747],[11.970584385012458,57.69441829347588],[11.97100317802034,57.69442832358158],[11.971021908228828,57.69420407521674],[11.970603117800952,57.69419404519747]]]},"properties":{"grid":"campus","values":[12.911,15.867,6.138,10.062,14.007,11.496,12.433]}},{"type":"Feature","geometry":{"type":"Polygon","coordinates":[[[11.971021908228828,57.69420407521674],[11.97100317802034,57.69442832358158],[11.971421971306004,57.69443835230298],[11.971440698934485,57.69421410385172],[11.971021908228828,57.69420407521674]]]},"properties":{"grid":"campus","values":[12.854,15.832,6.188,10.225,14.058,11.474,11.751]}},{"type":"Feature","geometry":{"type":"Polygon","coordinates":[[[11.971440698934485,57.69421410385172],[11.971421971306004,57.69443835230298],[11.971840764869413,57.69444837964008],[11.971859489917879,57.69422413110242],[11.971440698934485,57.69421410385172]]]},"properties":{"grid":"campus","values":[13.1,14.342,6.611,10.003,15.612,11.438,10.866]}},{"type":"Feature","geometry":{"type":"Polygon","coordinates":[[[11.971859489917879,57.69422413110242],[11.971840764869413,57.69444837964008],[11.972259558710526,57.694458405592876],[11.972278281178971,57.69423415696883],[11.971859489917879,57.69422413110242]]]},"properties":{"grid":"campus","values":[12.966,13.38,6.552,9.838,15.657,11.361,10.183]}},{"type":"Feature","geometry":{"type":"Polygon","coordinates":[[[11.972278281178971,57.69423415696883],[11.972259558710526,57.694458405592876],[11.972678352829309,57.694468430161386],[11.972697072717729,57.69424418145095],[11.972278281178971,57.69423415696883]]]},"properties":{"grid":"campus","values":[10.85,1.44,4.978,7.34,14.508,10.249,1.562]}},{"type":"Feature","geometry":{"type":"Polygon","coordinates":[[[11.972697072717729,57.69424418145095],[11.972678352829309,57.694468430161386],[11.97309714722572,57.69447845334559],[11.973115864534106,57.69425420454879],[11.972697072717729,57.69424418145095]]]},"properties":{"grid":"campus","values":[10.725,0.519,4.892,7.03,14.36,10.184,1.245]}},{"type":"Feature","geometry":{"type":"Polygon","coordinates":[[[11.973115864534106,57.69425420454879],[11.97309714722572,57.69447845334559],[11.973515941899725,57.69448847514548],[11.973534656628074,57.69426422626232],[11.973115864534106,57.69425420454879]]]},"properties":{"grid":"campus","values":[11.057,0.204,5.495,5.452,13.525,10.401,5.64]}},{"type":"Feature","geometry":{"type":"Polygon","coordinates":[[[11.973534656628074,57.69426422626232],[11.973515941899725,57.69448847514548],[11.973934736851284,57.694498495561064],[11.97395344899959,57.69427424659155],[11.973534656628074,57.69426422626232]]]},"properties":{"grid":"campus","values":[11.15,0.566,5.458,5.507,13.705,10.509,6.089]}},{"type":"Feature","geometry":{"type":"Polygon","coordinates":[[[11.97395344899959,57.69427424659155],[11.973934736851284,57.694498495561064],[11.974353532080357,57.694508514592336],[11.974372241648613,57.6942842655365],[11.97395344899959,57.69427424659155]]]},"properties":{"grid":"campus","values":[11.958,5.464,4.238,7.787,16.919,11.751,7.392]}},{"type":"Feature","geometry":{"type":"Polygon","coordinates":[[[11.974372241648613,57.6942842655365],[11.974353532080357,57.694508514592336],[11.974772327586908,57.6945185322393],[11.974791034575109,57.69429428309716],[11.974372241648613,57.6942842655365]]]},"properties":{"grid":"campus","values":[11.946,5.701,4.495,8.098,16.999,11.825,7.388]}},{"type":"Feature","geometry":{"type":"Polygon","coordinates":[[[11.974791034575109,57.69429428309716],[11.974772327586908,57.6945185322393],[11.975191123370898,57.694528548501964],[11.975209827779038,57.69430429927348],[11.974791034575109,57.69429428309716]]]},"properties":{"grid":"campus","values":[11.131,4.488,9.019,9.687,15.027,11.675,6.279]}},{"type":"Feature","geometry":{"type":"Polygon","coordinates":[[[11.975209827779038,57.69430429927348],[11.975191123370898,57.694528548501964],[11.97560991943229,57.69453856338029],[11.975628621260364,57.69431431406551],[11.975209827779038,57.69430429927348]]]},"properties":{"grid":"campus","values":[11.093,4.682,9.349,9.802,14.881,11.684,6.191]}},{"type":"Feature","geometry":{"type":"Polygon","coordinates":[[[11.975628621260364,57.69431431406551],[11.97560991943229,57.69453856338029],[11.976028715771045,57.694548576874304],[11.976047415019048,57.69432432747324],[11.975628621260364,57.69431431406551]]]},"properties":{"grid":"campus","values":[11.457,8.803,9.581,10.351,15.131,12.048,6.236]}},{"type":"Feature","geometry":{"type":"Polygon","coordinates":[[[11.976047415019048,57.69432432747324],[11.976028715771045,57.694548576874304],[11.976447512387127,57.694558588984016],[11.97646620905505,57.69433433949668],[11.976047415019048,57.69432432747324]]]},"properties":{"grid":"campus","values":[11.537,9.16,9.382,10.479,15.398,12.006,6.485]}},{"type":"Feature","geometry":{"type":"Polygon","coordinates":[[[11.97646620905505,57.69433433949668],[11.976447512387127,57.694558588984016],[11.976866309280492,57.69456859970939],[11.976885003368336,57.6943443501358],[11.97646620905505,57.69433433949668]]]},"properties":{"grid":"campus","values":[12.247,10.059,6.403,12.378,18.409,11.089,9.863]}},{"type":"Feature","geometry":{"type":"Polygon","coordinates":[[[11.976885003368336,57.6943443501358],[11.976866309280492,57.69456859970939],[11.977285106451111,57.694578609050446],[11.97730379795886,57.694354359390594],[11.976885003368336,57.6943443501358]]]},"properties":{"grid":"campus","values":[12.387,10.514,5.827,12.535,18.336,11.089,10.089]}},{"type":"Feature","geometry":{"type":"Polygon","coordinates":[[[11.97730379795886,57.694354359390594],[11.977285106451111,57.694578609050446],[11.977703903898938,57.694588617007184],[11.977722592826595,57.69436436726108],[11.97730379795886,57.694354359390594]]]},"properties":{"grid":"campus","values":[13.511,15.582,1.614,12.616,14.062,11.959,9.792]}},{"type":"Feature","geometry":{"type":"Polygon","coordinates":[[[11.977722592826595,57.69436436726108],[11.977703903898938,57.694588617007184],[11.978122701623938,57.69459862357957],[11.978141387971494,57.69437437374729],[11.977722592826595,57.69436436726108]]]},"properties":{"grid":"campus","values":[13.374,15.403,1.818,12.369,13.431,12.02,9.792]}},{"type":"Feature","geometry":{"type":"Polygon","coordinates":[[[11.978141387971494,57.69437437374729],[11.978122701623938,57.69459862357957],[11.978541499626074,57.69460862876766],[11.978560183393522,57.69438437884914],[11.978141387971494,57.69437437374729]]]},"properties":{"grid":"campus","values":[10.369,8.189,8.585,8.705,9.091,11.941,10.204]}},{"type":"Feature","geometry":{"type":"Polygon","coordinates":[[[11.978560183393522,57.69438437884914],[11.978541499626074,57.69460862876766],[11.978960297905305,57.69461863257141],[11.978978979092645,57.69439438256668],[11.978560183393522,57.69438437884914]]]},"properties":{"grid":"campus","values":[10.198,7.753,9.152,8.396,9.044,11.917,10.21]}},{"type":"Feature","geometry":{"type":"Polygon","coordinates":[[[11.978978979092645,57.69439438256668],[11.978960297905305,57.69461863257141],[11.979379096461594,57.69462863499081],[11.979397775068817,57.69440438489991],[11.978978979092645,57.69439438256668]]]},"properties":{"grid":"campus","values":[10.86,9.634,9.409,7.857,12.238,11.725,10.049]}},{"type":"Feature","geometry":{"type":"Polygon","coordinates":[[[11.979397775068817,57.69440438489991],[11.979379096461594,57.69462863499081],[11.979797895294908,57.69463863602591],[11.979816571322004,57.69441438584881],[11.979397775068817,57.69440438489991]]]},"properties":{"grid":"campus","values":[10.923,10.091,9.403,7.803,12.259,11.645,10.071]}},{"type":"Feature","geometry":{"type":"Polygon","coordinates":[[[11.979816571322004,57.69441438584881],[11.979797895294908,57.69463863602591],[11.980216694405199,57.69464863567664],[11.980235367852169,57.694424385413384],[11.979816571322004,57.69441438584881]]]},"properties":{"grid":"campus","values":[10.921,13.704,9.631,7.442,9.29,10.696,10.547]}},{"type":"Feature","geometry":{"type":"Polygon","coordinates":[[[11.980235367852169,57.694424385413384],[11.980216694405199,57.69464863567664],[11.980635493792438,57.69465863394305],[11.98065416465927,57.69443438359364],[11.980235367852169,57.694424385413384]]]},"properties":{"grid":"campus","values":[10.815,13.605,9.538,7.527,8.863,10.594,10.546]}},{"type":"Feature","geometry":{"type":"Polygon","coordinates":[[[11.98065416465927,57.69443438359364],[11.980635493792438,57.69465863394305],[11.981054293456582,57.694668630825134],[11.981072961743276,57.694444380389555],[11.98065416465927,57.69443438359364]]]},"properties":{"grid":"campus","values":[9.512,9.061,8.24,9.384,6.305,10.092,10.0]}},{"type":"Feature","geometry":{"type":"Polygon","coordinates":[[[11.981072961743276,57.694444380389555],[11.981054293456582,57.694668630825134],[11.981473093397593,57.694678626322855],[11.981491759104141,57.69445437580115],[11.981072961743276,57.694444380389555]]]},"properties":{"grid":"campus","values":[9.414,8.761,8.169,9.412,6.363,10.025,9.932]}},{"type":"Feature","geometry":{"type":"Polygon","coordinates":[[[11.981491759104141,57.69445437580115],[11.981473093397593,57.694678626322855],[11.981891893615435,57.69468862043623],[11.981910556741832,57.69446436982839],[11.981491759104141,57.69445437580115]]]},"properties":{"grid":"campus","values":[9.399,9.37,8.457,8.568,9.264,9.526,9.542]}},{"type":"Feature","geometry":{"type":"Polygon","coordinates":[[[11.981910556741832,57.69446436982839],[11.981891893615435,57.69468862043623],[11.98231069411007,57.69469861316526],[11.98232935465631,57.69447436247133],[11.981910556741832,57.69446436982839]]]},"properties":{"grid":"campus","values":[9.387,9.355,8.485,8.498,9.216,9.5,9.42]}},{"type":"Feature","geometry":{"type":"Polygon","coordinates":[[[11.98232935465631,57.69447436247133],[11.98231069411007,57.69469861316526],[11.98272949488146,57.694708604509955],[11.982748152847535,57.694484353729926],[11.98232935465631,57.69447436247133]]]},"properties":{"grid":"campus","values":[9.191,7.938,8.452,8.515,5.551,9.667,8.24]}},{"type":"Feature","geometry":{"type":"Polygon","coordinates":[[[11.982748152847535,57.694484353729926],[11.98272949488146,57.694708604509955],[11.983148295929565,57.69471859447028],[11.983166951315468,57.69449434360417],[11.982748152847535,57.694484353729926]]]},"properties":{"grid":"campus","values":[9.265,7.78,8.316,8.613,5.266,9.811,8.229]}},{"type":"Feature","geometry":{"type":"Polygon","coordinates":[[[11.983166951315468,57.69449434360417],[11.983148295929565,57.69471859447028],[11.983567097254346,57.69472858304628],[11.983585750060078,57.69450433209409],[11.983166951315468,57.69449434360417]]]},"properties":{"grid":"campus","values":[10.451,7.259,6.587,9.787,5.205,11.565,9.258]}},{"type":"Feature","geometry":{"type":"Polygon","coordinates":[[[11.983585750060078,57.69450433209409],[11.983567097254346,57.69472858304628],[11.983985898855765,57.6947385702379],[11.984004549081318,57.69451431919966],[11.983585750060078,57.69450433209409]]]},"properties":{"grid":"campus","values":[10.518,7.425,6.436,9.877,5.381,11.693,9.342]}},{"type":"Feature","geometry":{"type":"Polygon","coordinates":[[[11.984004549081318,57.69451431919966],[11.983985898855765,57.6947385702379],[11.98440470073379,57.694748556045184],[11.984423348379154,57.69452430492088],[11.984004549081318,57.69451431919966]]]},"properties":{"grid":"campus","values":[10.29,10.221,6.075,10.155,7.325,11.666,9.285]}},{"type":"Feature","geometry":{"type":"Polygon","coordinates":[[[11.984423348379154,57.69452430492088],[11.98440470073379,57.694748556045184],[11.984823502888377,57.6947585404681],[11.984842147953549,57.694534289257774],[11.984423348379154,57.69452430492088]]]},"properties":{"grid":"campus","values":[10.266,10.428,6.072,10.164,7.501,11.664,9.284]}},{"type":"Feature","geometry":{"type":"Polygon","coordinates":[[[11.984842147953549,57.694534289257774],[11.984823502888377,57.6947585404681],[11.985242305319488,57.69476852350667],[11.985260947804464,57.69454427221031],[11.984842147953549,57.694534289257774]]]},"properties":{"grid":"campus","values":[10.326,10.351,6.381,10.461,7.686,11.7,9.38]}},{"type":"Feature","geometry":{"type":"Polygon","coordinates":[[[11.985679747931862,57.69455425377851],[11.985260947804464,57.69454427221031],[11.985242305319488,57.69476852350667],[11.98566110802709,57.694778505160855],[11.985679747931862,57.69455425377851]]]},"properties":{"grid":"campus","values":[10.308,10.336,6.383,10.362,7.77,11.721,9.4]}}]}